COV,Intensity,SV,chainLength,unsaturationUnit,isomer,sphingoidBackbone,lipidSpecies
-10,0,0,0,0,Glc,d18:1,0:0
-9.8,0,0,0,0,Glc,d18:1,0:0
-9.6,0,0,0,0,Glc,d18:1,0:0
-9.4,0,0,0,0,Glc,d18:1,0:0
-9.2,0,0,0,0,Glc,d18:1,0:0
-9,0,0,0,0,Glc,d18:1,0:0
-8.8,0,0,0,0,Glc,d18:1,0:0
-8.6,0,0,0,0,Glc,d18:1,0:0
-8.4,0,0,0,0,Glc,d18:1,0:0
-8.2,0,0,0,0,Glc,d18:1,0:0
-8,0,0,0,0,Glc,d18:1,0:0
-7.8,0,0,0,0,Glc,d18:1,0:0
-7.6,0,0,0,0,Glc,d18:1,0:0
-7.4,0,0,0,0,Glc,d18:1,0:0
-7.2,0,0,0,0,Glc,d18:1,0:0
-7,0,0,0,0,Glc,d18:1,0:0
-6.8,0,0,0,0,Glc,d18:1,0:0
-6.6,0,0,0,0,Glc,d18:1,0:0
-6.4,0,0,0,0,Glc,d18:1,0:0
-6.2,0,0,0,0,Glc,d18:1,0:0
-6,0,0,0,0,Glc,d18:1,0:0
-5.8,0,0,0,0,Glc,d18:1,0:0
-5.6,0,0,0,0,Glc,d18:1,0:0
-5.4,0,0,0,0,Glc,d18:1,0:0
-5.2,0,0,0,0,Glc,d18:1,0:0
-5,0,0,0,0,Glc,d18:1,0:0
-4.8,0,0,0,0,Glc,d18:1,0:0
-4.6,0,0,0,0,Glc,d18:1,0:0
-4.4,0,0,0,0,Glc,d18:1,0:0
-4.2,0,0,0,0,Glc,d18:1,0:0
-4,0,0,0,0,Glc,d18:1,0:0
-3.8,0,0,0,0,Glc,d18:1,0:0
-3.6,0,0,0,0,Glc,d18:1,0:0
-3.4,0,0,0,0,Glc,d18:1,0:0
-3.2,0,0,0,0,Glc,d18:1,0:0
-3,0,0,0,0,Glc,d18:1,0:0
-2.8,0,0,0,0,Glc,d18:1,0:0
-2.6,0,0,0,0,Glc,d18:1,0:0
-2.4,0,0,0,0,Glc,d18:1,0:0
-2.2,0,0,0,0,Glc,d18:1,0:0
-2,0,0,0,0,Glc,d18:1,0:0
-1.8,0,0,0,0,Glc,d18:1,0:0
-1.6,0,0,0,0,Glc,d18:1,0:0
-1.4,0,0,0,0,Glc,d18:1,0:0
-1.2,0,0,0,0,Glc,d18:1,0:0
-1,20,0,0,0,Glc,d18:1,0:0
-0.8,240,0,0,0,Glc,d18:1,0:0
-0.6,240,0,0,0,Glc,d18:1,0:0
-0.4,540,0,0,0,Glc,d18:1,0:0
-0.2,380,0,0,0,Glc,d18:1,0:0
0,320,0,0,0,Glc,d18:1,0:0
0.2,220,0,0,0,Glc,d18:1,0:0
0.4,200,0,0,0,Glc,d18:1,0:0
0.6,200,0,0,0,Glc,d18:1,0:0
0.8,120,0,0,0,Glc,d18:1,0:0
1,0,0,0,0,Glc,d18:1,0:0
1.2,0,0,0,0,Glc,d18:1,0:0
1.4,0,0,0,0,Glc,d18:1,0:0
1.6,0,0,0,0,Glc,d18:1,0:0
1.8,0,0,0,0,Glc,d18:1,0:0
2,0,0,0,0,Glc,d18:1,0:0
2.2,0,0,0,0,Glc,d18:1,0:0
2.4,0,0,0,0,Glc,d18:1,0:0
2.6,0,0,0,0,Glc,d18:1,0:0
2.8,0,0,0,0,Glc,d18:1,0:0
3,0,0,0,0,Glc,d18:1,0:0
3.2,0,0,0,0,Glc,d18:1,0:0
3.4,0,0,0,0,Glc,d18:1,0:0
3.6,0,0,0,0,Glc,d18:1,0:0
3.8,0,0,0,0,Glc,d18:1,0:0
4,0,0,0,0,Glc,d18:1,0:0
4.2,0,0,0,0,Glc,d18:1,0:0
4.4,0,0,0,0,Glc,d18:1,0:0
4.6,0,0,0,0,Glc,d18:1,0:0
4.8,0,0,0,0,Glc,d18:1,0:0
5,0,0,0,0,Glc,d18:1,0:0
5.2,0,0,0,0,Glc,d18:1,0:0
5.4,0,0,0,0,Glc,d18:1,0:0
5.6,0,0,0,0,Glc,d18:1,0:0
5.8,0,0,0,0,Glc,d18:1,0:0
6,0,0,0,0,Glc,d18:1,0:0
6.2,0,0,0,0,Glc,d18:1,0:0
6.4,0,0,0,0,Glc,d18:1,0:0
6.6,0,0,0,0,Glc,d18:1,0:0
6.8,0,0,0,0,Glc,d18:1,0:0
7,0,0,0,0,Glc,d18:1,0:0
7.2,0,0,0,0,Glc,d18:1,0:0
7.4,0,0,0,0,Glc,d18:1,0:0
7.6,0,0,0,0,Glc,d18:1,0:0
7.8,0,0,0,0,Glc,d18:1,0:0
8,0,0,0,0,Glc,d18:1,0:0
8.2,0,0,0,0,Glc,d18:1,0:0
8.4,0,0,0,0,Glc,d18:1,0:0
8.6,0,0,0,0,Glc,d18:1,0:0
8.8,0,0,0,0,Glc,d18:1,0:0
9,0,0,0,0,Glc,d18:1,0:0
9.2,0,0,0,0,Glc,d18:1,0:0
9.4,0,0,0,0,Glc,d18:1,0:0
9.6,0,0,0,0,Glc,d18:1,0:0
9.8,0,0,0,0,Glc,d18:1,0:0
10,0,0,0,0,Glc,d18:1,0:0
-10,0,100,0,0,Glc,d18:1,0:0
-9.8,0,100,0,0,Glc,d18:1,0:0
-9.6,0,100,0,0,Glc,d18:1,0:0
-9.4,0,100,0,0,Glc,d18:1,0:0
-9.2,0,100,0,0,Glc,d18:1,0:0
-9,0,100,0,0,Glc,d18:1,0:0
-8.8,0,100,0,0,Glc,d18:1,0:0
-8.6,0,100,0,0,Glc,d18:1,0:0
-8.4,0,100,0,0,Glc,d18:1,0:0
-8.2,0,100,0,0,Glc,d18:1,0:0
-8,0,100,0,0,Glc,d18:1,0:0
-7.8,0,100,0,0,Glc,d18:1,0:0
-7.6,0,100,0,0,Glc,d18:1,0:0
-7.4,0,100,0,0,Glc,d18:1,0:0
-7.2,0,100,0,0,Glc,d18:1,0:0
-7,0,100,0,0,Glc,d18:1,0:0
-6.8,0,100,0,0,Glc,d18:1,0:0
-6.6,0,100,0,0,Glc,d18:1,0:0
-6.4,0,100,0,0,Glc,d18:1,0:0
-6.2,0,100,0,0,Glc,d18:1,0:0
-6,0,100,0,0,Glc,d18:1,0:0
-5.8,0,100,0,0,Glc,d18:1,0:0
-5.6,0,100,0,0,Glc,d18:1,0:0
-5.4,0,100,0,0,Glc,d18:1,0:0
-5.2,0,100,0,0,Glc,d18:1,0:0
-5,0,100,0,0,Glc,d18:1,0:0
-4.8,0,100,0,0,Glc,d18:1,0:0
-4.6,0,100,0,0,Glc,d18:1,0:0
-4.4,0,100,0,0,Glc,d18:1,0:0
-4.2,0,100,0,0,Glc,d18:1,0:0
-4,0,100,0,0,Glc,d18:1,0:0
-3.8,0,100,0,0,Glc,d18:1,0:0
-3.6,0,100,0,0,Glc,d18:1,0:0
-3.4,0,100,0,0,Glc,d18:1,0:0
-3.2,0,100,0,0,Glc,d18:1,0:0
-3,0,100,0,0,Glc,d18:1,0:0
-2.8,0,100,0,0,Glc,d18:1,0:0
-2.6,0,100,0,0,Glc,d18:1,0:0
-2.4,0,100,0,0,Glc,d18:1,0:0
-2.2,0,100,0,0,Glc,d18:1,0:0
-2,0,100,0,0,Glc,d18:1,0:0
-1.8,0,100,0,0,Glc,d18:1,0:0
-1.6,0,100,0,0,Glc,d18:1,0:0
-1.4,0,100,0,0,Glc,d18:1,0:0
-1.2,0,100,0,0,Glc,d18:1,0:0
-1,100,100,0,0,Glc,d18:1,0:0
-0.8,280,100,0,0,Glc,d18:1,0:0
-0.6,440,100,0,0,Glc,d18:1,0:0
-0.4,580,100,0,0,Glc,d18:1,0:0
-0.2,520,100,0,0,Glc,d18:1,0:0
0,700,100,0,0,Glc,d18:1,0:0
0.2,360,100,0,0,Glc,d18:1,0:0
0.4,440,100,0,0,Glc,d18:1,0:0
0.6,160,100,0,0,Glc,d18:1,0:0
0.8,80,100,0,0,Glc,d18:1,0:0
1,60,100,0,0,Glc,d18:1,0:0
1.2,0,100,0,0,Glc,d18:1,0:0
1.4,0,100,0,0,Glc,d18:1,0:0
1.6,0,100,0,0,Glc,d18:1,0:0
1.8,0,100,0,0,Glc,d18:1,0:0
2,0,100,0,0,Glc,d18:1,0:0
2.2,0,100,0,0,Glc,d18:1,0:0
2.4,0,100,0,0,Glc,d18:1,0:0
2.6,0,100,0,0,Glc,d18:1,0:0
2.8,0,100,0,0,Glc,d18:1,0:0
3,0,100,0,0,Glc,d18:1,0:0
3.2,0,100,0,0,Glc,d18:1,0:0
3.4,0,100,0,0,Glc,d18:1,0:0
3.6,0,100,0,0,Glc,d18:1,0:0
3.8,0,100,0,0,Glc,d18:1,0:0
4,0,100,0,0,Glc,d18:1,0:0
4.2,0,100,0,0,Glc,d18:1,0:0
4.4,0,100,0,0,Glc,d18:1,0:0
4.6,0,100,0,0,Glc,d18:1,0:0
4.8,0,100,0,0,Glc,d18:1,0:0
5,0,100,0,0,Glc,d18:1,0:0
5.2,0,100,0,0,Glc,d18:1,0:0
5.4,0,100,0,0,Glc,d18:1,0:0
5.6,0,100,0,0,Glc,d18:1,0:0
5.8,0,100,0,0,Glc,d18:1,0:0
6,0,100,0,0,Glc,d18:1,0:0
6.2,0,100,0,0,Glc,d18:1,0:0
6.4,0,100,0,0,Glc,d18:1,0:0
6.6,0,100,0,0,Glc,d18:1,0:0
6.8,0,100,0,0,Glc,d18:1,0:0
7,0,100,0,0,Glc,d18:1,0:0
7.2,0,100,0,0,Glc,d18:1,0:0
7.4,0,100,0,0,Glc,d18:1,0:0
7.6,0,100,0,0,Glc,d18:1,0:0
7.8,0,100,0,0,Glc,d18:1,0:0
8,0,100,0,0,Glc,d18:1,0:0
8.2,0,100,0,0,Glc,d18:1,0:0
8.4,0,100,0,0,Glc,d18:1,0:0
8.6,0,100,0,0,Glc,d18:1,0:0
8.8,0,100,0,0,Glc,d18:1,0:0
9,0,100,0,0,Glc,d18:1,0:0
9.2,0,100,0,0,Glc,d18:1,0:0
9.4,0,100,0,0,Glc,d18:1,0:0
9.6,0,100,0,0,Glc,d18:1,0:0
9.8,0,100,0,0,Glc,d18:1,0:0
10,0,100,0,0,Glc,d18:1,0:0
-10,0,200,0,0,Glc,d18:1,0:0
-9.8,0,200,0,0,Glc,d18:1,0:0
-9.6,0,200,0,0,Glc,d18:1,0:0
-9.4,0,200,0,0,Glc,d18:1,0:0
-9.2,0,200,0,0,Glc,d18:1,0:0
-9,0,200,0,0,Glc,d18:1,0:0
-8.8,0,200,0,0,Glc,d18:1,0:0
-8.6,0,200,0,0,Glc,d18:1,0:0
-8.4,0,200,0,0,Glc,d18:1,0:0
-8.2,0,200,0,0,Glc,d18:1,0:0
-8,0,200,0,0,Glc,d18:1,0:0
-7.8,0,200,0,0,Glc,d18:1,0:0
-7.6,0,200,0,0,Glc,d18:1,0:0
-7.4,0,200,0,0,Glc,d18:1,0:0
-7.2,0,200,0,0,Glc,d18:1,0:0
-7,0,200,0,0,Glc,d18:1,0:0
-6.8,0,200,0,0,Glc,d18:1,0:0
-6.6,0,200,0,0,Glc,d18:1,0:0
-6.4,0,200,0,0,Glc,d18:1,0:0
-6.2,0,200,0,0,Glc,d18:1,0:0
-6,0,200,0,0,Glc,d18:1,0:0
-5.8,0,200,0,0,Glc,d18:1,0:0
-5.6,0,200,0,0,Glc,d18:1,0:0
-5.4,0,200,0,0,Glc,d18:1,0:0
-5.2,0,200,0,0,Glc,d18:1,0:0
-5,0,200,0,0,Glc,d18:1,0:0
-4.8,0,200,0,0,Glc,d18:1,0:0
-4.6,0,200,0,0,Glc,d18:1,0:0
-4.4,0,200,0,0,Glc,d18:1,0:0
-4.2,0,200,0,0,Glc,d18:1,0:0
-4,0,200,0,0,Glc,d18:1,0:0
-3.8,0,200,0,0,Glc,d18:1,0:0
-3.6,0,200,0,0,Glc,d18:1,0:0
-3.4,0,200,0,0,Glc,d18:1,0:0
-3.2,0,200,0,0,Glc,d18:1,0:0
-3,0,200,0,0,Glc,d18:1,0:0
-2.8,0,200,0,0,Glc,d18:1,0:0
-2.6,0,200,0,0,Glc,d18:1,0:0
-2.4,0,200,0,0,Glc,d18:1,0:0
-2.2,0,200,0,0,Glc,d18:1,0:0
-2,0,200,0,0,Glc,d18:1,0:0
-1.8,0,200,0,0,Glc,d18:1,0:0
-1.6,0,200,0,0,Glc,d18:1,0:0
-1.4,0,200,0,0,Glc,d18:1,0:0
-1.2,20,200,0,0,Glc,d18:1,0:0
-1,80,200,0,0,Glc,d18:1,0:0
-0.8,180,200,0,0,Glc,d18:1,0:0
-0.6,400,200,0,0,Glc,d18:1,0:0
-0.4,800,200,0,0,Glc,d18:1,0:0
-0.2,720,200,0,0,Glc,d18:1,0:0
0,860,200,0,0,Glc,d18:1,0:0
0.2,560,200,0,0,Glc,d18:1,0:0
0.4,420,200,0,0,Glc,d18:1,0:0
0.6,400,200,0,0,Glc,d18:1,0:0
0.8,140,200,0,0,Glc,d18:1,0:0
1,20,200,0,0,Glc,d18:1,0:0
1.2,0,200,0,0,Glc,d18:1,0:0
1.4,0,200,0,0,Glc,d18:1,0:0
1.6,0,200,0,0,Glc,d18:1,0:0
1.8,0,200,0,0,Glc,d18:1,0:0
2,0,200,0,0,Glc,d18:1,0:0
2.2,0,200,0,0,Glc,d18:1,0:0
2.4,0,200,0,0,Glc,d18:1,0:0
2.6,0,200,0,0,Glc,d18:1,0:0
2.8,0,200,0,0,Glc,d18:1,0:0
3,0,200,0,0,Glc,d18:1,0:0
3.2,0,200,0,0,Glc,d18:1,0:0
3.4,0,200,0,0,Glc,d18:1,0:0
3.6,0,200,0,0,Glc,d18:1,0:0
3.8,0,200,0,0,Glc,d18:1,0:0
4,0,200,0,0,Glc,d18:1,0:0
4.2,0,200,0,0,Glc,d18:1,0:0
4.4,0,200,0,0,Glc,d18:1,0:0
4.6,0,200,0,0,Glc,d18:1,0:0
4.8,0,200,0,0,Glc,d18:1,0:0
5,0,200,0,0,Glc,d18:1,0:0
5.2,0,200,0,0,Glc,d18:1,0:0
5.4,0,200,0,0,Glc,d18:1,0:0
5.6,0,200,0,0,Glc,d18:1,0:0
5.8,0,200,0,0,Glc,d18:1,0:0
6,0,200,0,0,Glc,d18:1,0:0
6.2,0,200,0,0,Glc,d18:1,0:0
6.4,0,200,0,0,Glc,d18:1,0:0
6.6,0,200,0,0,Glc,d18:1,0:0
6.8,0,200,0,0,Glc,d18:1,0:0
7,0,200,0,0,Glc,d18:1,0:0
7.2,0,200,0,0,Glc,d18:1,0:0
7.4,0,200,0,0,Glc,d18:1,0:0
7.6,0,200,0,0,Glc,d18:1,0:0
7.8,0,200,0,0,Glc,d18:1,0:0
8,0,200,0,0,Glc,d18:1,0:0
8.2,0,200,0,0,Glc,d18:1,0:0
8.4,0,200,0,0,Glc,d18:1,0:0
8.6,0,200,0,0,Glc,d18:1,0:0
8.8,0,200,0,0,Glc,d18:1,0:0
9,0,200,0,0,Glc,d18:1,0:0
9.2,0,200,0,0,Glc,d18:1,0:0
9.4,0,200,0,0,Glc,d18:1,0:0
9.6,0,200,0,0,Glc,d18:1,0:0
9.8,0,200,0,0,Glc,d18:1,0:0
10,0,200,0,0,Glc,d18:1,0:0
-10,0,300,0,0,Glc,d18:1,0:0
-9.8,0,300,0,0,Glc,d18:1,0:0
-9.6,0,300,0,0,Glc,d18:1,0:0
-9.4,0,300,0,0,Glc,d18:1,0:0
-9.2,0,300,0,0,Glc,d18:1,0:0
-9,0,300,0,0,Glc,d18:1,0:0
-8.8,0,300,0,0,Glc,d18:1,0:0
-8.6,0,300,0,0,Glc,d18:1,0:0
-8.4,0,300,0,0,Glc,d18:1,0:0
-8.2,0,300,0,0,Glc,d18:1,0:0
-8,0,300,0,0,Glc,d18:1,0:0
-7.8,0,300,0,0,Glc,d18:1,0:0
-7.6,0,300,0,0,Glc,d18:1,0:0
-7.4,0,300,0,0,Glc,d18:1,0:0
-7.2,0,300,0,0,Glc,d18:1,0:0
-7,0,300,0,0,Glc,d18:1,0:0
-6.8,0,300,0,0,Glc,d18:1,0:0
-6.6,0,300,0,0,Glc,d18:1,0:0
-6.4,0,300,0,0,Glc,d18:1,0:0
-6.2,0,300,0,0,Glc,d18:1,0:0
-6,0,300,0,0,Glc,d18:1,0:0
-5.8,0,300,0,0,Glc,d18:1,0:0
-5.6,0,300,0,0,Glc,d18:1,0:0
-5.4,0,300,0,0,Glc,d18:1,0:0
-5.2,0,300,0,0,Glc,d18:1,0:0
-5,0,300,0,0,Glc,d18:1,0:0
-4.8,0,300,0,0,Glc,d18:1,0:0
-4.6,0,300,0,0,Glc,d18:1,0:0
-4.4,0,300,0,0,Glc,d18:1,0:0
-4.2,0,300,0,0,Glc,d18:1,0:0
-4,0,300,0,0,Glc,d18:1,0:0
-3.8,0,300,0,0,Glc,d18:1,0:0
-3.6,0,300,0,0,Glc,d18:1,0:0
-3.4,0,300,0,0,Glc,d18:1,0:0
-3.2,0,300,0,0,Glc,d18:1,0:0
-3,0,300,0,0,Glc,d18:1,0:0
-2.8,0,300,0,0,Glc,d18:1,0:0
-2.6,0,300,0,0,Glc,d18:1,0:0
-2.4,0,300,0,0,Glc,d18:1,0:0
-2.2,0,300,0,0,Glc,d18:1,0:0
-2,0,300,0,0,Glc,d18:1,0:0
-1.8,0,300,0,0,Glc,d18:1,0:0
-1.6,0,300,0,0,Glc,d18:1,0:0
-1.4,0,300,0,0,Glc,d18:1,0:0
-1.2,20,300,0,0,Glc,d18:1,0:0
-1,160,300,0,0,Glc,d18:1,0:0
-0.8,420,300,0,0,Glc,d18:1,0:0
-0.6,880,300,0,0,Glc,d18:1,0:0
-0.4,1720,300,0,0,Glc,d18:1,0:0
-0.2,900,300,0,0,Glc,d18:1,0:0
0,960,300,0,0,Glc,d18:1,0:0
0.2,840,300,0,0,Glc,d18:1,0:0
0.4,540,300,0,0,Glc,d18:1,0:0
0.6,600,300,0,0,Glc,d18:1,0:0
0.8,320,300,0,0,Glc,d18:1,0:0
1,100,300,0,0,Glc,d18:1,0:0
1.2,40,300,0,0,Glc,d18:1,0:0
1.4,0,300,0,0,Glc,d18:1,0:0
1.6,0,300,0,0,Glc,d18:1,0:0
1.8,0,300,0,0,Glc,d18:1,0:0
2,0,300,0,0,Glc,d18:1,0:0
2.2,0,300,0,0,Glc,d18:1,0:0
2.4,0,300,0,0,Glc,d18:1,0:0
2.6,0,300,0,0,Glc,d18:1,0:0
2.8,0,300,0,0,Glc,d18:1,0:0
3,0,300,0,0,Glc,d18:1,0:0
3.2,0,300,0,0,Glc,d18:1,0:0
3.4,0,300,0,0,Glc,d18:1,0:0
3.6,0,300,0,0,Glc,d18:1,0:0
3.8,0,300,0,0,Glc,d18:1,0:0
4,0,300,0,0,Glc,d18:1,0:0
4.2,0,300,0,0,Glc,d18:1,0:0
4.4,0,300,0,0,Glc,d18:1,0:0
4.6,0,300,0,0,Glc,d18:1,0:0
4.8,0,300,0,0,Glc,d18:1,0:0
5,0,300,0,0,Glc,d18:1,0:0
5.2,0,300,0,0,Glc,d18:1,0:0
5.4,0,300,0,0,Glc,d18:1,0:0
5.6,0,300,0,0,Glc,d18:1,0:0
5.8,0,300,0,0,Glc,d18:1,0:0
6,0,300,0,0,Glc,d18:1,0:0
6.2,0,300,0,0,Glc,d18:1,0:0
6.4,0,300,0,0,Glc,d18:1,0:0
6.6,0,300,0,0,Glc,d18:1,0:0
6.8,0,300,0,0,Glc,d18:1,0:0
7,0,300,0,0,Glc,d18:1,0:0
7.2,0,300,0,0,Glc,d18:1,0:0
7.4,0,300,0,0,Glc,d18:1,0:0
7.6,0,300,0,0,Glc,d18:1,0:0
7.8,0,300,0,0,Glc,d18:1,0:0
8,0,300,0,0,Glc,d18:1,0:0
8.2,0,300,0,0,Glc,d18:1,0:0
8.4,0,300,0,0,Glc,d18:1,0:0
8.6,0,300,0,0,Glc,d18:1,0:0
8.8,0,300,0,0,Glc,d18:1,0:0
9,0,300,0,0,Glc,d18:1,0:0
9.2,0,300,0,0,Glc,d18:1,0:0
9.4,0,300,0,0,Glc,d18:1,0:0
9.6,0,300,0,0,Glc,d18:1,0:0
9.8,0,300,0,0,Glc,d18:1,0:0
10,0,300,0,0,Glc,d18:1,0:0
-10,0,400,0,0,Glc,d18:1,0:0
-9.8,0,400,0,0,Glc,d18:1,0:0
-9.6,0,400,0,0,Glc,d18:1,0:0
-9.4,0,400,0,0,Glc,d18:1,0:0
-9.2,0,400,0,0,Glc,d18:1,0:0
-9,0,400,0,0,Glc,d18:1,0:0
-8.8,0,400,0,0,Glc,d18:1,0:0
-8.6,0,400,0,0,Glc,d18:1,0:0
-8.4,0,400,0,0,Glc,d18:1,0:0
-8.2,0,400,0,0,Glc,d18:1,0:0
-8,0,400,0,0,Glc,d18:1,0:0
-7.8,0,400,0,0,Glc,d18:1,0:0
-7.6,0,400,0,0,Glc,d18:1,0:0
-7.4,0,400,0,0,Glc,d18:1,0:0
-7.2,0,400,0,0,Glc,d18:1,0:0
-7,0,400,0,0,Glc,d18:1,0:0
-6.8,0,400,0,0,Glc,d18:1,0:0
-6.6,0,400,0,0,Glc,d18:1,0:0
-6.4,0,400,0,0,Glc,d18:1,0:0
-6.2,0,400,0,0,Glc,d18:1,0:0
-6,0,400,0,0,Glc,d18:1,0:0
-5.8,0,400,0,0,Glc,d18:1,0:0
-5.6,0,400,0,0,Glc,d18:1,0:0
-5.4,0,400,0,0,Glc,d18:1,0:0
-5.2,0,400,0,0,Glc,d18:1,0:0
-5,0,400,0,0,Glc,d18:1,0:0
-4.8,0,400,0,0,Glc,d18:1,0:0
-4.6,0,400,0,0,Glc,d18:1,0:0
-4.4,0,400,0,0,Glc,d18:1,0:0
-4.2,0,400,0,0,Glc,d18:1,0:0
-4,0,400,0,0,Glc,d18:1,0:0
-3.8,0,400,0,0,Glc,d18:1,0:0
-3.6,0,400,0,0,Glc,d18:1,0:0
-3.4,0,400,0,0,Glc,d18:1,0:0
-3.2,0,400,0,0,Glc,d18:1,0:0
-3,0,400,0,0,Glc,d18:1,0:0
-2.8,0,400,0,0,Glc,d18:1,0:0
-2.6,0,400,0,0,Glc,d18:1,0:0
-2.4,0,400,0,0,Glc,d18:1,0:0
-2.2,0,400,0,0,Glc,d18:1,0:0
-2,0,400,0,0,Glc,d18:1,0:0
-1.8,0,400,0,0,Glc,d18:1,0:0
-1.6,0,400,0,0,Glc,d18:1,0:0
-1.4,0,400,0,0,Glc,d18:1,0:0
-1.2,20,400,0,0,Glc,d18:1,0:0
-1,160,400,0,0,Glc,d18:1,0:0
-0.8,760,400,0,0,Glc,d18:1,0:0
-0.6,860,400,0,0,Glc,d18:1,0:0
-0.4,1420,400,0,0,Glc,d18:1,0:0
-0.2,1500,400,0,0,Glc,d18:1,0:0
0,1120,400,0,0,Glc,d18:1,0:0
0.2,880,400,0,0,Glc,d18:1,0:0
0.4,500,400,0,0,Glc,d18:1,0:0
0.6,600,400,0,0,Glc,d18:1,0:0
0.8,340,400,0,0,Glc,d18:1,0:0
1,40,400,0,0,Glc,d18:1,0:0
1.2,0,400,0,0,Glc,d18:1,0:0
1.4,0,400,0,0,Glc,d18:1,0:0
1.6,0,400,0,0,Glc,d18:1,0:0
1.8,0,400,0,0,Glc,d18:1,0:0
2,0,400,0,0,Glc,d18:1,0:0
2.2,0,400,0,0,Glc,d18:1,0:0
2.4,0,400,0,0,Glc,d18:1,0:0
2.6,0,400,0,0,Glc,d18:1,0:0
2.8,0,400,0,0,Glc,d18:1,0:0
3,0,400,0,0,Glc,d18:1,0:0
3.2,0,400,0,0,Glc,d18:1,0:0
3.4,0,400,0,0,Glc,d18:1,0:0
3.6,0,400,0,0,Glc,d18:1,0:0
3.8,0,400,0,0,Glc,d18:1,0:0
4,0,400,0,0,Glc,d18:1,0:0
4.2,0,400,0,0,Glc,d18:1,0:0
4.4,0,400,0,0,Glc,d18:1,0:0
4.6,0,400,0,0,Glc,d18:1,0:0
4.8,0,400,0,0,Glc,d18:1,0:0
5,0,400,0,0,Glc,d18:1,0:0
5.2,0,400,0,0,Glc,d18:1,0:0
5.4,0,400,0,0,Glc,d18:1,0:0
5.6,0,400,0,0,Glc,d18:1,0:0
5.8,0,400,0,0,Glc,d18:1,0:0
6,0,400,0,0,Glc,d18:1,0:0
6.2,0,400,0,0,Glc,d18:1,0:0
6.4,0,400,0,0,Glc,d18:1,0:0
6.6,0,400,0,0,Glc,d18:1,0:0
6.8,0,400,0,0,Glc,d18:1,0:0
7,0,400,0,0,Glc,d18:1,0:0
7.2,0,400,0,0,Glc,d18:1,0:0
7.4,0,400,0,0,Glc,d18:1,0:0
7.6,0,400,0,0,Glc,d18:1,0:0
7.8,0,400,0,0,Glc,d18:1,0:0
8,0,400,0,0,Glc,d18:1,0:0
8.2,0,400,0,0,Glc,d18:1,0:0
8.4,0,400,0,0,Glc,d18:1,0:0
8.6,0,400,0,0,Glc,d18:1,0:0
8.8,0,400,0,0,Glc,d18:1,0:0
9,0,400,0,0,Glc,d18:1,0:0
9.2,0,400,0,0,Glc,d18:1,0:0
9.4,0,400,0,0,Glc,d18:1,0:0
9.6,0,400,0,0,Glc,d18:1,0:0
9.8,0,400,0,0,Glc,d18:1,0:0
10,0,400,0,0,Glc,d18:1,0:0
-10,0,500,0,0,Glc,d18:1,0:0
-9.8,0,500,0,0,Glc,d18:1,0:0
-9.6,0,500,0,0,Glc,d18:1,0:0
-9.4,0,500,0,0,Glc,d18:1,0:0
-9.2,0,500,0,0,Glc,d18:1,0:0
-9,0,500,0,0,Glc,d18:1,0:0
-8.8,0,500,0,0,Glc,d18:1,0:0
-8.6,0,500,0,0,Glc,d18:1,0:0
-8.4,0,500,0,0,Glc,d18:1,0:0
-8.2,0,500,0,0,Glc,d18:1,0:0
-8,0,500,0,0,Glc,d18:1,0:0
-7.8,0,500,0,0,Glc,d18:1,0:0
-7.6,0,500,0,0,Glc,d18:1,0:0
-7.4,0,500,0,0,Glc,d18:1,0:0
-7.2,0,500,0,0,Glc,d18:1,0:0
-7,0,500,0,0,Glc,d18:1,0:0
-6.8,0,500,0,0,Glc,d18:1,0:0
-6.6,0,500,0,0,Glc,d18:1,0:0
-6.4,0,500,0,0,Glc,d18:1,0:0
-6.2,0,500,0,0,Glc,d18:1,0:0
-6,0,500,0,0,Glc,d18:1,0:0
-5.8,0,500,0,0,Glc,d18:1,0:0
-5.6,0,500,0,0,Glc,d18:1,0:0
-5.4,0,500,0,0,Glc,d18:1,0:0
-5.2,0,500,0,0,Glc,d18:1,0:0
-5,0,500,0,0,Glc,d18:1,0:0
-4.8,0,500,0,0,Glc,d18:1,0:0
-4.6,0,500,0,0,Glc,d18:1,0:0
-4.4,0,500,0,0,Glc,d18:1,0:0
-4.2,0,500,0,0,Glc,d18:1,0:0
-4,0,500,0,0,Glc,d18:1,0:0
-3.8,0,500,0,0,Glc,d18:1,0:0
-3.6,0,500,0,0,Glc,d18:1,0:0
-3.4,0,500,0,0,Glc,d18:1,0:0
-3.2,0,500,0,0,Glc,d18:1,0:0
-3,0,500,0,0,Glc,d18:1,0:0
-2.8,0,500,0,0,Glc,d18:1,0:0
-2.6,0,500,0,0,Glc,d18:1,0:0
-2.4,0,500,0,0,Glc,d18:1,0:0
-2.2,0,500,0,0,Glc,d18:1,0:0
-2,0,500,0,0,Glc,d18:1,0:0
-1.8,0,500,0,0,Glc,d18:1,0:0
-1.6,0,500,0,0,Glc,d18:1,0:0
-1.4,0,500,0,0,Glc,d18:1,0:0
-1.2,0,500,0,0,Glc,d18:1,0:0
-1,340,500,0,0,Glc,d18:1,0:0
-0.8,400,500,0,0,Glc,d18:1,0:0
-0.6,900,500,0,0,Glc,d18:1,0:0
-0.4,1620,500,0,0,Glc,d18:1,0:0
-0.2,2020,500,0,0,Glc,d18:1,0:0
0,1480,500,0,0,Glc,d18:1,0:0
0.2,620,500,0,0,Glc,d18:1,0:0
0.4,640,500,0,0,Glc,d18:1,0:0
0.6,880,500,0,0,Glc,d18:1,0:0
0.8,460,500,0,0,Glc,d18:1,0:0
1,60,500,0,0,Glc,d18:1,0:0
1.2,0,500,0,0,Glc,d18:1,0:0
1.4,0,500,0,0,Glc,d18:1,0:0
1.6,0,500,0,0,Glc,d18:1,0:0
1.8,0,500,0,0,Glc,d18:1,0:0
2,0,500,0,0,Glc,d18:1,0:0
2.2,0,500,0,0,Glc,d18:1,0:0
2.4,0,500,0,0,Glc,d18:1,0:0
2.6,0,500,0,0,Glc,d18:1,0:0
2.8,0,500,0,0,Glc,d18:1,0:0
3,0,500,0,0,Glc,d18:1,0:0
3.2,0,500,0,0,Glc,d18:1,0:0
3.4,0,500,0,0,Glc,d18:1,0:0
3.6,0,500,0,0,Glc,d18:1,0:0
3.8,0,500,0,0,Glc,d18:1,0:0
4,0,500,0,0,Glc,d18:1,0:0
4.2,0,500,0,0,Glc,d18:1,0:0
4.4,0,500,0,0,Glc,d18:1,0:0
4.6,0,500,0,0,Glc,d18:1,0:0
4.8,0,500,0,0,Glc,d18:1,0:0
5,0,500,0,0,Glc,d18:1,0:0
5.2,0,500,0,0,Glc,d18:1,0:0
5.4,0,500,0,0,Glc,d18:1,0:0
5.6,0,500,0,0,Glc,d18:1,0:0
5.8,0,500,0,0,Glc,d18:1,0:0
6,0,500,0,0,Glc,d18:1,0:0
6.2,0,500,0,0,Glc,d18:1,0:0
6.4,0,500,0,0,Glc,d18:1,0:0
6.6,0,500,0,0,Glc,d18:1,0:0
6.8,0,500,0,0,Glc,d18:1,0:0
7,0,500,0,0,Glc,d18:1,0:0
7.2,0,500,0,0,Glc,d18:1,0:0
7.4,0,500,0,0,Glc,d18:1,0:0
7.6,0,500,0,0,Glc,d18:1,0:0
7.8,0,500,0,0,Glc,d18:1,0:0
8,0,500,0,0,Glc,d18:1,0:0
8.2,0,500,0,0,Glc,d18:1,0:0
8.4,0,500,0,0,Glc,d18:1,0:0
8.6,0,500,0,0,Glc,d18:1,0:0
8.8,0,500,0,0,Glc,d18:1,0:0
9,0,500,0,0,Glc,d18:1,0:0
9.2,0,500,0,0,Glc,d18:1,0:0
9.4,0,500,0,0,Glc,d18:1,0:0
9.6,0,500,0,0,Glc,d18:1,0:0
9.8,0,500,0,0,Glc,d18:1,0:0
10,0,500,0,0,Glc,d18:1,0:0
-10,0,600,0,0,Glc,d18:1,0:0
-9.8,0,600,0,0,Glc,d18:1,0:0
-9.6,0,600,0,0,Glc,d18:1,0:0
-9.4,0,600,0,0,Glc,d18:1,0:0
-9.2,0,600,0,0,Glc,d18:1,0:0
-9,0,600,0,0,Glc,d18:1,0:0
-8.8,0,600,0,0,Glc,d18:1,0:0
-8.6,0,600,0,0,Glc,d18:1,0:0
-8.4,0,600,0,0,Glc,d18:1,0:0
-8.2,0,600,0,0,Glc,d18:1,0:0
-8,0,600,0,0,Glc,d18:1,0:0
-7.8,0,600,0,0,Glc,d18:1,0:0
-7.6,0,600,0,0,Glc,d18:1,0:0
-7.4,0,600,0,0,Glc,d18:1,0:0
-7.2,0,600,0,0,Glc,d18:1,0:0
-7,0,600,0,0,Glc,d18:1,0:0
-6.8,0,600,0,0,Glc,d18:1,0:0
-6.6,0,600,0,0,Glc,d18:1,0:0
-6.4,0,600,0,0,Glc,d18:1,0:0
-6.2,0,600,0,0,Glc,d18:1,0:0
-6,0,600,0,0,Glc,d18:1,0:0
-5.8,0,600,0,0,Glc,d18:1,0:0
-5.6,0,600,0,0,Glc,d18:1,0:0
-5.4,0,600,0,0,Glc,d18:1,0:0
-5.2,0,600,0,0,Glc,d18:1,0:0
-5,0,600,0,0,Glc,d18:1,0:0
-4.8,0,600,0,0,Glc,d18:1,0:0
-4.6,0,600,0,0,Glc,d18:1,0:0
-4.4,0,600,0,0,Glc,d18:1,0:0
-4.2,0,600,0,0,Glc,d18:1,0:0
-4,0,600,0,0,Glc,d18:1,0:0
-3.8,0,600,0,0,Glc,d18:1,0:0
-3.6,0,600,0,0,Glc,d18:1,0:0
-3.4,0,600,0,0,Glc,d18:1,0:0
-3.2,0,600,0,0,Glc,d18:1,0:0
-3,0,600,0,0,Glc,d18:1,0:0
-2.8,0,600,0,0,Glc,d18:1,0:0
-2.6,0,600,0,0,Glc,d18:1,0:0
-2.4,0,600,0,0,Glc,d18:1,0:0
-2.2,0,600,0,0,Glc,d18:1,0:0
-2,0,600,0,0,Glc,d18:1,0:0
-1.8,0,600,0,0,Glc,d18:1,0:0
-1.6,0,600,0,0,Glc,d18:1,0:0
-1.4,20,600,0,0,Glc,d18:1,0:0
-1.2,120,600,0,0,Glc,d18:1,0:0
-1,280,600,0,0,Glc,d18:1,0:0
-0.8,600,600,0,0,Glc,d18:1,0:0
-0.6,1460,600,0,0,Glc,d18:1,0:0
-0.4,1580,600,0,0,Glc,d18:1,0:0
-0.2,1480,600,0,0,Glc,d18:1,0:0
0,1080,600,0,0,Glc,d18:1,0:0
0.2,800,600,0,0,Glc,d18:1,0:0
0.4,1060,600,0,0,Glc,d18:1,0:0
0.6,400,600,0,0,Glc,d18:1,0:0
0.8,380,600,0,0,Glc,d18:1,0:0
1,0,600,0,0,Glc,d18:1,0:0
1.2,0,600,0,0,Glc,d18:1,0:0
1.4,0,600,0,0,Glc,d18:1,0:0
1.6,0,600,0,0,Glc,d18:1,0:0
1.8,0,600,0,0,Glc,d18:1,0:0
2,0,600,0,0,Glc,d18:1,0:0
2.2,0,600,0,0,Glc,d18:1,0:0
2.4,0,600,0,0,Glc,d18:1,0:0
2.6,0,600,0,0,Glc,d18:1,0:0
2.8,0,600,0,0,Glc,d18:1,0:0
3,0,600,0,0,Glc,d18:1,0:0
3.2,0,600,0,0,Glc,d18:1,0:0
3.4,0,600,0,0,Glc,d18:1,0:0
3.6,0,600,0,0,Glc,d18:1,0:0
3.8,0,600,0,0,Glc,d18:1,0:0
4,0,600,0,0,Glc,d18:1,0:0
4.2,0,600,0,0,Glc,d18:1,0:0
4.4,0,600,0,0,Glc,d18:1,0:0
4.6,0,600,0,0,Glc,d18:1,0:0
4.8,0,600,0,0,Glc,d18:1,0:0
5,0,600,0,0,Glc,d18:1,0:0
5.2,0,600,0,0,Glc,d18:1,0:0
5.4,0,600,0,0,Glc,d18:1,0:0
5.6,0,600,0,0,Glc,d18:1,0:0
5.8,0,600,0,0,Glc,d18:1,0:0
6,0,600,0,0,Glc,d18:1,0:0
6.2,0,600,0,0,Glc,d18:1,0:0
6.4,0,600,0,0,Glc,d18:1,0:0
6.6,0,600,0,0,Glc,d18:1,0:0
6.8,0,600,0,0,Glc,d18:1,0:0
7,0,600,0,0,Glc,d18:1,0:0
7.2,0,600,0,0,Glc,d18:1,0:0
7.4,0,600,0,0,Glc,d18:1,0:0
7.6,0,600,0,0,Glc,d18:1,0:0
7.8,0,600,0,0,Glc,d18:1,0:0
8,0,600,0,0,Glc,d18:1,0:0
8.2,0,600,0,0,Glc,d18:1,0:0
8.4,0,600,0,0,Glc,d18:1,0:0
8.6,0,600,0,0,Glc,d18:1,0:0
8.8,0,600,0,0,Glc,d18:1,0:0
9,0,600,0,0,Glc,d18:1,0:0
9.2,0,600,0,0,Glc,d18:1,0:0
9.4,0,600,0,0,Glc,d18:1,0:0
9.6,0,600,0,0,Glc,d18:1,0:0
9.8,0,600,0,0,Glc,d18:1,0:0
10,0,600,0,0,Glc,d18:1,0:0
-10,0,700,0,0,Glc,d18:1,0:0
-9.8,0,700,0,0,Glc,d18:1,0:0
-9.6,0,700,0,0,Glc,d18:1,0:0
-9.4,0,700,0,0,Glc,d18:1,0:0
-9.2,0,700,0,0,Glc,d18:1,0:0
-9,0,700,0,0,Glc,d18:1,0:0
-8.8,0,700,0,0,Glc,d18:1,0:0
-8.6,0,700,0,0,Glc,d18:1,0:0
-8.4,0,700,0,0,Glc,d18:1,0:0
-8.2,0,700,0,0,Glc,d18:1,0:0
-8,0,700,0,0,Glc,d18:1,0:0
-7.8,0,700,0,0,Glc,d18:1,0:0
-7.6,0,700,0,0,Glc,d18:1,0:0
-7.4,0,700,0,0,Glc,d18:1,0:0
-7.2,0,700,0,0,Glc,d18:1,0:0
-7,0,700,0,0,Glc,d18:1,0:0
-6.8,0,700,0,0,Glc,d18:1,0:0
-6.6,0,700,0,0,Glc,d18:1,0:0
-6.4,0,700,0,0,Glc,d18:1,0:0
-6.2,0,700,0,0,Glc,d18:1,0:0
-6,0,700,0,0,Glc,d18:1,0:0
-5.8,0,700,0,0,Glc,d18:1,0:0
-5.6,0,700,0,0,Glc,d18:1,0:0
-5.4,0,700,0,0,Glc,d18:1,0:0
-5.2,0,700,0,0,Glc,d18:1,0:0
-5,0,700,0,0,Glc,d18:1,0:0
-4.8,0,700,0,0,Glc,d18:1,0:0
-4.6,0,700,0,0,Glc,d18:1,0:0
-4.4,0,700,0,0,Glc,d18:1,0:0
-4.2,0,700,0,0,Glc,d18:1,0:0
-4,0,700,0,0,Glc,d18:1,0:0
-3.8,0,700,0,0,Glc,d18:1,0:0
-3.6,0,700,0,0,Glc,d18:1,0:0
-3.4,0,700,0,0,Glc,d18:1,0:0
-3.2,0,700,0,0,Glc,d18:1,0:0
-3,0,700,0,0,Glc,d18:1,0:0
-2.8,0,700,0,0,Glc,d18:1,0:0
-2.6,0,700,0,0,Glc,d18:1,0:0
-2.4,0,700,0,0,Glc,d18:1,0:0
-2.2,0,700,0,0,Glc,d18:1,0:0
-2,0,700,0,0,Glc,d18:1,0:0
-1.8,0,700,0,0,Glc,d18:1,0:0
-1.6,0,700,0,0,Glc,d18:1,0:0
-1.4,0,700,0,0,Glc,d18:1,0:0
-1.2,200,700,0,0,Glc,d18:1,0:0
-1,700,700,0,0,Glc,d18:1,0:0
-0.8,1300,700,0,0,Glc,d18:1,0:0
-0.6,2280,700,0,0,Glc,d18:1,0:0
-0.4,1600,700,0,0,Glc,d18:1,0:0
-0.2,1740,700,0,0,Glc,d18:1,0:0
0,1460,700,0,0,Glc,d18:1,0:0
0.2,1100,700,0,0,Glc,d18:1,0:0
0.4,1140,700,0,0,Glc,d18:1,0:0
0.6,480,700,0,0,Glc,d18:1,0:0
0.8,220,700,0,0,Glc,d18:1,0:0
1,0,700,0,0,Glc,d18:1,0:0
1.2,0,700,0,0,Glc,d18:1,0:0
1.4,0,700,0,0,Glc,d18:1,0:0
1.6,0,700,0,0,Glc,d18:1,0:0
1.8,0,700,0,0,Glc,d18:1,0:0
2,0,700,0,0,Glc,d18:1,0:0
2.2,0,700,0,0,Glc,d18:1,0:0
2.4,0,700,0,0,Glc,d18:1,0:0
2.6,0,700,0,0,Glc,d18:1,0:0
2.8,0,700,0,0,Glc,d18:1,0:0
3,0,700,0,0,Glc,d18:1,0:0
3.2,0,700,0,0,Glc,d18:1,0:0
3.4,0,700,0,0,Glc,d18:1,0:0
3.6,0,700,0,0,Glc,d18:1,0:0
3.8,0,700,0,0,Glc,d18:1,0:0
4,0,700,0,0,Glc,d18:1,0:0
4.2,0,700,0,0,Glc,d18:1,0:0
4.4,0,700,0,0,Glc,d18:1,0:0
4.6,0,700,0,0,Glc,d18:1,0:0
4.8,0,700,0,0,Glc,d18:1,0:0
5,0,700,0,0,Glc,d18:1,0:0
5.2,0,700,0,0,Glc,d18:1,0:0
5.4,0,700,0,0,Glc,d18:1,0:0
5.6,0,700,0,0,Glc,d18:1,0:0
5.8,0,700,0,0,Glc,d18:1,0:0
6,0,700,0,0,Glc,d18:1,0:0
6.2,0,700,0,0,Glc,d18:1,0:0
6.4,0,700,0,0,Glc,d18:1,0:0
6.6,0,700,0,0,Glc,d18:1,0:0
6.8,0,700,0,0,Glc,d18:1,0:0
7,0,700,0,0,Glc,d18:1,0:0
7.2,0,700,0,0,Glc,d18:1,0:0
7.4,0,700,0,0,Glc,d18:1,0:0
7.6,0,700,0,0,Glc,d18:1,0:0
7.8,0,700,0,0,Glc,d18:1,0:0
8,0,700,0,0,Glc,d18:1,0:0
8.2,0,700,0,0,Glc,d18:1,0:0
8.4,0,700,0,0,Glc,d18:1,0:0
8.6,0,700,0,0,Glc,d18:1,0:0
8.8,0,700,0,0,Glc,d18:1,0:0
9,0,700,0,0,Glc,d18:1,0:0
9.2,0,700,0,0,Glc,d18:1,0:0
9.4,0,700,0,0,Glc,d18:1,0:0
9.6,0,700,0,0,Glc,d18:1,0:0
9.8,0,700,0,0,Glc,d18:1,0:0
10,0,700,0,0,Glc,d18:1,0:0
-10,0,800,0,0,Glc,d18:1,0:0
-9.8,0,800,0,0,Glc,d18:1,0:0
-9.6,0,800,0,0,Glc,d18:1,0:0
-9.4,0,800,0,0,Glc,d18:1,0:0
-9.2,0,800,0,0,Glc,d18:1,0:0
-9,0,800,0,0,Glc,d18:1,0:0
-8.8,0,800,0,0,Glc,d18:1,0:0
-8.6,0,800,0,0,Glc,d18:1,0:0
-8.4,0,800,0,0,Glc,d18:1,0:0
-8.2,0,800,0,0,Glc,d18:1,0:0
-8,0,800,0,0,Glc,d18:1,0:0
-7.8,0,800,0,0,Glc,d18:1,0:0
-7.6,0,800,0,0,Glc,d18:1,0:0
-7.4,0,800,0,0,Glc,d18:1,0:0
-7.2,0,800,0,0,Glc,d18:1,0:0
-7,0,800,0,0,Glc,d18:1,0:0
-6.8,0,800,0,0,Glc,d18:1,0:0
-6.6,0,800,0,0,Glc,d18:1,0:0
-6.4,0,800,0,0,Glc,d18:1,0:0
-6.2,0,800,0,0,Glc,d18:1,0:0
-6,0,800,0,0,Glc,d18:1,0:0
-5.8,0,800,0,0,Glc,d18:1,0:0
-5.6,0,800,0,0,Glc,d18:1,0:0
-5.4,0,800,0,0,Glc,d18:1,0:0
-5.2,0,800,0,0,Glc,d18:1,0:0
-5,0,800,0,0,Glc,d18:1,0:0
-4.8,0,800,0,0,Glc,d18:1,0:0
-4.6,0,800,0,0,Glc,d18:1,0:0
-4.4,0,800,0,0,Glc,d18:1,0:0
-4.2,0,800,0,0,Glc,d18:1,0:0
-4,0,800,0,0,Glc,d18:1,0:0
-3.8,0,800,0,0,Glc,d18:1,0:0
-3.6,0,800,0,0,Glc,d18:1,0:0
-3.4,0,800,0,0,Glc,d18:1,0:0
-3.2,0,800,0,0,Glc,d18:1,0:0
-3,0,800,0,0,Glc,d18:1,0:0
-2.8,0,800,0,0,Glc,d18:1,0:0
-2.6,0,800,0,0,Glc,d18:1,0:0
-2.4,0,800,0,0,Glc,d18:1,0:0
-2.2,0,800,0,0,Glc,d18:1,0:0
-2,0,800,0,0,Glc,d18:1,0:0
-1.8,0,800,0,0,Glc,d18:1,0:0
-1.6,0,800,0,0,Glc,d18:1,0:0
-1.4,0,800,0,0,Glc,d18:1,0:0
-1.2,320,800,0,0,Glc,d18:1,0:0
-1,840,800,0,0,Glc,d18:1,0:0
-0.8,1380,800,0,0,Glc,d18:1,0:0
-0.6,2220,800,0,0,Glc,d18:1,0:0
-0.4,1740,800,0,0,Glc,d18:1,0:0
-0.2,2460,800,0,0,Glc,d18:1,0:0
0,2440,800,0,0,Glc,d18:1,0:0
0.2,1220,800,0,0,Glc,d18:1,0:0
0.4,1340,800,0,0,Glc,d18:1,0:0
0.6,380,800,0,0,Glc,d18:1,0:0
0.8,40,800,0,0,Glc,d18:1,0:0
1,20,800,0,0,Glc,d18:1,0:0
1.2,0,800,0,0,Glc,d18:1,0:0
1.4,0,800,0,0,Glc,d18:1,0:0
1.6,0,800,0,0,Glc,d18:1,0:0
1.8,0,800,0,0,Glc,d18:1,0:0
2,0,800,0,0,Glc,d18:1,0:0
2.2,0,800,0,0,Glc,d18:1,0:0
2.4,0,800,0,0,Glc,d18:1,0:0
2.6,0,800,0,0,Glc,d18:1,0:0
2.8,0,800,0,0,Glc,d18:1,0:0
3,0,800,0,0,Glc,d18:1,0:0
3.2,0,800,0,0,Glc,d18:1,0:0
3.4,0,800,0,0,Glc,d18:1,0:0
3.6,0,800,0,0,Glc,d18:1,0:0
3.8,0,800,0,0,Glc,d18:1,0:0
4,0,800,0,0,Glc,d18:1,0:0
4.2,0,800,0,0,Glc,d18:1,0:0
4.4,0,800,0,0,Glc,d18:1,0:0
4.6,0,800,0,0,Glc,d18:1,0:0
4.8,0,800,0,0,Glc,d18:1,0:0
5,0,800,0,0,Glc,d18:1,0:0
5.2,0,800,0,0,Glc,d18:1,0:0
5.4,0,800,0,0,Glc,d18:1,0:0
5.6,0,800,0,0,Glc,d18:1,0:0
5.8,0,800,0,0,Glc,d18:1,0:0
6,0,800,0,0,Glc,d18:1,0:0
6.2,0,800,0,0,Glc,d18:1,0:0
6.4,0,800,0,0,Glc,d18:1,0:0
6.6,0,800,0,0,Glc,d18:1,0:0
6.8,0,800,0,0,Glc,d18:1,0:0
7,0,800,0,0,Glc,d18:1,0:0
7.2,0,800,0,0,Glc,d18:1,0:0
7.4,0,800,0,0,Glc,d18:1,0:0
7.6,0,800,0,0,Glc,d18:1,0:0
7.8,0,800,0,0,Glc,d18:1,0:0
8,0,800,0,0,Glc,d18:1,0:0
8.2,0,800,0,0,Glc,d18:1,0:0
8.4,0,800,0,0,Glc,d18:1,0:0
8.6,0,800,0,0,Glc,d18:1,0:0
8.8,0,800,0,0,Glc,d18:1,0:0
9,0,800,0,0,Glc,d18:1,0:0
9.2,0,800,0,0,Glc,d18:1,0:0
9.4,0,800,0,0,Glc,d18:1,0:0
9.6,0,800,0,0,Glc,d18:1,0:0
9.8,0,800,0,0,Glc,d18:1,0:0
10,0,800,0,0,Glc,d18:1,0:0
-10,0,900,0,0,Glc,d18:1,0:0
-9.8,0,900,0,0,Glc,d18:1,0:0
-9.6,0,900,0,0,Glc,d18:1,0:0
-9.4,0,900,0,0,Glc,d18:1,0:0
-9.2,0,900,0,0,Glc,d18:1,0:0
-9,0,900,0,0,Glc,d18:1,0:0
-8.8,0,900,0,0,Glc,d18:1,0:0
-8.6,0,900,0,0,Glc,d18:1,0:0
-8.4,0,900,0,0,Glc,d18:1,0:0
-8.2,0,900,0,0,Glc,d18:1,0:0
-8,0,900,0,0,Glc,d18:1,0:0
-7.8,0,900,0,0,Glc,d18:1,0:0
-7.6,0,900,0,0,Glc,d18:1,0:0
-7.4,0,900,0,0,Glc,d18:1,0:0
-7.2,0,900,0,0,Glc,d18:1,0:0
-7,0,900,0,0,Glc,d18:1,0:0
-6.8,0,900,0,0,Glc,d18:1,0:0
-6.6,0,900,0,0,Glc,d18:1,0:0
-6.4,0,900,0,0,Glc,d18:1,0:0
-6.2,0,900,0,0,Glc,d18:1,0:0
-6,0,900,0,0,Glc,d18:1,0:0
-5.8,0,900,0,0,Glc,d18:1,0:0
-5.6,0,900,0,0,Glc,d18:1,0:0
-5.4,0,900,0,0,Glc,d18:1,0:0
-5.2,0,900,0,0,Glc,d18:1,0:0
-5,0,900,0,0,Glc,d18:1,0:0
-4.8,0,900,0,0,Glc,d18:1,0:0
-4.6,0,900,0,0,Glc,d18:1,0:0
-4.4,0,900,0,0,Glc,d18:1,0:0
-4.2,0,900,0,0,Glc,d18:1,0:0
-4,0,900,0,0,Glc,d18:1,0:0
-3.8,0,900,0,0,Glc,d18:1,0:0
-3.6,0,900,0,0,Glc,d18:1,0:0
-3.4,0,900,0,0,Glc,d18:1,0:0
-3.2,0,900,0,0,Glc,d18:1,0:0
-3,0,900,0,0,Glc,d18:1,0:0
-2.8,0,900,0,0,Glc,d18:1,0:0
-2.6,0,900,0,0,Glc,d18:1,0:0
-2.4,0,900,0,0,Glc,d18:1,0:0
-2.2,0,900,0,0,Glc,d18:1,0:0
-2,0,900,0,0,Glc,d18:1,0:0
-1.8,0,900,0,0,Glc,d18:1,0:0
-1.6,0,900,0,0,Glc,d18:1,0:0
-1.4,100,900,0,0,Glc,d18:1,0:0
-1.2,360,900,0,0,Glc,d18:1,0:0
-1,1340,900,0,0,Glc,d18:1,0:0
-0.8,1980,900,0,0,Glc,d18:1,0:0
-0.6,2380,900,0,0,Glc,d18:1,0:0
-0.4,1740,900,0,0,Glc,d18:1,0:0
-0.2,2240,900,0,0,Glc,d18:1,0:0
0,2060,900,0,0,Glc,d18:1,0:0
0.2,1360,900,0,0,Glc,d18:1,0:0
0.4,960,900,0,0,Glc,d18:1,0:0
0.6,320,900,0,0,Glc,d18:1,0:0
0.8,20,900,0,0,Glc,d18:1,0:0
1,0,900,0,0,Glc,d18:1,0:0
1.2,0,900,0,0,Glc,d18:1,0:0
1.4,0,900,0,0,Glc,d18:1,0:0
1.6,0,900,0,0,Glc,d18:1,0:0
1.8,0,900,0,0,Glc,d18:1,0:0
2,0,900,0,0,Glc,d18:1,0:0
2.2,0,900,0,0,Glc,d18:1,0:0
2.4,0,900,0,0,Glc,d18:1,0:0
2.6,0,900,0,0,Glc,d18:1,0:0
2.8,0,900,0,0,Glc,d18:1,0:0
3,0,900,0,0,Glc,d18:1,0:0
3.2,0,900,0,0,Glc,d18:1,0:0
3.4,0,900,0,0,Glc,d18:1,0:0
3.6,0,900,0,0,Glc,d18:1,0:0
3.8,0,900,0,0,Glc,d18:1,0:0
4,0,900,0,0,Glc,d18:1,0:0
4.2,0,900,0,0,Glc,d18:1,0:0
4.4,0,900,0,0,Glc,d18:1,0:0
4.6,0,900,0,0,Glc,d18:1,0:0
4.8,0,900,0,0,Glc,d18:1,0:0
5,0,900,0,0,Glc,d18:1,0:0
5.2,0,900,0,0,Glc,d18:1,0:0
5.4,0,900,0,0,Glc,d18:1,0:0
5.6,0,900,0,0,Glc,d18:1,0:0
5.8,0,900,0,0,Glc,d18:1,0:0
6,0,900,0,0,Glc,d18:1,0:0
6.2,0,900,0,0,Glc,d18:1,0:0
6.4,0,900,0,0,Glc,d18:1,0:0
6.6,0,900,0,0,Glc,d18:1,0:0
6.8,0,900,0,0,Glc,d18:1,0:0
7,0,900,0,0,Glc,d18:1,0:0
7.2,0,900,0,0,Glc,d18:1,0:0
7.4,0,900,0,0,Glc,d18:1,0:0
7.6,0,900,0,0,Glc,d18:1,0:0
7.8,0,900,0,0,Glc,d18:1,0:0
8,0,900,0,0,Glc,d18:1,0:0
8.2,0,900,0,0,Glc,d18:1,0:0
8.4,0,900,0,0,Glc,d18:1,0:0
8.6,0,900,0,0,Glc,d18:1,0:0
8.8,0,900,0,0,Glc,d18:1,0:0
9,0,900,0,0,Glc,d18:1,0:0
9.2,0,900,0,0,Glc,d18:1,0:0
9.4,0,900,0,0,Glc,d18:1,0:0
9.6,0,900,0,0,Glc,d18:1,0:0
9.8,0,900,0,0,Glc,d18:1,0:0
10,0,900,0,0,Glc,d18:1,0:0
-10,0,1000,0,0,Glc,d18:1,0:0
-9.8,0,1000,0,0,Glc,d18:1,0:0
-9.6,0,1000,0,0,Glc,d18:1,0:0
-9.4,0,1000,0,0,Glc,d18:1,0:0
-9.2,0,1000,0,0,Glc,d18:1,0:0
-9,0,1000,0,0,Glc,d18:1,0:0
-8.8,0,1000,0,0,Glc,d18:1,0:0
-8.6,0,1000,0,0,Glc,d18:1,0:0
-8.4,0,1000,0,0,Glc,d18:1,0:0
-8.2,0,1000,0,0,Glc,d18:1,0:0
-8,0,1000,0,0,Glc,d18:1,0:0
-7.8,0,1000,0,0,Glc,d18:1,0:0
-7.6,0,1000,0,0,Glc,d18:1,0:0
-7.4,0,1000,0,0,Glc,d18:1,0:0
-7.2,0,1000,0,0,Glc,d18:1,0:0
-7,0,1000,0,0,Glc,d18:1,0:0
-6.8,0,1000,0,0,Glc,d18:1,0:0
-6.6,0,1000,0,0,Glc,d18:1,0:0
-6.4,0,1000,0,0,Glc,d18:1,0:0
-6.2,0,1000,0,0,Glc,d18:1,0:0
-6,0,1000,0,0,Glc,d18:1,0:0
-5.8,0,1000,0,0,Glc,d18:1,0:0
-5.6,0,1000,0,0,Glc,d18:1,0:0
-5.4,0,1000,0,0,Glc,d18:1,0:0
-5.2,0,1000,0,0,Glc,d18:1,0:0
-5,0,1000,0,0,Glc,d18:1,0:0
-4.8,0,1000,0,0,Glc,d18:1,0:0
-4.6,0,1000,0,0,Glc,d18:1,0:0
-4.4,0,1000,0,0,Glc,d18:1,0:0
-4.2,0,1000,0,0,Glc,d18:1,0:0
-4,0,1000,0,0,Glc,d18:1,0:0
-3.8,0,1000,0,0,Glc,d18:1,0:0
-3.6,0,1000,0,0,Glc,d18:1,0:0
-3.4,0,1000,0,0,Glc,d18:1,0:0
-3.2,0,1000,0,0,Glc,d18:1,0:0
-3,0,1000,0,0,Glc,d18:1,0:0
-2.8,0,1000,0,0,Glc,d18:1,0:0
-2.6,0,1000,0,0,Glc,d18:1,0:0
-2.4,0,1000,0,0,Glc,d18:1,0:0
-2.2,0,1000,0,0,Glc,d18:1,0:0
-2,0,1000,0,0,Glc,d18:1,0:0
-1.8,0,1000,0,0,Glc,d18:1,0:0
-1.6,0,1000,0,0,Glc,d18:1,0:0
-1.4,300,1000,0,0,Glc,d18:1,0:0
-1.2,660,1000,0,0,Glc,d18:1,0:0
-1,1380,1000,0,0,Glc,d18:1,0:0
-0.8,2220,1000,0,0,Glc,d18:1,0:0
-0.6,2420,1000,0,0,Glc,d18:1,0:0
-0.4,2580,1000,0,0,Glc,d18:1,0:0
-0.2,2500,1000,0,0,Glc,d18:1,0:0
0,2080,1000,0,0,Glc,d18:1,0:0
0.2,740,1000,0,0,Glc,d18:1,0:0
0.4,360,1000,0,0,Glc,d18:1,0:0
0.6,160,1000,0,0,Glc,d18:1,0:0
0.8,0,1000,0,0,Glc,d18:1,0:0
1,0,1000,0,0,Glc,d18:1,0:0
1.2,0,1000,0,0,Glc,d18:1,0:0
1.4,0,1000,0,0,Glc,d18:1,0:0
1.6,0,1000,0,0,Glc,d18:1,0:0
1.8,0,1000,0,0,Glc,d18:1,0:0
2,0,1000,0,0,Glc,d18:1,0:0
2.2,0,1000,0,0,Glc,d18:1,0:0
2.4,0,1000,0,0,Glc,d18:1,0:0
2.6,0,1000,0,0,Glc,d18:1,0:0
2.8,0,1000,0,0,Glc,d18:1,0:0
3,0,1000,0,0,Glc,d18:1,0:0
3.2,0,1000,0,0,Glc,d18:1,0:0
3.4,0,1000,0,0,Glc,d18:1,0:0
3.6,0,1000,0,0,Glc,d18:1,0:0
3.8,0,1000,0,0,Glc,d18:1,0:0
4,0,1000,0,0,Glc,d18:1,0:0
4.2,0,1000,0,0,Glc,d18:1,0:0
4.4,0,1000,0,0,Glc,d18:1,0:0
4.6,0,1000,0,0,Glc,d18:1,0:0
4.8,0,1000,0,0,Glc,d18:1,0:0
5,0,1000,0,0,Glc,d18:1,0:0
5.2,0,1000,0,0,Glc,d18:1,0:0
5.4,0,1000,0,0,Glc,d18:1,0:0
5.6,0,1000,0,0,Glc,d18:1,0:0
5.8,0,1000,0,0,Glc,d18:1,0:0
6,0,1000,0,0,Glc,d18:1,0:0
6.2,0,1000,0,0,Glc,d18:1,0:0
6.4,0,1000,0,0,Glc,d18:1,0:0
6.6,0,1000,0,0,Glc,d18:1,0:0
6.8,0,1000,0,0,Glc,d18:1,0:0
7,0,1000,0,0,Glc,d18:1,0:0
7.2,0,1000,0,0,Glc,d18:1,0:0
7.4,0,1000,0,0,Glc,d18:1,0:0
7.6,0,1000,0,0,Glc,d18:1,0:0
7.8,0,1000,0,0,Glc,d18:1,0:0
8,0,1000,0,0,Glc,d18:1,0:0
8.2,0,1000,0,0,Glc,d18:1,0:0
8.4,0,1000,0,0,Glc,d18:1,0:0
8.6,0,1000,0,0,Glc,d18:1,0:0
8.8,0,1000,0,0,Glc,d18:1,0:0
9,0,1000,0,0,Glc,d18:1,0:0
9.2,0,1000,0,0,Glc,d18:1,0:0
9.4,0,1000,0,0,Glc,d18:1,0:0
9.6,0,1000,0,0,Glc,d18:1,0:0
9.8,0,1000,0,0,Glc,d18:1,0:0
10,0,1000,0,0,Glc,d18:1,0:0
-10,0,1100,0,0,Glc,d18:1,0:0
-9.8,0,1100,0,0,Glc,d18:1,0:0
-9.6,0,1100,0,0,Glc,d18:1,0:0
-9.4,0,1100,0,0,Glc,d18:1,0:0
-9.2,0,1100,0,0,Glc,d18:1,0:0
-9,0,1100,0,0,Glc,d18:1,0:0
-8.8,0,1100,0,0,Glc,d18:1,0:0
-8.6,0,1100,0,0,Glc,d18:1,0:0
-8.4,0,1100,0,0,Glc,d18:1,0:0
-8.2,0,1100,0,0,Glc,d18:1,0:0
-8,0,1100,0,0,Glc,d18:1,0:0
-7.8,0,1100,0,0,Glc,d18:1,0:0
-7.6,0,1100,0,0,Glc,d18:1,0:0
-7.4,0,1100,0,0,Glc,d18:1,0:0
-7.2,0,1100,0,0,Glc,d18:1,0:0
-7,0,1100,0,0,Glc,d18:1,0:0
-6.8,0,1100,0,0,Glc,d18:1,0:0
-6.6,0,1100,0,0,Glc,d18:1,0:0
-6.4,0,1100,0,0,Glc,d18:1,0:0
-6.2,0,1100,0,0,Glc,d18:1,0:0
-6,0,1100,0,0,Glc,d18:1,0:0
-5.8,0,1100,0,0,Glc,d18:1,0:0
-5.6,0,1100,0,0,Glc,d18:1,0:0
-5.4,0,1100,0,0,Glc,d18:1,0:0
-5.2,0,1100,0,0,Glc,d18:1,0:0
-5,0,1100,0,0,Glc,d18:1,0:0
-4.8,0,1100,0,0,Glc,d18:1,0:0
-4.6,0,1100,0,0,Glc,d18:1,0:0
-4.4,0,1100,0,0,Glc,d18:1,0:0
-4.2,0,1100,0,0,Glc,d18:1,0:0
-4,0,1100,0,0,Glc,d18:1,0:0
-3.8,0,1100,0,0,Glc,d18:1,0:0
-3.6,0,1100,0,0,Glc,d18:1,0:0
-3.4,0,1100,0,0,Glc,d18:1,0:0
-3.2,0,1100,0,0,Glc,d18:1,0:0
-3,0,1100,0,0,Glc,d18:1,0:0
-2.8,0,1100,0,0,Glc,d18:1,0:0
-2.6,0,1100,0,0,Glc,d18:1,0:0
-2.4,0,1100,0,0,Glc,d18:1,0:0
-2.2,0,1100,0,0,Glc,d18:1,0:0
-2,0,1100,0,0,Glc,d18:1,0:0
-1.8,0,1100,0,0,Glc,d18:1,0:0
-1.6,120,1100,0,0,Glc,d18:1,0:0
-1.4,540,1100,0,0,Glc,d18:1,0:0
-1.2,1520,1100,0,0,Glc,d18:1,0:0
-1,2020,1100,0,0,Glc,d18:1,0:0
-0.8,2840,1100,0,0,Glc,d18:1,0:0
-0.6,2920,1100,0,0,Glc,d18:1,0:0
-0.4,2780,1100,0,0,Glc,d18:1,0:0
-0.2,2060,1100,0,0,Glc,d18:1,0:0
0,1660,1100,0,0,Glc,d18:1,0:0
0.2,620,1100,0,0,Glc,d18:1,0:0
0.4,160,1100,0,0,Glc,d18:1,0:0
0.6,40,1100,0,0,Glc,d18:1,0:0
0.8,0,1100,0,0,Glc,d18:1,0:0
1,0,1100,0,0,Glc,d18:1,0:0
1.2,0,1100,0,0,Glc,d18:1,0:0
1.4,0,1100,0,0,Glc,d18:1,0:0
1.6,0,1100,0,0,Glc,d18:1,0:0
1.8,0,1100,0,0,Glc,d18:1,0:0
2,0,1100,0,0,Glc,d18:1,0:0
2.2,0,1100,0,0,Glc,d18:1,0:0
2.4,0,1100,0,0,Glc,d18:1,0:0
2.6,0,1100,0,0,Glc,d18:1,0:0
2.8,0,1100,0,0,Glc,d18:1,0:0
3,0,1100,0,0,Glc,d18:1,0:0
3.2,0,1100,0,0,Glc,d18:1,0:0
3.4,0,1100,0,0,Glc,d18:1,0:0
3.6,0,1100,0,0,Glc,d18:1,0:0
3.8,0,1100,0,0,Glc,d18:1,0:0
4,0,1100,0,0,Glc,d18:1,0:0
4.2,0,1100,0,0,Glc,d18:1,0:0
4.4,0,1100,0,0,Glc,d18:1,0:0
4.6,0,1100,0,0,Glc,d18:1,0:0
4.8,0,1100,0,0,Glc,d18:1,0:0
5,0,1100,0,0,Glc,d18:1,0:0
5.2,0,1100,0,0,Glc,d18:1,0:0
5.4,0,1100,0,0,Glc,d18:1,0:0
5.6,0,1100,0,0,Glc,d18:1,0:0
5.8,0,1100,0,0,Glc,d18:1,0:0
6,0,1100,0,0,Glc,d18:1,0:0
6.2,0,1100,0,0,Glc,d18:1,0:0
6.4,0,1100,0,0,Glc,d18:1,0:0
6.6,0,1100,0,0,Glc,d18:1,0:0
6.8,0,1100,0,0,Glc,d18:1,0:0
7,0,1100,0,0,Glc,d18:1,0:0
7.2,0,1100,0,0,Glc,d18:1,0:0
7.4,0,1100,0,0,Glc,d18:1,0:0
7.6,0,1100,0,0,Glc,d18:1,0:0
7.8,0,1100,0,0,Glc,d18:1,0:0
8,0,1100,0,0,Glc,d18:1,0:0
8.2,0,1100,0,0,Glc,d18:1,0:0
8.4,0,1100,0,0,Glc,d18:1,0:0
8.6,0,1100,0,0,Glc,d18:1,0:0
8.8,0,1100,0,0,Glc,d18:1,0:0
9,0,1100,0,0,Glc,d18:1,0:0
9.2,0,1100,0,0,Glc,d18:1,0:0
9.4,0,1100,0,0,Glc,d18:1,0:0
9.6,0,1100,0,0,Glc,d18:1,0:0
9.8,0,1100,0,0,Glc,d18:1,0:0
10,0,1100,0,0,Glc,d18:1,0:0
-10,0,1200,0,0,Glc,d18:1,0:0
-9.8,0,1200,0,0,Glc,d18:1,0:0
-9.6,0,1200,0,0,Glc,d18:1,0:0
-9.4,0,1200,0,0,Glc,d18:1,0:0
-9.2,0,1200,0,0,Glc,d18:1,0:0
-9,0,1200,0,0,Glc,d18:1,0:0
-8.8,0,1200,0,0,Glc,d18:1,0:0
-8.6,0,1200,0,0,Glc,d18:1,0:0
-8.4,0,1200,0,0,Glc,d18:1,0:0
-8.2,0,1200,0,0,Glc,d18:1,0:0
-8,0,1200,0,0,Glc,d18:1,0:0
-7.8,0,1200,0,0,Glc,d18:1,0:0
-7.6,0,1200,0,0,Glc,d18:1,0:0
-7.4,0,1200,0,0,Glc,d18:1,0:0
-7.2,0,1200,0,0,Glc,d18:1,0:0
-7,0,1200,0,0,Glc,d18:1,0:0
-6.8,0,1200,0,0,Glc,d18:1,0:0
-6.6,0,1200,0,0,Glc,d18:1,0:0
-6.4,0,1200,0,0,Glc,d18:1,0:0
-6.2,0,1200,0,0,Glc,d18:1,0:0
-6,0,1200,0,0,Glc,d18:1,0:0
-5.8,0,1200,0,0,Glc,d18:1,0:0
-5.6,0,1200,0,0,Glc,d18:1,0:0
-5.4,0,1200,0,0,Glc,d18:1,0:0
-5.2,0,1200,0,0,Glc,d18:1,0:0
-5,0,1200,0,0,Glc,d18:1,0:0
-4.8,0,1200,0,0,Glc,d18:1,0:0
-4.6,0,1200,0,0,Glc,d18:1,0:0
-4.4,0,1200,0,0,Glc,d18:1,0:0
-4.2,0,1200,0,0,Glc,d18:1,0:0
-4,0,1200,0,0,Glc,d18:1,0:0
-3.8,0,1200,0,0,Glc,d18:1,0:0
-3.6,0,1200,0,0,Glc,d18:1,0:0
-3.4,0,1200,0,0,Glc,d18:1,0:0
-3.2,0,1200,0,0,Glc,d18:1,0:0
-3,0,1200,0,0,Glc,d18:1,0:0
-2.8,0,1200,0,0,Glc,d18:1,0:0
-2.6,0,1200,0,0,Glc,d18:1,0:0
-2.4,0,1200,0,0,Glc,d18:1,0:0
-2.2,0,1200,0,0,Glc,d18:1,0:0
-2,0,1200,0,0,Glc,d18:1,0:0
-1.8,40,1200,0,0,Glc,d18:1,0:0
-1.6,180,1200,0,0,Glc,d18:1,0:0
-1.4,880,1200,0,0,Glc,d18:1,0:0
-1.2,2320,1200,0,0,Glc,d18:1,0:0
-1,3000,1200,0,0,Glc,d18:1,0:0
-0.8,4420,1200,0,0,Glc,d18:1,0:0
-0.6,3280,1200,0,0,Glc,d18:1,0:0
-0.4,3060,1200,0,0,Glc,d18:1,0:0
-0.2,1840,1200,0,0,Glc,d18:1,0:0
0,860,1200,0,0,Glc,d18:1,0:0
0.2,100,1200,0,0,Glc,d18:1,0:0
0.4,0,1200,0,0,Glc,d18:1,0:0
0.6,40,1200,0,0,Glc,d18:1,0:0
0.8,0,1200,0,0,Glc,d18:1,0:0
1,0,1200,0,0,Glc,d18:1,0:0
1.2,0,1200,0,0,Glc,d18:1,0:0
1.4,0,1200,0,0,Glc,d18:1,0:0
1.6,0,1200,0,0,Glc,d18:1,0:0
1.8,0,1200,0,0,Glc,d18:1,0:0
2,0,1200,0,0,Glc,d18:1,0:0
2.2,0,1200,0,0,Glc,d18:1,0:0
2.4,0,1200,0,0,Glc,d18:1,0:0
2.6,0,1200,0,0,Glc,d18:1,0:0
2.8,0,1200,0,0,Glc,d18:1,0:0
3,0,1200,0,0,Glc,d18:1,0:0
3.2,0,1200,0,0,Glc,d18:1,0:0
3.4,0,1200,0,0,Glc,d18:1,0:0
3.6,0,1200,0,0,Glc,d18:1,0:0
3.8,0,1200,0,0,Glc,d18:1,0:0
4,0,1200,0,0,Glc,d18:1,0:0
4.2,0,1200,0,0,Glc,d18:1,0:0
4.4,0,1200,0,0,Glc,d18:1,0:0
4.6,0,1200,0,0,Glc,d18:1,0:0
4.8,0,1200,0,0,Glc,d18:1,0:0
5,0,1200,0,0,Glc,d18:1,0:0
5.2,0,1200,0,0,Glc,d18:1,0:0
5.4,0,1200,0,0,Glc,d18:1,0:0
5.6,0,1200,0,0,Glc,d18:1,0:0
5.8,0,1200,0,0,Glc,d18:1,0:0
6,0,1200,0,0,Glc,d18:1,0:0
6.2,0,1200,0,0,Glc,d18:1,0:0
6.4,0,1200,0,0,Glc,d18:1,0:0
6.6,0,1200,0,0,Glc,d18:1,0:0
6.8,0,1200,0,0,Glc,d18:1,0:0
7,0,1200,0,0,Glc,d18:1,0:0
7.2,0,1200,0,0,Glc,d18:1,0:0
7.4,0,1200,0,0,Glc,d18:1,0:0
7.6,0,1200,0,0,Glc,d18:1,0:0
7.8,0,1200,0,0,Glc,d18:1,0:0
8,0,1200,0,0,Glc,d18:1,0:0
8.2,0,1200,0,0,Glc,d18:1,0:0
8.4,0,1200,0,0,Glc,d18:1,0:0
8.6,0,1200,0,0,Glc,d18:1,0:0
8.8,0,1200,0,0,Glc,d18:1,0:0
9,0,1200,0,0,Glc,d18:1,0:0
9.2,0,1200,0,0,Glc,d18:1,0:0
9.4,0,1200,0,0,Glc,d18:1,0:0
9.6,0,1200,0,0,Glc,d18:1,0:0
9.8,0,1200,0,0,Glc,d18:1,0:0
10,0,1200,0,0,Glc,d18:1,0:0
-10,0,1300,0,0,Glc,d18:1,0:0
-9.8,0,1300,0,0,Glc,d18:1,0:0
-9.6,0,1300,0,0,Glc,d18:1,0:0
-9.4,0,1300,0,0,Glc,d18:1,0:0
-9.2,0,1300,0,0,Glc,d18:1,0:0
-9,0,1300,0,0,Glc,d18:1,0:0
-8.8,0,1300,0,0,Glc,d18:1,0:0
-8.6,0,1300,0,0,Glc,d18:1,0:0
-8.4,0,1300,0,0,Glc,d18:1,0:0
-8.2,0,1300,0,0,Glc,d18:1,0:0
-8,0,1300,0,0,Glc,d18:1,0:0
-7.8,0,1300,0,0,Glc,d18:1,0:0
-7.6,0,1300,0,0,Glc,d18:1,0:0
-7.4,0,1300,0,0,Glc,d18:1,0:0
-7.2,0,1300,0,0,Glc,d18:1,0:0
-7,0,1300,0,0,Glc,d18:1,0:0
-6.8,20,1300,0,0,Glc,d18:1,0:0
-6.6,0,1300,0,0,Glc,d18:1,0:0
-6.4,0,1300,0,0,Glc,d18:1,0:0
-6.2,0,1300,0,0,Glc,d18:1,0:0
-6,0,1300,0,0,Glc,d18:1,0:0
-5.8,0,1300,0,0,Glc,d18:1,0:0
-5.6,0,1300,0,0,Glc,d18:1,0:0
-5.4,0,1300,0,0,Glc,d18:1,0:0
-5.2,0,1300,0,0,Glc,d18:1,0:0
-5,0,1300,0,0,Glc,d18:1,0:0
-4.8,0,1300,0,0,Glc,d18:1,0:0
-4.6,0,1300,0,0,Glc,d18:1,0:0
-4.4,0,1300,0,0,Glc,d18:1,0:0
-4.2,0,1300,0,0,Glc,d18:1,0:0
-4,0,1300,0,0,Glc,d18:1,0:0
-3.8,0,1300,0,0,Glc,d18:1,0:0
-3.6,0,1300,0,0,Glc,d18:1,0:0
-3.4,0,1300,0,0,Glc,d18:1,0:0
-3.2,0,1300,0,0,Glc,d18:1,0:0
-3,0,1300,0,0,Glc,d18:1,0:0
-2.8,0,1300,0,0,Glc,d18:1,0:0
-2.6,0,1300,0,0,Glc,d18:1,0:0
-2.4,0,1300,0,0,Glc,d18:1,0:0
-2.2,0,1300,0,0,Glc,d18:1,0:0
-2,0,1300,0,0,Glc,d18:1,0:0
-1.8,440,1300,0,0,Glc,d18:1,0:0
-1.6,1020,1300,0,0,Glc,d18:1,0:0
-1.4,2860,1300,0,0,Glc,d18:1,0:0
-1.2,3580,1300,0,0,Glc,d18:1,0:0
-1,4320,1300,0,0,Glc,d18:1,0:0
-0.8,3780,1300,0,0,Glc,d18:1,0:0
-0.6,3380,1300,0,0,Glc,d18:1,0:0
-0.4,1820,1300,0,0,Glc,d18:1,0:0
-0.2,960,1300,0,0,Glc,d18:1,0:0
0,140,1300,0,0,Glc,d18:1,0:0
0.2,0,1300,0,0,Glc,d18:1,0:0
0.4,0,1300,0,0,Glc,d18:1,0:0
0.6,0,1300,0,0,Glc,d18:1,0:0
0.8,0,1300,0,0,Glc,d18:1,0:0
1,0,1300,0,0,Glc,d18:1,0:0
1.2,0,1300,0,0,Glc,d18:1,0:0
1.4,0,1300,0,0,Glc,d18:1,0:0
1.6,0,1300,0,0,Glc,d18:1,0:0
1.8,0,1300,0,0,Glc,d18:1,0:0
2,0,1300,0,0,Glc,d18:1,0:0
2.2,0,1300,0,0,Glc,d18:1,0:0
2.4,0,1300,0,0,Glc,d18:1,0:0
2.6,0,1300,0,0,Glc,d18:1,0:0
2.8,0,1300,0,0,Glc,d18:1,0:0
3,0,1300,0,0,Glc,d18:1,0:0
3.2,0,1300,0,0,Glc,d18:1,0:0
3.4,0,1300,0,0,Glc,d18:1,0:0
3.6,0,1300,0,0,Glc,d18:1,0:0
3.8,0,1300,0,0,Glc,d18:1,0:0
4,0,1300,0,0,Glc,d18:1,0:0
4.2,0,1300,0,0,Glc,d18:1,0:0
4.4,0,1300,0,0,Glc,d18:1,0:0
4.6,0,1300,0,0,Glc,d18:1,0:0
4.8,0,1300,0,0,Glc,d18:1,0:0
5,0,1300,0,0,Glc,d18:1,0:0
5.2,0,1300,0,0,Glc,d18:1,0:0
5.4,0,1300,0,0,Glc,d18:1,0:0
5.6,0,1300,0,0,Glc,d18:1,0:0
5.8,0,1300,0,0,Glc,d18:1,0:0
6,0,1300,0,0,Glc,d18:1,0:0
6.2,0,1300,0,0,Glc,d18:1,0:0
6.4,0,1300,0,0,Glc,d18:1,0:0
6.6,0,1300,0,0,Glc,d18:1,0:0
6.8,0,1300,0,0,Glc,d18:1,0:0
7,0,1300,0,0,Glc,d18:1,0:0
7.2,0,1300,0,0,Glc,d18:1,0:0
7.4,0,1300,0,0,Glc,d18:1,0:0
7.6,0,1300,0,0,Glc,d18:1,0:0
7.8,0,1300,0,0,Glc,d18:1,0:0
8,0,1300,0,0,Glc,d18:1,0:0
8.2,0,1300,0,0,Glc,d18:1,0:0
8.4,0,1300,0,0,Glc,d18:1,0:0
8.6,0,1300,0,0,Glc,d18:1,0:0
8.8,0,1300,0,0,Glc,d18:1,0:0
9,0,1300,0,0,Glc,d18:1,0:0
9.2,0,1300,0,0,Glc,d18:1,0:0
9.4,0,1300,0,0,Glc,d18:1,0:0
9.6,0,1300,0,0,Glc,d18:1,0:0
9.8,0,1300,0,0,Glc,d18:1,0:0
10,0,1300,0,0,Glc,d18:1,0:0
-10,0,1400,0,0,Glc,d18:1,0:0
-9.8,0,1400,0,0,Glc,d18:1,0:0
-9.6,0,1400,0,0,Glc,d18:1,0:0
-9.4,0,1400,0,0,Glc,d18:1,0:0
-9.2,0,1400,0,0,Glc,d18:1,0:0
-9,0,1400,0,0,Glc,d18:1,0:0
-8.8,0,1400,0,0,Glc,d18:1,0:0
-8.6,0,1400,0,0,Glc,d18:1,0:0
-8.4,0,1400,0,0,Glc,d18:1,0:0
-8.2,0,1400,0,0,Glc,d18:1,0:0
-8,0,1400,0,0,Glc,d18:1,0:0
-7.8,0,1400,0,0,Glc,d18:1,0:0
-7.6,0,1400,0,0,Glc,d18:1,0:0
-7.4,0,1400,0,0,Glc,d18:1,0:0
-7.2,0,1400,0,0,Glc,d18:1,0:0
-7,0,1400,0,0,Glc,d18:1,0:0
-6.8,0,1400,0,0,Glc,d18:1,0:0
-6.6,0,1400,0,0,Glc,d18:1,0:0
-6.4,0,1400,0,0,Glc,d18:1,0:0
-6.2,0,1400,0,0,Glc,d18:1,0:0
-6,0,1400,0,0,Glc,d18:1,0:0
-5.8,0,1400,0,0,Glc,d18:1,0:0
-5.6,0,1400,0,0,Glc,d18:1,0:0
-5.4,0,1400,0,0,Glc,d18:1,0:0
-5.2,0,1400,0,0,Glc,d18:1,0:0
-5,0,1400,0,0,Glc,d18:1,0:0
-4.8,0,1400,0,0,Glc,d18:1,0:0
-4.6,0,1400,0,0,Glc,d18:1,0:0
-4.4,0,1400,0,0,Glc,d18:1,0:0
-4.2,0,1400,0,0,Glc,d18:1,0:0
-4,0,1400,0,0,Glc,d18:1,0:0
-3.8,0,1400,0,0,Glc,d18:1,0:0
-3.6,0,1400,0,0,Glc,d18:1,0:0
-3.4,0,1400,0,0,Glc,d18:1,0:0
-3.2,0,1400,0,0,Glc,d18:1,0:0
-3,0,1400,0,0,Glc,d18:1,0:0
-2.8,0,1400,0,0,Glc,d18:1,0:0
-2.6,0,1400,0,0,Glc,d18:1,0:0
-2.4,0,1400,0,0,Glc,d18:1,0:0
-2.2,40,1400,0,0,Glc,d18:1,0:0
-2,280,1400,0,0,Glc,d18:1,0:0
-1.8,1120,1400,0,0,Glc,d18:1,0:0
-1.6,1700,1400,0,0,Glc,d18:1,0:0
-1.4,3220,1400,0,0,Glc,d18:1,0:0
-1.2,3920,1400,0,0,Glc,d18:1,0:0
-1,3620,1400,0,0,Glc,d18:1,0:0
-0.8,3020,1400,0,0,Glc,d18:1,0:0
-0.6,1980,1400,0,0,Glc,d18:1,0:0
-0.4,840,1400,0,0,Glc,d18:1,0:0
-0.2,320,1400,0,0,Glc,d18:1,0:0
0,80,1400,0,0,Glc,d18:1,0:0
0.2,20,1400,0,0,Glc,d18:1,0:0
0.4,0,1400,0,0,Glc,d18:1,0:0
0.6,0,1400,0,0,Glc,d18:1,0:0
0.8,0,1400,0,0,Glc,d18:1,0:0
1,0,1400,0,0,Glc,d18:1,0:0
1.2,0,1400,0,0,Glc,d18:1,0:0
1.4,0,1400,0,0,Glc,d18:1,0:0
1.6,0,1400,0,0,Glc,d18:1,0:0
1.8,0,1400,0,0,Glc,d18:1,0:0
2,0,1400,0,0,Glc,d18:1,0:0
2.2,0,1400,0,0,Glc,d18:1,0:0
2.4,0,1400,0,0,Glc,d18:1,0:0
2.6,0,1400,0,0,Glc,d18:1,0:0
2.8,0,1400,0,0,Glc,d18:1,0:0
3,0,1400,0,0,Glc,d18:1,0:0
3.2,0,1400,0,0,Glc,d18:1,0:0
3.4,0,1400,0,0,Glc,d18:1,0:0
3.6,0,1400,0,0,Glc,d18:1,0:0
3.8,0,1400,0,0,Glc,d18:1,0:0
4,0,1400,0,0,Glc,d18:1,0:0
4.2,0,1400,0,0,Glc,d18:1,0:0
4.4,0,1400,0,0,Glc,d18:1,0:0
4.6,0,1400,0,0,Glc,d18:1,0:0
4.8,0,1400,0,0,Glc,d18:1,0:0
5,0,1400,0,0,Glc,d18:1,0:0
5.2,0,1400,0,0,Glc,d18:1,0:0
5.4,0,1400,0,0,Glc,d18:1,0:0
5.6,0,1400,0,0,Glc,d18:1,0:0
5.8,0,1400,0,0,Glc,d18:1,0:0
6,0,1400,0,0,Glc,d18:1,0:0
6.2,0,1400,0,0,Glc,d18:1,0:0
6.4,0,1400,0,0,Glc,d18:1,0:0
6.6,0,1400,0,0,Glc,d18:1,0:0
6.8,0,1400,0,0,Glc,d18:1,0:0
7,0,1400,0,0,Glc,d18:1,0:0
7.2,0,1400,0,0,Glc,d18:1,0:0
7.4,0,1400,0,0,Glc,d18:1,0:0
7.6,0,1400,0,0,Glc,d18:1,0:0
7.8,0,1400,0,0,Glc,d18:1,0:0
8,0,1400,0,0,Glc,d18:1,0:0
8.2,0,1400,0,0,Glc,d18:1,0:0
8.4,0,1400,0,0,Glc,d18:1,0:0
8.6,0,1400,0,0,Glc,d18:1,0:0
8.8,0,1400,0,0,Glc,d18:1,0:0
9,0,1400,0,0,Glc,d18:1,0:0
9.2,0,1400,0,0,Glc,d18:1,0:0
9.4,0,1400,0,0,Glc,d18:1,0:0
9.6,0,1400,0,0,Glc,d18:1,0:0
9.8,0,1400,0,0,Glc,d18:1,0:0
10,0,1400,0,0,Glc,d18:1,0:0
-10,0,1500,0,0,Glc,d18:1,0:0
-9.8,0,1500,0,0,Glc,d18:1,0:0
-9.6,0,1500,0,0,Glc,d18:1,0:0
-9.4,0,1500,0,0,Glc,d18:1,0:0
-9.2,0,1500,0,0,Glc,d18:1,0:0
-9,0,1500,0,0,Glc,d18:1,0:0
-8.8,0,1500,0,0,Glc,d18:1,0:0
-8.6,0,1500,0,0,Glc,d18:1,0:0
-8.4,0,1500,0,0,Glc,d18:1,0:0
-8.2,0,1500,0,0,Glc,d18:1,0:0
-8,0,1500,0,0,Glc,d18:1,0:0
-7.8,0,1500,0,0,Glc,d18:1,0:0
-7.6,0,1500,0,0,Glc,d18:1,0:0
-7.4,0,1500,0,0,Glc,d18:1,0:0
-7.2,0,1500,0,0,Glc,d18:1,0:0
-7,0,1500,0,0,Glc,d18:1,0:0
-6.8,0,1500,0,0,Glc,d18:1,0:0
-6.6,0,1500,0,0,Glc,d18:1,0:0
-6.4,0,1500,0,0,Glc,d18:1,0:0
-6.2,0,1500,0,0,Glc,d18:1,0:0
-6,0,1500,0,0,Glc,d18:1,0:0
-5.8,0,1500,0,0,Glc,d18:1,0:0
-5.6,0,1500,0,0,Glc,d18:1,0:0
-5.4,0,1500,0,0,Glc,d18:1,0:0
-5.2,0,1500,0,0,Glc,d18:1,0:0
-5,0,1500,0,0,Glc,d18:1,0:0
-4.8,0,1500,0,0,Glc,d18:1,0:0
-4.6,0,1500,0,0,Glc,d18:1,0:0
-4.4,0,1500,0,0,Glc,d18:1,0:0
-4.2,0,1500,0,0,Glc,d18:1,0:0
-4,0,1500,0,0,Glc,d18:1,0:0
-3.8,0,1500,0,0,Glc,d18:1,0:0
-3.6,0,1500,0,0,Glc,d18:1,0:0
-3.4,0,1500,0,0,Glc,d18:1,0:0
-3.2,0,1500,0,0,Glc,d18:1,0:0
-3,0,1500,0,0,Glc,d18:1,0:0
-2.8,0,1500,0,0,Glc,d18:1,0:0
-2.6,0,1500,0,0,Glc,d18:1,0:0
-2.4,60,1500,0,0,Glc,d18:1,0:0
-2.2,300,1500,0,0,Glc,d18:1,0:0
-2,1460,1500,0,0,Glc,d18:1,0:0
-1.8,2360,1500,0,0,Glc,d18:1,0:0
-1.6,3940,1500,0,0,Glc,d18:1,0:0
-1.4,4520,1500,0,0,Glc,d18:1,0:0
-1.2,4340,1500,0,0,Glc,d18:1,0:0
-1,2920,1500,0,0,Glc,d18:1,0:0
-0.8,1320,1500,0,0,Glc,d18:1,0:0
-0.6,580,1500,0,0,Glc,d18:1,0:0
-0.4,140,1500,0,0,Glc,d18:1,0:0
-0.2,0,1500,0,0,Glc,d18:1,0:0
0,0,1500,0,0,Glc,d18:1,0:0
0.2,0,1500,0,0,Glc,d18:1,0:0
0.4,0,1500,0,0,Glc,d18:1,0:0
0.6,0,1500,0,0,Glc,d18:1,0:0
0.8,0,1500,0,0,Glc,d18:1,0:0
1,0,1500,0,0,Glc,d18:1,0:0
1.2,0,1500,0,0,Glc,d18:1,0:0
1.4,0,1500,0,0,Glc,d18:1,0:0
1.6,0,1500,0,0,Glc,d18:1,0:0
1.8,0,1500,0,0,Glc,d18:1,0:0
2,0,1500,0,0,Glc,d18:1,0:0
2.2,0,1500,0,0,Glc,d18:1,0:0
2.4,0,1500,0,0,Glc,d18:1,0:0
2.6,0,1500,0,0,Glc,d18:1,0:0
2.8,0,1500,0,0,Glc,d18:1,0:0
3,0,1500,0,0,Glc,d18:1,0:0
3.2,0,1500,0,0,Glc,d18:1,0:0
3.4,0,1500,0,0,Glc,d18:1,0:0
3.6,0,1500,0,0,Glc,d18:1,0:0
3.8,0,1500,0,0,Glc,d18:1,0:0
4,0,1500,0,0,Glc,d18:1,0:0
4.2,0,1500,0,0,Glc,d18:1,0:0
4.4,0,1500,0,0,Glc,d18:1,0:0
4.6,0,1500,0,0,Glc,d18:1,0:0
4.8,0,1500,0,0,Glc,d18:1,0:0
5,0,1500,0,0,Glc,d18:1,0:0
5.2,0,1500,0,0,Glc,d18:1,0:0
5.4,0,1500,0,0,Glc,d18:1,0:0
5.6,0,1500,0,0,Glc,d18:1,0:0
5.8,0,1500,0,0,Glc,d18:1,0:0
6,0,1500,0,0,Glc,d18:1,0:0
6.2,0,1500,0,0,Glc,d18:1,0:0
6.4,0,1500,0,0,Glc,d18:1,0:0
6.6,0,1500,0,0,Glc,d18:1,0:0
6.8,0,1500,0,0,Glc,d18:1,0:0
7,0,1500,0,0,Glc,d18:1,0:0
7.2,0,1500,0,0,Glc,d18:1,0:0
7.4,0,1500,0,0,Glc,d18:1,0:0
7.6,0,1500,0,0,Glc,d18:1,0:0
7.8,0,1500,0,0,Glc,d18:1,0:0
8,0,1500,0,0,Glc,d18:1,0:0
8.2,0,1500,0,0,Glc,d18:1,0:0
8.4,0,1500,0,0,Glc,d18:1,0:0
8.6,0,1500,0,0,Glc,d18:1,0:0
8.8,0,1500,0,0,Glc,d18:1,0:0
9,0,1500,0,0,Glc,d18:1,0:0
9.2,0,1500,0,0,Glc,d18:1,0:0
9.4,0,1500,0,0,Glc,d18:1,0:0
9.6,0,1500,0,0,Glc,d18:1,0:0
9.8,0,1500,0,0,Glc,d18:1,0:0
10,0,1500,0,0,Glc,d18:1,0:0
-10,0,1600,0,0,Glc,d18:1,0:0
-9.8,0,1600,0,0,Glc,d18:1,0:0
-9.6,0,1600,0,0,Glc,d18:1,0:0
-9.4,0,1600,0,0,Glc,d18:1,0:0
-9.2,0,1600,0,0,Glc,d18:1,0:0
-9,0,1600,0,0,Glc,d18:1,0:0
-8.8,0,1600,0,0,Glc,d18:1,0:0
-8.6,0,1600,0,0,Glc,d18:1,0:0
-8.4,0,1600,0,0,Glc,d18:1,0:0
-8.2,0,1600,0,0,Glc,d18:1,0:0
-8,0,1600,0,0,Glc,d18:1,0:0
-7.8,0,1600,0,0,Glc,d18:1,0:0
-7.6,0,1600,0,0,Glc,d18:1,0:0
-7.4,0,1600,0,0,Glc,d18:1,0:0
-7.2,0,1600,0,0,Glc,d18:1,0:0
-7,0,1600,0,0,Glc,d18:1,0:0
-6.8,0,1600,0,0,Glc,d18:1,0:0
-6.6,0,1600,0,0,Glc,d18:1,0:0
-6.4,0,1600,0,0,Glc,d18:1,0:0
-6.2,0,1600,0,0,Glc,d18:1,0:0
-6,0,1600,0,0,Glc,d18:1,0:0
-5.8,0,1600,0,0,Glc,d18:1,0:0
-5.6,0,1600,0,0,Glc,d18:1,0:0
-5.4,0,1600,0,0,Glc,d18:1,0:0
-5.2,0,1600,0,0,Glc,d18:1,0:0
-5,0,1600,0,0,Glc,d18:1,0:0
-4.8,0,1600,0,0,Glc,d18:1,0:0
-4.6,0,1600,0,0,Glc,d18:1,0:0
-4.4,0,1600,0,0,Glc,d18:1,0:0
-4.2,0,1600,0,0,Glc,d18:1,0:0
-4,0,1600,0,0,Glc,d18:1,0:0
-3.8,0,1600,0,0,Glc,d18:1,0:0
-3.6,0,1600,0,0,Glc,d18:1,0:0
-3.4,0,1600,0,0,Glc,d18:1,0:0
-3.2,0,1600,0,0,Glc,d18:1,0:0
-3,20,1600,0,0,Glc,d18:1,0:0
-2.8,0,1600,0,0,Glc,d18:1,0:0
-2.6,480,1600,0,0,Glc,d18:1,0:0
-2.4,880,1600,0,0,Glc,d18:1,0:0
-2.2,2900,1600,0,0,Glc,d18:1,0:0
-2,3520,1600,0,0,Glc,d18:1,0:0
-1.8,4980,1600,0,0,Glc,d18:1,0:0
-1.6,5500,1600,0,0,Glc,d18:1,0:0
-1.4,3960,1600,0,0,Glc,d18:1,0:0
-1.2,2620,1600,0,0,Glc,d18:1,0:0
-1,1500,1600,0,0,Glc,d18:1,0:0
-0.8,420,1600,0,0,Glc,d18:1,0:0
-0.6,20,1600,0,0,Glc,d18:1,0:0
-0.4,40,1600,0,0,Glc,d18:1,0:0
-0.2,0,1600,0,0,Glc,d18:1,0:0
0,0,1600,0,0,Glc,d18:1,0:0
0.2,0,1600,0,0,Glc,d18:1,0:0
0.4,0,1600,0,0,Glc,d18:1,0:0
0.6,0,1600,0,0,Glc,d18:1,0:0
0.8,0,1600,0,0,Glc,d18:1,0:0
1,0,1600,0,0,Glc,d18:1,0:0
1.2,0,1600,0,0,Glc,d18:1,0:0
1.4,0,1600,0,0,Glc,d18:1,0:0
1.6,0,1600,0,0,Glc,d18:1,0:0
1.8,0,1600,0,0,Glc,d18:1,0:0
2,0,1600,0,0,Glc,d18:1,0:0
2.2,0,1600,0,0,Glc,d18:1,0:0
2.4,0,1600,0,0,Glc,d18:1,0:0
2.6,0,1600,0,0,Glc,d18:1,0:0
2.8,0,1600,0,0,Glc,d18:1,0:0
3,0,1600,0,0,Glc,d18:1,0:0
3.2,0,1600,0,0,Glc,d18:1,0:0
3.4,0,1600,0,0,Glc,d18:1,0:0
3.6,0,1600,0,0,Glc,d18:1,0:0
3.8,0,1600,0,0,Glc,d18:1,0:0
4,0,1600,0,0,Glc,d18:1,0:0
4.2,0,1600,0,0,Glc,d18:1,0:0
4.4,0,1600,0,0,Glc,d18:1,0:0
4.6,0,1600,0,0,Glc,d18:1,0:0
4.8,0,1600,0,0,Glc,d18:1,0:0
5,0,1600,0,0,Glc,d18:1,0:0
5.2,0,1600,0,0,Glc,d18:1,0:0
5.4,0,1600,0,0,Glc,d18:1,0:0
5.6,0,1600,0,0,Glc,d18:1,0:0
5.8,0,1600,0,0,Glc,d18:1,0:0
6,0,1600,0,0,Glc,d18:1,0:0
6.2,0,1600,0,0,Glc,d18:1,0:0
6.4,0,1600,0,0,Glc,d18:1,0:0
6.6,0,1600,0,0,Glc,d18:1,0:0
6.8,0,1600,0,0,Glc,d18:1,0:0
7,0,1600,0,0,Glc,d18:1,0:0
7.2,0,1600,0,0,Glc,d18:1,0:0
7.4,0,1600,0,0,Glc,d18:1,0:0
7.6,0,1600,0,0,Glc,d18:1,0:0
7.8,0,1600,0,0,Glc,d18:1,0:0
8,0,1600,0,0,Glc,d18:1,0:0
8.2,0,1600,0,0,Glc,d18:1,0:0
8.4,0,1600,0,0,Glc,d18:1,0:0
8.6,0,1600,0,0,Glc,d18:1,0:0
8.8,0,1600,0,0,Glc,d18:1,0:0
9,0,1600,0,0,Glc,d18:1,0:0
9.2,0,1600,0,0,Glc,d18:1,0:0
9.4,0,1600,0,0,Glc,d18:1,0:0
9.6,0,1600,0,0,Glc,d18:1,0:0
9.8,0,1600,0,0,Glc,d18:1,0:0
10,0,1600,0,0,Glc,d18:1,0:0
-10,0,1700,0,0,Glc,d18:1,0:0
-9.8,0,1700,0,0,Glc,d18:1,0:0
-9.6,0,1700,0,0,Glc,d18:1,0:0
-9.4,0,1700,0,0,Glc,d18:1,0:0
-9.2,0,1700,0,0,Glc,d18:1,0:0
-9,0,1700,0,0,Glc,d18:1,0:0
-8.8,0,1700,0,0,Glc,d18:1,0:0
-8.6,0,1700,0,0,Glc,d18:1,0:0
-8.4,0,1700,0,0,Glc,d18:1,0:0
-8.2,0,1700,0,0,Glc,d18:1,0:0
-8,0,1700,0,0,Glc,d18:1,0:0
-7.8,0,1700,0,0,Glc,d18:1,0:0
-7.6,0,1700,0,0,Glc,d18:1,0:0
-7.4,0,1700,0,0,Glc,d18:1,0:0
-7.2,0,1700,0,0,Glc,d18:1,0:0
-7,0,1700,0,0,Glc,d18:1,0:0
-6.8,0,1700,0,0,Glc,d18:1,0:0
-6.6,0,1700,0,0,Glc,d18:1,0:0
-6.4,0,1700,0,0,Glc,d18:1,0:0
-6.2,0,1700,0,0,Glc,d18:1,0:0
-6,0,1700,0,0,Glc,d18:1,0:0
-5.8,0,1700,0,0,Glc,d18:1,0:0
-5.6,0,1700,0,0,Glc,d18:1,0:0
-5.4,0,1700,0,0,Glc,d18:1,0:0
-5.2,0,1700,0,0,Glc,d18:1,0:0
-5,0,1700,0,0,Glc,d18:1,0:0
-4.8,0,1700,0,0,Glc,d18:1,0:0
-4.6,0,1700,0,0,Glc,d18:1,0:0
-4.4,0,1700,0,0,Glc,d18:1,0:0
-4.2,0,1700,0,0,Glc,d18:1,0:0
-4,0,1700,0,0,Glc,d18:1,0:0
-3.8,0,1700,0,0,Glc,d18:1,0:0
-3.6,0,1700,0,0,Glc,d18:1,0:0
-3.4,0,1700,0,0,Glc,d18:1,0:0
-3.2,0,1700,0,0,Glc,d18:1,0:0
-3,20,1700,0,0,Glc,d18:1,0:0
-2.8,400,1700,0,0,Glc,d18:1,0:0
-2.6,1040,1700,0,0,Glc,d18:1,0:0
-2.4,2860,1700,0,0,Glc,d18:1,0:0
-2.2,5200,1700,0,0,Glc,d18:1,0:0
-2,5780,1700,0,0,Glc,d18:1,0:0
-1.8,5360,1700,0,0,Glc,d18:1,0:0
-1.6,4720,1700,0,0,Glc,d18:1,0:0
-1.4,2700,1700,0,0,Glc,d18:1,0:0
-1.2,580,1700,0,0,Glc,d18:1,0:0
-1,160,1700,0,0,Glc,d18:1,0:0
-0.8,60,1700,0,0,Glc,d18:1,0:0
-0.6,0,1700,0,0,Glc,d18:1,0:0
-0.4,0,1700,0,0,Glc,d18:1,0:0
-0.2,0,1700,0,0,Glc,d18:1,0:0
0,0,1700,0,0,Glc,d18:1,0:0
0.2,0,1700,0,0,Glc,d18:1,0:0
0.4,0,1700,0,0,Glc,d18:1,0:0
0.6,0,1700,0,0,Glc,d18:1,0:0
0.8,0,1700,0,0,Glc,d18:1,0:0
1,0,1700,0,0,Glc,d18:1,0:0
1.2,0,1700,0,0,Glc,d18:1,0:0
1.4,0,1700,0,0,Glc,d18:1,0:0
1.6,0,1700,0,0,Glc,d18:1,0:0
1.8,0,1700,0,0,Glc,d18:1,0:0
2,0,1700,0,0,Glc,d18:1,0:0
2.2,0,1700,0,0,Glc,d18:1,0:0
2.4,0,1700,0,0,Glc,d18:1,0:0
2.6,0,1700,0,0,Glc,d18:1,0:0
2.8,0,1700,0,0,Glc,d18:1,0:0
3,0,1700,0,0,Glc,d18:1,0:0
3.2,0,1700,0,0,Glc,d18:1,0:0
3.4,0,1700,0,0,Glc,d18:1,0:0
3.6,0,1700,0,0,Glc,d18:1,0:0
3.8,0,1700,0,0,Glc,d18:1,0:0
4,0,1700,0,0,Glc,d18:1,0:0
4.2,0,1700,0,0,Glc,d18:1,0:0
4.4,0,1700,0,0,Glc,d18:1,0:0
4.6,0,1700,0,0,Glc,d18:1,0:0
4.8,0,1700,0,0,Glc,d18:1,0:0
5,0,1700,0,0,Glc,d18:1,0:0
5.2,0,1700,0,0,Glc,d18:1,0:0
5.4,0,1700,0,0,Glc,d18:1,0:0
5.6,0,1700,0,0,Glc,d18:1,0:0
5.8,0,1700,0,0,Glc,d18:1,0:0
6,0,1700,0,0,Glc,d18:1,0:0
6.2,0,1700,0,0,Glc,d18:1,0:0
6.4,0,1700,0,0,Glc,d18:1,0:0
6.6,0,1700,0,0,Glc,d18:1,0:0
6.8,0,1700,0,0,Glc,d18:1,0:0
7,0,1700,0,0,Glc,d18:1,0:0
7.2,0,1700,0,0,Glc,d18:1,0:0
7.4,0,1700,0,0,Glc,d18:1,0:0
7.6,0,1700,0,0,Glc,d18:1,0:0
7.8,0,1700,0,0,Glc,d18:1,0:0
8,0,1700,0,0,Glc,d18:1,0:0
8.2,0,1700,0,0,Glc,d18:1,0:0
8.4,0,1700,0,0,Glc,d18:1,0:0
8.6,0,1700,0,0,Glc,d18:1,0:0
8.8,0,1700,0,0,Glc,d18:1,0:0
9,0,1700,0,0,Glc,d18:1,0:0
9.2,0,1700,0,0,Glc,d18:1,0:0
9.4,0,1700,0,0,Glc,d18:1,0:0
9.6,0,1700,0,0,Glc,d18:1,0:0
9.8,0,1700,0,0,Glc,d18:1,0:0
10,0,1700,0,0,Glc,d18:1,0:0
-10,0,1800,0,0,Glc,d18:1,0:0
-9.8,0,1800,0,0,Glc,d18:1,0:0
-9.6,0,1800,0,0,Glc,d18:1,0:0
-9.4,0,1800,0,0,Glc,d18:1,0:0
-9.2,0,1800,0,0,Glc,d18:1,0:0
-9,0,1800,0,0,Glc,d18:1,0:0
-8.8,0,1800,0,0,Glc,d18:1,0:0
-8.6,0,1800,0,0,Glc,d18:1,0:0
-8.4,0,1800,0,0,Glc,d18:1,0:0
-8.2,0,1800,0,0,Glc,d18:1,0:0
-8,0,1800,0,0,Glc,d18:1,0:0
-7.8,0,1800,0,0,Glc,d18:1,0:0
-7.6,0,1800,0,0,Glc,d18:1,0:0
-7.4,0,1800,0,0,Glc,d18:1,0:0
-7.2,0,1800,0,0,Glc,d18:1,0:0
-7,0,1800,0,0,Glc,d18:1,0:0
-6.8,0,1800,0,0,Glc,d18:1,0:0
-6.6,20,1800,0,0,Glc,d18:1,0:0
-6.4,0,1800,0,0,Glc,d18:1,0:0
-6.2,0,1800,0,0,Glc,d18:1,0:0
-6,0,1800,0,0,Glc,d18:1,0:0
-5.8,0,1800,0,0,Glc,d18:1,0:0
-5.6,0,1800,0,0,Glc,d18:1,0:0
-5.4,0,1800,0,0,Glc,d18:1,0:0
-5.2,0,1800,0,0,Glc,d18:1,0:0
-5,0,1800,0,0,Glc,d18:1,0:0
-4.8,0,1800,0,0,Glc,d18:1,0:0
-4.6,0,1800,0,0,Glc,d18:1,0:0
-4.4,0,1800,0,0,Glc,d18:1,0:0
-4.2,0,1800,0,0,Glc,d18:1,0:0
-4,0,1800,0,0,Glc,d18:1,0:0
-3.8,0,1800,0,0,Glc,d18:1,0:0
-3.6,0,1800,0,0,Glc,d18:1,0:0
-3.4,0,1800,0,0,Glc,d18:1,0:0
-3.2,120,1800,0,0,Glc,d18:1,0:0
-3,860,1800,0,0,Glc,d18:1,0:0
-2.8,2820,1800,0,0,Glc,d18:1,0:0
-2.6,4800,1800,0,0,Glc,d18:1,0:0
-2.4,6000,1800,0,0,Glc,d18:1,0:0
-2.2,5480,1800,0,0,Glc,d18:1,0:0
-2,4680,1800,0,0,Glc,d18:1,0:0
-1.8,3240,1800,0,0,Glc,d18:1,0:0
-1.6,1460,1800,0,0,Glc,d18:1,0:0
-1.4,300,1800,0,0,Glc,d18:1,0:0
-1.2,40,1800,0,0,Glc,d18:1,0:0
-1,0,1800,0,0,Glc,d18:1,0:0
-0.8,40,1800,0,0,Glc,d18:1,0:0
-0.6,40,1800,0,0,Glc,d18:1,0:0
-0.4,0,1800,0,0,Glc,d18:1,0:0
-0.2,0,1800,0,0,Glc,d18:1,0:0
0,0,1800,0,0,Glc,d18:1,0:0
0.2,0,1800,0,0,Glc,d18:1,0:0
0.4,0,1800,0,0,Glc,d18:1,0:0
0.6,0,1800,0,0,Glc,d18:1,0:0
0.8,0,1800,0,0,Glc,d18:1,0:0
1,0,1800,0,0,Glc,d18:1,0:0
1.2,0,1800,0,0,Glc,d18:1,0:0
1.4,0,1800,0,0,Glc,d18:1,0:0
1.6,0,1800,0,0,Glc,d18:1,0:0
1.8,0,1800,0,0,Glc,d18:1,0:0
2,0,1800,0,0,Glc,d18:1,0:0
2.2,0,1800,0,0,Glc,d18:1,0:0
2.4,0,1800,0,0,Glc,d18:1,0:0
2.6,0,1800,0,0,Glc,d18:1,0:0
2.8,0,1800,0,0,Glc,d18:1,0:0
3,0,1800,0,0,Glc,d18:1,0:0
3.2,0,1800,0,0,Glc,d18:1,0:0
3.4,0,1800,0,0,Glc,d18:1,0:0
3.6,0,1800,0,0,Glc,d18:1,0:0
3.8,0,1800,0,0,Glc,d18:1,0:0
4,0,1800,0,0,Glc,d18:1,0:0
4.2,0,1800,0,0,Glc,d18:1,0:0
4.4,0,1800,0,0,Glc,d18:1,0:0
4.6,0,1800,0,0,Glc,d18:1,0:0
4.8,0,1800,0,0,Glc,d18:1,0:0
5,0,1800,0,0,Glc,d18:1,0:0
5.2,0,1800,0,0,Glc,d18:1,0:0
5.4,0,1800,0,0,Glc,d18:1,0:0
5.6,0,1800,0,0,Glc,d18:1,0:0
5.8,0,1800,0,0,Glc,d18:1,0:0
6,0,1800,0,0,Glc,d18:1,0:0
6.2,0,1800,0,0,Glc,d18:1,0:0
6.4,0,1800,0,0,Glc,d18:1,0:0
6.6,0,1800,0,0,Glc,d18:1,0:0
6.8,0,1800,0,0,Glc,d18:1,0:0
7,0,1800,0,0,Glc,d18:1,0:0
7.2,0,1800,0,0,Glc,d18:1,0:0
7.4,0,1800,0,0,Glc,d18:1,0:0
7.6,0,1800,0,0,Glc,d18:1,0:0
7.8,0,1800,0,0,Glc,d18:1,0:0
8,0,1800,0,0,Glc,d18:1,0:0
8.2,0,1800,0,0,Glc,d18:1,0:0
8.4,0,1800,0,0,Glc,d18:1,0:0
8.6,0,1800,0,0,Glc,d18:1,0:0
8.8,0,1800,0,0,Glc,d18:1,0:0
9,0,1800,0,0,Glc,d18:1,0:0
9.2,0,1800,0,0,Glc,d18:1,0:0
9.4,0,1800,0,0,Glc,d18:1,0:0
9.6,0,1800,0,0,Glc,d18:1,0:0
9.8,0,1800,0,0,Glc,d18:1,0:0
10,0,1800,0,0,Glc,d18:1,0:0
-10,0,1900,0,0,Glc,d18:1,0:0
-9.8,0,1900,0,0,Glc,d18:1,0:0
-9.6,0,1900,0,0,Glc,d18:1,0:0
-9.4,0,1900,0,0,Glc,d18:1,0:0
-9.2,0,1900,0,0,Glc,d18:1,0:0
-9,0,1900,0,0,Glc,d18:1,0:0
-8.8,0,1900,0,0,Glc,d18:1,0:0
-8.6,0,1900,0,0,Glc,d18:1,0:0
-8.4,0,1900,0,0,Glc,d18:1,0:0
-8.2,0,1900,0,0,Glc,d18:1,0:0
-8,0,1900,0,0,Glc,d18:1,0:0
-7.8,0,1900,0,0,Glc,d18:1,0:0
-7.6,0,1900,0,0,Glc,d18:1,0:0
-7.4,0,1900,0,0,Glc,d18:1,0:0
-7.2,0,1900,0,0,Glc,d18:1,0:0
-7,0,1900,0,0,Glc,d18:1,0:0
-6.8,0,1900,0,0,Glc,d18:1,0:0
-6.6,0,1900,0,0,Glc,d18:1,0:0
-6.4,0,1900,0,0,Glc,d18:1,0:0
-6.2,0,1900,0,0,Glc,d18:1,0:0
-6,0,1900,0,0,Glc,d18:1,0:0
-5.8,0,1900,0,0,Glc,d18:1,0:0
-5.6,0,1900,0,0,Glc,d18:1,0:0
-5.4,0,1900,0,0,Glc,d18:1,0:0
-5.2,0,1900,0,0,Glc,d18:1,0:0
-5,0,1900,0,0,Glc,d18:1,0:0
-4.8,0,1900,0,0,Glc,d18:1,0:0
-4.6,0,1900,0,0,Glc,d18:1,0:0
-4.4,0,1900,0,0,Glc,d18:1,0:0
-4.2,0,1900,0,0,Glc,d18:1,0:0
-4,0,1900,0,0,Glc,d18:1,0:0
-3.8,0,1900,0,0,Glc,d18:1,0:0
-3.6,100,1900,0,0,Glc,d18:1,0:0
-3.4,220,1900,0,0,Glc,d18:1,0:0
-3.2,1060,1900,0,0,Glc,d18:1,0:0
-3,3820,1900,0,0,Glc,d18:1,0:0
-2.8,5840,1900,0,0,Glc,d18:1,0:0
-2.6,6980,1900,0,0,Glc,d18:1,0:0
-2.4,4920,1900,0,0,Glc,d18:1,0:0
-2.2,3780,1900,0,0,Glc,d18:1,0:0
-2,2320,1900,0,0,Glc,d18:1,0:0
-1.8,640,1900,0,0,Glc,d18:1,0:0
-1.6,120,1900,0,0,Glc,d18:1,0:0
-1.4,20,1900,0,0,Glc,d18:1,0:0
-1.2,0,1900,0,0,Glc,d18:1,0:0
-1,0,1900,0,0,Glc,d18:1,0:0
-0.8,0,1900,0,0,Glc,d18:1,0:0
-0.6,0,1900,0,0,Glc,d18:1,0:0
-0.4,0,1900,0,0,Glc,d18:1,0:0
-0.2,0,1900,0,0,Glc,d18:1,0:0
0,0,1900,0,0,Glc,d18:1,0:0
0.2,0,1900,0,0,Glc,d18:1,0:0
0.4,0,1900,0,0,Glc,d18:1,0:0
0.6,0,1900,0,0,Glc,d18:1,0:0
0.8,0,1900,0,0,Glc,d18:1,0:0
1,0,1900,0,0,Glc,d18:1,0:0
1.2,0,1900,0,0,Glc,d18:1,0:0
1.4,0,1900,0,0,Glc,d18:1,0:0
1.6,0,1900,0,0,Glc,d18:1,0:0
1.8,0,1900,0,0,Glc,d18:1,0:0
2,0,1900,0,0,Glc,d18:1,0:0
2.2,0,1900,0,0,Glc,d18:1,0:0
2.4,0,1900,0,0,Glc,d18:1,0:0
2.6,0,1900,0,0,Glc,d18:1,0:0
2.8,0,1900,0,0,Glc,d18:1,0:0
3,0,1900,0,0,Glc,d18:1,0:0
3.2,0,1900,0,0,Glc,d18:1,0:0
3.4,0,1900,0,0,Glc,d18:1,0:0
3.6,0,1900,0,0,Glc,d18:1,0:0
3.8,0,1900,0,0,Glc,d18:1,0:0
4,0,1900,0,0,Glc,d18:1,0:0
4.2,0,1900,0,0,Glc,d18:1,0:0
4.4,0,1900,0,0,Glc,d18:1,0:0
4.6,0,1900,0,0,Glc,d18:1,0:0
4.8,0,1900,0,0,Glc,d18:1,0:0
5,0,1900,0,0,Glc,d18:1,0:0
5.2,0,1900,0,0,Glc,d18:1,0:0
5.4,0,1900,0,0,Glc,d18:1,0:0
5.6,0,1900,0,0,Glc,d18:1,0:0
5.8,0,1900,0,0,Glc,d18:1,0:0
6,0,1900,0,0,Glc,d18:1,0:0
6.2,0,1900,0,0,Glc,d18:1,0:0
6.4,0,1900,0,0,Glc,d18:1,0:0
6.6,0,1900,0,0,Glc,d18:1,0:0
6.8,0,1900,0,0,Glc,d18:1,0:0
7,0,1900,0,0,Glc,d18:1,0:0
7.2,0,1900,0,0,Glc,d18:1,0:0
7.4,0,1900,0,0,Glc,d18:1,0:0
7.6,0,1900,0,0,Glc,d18:1,0:0
7.8,0,1900,0,0,Glc,d18:1,0:0
8,0,1900,0,0,Glc,d18:1,0:0
8.2,0,1900,0,0,Glc,d18:1,0:0
8.4,0,1900,0,0,Glc,d18:1,0:0
8.6,0,1900,0,0,Glc,d18:1,0:0
8.8,0,1900,0,0,Glc,d18:1,0:0
9,0,1900,0,0,Glc,d18:1,0:0
9.2,0,1900,0,0,Glc,d18:1,0:0
9.4,0,1900,0,0,Glc,d18:1,0:0
9.6,0,1900,0,0,Glc,d18:1,0:0
9.8,0,1900,0,0,Glc,d18:1,0:0
10,0,1900,0,0,Glc,d18:1,0:0
-10,0,2000,0,0,Glc,d18:1,0:0
-9.8,0,2000,0,0,Glc,d18:1,0:0
-9.6,0,2000,0,0,Glc,d18:1,0:0
-9.4,0,2000,0,0,Glc,d18:1,0:0
-9.2,0,2000,0,0,Glc,d18:1,0:0
-9,0,2000,0,0,Glc,d18:1,0:0
-8.8,0,2000,0,0,Glc,d18:1,0:0
-8.6,0,2000,0,0,Glc,d18:1,0:0
-8.4,0,2000,0,0,Glc,d18:1,0:0
-8.2,0,2000,0,0,Glc,d18:1,0:0
-8,0,2000,0,0,Glc,d18:1,0:0
-7.8,0,2000,0,0,Glc,d18:1,0:0
-7.6,0,2000,0,0,Glc,d18:1,0:0
-7.4,0,2000,0,0,Glc,d18:1,0:0
-7.2,0,2000,0,0,Glc,d18:1,0:0
-7,0,2000,0,0,Glc,d18:1,0:0
-6.8,0,2000,0,0,Glc,d18:1,0:0
-6.6,0,2000,0,0,Glc,d18:1,0:0
-6.4,0,2000,0,0,Glc,d18:1,0:0
-6.2,0,2000,0,0,Glc,d18:1,0:0
-6,0,2000,0,0,Glc,d18:1,0:0
-5.8,0,2000,0,0,Glc,d18:1,0:0
-5.6,0,2000,0,0,Glc,d18:1,0:0
-5.4,0,2000,0,0,Glc,d18:1,0:0
-5.2,0,2000,0,0,Glc,d18:1,0:0
-5,0,2000,0,0,Glc,d18:1,0:0
-4.8,0,2000,0,0,Glc,d18:1,0:0
-4.6,0,2000,0,0,Glc,d18:1,0:0
-4.4,0,2000,0,0,Glc,d18:1,0:0
-4.2,0,2000,0,0,Glc,d18:1,0:0
-4,80,2000,0,0,Glc,d18:1,0:0
-3.8,580,2000,0,0,Glc,d18:1,0:0
-3.6,1840,2000,0,0,Glc,d18:1,0:0
-3.4,3920,2000,0,0,Glc,d18:1,0:0
-3.2,6720,2000,0,0,Glc,d18:1,0:0
-3,6660,2000,0,0,Glc,d18:1,0:0
-2.8,4560,2000,0,0,Glc,d18:1,0:0
-2.6,3800,2000,0,0,Glc,d18:1,0:0
-2.4,2320,2000,0,0,Glc,d18:1,0:0
-2.2,200,2000,0,0,Glc,d18:1,0:0
-2,140,2000,0,0,Glc,d18:1,0:0
-1.8,60,2000,0,0,Glc,d18:1,0:0
-1.6,0,2000,0,0,Glc,d18:1,0:0
-1.4,0,2000,0,0,Glc,d18:1,0:0
-1.2,0,2000,0,0,Glc,d18:1,0:0
-1,0,2000,0,0,Glc,d18:1,0:0
-0.8,0,2000,0,0,Glc,d18:1,0:0
-0.6,0,2000,0,0,Glc,d18:1,0:0
-0.4,0,2000,0,0,Glc,d18:1,0:0
-0.2,0,2000,0,0,Glc,d18:1,0:0
0,0,2000,0,0,Glc,d18:1,0:0
0.2,0,2000,0,0,Glc,d18:1,0:0
0.4,0,2000,0,0,Glc,d18:1,0:0
0.6,0,2000,0,0,Glc,d18:1,0:0
0.8,0,2000,0,0,Glc,d18:1,0:0
1,0,2000,0,0,Glc,d18:1,0:0
1.2,0,2000,0,0,Glc,d18:1,0:0
1.4,0,2000,0,0,Glc,d18:1,0:0
1.6,0,2000,0,0,Glc,d18:1,0:0
1.8,0,2000,0,0,Glc,d18:1,0:0
2,0,2000,0,0,Glc,d18:1,0:0
2.2,0,2000,0,0,Glc,d18:1,0:0
2.4,0,2000,0,0,Glc,d18:1,0:0
2.6,0,2000,0,0,Glc,d18:1,0:0
2.8,0,2000,0,0,Glc,d18:1,0:0
3,0,2000,0,0,Glc,d18:1,0:0
3.2,0,2000,0,0,Glc,d18:1,0:0
3.4,0,2000,0,0,Glc,d18:1,0:0
3.6,0,2000,0,0,Glc,d18:1,0:0
3.8,0,2000,0,0,Glc,d18:1,0:0
4,0,2000,0,0,Glc,d18:1,0:0
4.2,0,2000,0,0,Glc,d18:1,0:0
4.4,0,2000,0,0,Glc,d18:1,0:0
4.6,0,2000,0,0,Glc,d18:1,0:0
4.8,0,2000,0,0,Glc,d18:1,0:0
5,0,2000,0,0,Glc,d18:1,0:0
5.2,0,2000,0,0,Glc,d18:1,0:0
5.4,0,2000,0,0,Glc,d18:1,0:0
5.6,0,2000,0,0,Glc,d18:1,0:0
5.8,0,2000,0,0,Glc,d18:1,0:0
6,0,2000,0,0,Glc,d18:1,0:0
6.2,0,2000,0,0,Glc,d18:1,0:0
6.4,0,2000,0,0,Glc,d18:1,0:0
6.6,0,2000,0,0,Glc,d18:1,0:0
6.8,0,2000,0,0,Glc,d18:1,0:0
7,0,2000,0,0,Glc,d18:1,0:0
7.2,0,2000,0,0,Glc,d18:1,0:0
7.4,0,2000,0,0,Glc,d18:1,0:0
7.6,0,2000,0,0,Glc,d18:1,0:0
7.8,0,2000,0,0,Glc,d18:1,0:0
8,0,2000,0,0,Glc,d18:1,0:0
8.2,0,2000,0,0,Glc,d18:1,0:0
8.4,0,2000,0,0,Glc,d18:1,0:0
8.6,0,2000,0,0,Glc,d18:1,0:0
8.8,0,2000,0,0,Glc,d18:1,0:0
9,0,2000,0,0,Glc,d18:1,0:0
9.2,0,2000,0,0,Glc,d18:1,0:0
9.4,0,2000,0,0,Glc,d18:1,0:0
9.6,0,2000,0,0,Glc,d18:1,0:0
9.8,0,2000,0,0,Glc,d18:1,0:0
10,0,2000,0,0,Glc,d18:1,0:0
-10,0,2100,0,0,Glc,d18:1,0:0
-9.8,0,2100,0,0,Glc,d18:1,0:0
-9.6,0,2100,0,0,Glc,d18:1,0:0
-9.4,0,2100,0,0,Glc,d18:1,0:0
-9.2,0,2100,0,0,Glc,d18:1,0:0
-9,0,2100,0,0,Glc,d18:1,0:0
-8.8,0,2100,0,0,Glc,d18:1,0:0
-8.6,0,2100,0,0,Glc,d18:1,0:0
-8.4,0,2100,0,0,Glc,d18:1,0:0
-8.2,0,2100,0,0,Glc,d18:1,0:0
-8,0,2100,0,0,Glc,d18:1,0:0
-7.8,0,2100,0,0,Glc,d18:1,0:0
-7.6,0,2100,0,0,Glc,d18:1,0:0
-7.4,0,2100,0,0,Glc,d18:1,0:0
-7.2,0,2100,0,0,Glc,d18:1,0:0
-7,0,2100,0,0,Glc,d18:1,0:0
-6.8,0,2100,0,0,Glc,d18:1,0:0
-6.6,0,2100,0,0,Glc,d18:1,0:0
-6.4,0,2100,0,0,Glc,d18:1,0:0
-6.2,0,2100,0,0,Glc,d18:1,0:0
-6,0,2100,0,0,Glc,d18:1,0:0
-5.8,0,2100,0,0,Glc,d18:1,0:0
-5.6,0,2100,0,0,Glc,d18:1,0:0
-5.4,0,2100,0,0,Glc,d18:1,0:0
-5.2,0,2100,0,0,Glc,d18:1,0:0
-5,0,2100,0,0,Glc,d18:1,0:0
-4.8,0,2100,0,0,Glc,d18:1,0:0
-4.6,40,2100,0,0,Glc,d18:1,0:0
-4.4,220,2100,0,0,Glc,d18:1,0:0
-4.2,1580,2100,0,0,Glc,d18:1,0:0
-4,3340,2100,0,0,Glc,d18:1,0:0
-3.8,4640,2100,0,0,Glc,d18:1,0:0
-3.6,5380,2100,0,0,Glc,d18:1,0:0
-3.4,6780,2100,0,0,Glc,d18:1,0:0
-3.2,4880,2100,0,0,Glc,d18:1,0:0
-3,2320,2100,0,0,Glc,d18:1,0:0
-2.8,1820,2100,0,0,Glc,d18:1,0:0
-2.6,660,2100,0,0,Glc,d18:1,0:0
-2.4,140,2100,0,0,Glc,d18:1,0:0
-2.2,0,2100,0,0,Glc,d18:1,0:0
-2,0,2100,0,0,Glc,d18:1,0:0
-1.8,0,2100,0,0,Glc,d18:1,0:0
-1.6,0,2100,0,0,Glc,d18:1,0:0
-1.4,0,2100,0,0,Glc,d18:1,0:0
-1.2,0,2100,0,0,Glc,d18:1,0:0
-1,0,2100,0,0,Glc,d18:1,0:0
-0.8,0,2100,0,0,Glc,d18:1,0:0
-0.6,0,2100,0,0,Glc,d18:1,0:0
-0.4,0,2100,0,0,Glc,d18:1,0:0
-0.2,0,2100,0,0,Glc,d18:1,0:0
0,0,2100,0,0,Glc,d18:1,0:0
0.2,0,2100,0,0,Glc,d18:1,0:0
0.4,0,2100,0,0,Glc,d18:1,0:0
0.6,0,2100,0,0,Glc,d18:1,0:0
0.8,0,2100,0,0,Glc,d18:1,0:0
1,0,2100,0,0,Glc,d18:1,0:0
1.2,0,2100,0,0,Glc,d18:1,0:0
1.4,0,2100,0,0,Glc,d18:1,0:0
1.6,0,2100,0,0,Glc,d18:1,0:0
1.8,0,2100,0,0,Glc,d18:1,0:0
2,0,2100,0,0,Glc,d18:1,0:0
2.2,0,2100,0,0,Glc,d18:1,0:0
2.4,0,2100,0,0,Glc,d18:1,0:0
2.6,0,2100,0,0,Glc,d18:1,0:0
2.8,0,2100,0,0,Glc,d18:1,0:0
3,0,2100,0,0,Glc,d18:1,0:0
3.2,0,2100,0,0,Glc,d18:1,0:0
3.4,0,2100,0,0,Glc,d18:1,0:0
3.6,0,2100,0,0,Glc,d18:1,0:0
3.8,0,2100,0,0,Glc,d18:1,0:0
4,0,2100,0,0,Glc,d18:1,0:0
4.2,0,2100,0,0,Glc,d18:1,0:0
4.4,0,2100,0,0,Glc,d18:1,0:0
4.6,0,2100,0,0,Glc,d18:1,0:0
4.8,0,2100,0,0,Glc,d18:1,0:0
5,0,2100,0,0,Glc,d18:1,0:0
5.2,0,2100,0,0,Glc,d18:1,0:0
5.4,0,2100,0,0,Glc,d18:1,0:0
5.6,0,2100,0,0,Glc,d18:1,0:0
5.8,0,2100,0,0,Glc,d18:1,0:0
6,0,2100,0,0,Glc,d18:1,0:0
6.2,0,2100,0,0,Glc,d18:1,0:0
6.4,0,2100,0,0,Glc,d18:1,0:0
6.6,0,2100,0,0,Glc,d18:1,0:0
6.8,0,2100,0,0,Glc,d18:1,0:0
7,0,2100,0,0,Glc,d18:1,0:0
7.2,0,2100,0,0,Glc,d18:1,0:0
7.4,0,2100,0,0,Glc,d18:1,0:0
7.6,0,2100,0,0,Glc,d18:1,0:0
7.8,0,2100,0,0,Glc,d18:1,0:0
8,0,2100,0,0,Glc,d18:1,0:0
8.2,0,2100,0,0,Glc,d18:1,0:0
8.4,0,2100,0,0,Glc,d18:1,0:0
8.6,0,2100,0,0,Glc,d18:1,0:0
8.8,0,2100,0,0,Glc,d18:1,0:0
9,0,2100,0,0,Glc,d18:1,0:0
9.2,0,2100,0,0,Glc,d18:1,0:0
9.4,0,2100,0,0,Glc,d18:1,0:0
9.6,0,2100,0,0,Glc,d18:1,0:0
9.8,0,2100,0,0,Glc,d18:1,0:0
10,0,2100,0,0,Glc,d18:1,0:0
-10,0,2200,0,0,Glc,d18:1,0:0
-9.8,0,2200,0,0,Glc,d18:1,0:0
-9.6,0,2200,0,0,Glc,d18:1,0:0
-9.4,0,2200,0,0,Glc,d18:1,0:0
-9.2,0,2200,0,0,Glc,d18:1,0:0
-9,0,2200,0,0,Glc,d18:1,0:0
-8.8,0,2200,0,0,Glc,d18:1,0:0
-8.6,0,2200,0,0,Glc,d18:1,0:0
-8.4,0,2200,0,0,Glc,d18:1,0:0
-8.2,0,2200,0,0,Glc,d18:1,0:0
-8,0,2200,0,0,Glc,d18:1,0:0
-7.8,0,2200,0,0,Glc,d18:1,0:0
-7.6,0,2200,0,0,Glc,d18:1,0:0
-7.4,0,2200,0,0,Glc,d18:1,0:0
-7.2,0,2200,0,0,Glc,d18:1,0:0
-7,0,2200,0,0,Glc,d18:1,0:0
-6.8,0,2200,0,0,Glc,d18:1,0:0
-6.6,0,2200,0,0,Glc,d18:1,0:0
-6.4,0,2200,0,0,Glc,d18:1,0:0
-6.2,0,2200,0,0,Glc,d18:1,0:0
-6,0,2200,0,0,Glc,d18:1,0:0
-5.8,0,2200,0,0,Glc,d18:1,0:0
-5.6,0,2200,0,0,Glc,d18:1,0:0
-5.4,0,2200,0,0,Glc,d18:1,0:0
-5.2,0,2200,0,0,Glc,d18:1,0:0
-5,80,2200,0,0,Glc,d18:1,0:0
-4.8,180,2200,0,0,Glc,d18:1,0:0
-4.6,1140,2200,0,0,Glc,d18:1,0:0
-4.4,2300,2200,0,0,Glc,d18:1,0:0
-4.2,5260,2200,0,0,Glc,d18:1,0:0
-4,7300,2200,0,0,Glc,d18:1,0:0
-3.8,7360,2200,0,0,Glc,d18:1,0:0
-3.6,6560,2200,0,0,Glc,d18:1,0:0
-3.4,3700,2200,0,0,Glc,d18:1,0:0
-3.2,1940,2200,0,0,Glc,d18:1,0:0
-3,440,2200,0,0,Glc,d18:1,0:0
-2.8,160,2200,0,0,Glc,d18:1,0:0
-2.6,0,2200,0,0,Glc,d18:1,0:0
-2.4,0,2200,0,0,Glc,d18:1,0:0
-2.2,20,2200,0,0,Glc,d18:1,0:0
-2,0,2200,0,0,Glc,d18:1,0:0
-1.8,0,2200,0,0,Glc,d18:1,0:0
-1.6,0,2200,0,0,Glc,d18:1,0:0
-1.4,0,2200,0,0,Glc,d18:1,0:0
-1.2,0,2200,0,0,Glc,d18:1,0:0
-1,0,2200,0,0,Glc,d18:1,0:0
-0.8,0,2200,0,0,Glc,d18:1,0:0
-0.6,0,2200,0,0,Glc,d18:1,0:0
-0.4,60,2200,0,0,Glc,d18:1,0:0
-0.2,0,2200,0,0,Glc,d18:1,0:0
0,0,2200,0,0,Glc,d18:1,0:0
0.2,0,2200,0,0,Glc,d18:1,0:0
0.4,0,2200,0,0,Glc,d18:1,0:0
0.6,0,2200,0,0,Glc,d18:1,0:0
0.8,0,2200,0,0,Glc,d18:1,0:0
1,0,2200,0,0,Glc,d18:1,0:0
1.2,0,2200,0,0,Glc,d18:1,0:0
1.4,0,2200,0,0,Glc,d18:1,0:0
1.6,0,2200,0,0,Glc,d18:1,0:0
1.8,0,2200,0,0,Glc,d18:1,0:0
2,0,2200,0,0,Glc,d18:1,0:0
2.2,0,2200,0,0,Glc,d18:1,0:0
2.4,0,2200,0,0,Glc,d18:1,0:0
2.6,0,2200,0,0,Glc,d18:1,0:0
2.8,0,2200,0,0,Glc,d18:1,0:0
3,0,2200,0,0,Glc,d18:1,0:0
3.2,0,2200,0,0,Glc,d18:1,0:0
3.4,0,2200,0,0,Glc,d18:1,0:0
3.6,0,2200,0,0,Glc,d18:1,0:0
3.8,0,2200,0,0,Glc,d18:1,0:0
4,0,2200,0,0,Glc,d18:1,0:0
4.2,0,2200,0,0,Glc,d18:1,0:0
4.4,0,2200,0,0,Glc,d18:1,0:0
4.6,0,2200,0,0,Glc,d18:1,0:0
4.8,0,2200,0,0,Glc,d18:1,0:0
5,0,2200,0,0,Glc,d18:1,0:0
5.2,0,2200,0,0,Glc,d18:1,0:0
5.4,0,2200,0,0,Glc,d18:1,0:0
5.6,0,2200,0,0,Glc,d18:1,0:0
5.8,0,2200,0,0,Glc,d18:1,0:0
6,0,2200,0,0,Glc,d18:1,0:0
6.2,0,2200,0,0,Glc,d18:1,0:0
6.4,0,2200,0,0,Glc,d18:1,0:0
6.6,0,2200,0,0,Glc,d18:1,0:0
6.8,0,2200,0,0,Glc,d18:1,0:0
7,0,2200,0,0,Glc,d18:1,0:0
7.2,0,2200,0,0,Glc,d18:1,0:0
7.4,0,2200,0,0,Glc,d18:1,0:0
7.6,0,2200,0,0,Glc,d18:1,0:0
7.8,0,2200,0,0,Glc,d18:1,0:0
8,0,2200,0,0,Glc,d18:1,0:0
8.2,0,2200,0,0,Glc,d18:1,0:0
8.4,0,2200,0,0,Glc,d18:1,0:0
8.6,0,2200,0,0,Glc,d18:1,0:0
8.8,0,2200,0,0,Glc,d18:1,0:0
9,0,2200,0,0,Glc,d18:1,0:0
9.2,0,2200,0,0,Glc,d18:1,0:0
9.4,0,2200,0,0,Glc,d18:1,0:0
9.6,0,2200,0,0,Glc,d18:1,0:0
9.8,0,2200,0,0,Glc,d18:1,0:0
10,0,2200,0,0,Glc,d18:1,0:0
-10,0,2300,0,0,Glc,d18:1,0:0
-9.8,0,2300,0,0,Glc,d18:1,0:0
-9.6,0,2300,0,0,Glc,d18:1,0:0
-9.4,0,2300,0,0,Glc,d18:1,0:0
-9.2,0,2300,0,0,Glc,d18:1,0:0
-9,0,2300,0,0,Glc,d18:1,0:0
-8.8,0,2300,0,0,Glc,d18:1,0:0
-8.6,0,2300,0,0,Glc,d18:1,0:0
-8.4,0,2300,0,0,Glc,d18:1,0:0
-8.2,0,2300,0,0,Glc,d18:1,0:0
-8,0,2300,0,0,Glc,d18:1,0:0
-7.8,0,2300,0,0,Glc,d18:1,0:0
-7.6,0,2300,0,0,Glc,d18:1,0:0
-7.4,0,2300,0,0,Glc,d18:1,0:0
-7.2,0,2300,0,0,Glc,d18:1,0:0
-7,0,2300,0,0,Glc,d18:1,0:0
-6.8,0,2300,0,0,Glc,d18:1,0:0
-6.6,0,2300,0,0,Glc,d18:1,0:0
-6.4,0,2300,0,0,Glc,d18:1,0:0
-6.2,0,2300,0,0,Glc,d18:1,0:0
-6,0,2300,0,0,Glc,d18:1,0:0
-5.8,0,2300,0,0,Glc,d18:1,0:0
-5.6,0,2300,0,0,Glc,d18:1,0:0
-5.4,0,2300,0,0,Glc,d18:1,0:0
-5.2,240,2300,0,0,Glc,d18:1,0:0
-5,1100,2300,0,0,Glc,d18:1,0:0
-4.8,2720,2300,0,0,Glc,d18:1,0:0
-4.6,5160,2300,0,0,Glc,d18:1,0:0
-4.4,7420,2300,0,0,Glc,d18:1,0:0
-4.2,7280,2300,0,0,Glc,d18:1,0:0
-4,4240,2300,0,0,Glc,d18:1,0:0
-3.8,2700,2300,0,0,Glc,d18:1,0:0
-3.6,720,2300,0,0,Glc,d18:1,0:0
-3.4,260,2300,0,0,Glc,d18:1,0:0
-3.2,40,2300,0,0,Glc,d18:1,0:0
-3,0,2300,0,0,Glc,d18:1,0:0
-2.8,0,2300,0,0,Glc,d18:1,0:0
-2.6,60,2300,0,0,Glc,d18:1,0:0
-2.4,0,2300,0,0,Glc,d18:1,0:0
-2.2,0,2300,0,0,Glc,d18:1,0:0
-2,20,2300,0,0,Glc,d18:1,0:0
-1.8,0,2300,0,0,Glc,d18:1,0:0
-1.6,0,2300,0,0,Glc,d18:1,0:0
-1.4,0,2300,0,0,Glc,d18:1,0:0
-1.2,40,2300,0,0,Glc,d18:1,0:0
-1,40,2300,0,0,Glc,d18:1,0:0
-0.8,0,2300,0,0,Glc,d18:1,0:0
-0.6,0,2300,0,0,Glc,d18:1,0:0
-0.4,0,2300,0,0,Glc,d18:1,0:0
-0.2,0,2300,0,0,Glc,d18:1,0:0
0,0,2300,0,0,Glc,d18:1,0:0
0.2,0,2300,0,0,Glc,d18:1,0:0
0.4,0,2300,0,0,Glc,d18:1,0:0
0.6,0,2300,0,0,Glc,d18:1,0:0
0.8,0,2300,0,0,Glc,d18:1,0:0
1,0,2300,0,0,Glc,d18:1,0:0
1.2,0,2300,0,0,Glc,d18:1,0:0
1.4,0,2300,0,0,Glc,d18:1,0:0
1.6,0,2300,0,0,Glc,d18:1,0:0
1.8,0,2300,0,0,Glc,d18:1,0:0
2,0,2300,0,0,Glc,d18:1,0:0
2.2,0,2300,0,0,Glc,d18:1,0:0
2.4,0,2300,0,0,Glc,d18:1,0:0
2.6,0,2300,0,0,Glc,d18:1,0:0
2.8,0,2300,0,0,Glc,d18:1,0:0
3,0,2300,0,0,Glc,d18:1,0:0
3.2,0,2300,0,0,Glc,d18:1,0:0
3.4,0,2300,0,0,Glc,d18:1,0:0
3.6,0,2300,0,0,Glc,d18:1,0:0
3.8,0,2300,0,0,Glc,d18:1,0:0
4,0,2300,0,0,Glc,d18:1,0:0
4.2,0,2300,0,0,Glc,d18:1,0:0
4.4,0,2300,0,0,Glc,d18:1,0:0
4.6,0,2300,0,0,Glc,d18:1,0:0
4.8,0,2300,0,0,Glc,d18:1,0:0
5,0,2300,0,0,Glc,d18:1,0:0
5.2,0,2300,0,0,Glc,d18:1,0:0
5.4,0,2300,0,0,Glc,d18:1,0:0
5.6,0,2300,0,0,Glc,d18:1,0:0
5.8,0,2300,0,0,Glc,d18:1,0:0
6,0,2300,0,0,Glc,d18:1,0:0
6.2,0,2300,0,0,Glc,d18:1,0:0
6.4,0,2300,0,0,Glc,d18:1,0:0
6.6,0,2300,0,0,Glc,d18:1,0:0
6.8,0,2300,0,0,Glc,d18:1,0:0
7,0,2300,0,0,Glc,d18:1,0:0
7.2,0,2300,0,0,Glc,d18:1,0:0
7.4,0,2300,0,0,Glc,d18:1,0:0
7.6,0,2300,0,0,Glc,d18:1,0:0
7.8,0,2300,0,0,Glc,d18:1,0:0
8,0,2300,0,0,Glc,d18:1,0:0
8.2,0,2300,0,0,Glc,d18:1,0:0
8.4,0,2300,0,0,Glc,d18:1,0:0
8.6,0,2300,0,0,Glc,d18:1,0:0
8.8,0,2300,0,0,Glc,d18:1,0:0
9,0,2300,0,0,Glc,d18:1,0:0
9.2,0,2300,0,0,Glc,d18:1,0:0
9.4,0,2300,0,0,Glc,d18:1,0:0
9.6,0,2300,0,0,Glc,d18:1,0:0
9.8,0,2300,0,0,Glc,d18:1,0:0
10,0,2300,0,0,Glc,d18:1,0:0
-10,0,2400,0,0,Glc,d18:1,0:0
-9.8,0,2400,0,0,Glc,d18:1,0:0
-9.6,0,2400,0,0,Glc,d18:1,0:0
-9.4,0,2400,0,0,Glc,d18:1,0:0
-9.2,0,2400,0,0,Glc,d18:1,0:0
-9,0,2400,0,0,Glc,d18:1,0:0
-8.8,0,2400,0,0,Glc,d18:1,0:0
-8.6,0,2400,0,0,Glc,d18:1,0:0
-8.4,0,2400,0,0,Glc,d18:1,0:0
-8.2,0,2400,0,0,Glc,d18:1,0:0
-8,0,2400,0,0,Glc,d18:1,0:0
-7.8,0,2400,0,0,Glc,d18:1,0:0
-7.6,0,2400,0,0,Glc,d18:1,0:0
-7.4,0,2400,0,0,Glc,d18:1,0:0
-7.2,0,2400,0,0,Glc,d18:1,0:0
-7,0,2400,0,0,Glc,d18:1,0:0
-6.8,0,2400,0,0,Glc,d18:1,0:0
-6.6,0,2400,0,0,Glc,d18:1,0:0
-6.4,0,2400,0,0,Glc,d18:1,0:0
-6.2,0,2400,0,0,Glc,d18:1,0:0
-6,0,2400,0,0,Glc,d18:1,0:0
-5.8,140,2400,0,0,Glc,d18:1,0:0
-5.6,1000,2400,0,0,Glc,d18:1,0:0
-5.4,2420,2400,0,0,Glc,d18:1,0:0
-5.2,4500,2400,0,0,Glc,d18:1,0:0
-5,5080,2400,0,0,Glc,d18:1,0:0
-4.8,5960,2400,0,0,Glc,d18:1,0:0
-4.6,5380,2400,0,0,Glc,d18:1,0:0
-4.4,4180,2400,0,0,Glc,d18:1,0:0
-4.2,2200,2400,0,0,Glc,d18:1,0:0
-4,340,2400,0,0,Glc,d18:1,0:0
-3.8,140,2400,0,0,Glc,d18:1,0:0
-3.6,40,2400,0,0,Glc,d18:1,0:0
-3.4,0,2400,0,0,Glc,d18:1,0:0
-3.2,0,2400,0,0,Glc,d18:1,0:0
-3,0,2400,0,0,Glc,d18:1,0:0
-2.8,0,2400,0,0,Glc,d18:1,0:0
-2.6,0,2400,0,0,Glc,d18:1,0:0
-2.4,0,2400,0,0,Glc,d18:1,0:0
-2.2,0,2400,0,0,Glc,d18:1,0:0
-2,0,2400,0,0,Glc,d18:1,0:0
-1.8,0,2400,0,0,Glc,d18:1,0:0
-1.6,0,2400,0,0,Glc,d18:1,0:0
-1.4,0,2400,0,0,Glc,d18:1,0:0
-1.2,0,2400,0,0,Glc,d18:1,0:0
-1,0,2400,0,0,Glc,d18:1,0:0
-0.8,0,2400,0,0,Glc,d18:1,0:0
-0.6,0,2400,0,0,Glc,d18:1,0:0
-0.4,0,2400,0,0,Glc,d18:1,0:0
-0.2,0,2400,0,0,Glc,d18:1,0:0
0,0,2400,0,0,Glc,d18:1,0:0
0.2,0,2400,0,0,Glc,d18:1,0:0
0.4,0,2400,0,0,Glc,d18:1,0:0
0.6,0,2400,0,0,Glc,d18:1,0:0
0.8,0,2400,0,0,Glc,d18:1,0:0
1,0,2400,0,0,Glc,d18:1,0:0
1.2,0,2400,0,0,Glc,d18:1,0:0
1.4,0,2400,0,0,Glc,d18:1,0:0
1.6,0,2400,0,0,Glc,d18:1,0:0
1.8,0,2400,0,0,Glc,d18:1,0:0
2,0,2400,0,0,Glc,d18:1,0:0
2.2,0,2400,0,0,Glc,d18:1,0:0
2.4,0,2400,0,0,Glc,d18:1,0:0
2.6,0,2400,0,0,Glc,d18:1,0:0
2.8,0,2400,0,0,Glc,d18:1,0:0
3,0,2400,0,0,Glc,d18:1,0:0
3.2,0,2400,0,0,Glc,d18:1,0:0
3.4,0,2400,0,0,Glc,d18:1,0:0
3.6,0,2400,0,0,Glc,d18:1,0:0
3.8,0,2400,0,0,Glc,d18:1,0:0
4,0,2400,0,0,Glc,d18:1,0:0
4.2,0,2400,0,0,Glc,d18:1,0:0
4.4,0,2400,0,0,Glc,d18:1,0:0
4.6,0,2400,0,0,Glc,d18:1,0:0
4.8,0,2400,0,0,Glc,d18:1,0:0
5,0,2400,0,0,Glc,d18:1,0:0
5.2,0,2400,0,0,Glc,d18:1,0:0
5.4,0,2400,0,0,Glc,d18:1,0:0
5.6,0,2400,0,0,Glc,d18:1,0:0
5.8,0,2400,0,0,Glc,d18:1,0:0
6,0,2400,0,0,Glc,d18:1,0:0
6.2,0,2400,0,0,Glc,d18:1,0:0
6.4,0,2400,0,0,Glc,d18:1,0:0
6.6,0,2400,0,0,Glc,d18:1,0:0
6.8,0,2400,0,0,Glc,d18:1,0:0
7,0,2400,0,0,Glc,d18:1,0:0
7.2,0,2400,0,0,Glc,d18:1,0:0
7.4,0,2400,0,0,Glc,d18:1,0:0
7.6,0,2400,0,0,Glc,d18:1,0:0
7.8,0,2400,0,0,Glc,d18:1,0:0
8,0,2400,0,0,Glc,d18:1,0:0
8.2,0,2400,0,0,Glc,d18:1,0:0
8.4,0,2400,0,0,Glc,d18:1,0:0
8.6,0,2400,0,0,Glc,d18:1,0:0
8.8,0,2400,0,0,Glc,d18:1,0:0
9,0,2400,0,0,Glc,d18:1,0:0
9.2,0,2400,0,0,Glc,d18:1,0:0
9.4,0,2400,0,0,Glc,d18:1,0:0
9.6,0,2400,0,0,Glc,d18:1,0:0
9.8,0,2400,0,0,Glc,d18:1,0:0
10,0,2400,0,0,Glc,d18:1,0:0
-10,0,2500,0,0,Glc,d18:1,0:0
-9.8,0,2500,0,0,Glc,d18:1,0:0
-9.6,0,2500,0,0,Glc,d18:1,0:0
-9.4,0,2500,0,0,Glc,d18:1,0:0
-9.2,0,2500,0,0,Glc,d18:1,0:0
-9,0,2500,0,0,Glc,d18:1,0:0
-8.8,0,2500,0,0,Glc,d18:1,0:0
-8.6,0,2500,0,0,Glc,d18:1,0:0
-8.4,0,2500,0,0,Glc,d18:1,0:0
-8.2,0,2500,0,0,Glc,d18:1,0:0
-8,0,2500,0,0,Glc,d18:1,0:0
-7.8,0,2500,0,0,Glc,d18:1,0:0
-7.6,0,2500,0,0,Glc,d18:1,0:0
-7.4,0,2500,0,0,Glc,d18:1,0:0
-7.2,0,2500,0,0,Glc,d18:1,0:0
-7,0,2500,0,0,Glc,d18:1,0:0
-6.8,0,2500,0,0,Glc,d18:1,0:0
-6.6,0,2500,0,0,Glc,d18:1,0:0
-6.4,40,2500,0,0,Glc,d18:1,0:0
-6.2,140,2500,0,0,Glc,d18:1,0:0
-6,1040,2500,0,0,Glc,d18:1,0:0
-5.8,2340,2500,0,0,Glc,d18:1,0:0
-5.6,4480,2500,0,0,Glc,d18:1,0:0
-5.4,6880,2500,0,0,Glc,d18:1,0:0
-5.2,7260,2500,0,0,Glc,d18:1,0:0
-5,6040,2500,0,0,Glc,d18:1,0:0
-4.8,4520,2500,0,0,Glc,d18:1,0:0
-4.6,2380,2500,0,0,Glc,d18:1,0:0
-4.4,360,2500,0,0,Glc,d18:1,0:0
-4.2,20,2500,0,0,Glc,d18:1,0:0
-4,0,2500,0,0,Glc,d18:1,0:0
-3.8,0,2500,0,0,Glc,d18:1,0:0
-3.6,0,2500,0,0,Glc,d18:1,0:0
-3.4,0,2500,0,0,Glc,d18:1,0:0
-3.2,0,2500,0,0,Glc,d18:1,0:0
-3,0,2500,0,0,Glc,d18:1,0:0
-2.8,0,2500,0,0,Glc,d18:1,0:0
-2.6,0,2500,0,0,Glc,d18:1,0:0
-2.4,0,2500,0,0,Glc,d18:1,0:0
-2.2,0,2500,0,0,Glc,d18:1,0:0
-2,0,2500,0,0,Glc,d18:1,0:0
-1.8,40,2500,0,0,Glc,d18:1,0:0
-1.6,0,2500,0,0,Glc,d18:1,0:0
-1.4,0,2500,0,0,Glc,d18:1,0:0
-1.2,20,2500,0,0,Glc,d18:1,0:0
-1,60,2500,0,0,Glc,d18:1,0:0
-0.8,0,2500,0,0,Glc,d18:1,0:0
-0.6,0,2500,0,0,Glc,d18:1,0:0
-0.4,0,2500,0,0,Glc,d18:1,0:0
-0.2,0,2500,0,0,Glc,d18:1,0:0
0,0,2500,0,0,Glc,d18:1,0:0
0.2,0,2500,0,0,Glc,d18:1,0:0
0.4,0,2500,0,0,Glc,d18:1,0:0
0.6,0,2500,0,0,Glc,d18:1,0:0
0.8,0,2500,0,0,Glc,d18:1,0:0
1,0,2500,0,0,Glc,d18:1,0:0
1.2,0,2500,0,0,Glc,d18:1,0:0
1.4,0,2500,0,0,Glc,d18:1,0:0
1.6,0,2500,0,0,Glc,d18:1,0:0
1.8,0,2500,0,0,Glc,d18:1,0:0
2,0,2500,0,0,Glc,d18:1,0:0
2.2,0,2500,0,0,Glc,d18:1,0:0
2.4,0,2500,0,0,Glc,d18:1,0:0
2.6,0,2500,0,0,Glc,d18:1,0:0
2.8,0,2500,0,0,Glc,d18:1,0:0
3,0,2500,0,0,Glc,d18:1,0:0
3.2,0,2500,0,0,Glc,d18:1,0:0
3.4,0,2500,0,0,Glc,d18:1,0:0
3.6,0,2500,0,0,Glc,d18:1,0:0
3.8,0,2500,0,0,Glc,d18:1,0:0
4,0,2500,0,0,Glc,d18:1,0:0
4.2,0,2500,0,0,Glc,d18:1,0:0
4.4,0,2500,0,0,Glc,d18:1,0:0
4.6,0,2500,0,0,Glc,d18:1,0:0
4.8,0,2500,0,0,Glc,d18:1,0:0
5,0,2500,0,0,Glc,d18:1,0:0
5.2,0,2500,0,0,Glc,d18:1,0:0
5.4,0,2500,0,0,Glc,d18:1,0:0
5.6,0,2500,0,0,Glc,d18:1,0:0
5.8,0,2500,0,0,Glc,d18:1,0:0
6,0,2500,0,0,Glc,d18:1,0:0
6.2,0,2500,0,0,Glc,d18:1,0:0
6.4,0,2500,0,0,Glc,d18:1,0:0
6.6,0,2500,0,0,Glc,d18:1,0:0
6.8,0,2500,0,0,Glc,d18:1,0:0
7,0,2500,0,0,Glc,d18:1,0:0
7.2,0,2500,0,0,Glc,d18:1,0:0
7.4,0,2500,0,0,Glc,d18:1,0:0
7.6,0,2500,0,0,Glc,d18:1,0:0
7.8,0,2500,0,0,Glc,d18:1,0:0
8,0,2500,0,0,Glc,d18:1,0:0
8.2,0,2500,0,0,Glc,d18:1,0:0
8.4,0,2500,0,0,Glc,d18:1,0:0
8.6,0,2500,0,0,Glc,d18:1,0:0
8.8,0,2500,0,0,Glc,d18:1,0:0
9,0,2500,0,0,Glc,d18:1,0:0
9.2,0,2500,0,0,Glc,d18:1,0:0
9.4,0,2500,0,0,Glc,d18:1,0:0
9.6,0,2500,0,0,Glc,d18:1,0:0
9.8,0,2500,0,0,Glc,d18:1,0:0
10,0,2500,0,0,Glc,d18:1,0:0
-10,0,2600,0,0,Glc,d18:1,0:0
-9.8,0,2600,0,0,Glc,d18:1,0:0
-9.6,0,2600,0,0,Glc,d18:1,0:0
-9.4,0,2600,0,0,Glc,d18:1,0:0
-9.2,0,2600,0,0,Glc,d18:1,0:0
-9,0,2600,0,0,Glc,d18:1,0:0
-8.8,0,2600,0,0,Glc,d18:1,0:0
-8.6,0,2600,0,0,Glc,d18:1,0:0
-8.4,0,2600,0,0,Glc,d18:1,0:0
-8.2,0,2600,0,0,Glc,d18:1,0:0
-8,0,2600,0,0,Glc,d18:1,0:0
-7.8,0,2600,0,0,Glc,d18:1,0:0
-7.6,0,2600,0,0,Glc,d18:1,0:0
-7.4,0,2600,0,0,Glc,d18:1,0:0
-7.2,0,2600,0,0,Glc,d18:1,0:0
-7,0,2600,0,0,Glc,d18:1,0:0
-6.8,200,2600,0,0,Glc,d18:1,0:0
-6.6,1840,2600,0,0,Glc,d18:1,0:0
-6.4,4120,2600,0,0,Glc,d18:1,0:0
-6.2,6640,2600,0,0,Glc,d18:1,0:0
-6,6840,2600,0,0,Glc,d18:1,0:0
-5.8,6160,2600,0,0,Glc,d18:1,0:0
-5.6,3480,2600,0,0,Glc,d18:1,0:0
-5.4,1440,2600,0,0,Glc,d18:1,0:0
-5.2,440,2600,0,0,Glc,d18:1,0:0
-5,140,2600,0,0,Glc,d18:1,0:0
-4.8,0,2600,0,0,Glc,d18:1,0:0
-4.6,0,2600,0,0,Glc,d18:1,0:0
-4.4,0,2600,0,0,Glc,d18:1,0:0
-4.2,0,2600,0,0,Glc,d18:1,0:0
-4,0,2600,0,0,Glc,d18:1,0:0
-3.8,0,2600,0,0,Glc,d18:1,0:0
-3.6,0,2600,0,0,Glc,d18:1,0:0
-3.4,0,2600,0,0,Glc,d18:1,0:0
-3.2,0,2600,0,0,Glc,d18:1,0:0
-3,0,2600,0,0,Glc,d18:1,0:0
-2.8,0,2600,0,0,Glc,d18:1,0:0
-2.6,0,2600,0,0,Glc,d18:1,0:0
-2.4,0,2600,0,0,Glc,d18:1,0:0
-2.2,0,2600,0,0,Glc,d18:1,0:0
-2,0,2600,0,0,Glc,d18:1,0:0
-1.8,0,2600,0,0,Glc,d18:1,0:0
-1.6,0,2600,0,0,Glc,d18:1,0:0
-1.4,0,2600,0,0,Glc,d18:1,0:0
-1.2,0,2600,0,0,Glc,d18:1,0:0
-1,0,2600,0,0,Glc,d18:1,0:0
-0.8,0,2600,0,0,Glc,d18:1,0:0
-0.6,0,2600,0,0,Glc,d18:1,0:0
-0.4,0,2600,0,0,Glc,d18:1,0:0
-0.2,0,2600,0,0,Glc,d18:1,0:0
0,0,2600,0,0,Glc,d18:1,0:0
0.2,40,2600,0,0,Glc,d18:1,0:0
0.4,0,2600,0,0,Glc,d18:1,0:0
0.6,0,2600,0,0,Glc,d18:1,0:0
0.8,0,2600,0,0,Glc,d18:1,0:0
1,0,2600,0,0,Glc,d18:1,0:0
1.2,0,2600,0,0,Glc,d18:1,0:0
1.4,0,2600,0,0,Glc,d18:1,0:0
1.6,0,2600,0,0,Glc,d18:1,0:0
1.8,0,2600,0,0,Glc,d18:1,0:0
2,0,2600,0,0,Glc,d18:1,0:0
2.2,0,2600,0,0,Glc,d18:1,0:0
2.4,0,2600,0,0,Glc,d18:1,0:0
2.6,0,2600,0,0,Glc,d18:1,0:0
2.8,0,2600,0,0,Glc,d18:1,0:0
3,0,2600,0,0,Glc,d18:1,0:0
3.2,0,2600,0,0,Glc,d18:1,0:0
3.4,0,2600,0,0,Glc,d18:1,0:0
3.6,0,2600,0,0,Glc,d18:1,0:0
3.8,0,2600,0,0,Glc,d18:1,0:0
4,0,2600,0,0,Glc,d18:1,0:0
4.2,0,2600,0,0,Glc,d18:1,0:0
4.4,0,2600,0,0,Glc,d18:1,0:0
4.6,0,2600,0,0,Glc,d18:1,0:0
4.8,0,2600,0,0,Glc,d18:1,0:0
5,0,2600,0,0,Glc,d18:1,0:0
5.2,0,2600,0,0,Glc,d18:1,0:0
5.4,0,2600,0,0,Glc,d18:1,0:0
5.6,0,2600,0,0,Glc,d18:1,0:0
5.8,0,2600,0,0,Glc,d18:1,0:0
6,0,2600,0,0,Glc,d18:1,0:0
6.2,0,2600,0,0,Glc,d18:1,0:0
6.4,0,2600,0,0,Glc,d18:1,0:0
6.6,0,2600,0,0,Glc,d18:1,0:0
6.8,0,2600,0,0,Glc,d18:1,0:0
7,0,2600,0,0,Glc,d18:1,0:0
7.2,0,2600,0,0,Glc,d18:1,0:0
7.4,0,2600,0,0,Glc,d18:1,0:0
7.6,0,2600,0,0,Glc,d18:1,0:0
7.8,0,2600,0,0,Glc,d18:1,0:0
8,0,2600,0,0,Glc,d18:1,0:0
8.2,0,2600,0,0,Glc,d18:1,0:0
8.4,0,2600,0,0,Glc,d18:1,0:0
8.6,0,2600,0,0,Glc,d18:1,0:0
8.8,0,2600,0,0,Glc,d18:1,0:0
9,0,2600,0,0,Glc,d18:1,0:0
9.2,0,2600,0,0,Glc,d18:1,0:0
9.4,0,2600,0,0,Glc,d18:1,0:0
9.6,0,2600,0,0,Glc,d18:1,0:0
9.8,0,2600,0,0,Glc,d18:1,0:0
10,0,2600,0,0,Glc,d18:1,0:0
-10,0,2700,0,0,Glc,d18:1,0:0
-9.8,0,2700,0,0,Glc,d18:1,0:0
-9.6,0,2700,0,0,Glc,d18:1,0:0
-9.4,0,2700,0,0,Glc,d18:1,0:0
-9.2,0,2700,0,0,Glc,d18:1,0:0
-9,0,2700,0,0,Glc,d18:1,0:0
-8.8,0,2700,0,0,Glc,d18:1,0:0
-8.6,0,2700,0,0,Glc,d18:1,0:0
-8.4,0,2700,0,0,Glc,d18:1,0:0
-8.2,0,2700,0,0,Glc,d18:1,0:0
-8,0,2700,0,0,Glc,d18:1,0:0
-7.8,0,2700,0,0,Glc,d18:1,0:0
-7.6,0,2700,0,0,Glc,d18:1,0:0
-7.4,140,2700,0,0,Glc,d18:1,0:0
-7.2,1140,2700,0,0,Glc,d18:1,0:0
-7,3620,2700,0,0,Glc,d18:1,0:0
-6.8,6320,2700,0,0,Glc,d18:1,0:0
-6.6,6920,2700,0,0,Glc,d18:1,0:0
-6.4,5320,2700,0,0,Glc,d18:1,0:0
-6.2,4040,2700,0,0,Glc,d18:1,0:0
-6,2220,2700,0,0,Glc,d18:1,0:0
-5.8,820,2700,0,0,Glc,d18:1,0:0
-5.6,360,2700,0,0,Glc,d18:1,0:0
-5.4,0,2700,0,0,Glc,d18:1,0:0
-5.2,0,2700,0,0,Glc,d18:1,0:0
-5,0,2700,0,0,Glc,d18:1,0:0
-4.8,0,2700,0,0,Glc,d18:1,0:0
-4.6,0,2700,0,0,Glc,d18:1,0:0
-4.4,0,2700,0,0,Glc,d18:1,0:0
-4.2,0,2700,0,0,Glc,d18:1,0:0
-4,0,2700,0,0,Glc,d18:1,0:0
-3.8,0,2700,0,0,Glc,d18:1,0:0
-3.6,0,2700,0,0,Glc,d18:1,0:0
-3.4,0,2700,0,0,Glc,d18:1,0:0
-3.2,0,2700,0,0,Glc,d18:1,0:0
-3,0,2700,0,0,Glc,d18:1,0:0
-2.8,0,2700,0,0,Glc,d18:1,0:0
-2.6,0,2700,0,0,Glc,d18:1,0:0
-2.4,0,2700,0,0,Glc,d18:1,0:0
-2.2,0,2700,0,0,Glc,d18:1,0:0
-2,0,2700,0,0,Glc,d18:1,0:0
-1.8,0,2700,0,0,Glc,d18:1,0:0
-1.6,0,2700,0,0,Glc,d18:1,0:0
-1.4,0,2700,0,0,Glc,d18:1,0:0
-1.2,0,2700,0,0,Glc,d18:1,0:0
-1,20,2700,0,0,Glc,d18:1,0:0
-0.8,40,2700,0,0,Glc,d18:1,0:0
-0.6,0,2700,0,0,Glc,d18:1,0:0
-0.4,0,2700,0,0,Glc,d18:1,0:0
-0.2,0,2700,0,0,Glc,d18:1,0:0
0,0,2700,0,0,Glc,d18:1,0:0
0.2,0,2700,0,0,Glc,d18:1,0:0
0.4,0,2700,0,0,Glc,d18:1,0:0
0.6,0,2700,0,0,Glc,d18:1,0:0
0.8,0,2700,0,0,Glc,d18:1,0:0
1,0,2700,0,0,Glc,d18:1,0:0
1.2,0,2700,0,0,Glc,d18:1,0:0
1.4,0,2700,0,0,Glc,d18:1,0:0
1.6,0,2700,0,0,Glc,d18:1,0:0
1.8,0,2700,0,0,Glc,d18:1,0:0
2,0,2700,0,0,Glc,d18:1,0:0
2.2,0,2700,0,0,Glc,d18:1,0:0
2.4,0,2700,0,0,Glc,d18:1,0:0
2.6,0,2700,0,0,Glc,d18:1,0:0
2.8,0,2700,0,0,Glc,d18:1,0:0
3,0,2700,0,0,Glc,d18:1,0:0
3.2,0,2700,0,0,Glc,d18:1,0:0
3.4,0,2700,0,0,Glc,d18:1,0:0
3.6,0,2700,0,0,Glc,d18:1,0:0
3.8,0,2700,0,0,Glc,d18:1,0:0
4,0,2700,0,0,Glc,d18:1,0:0
4.2,0,2700,0,0,Glc,d18:1,0:0
4.4,0,2700,0,0,Glc,d18:1,0:0
4.6,0,2700,0,0,Glc,d18:1,0:0
4.8,0,2700,0,0,Glc,d18:1,0:0
5,0,2700,0,0,Glc,d18:1,0:0
5.2,0,2700,0,0,Glc,d18:1,0:0
5.4,0,2700,0,0,Glc,d18:1,0:0
5.6,0,2700,0,0,Glc,d18:1,0:0
5.8,0,2700,0,0,Glc,d18:1,0:0
6,0,2700,0,0,Glc,d18:1,0:0
6.2,0,2700,0,0,Glc,d18:1,0:0
6.4,0,2700,0,0,Glc,d18:1,0:0
6.6,0,2700,0,0,Glc,d18:1,0:0
6.8,0,2700,0,0,Glc,d18:1,0:0
7,0,2700,0,0,Glc,d18:1,0:0
7.2,0,2700,0,0,Glc,d18:1,0:0
7.4,0,2700,0,0,Glc,d18:1,0:0
7.6,0,2700,0,0,Glc,d18:1,0:0
7.8,0,2700,0,0,Glc,d18:1,0:0
8,0,2700,0,0,Glc,d18:1,0:0
8.2,0,2700,0,0,Glc,d18:1,0:0
8.4,0,2700,0,0,Glc,d18:1,0:0
8.6,0,2700,0,0,Glc,d18:1,0:0
8.8,0,2700,0,0,Glc,d18:1,0:0
9,0,2700,0,0,Glc,d18:1,0:0
9.2,0,2700,0,0,Glc,d18:1,0:0
9.4,0,2700,0,0,Glc,d18:1,0:0
9.6,0,2700,0,0,Glc,d18:1,0:0
9.8,0,2700,0,0,Glc,d18:1,0:0
10,0,2700,0,0,Glc,d18:1,0:0
-10,0,2800,0,0,Glc,d18:1,0:0
-9.8,0,2800,0,0,Glc,d18:1,0:0
-9.6,0,2800,0,0,Glc,d18:1,0:0
-9.4,0,2800,0,0,Glc,d18:1,0:0
-9.2,0,2800,0,0,Glc,d18:1,0:0
-9,0,2800,0,0,Glc,d18:1,0:0
-8.8,0,2800,0,0,Glc,d18:1,0:0
-8.6,0,2800,0,0,Glc,d18:1,0:0
-8.4,0,2800,0,0,Glc,d18:1,0:0
-8.2,0,2800,0,0,Glc,d18:1,0:0
-8,20,2800,0,0,Glc,d18:1,0:0
-7.8,200,2800,0,0,Glc,d18:1,0:0
-7.6,1180,2800,0,0,Glc,d18:1,0:0
-7.4,2520,2800,0,0,Glc,d18:1,0:0
-7.2,5140,2800,0,0,Glc,d18:1,0:0
-7,6320,2800,0,0,Glc,d18:1,0:0
-6.8,4580,2800,0,0,Glc,d18:1,0:0
-6.6,3440,2800,0,0,Glc,d18:1,0:0
-6.4,1540,2800,0,0,Glc,d18:1,0:0
-6.2,440,2800,0,0,Glc,d18:1,0:0
-6,100,2800,0,0,Glc,d18:1,0:0
-5.8,0,2800,0,0,Glc,d18:1,0:0
-5.6,40,2800,0,0,Glc,d18:1,0:0
-5.4,0,2800,0,0,Glc,d18:1,0:0
-5.2,40,2800,0,0,Glc,d18:1,0:0
-5,0,2800,0,0,Glc,d18:1,0:0
-4.8,0,2800,0,0,Glc,d18:1,0:0
-4.6,0,2800,0,0,Glc,d18:1,0:0
-4.4,0,2800,0,0,Glc,d18:1,0:0
-4.2,0,2800,0,0,Glc,d18:1,0:0
-4,0,2800,0,0,Glc,d18:1,0:0
-3.8,0,2800,0,0,Glc,d18:1,0:0
-3.6,0,2800,0,0,Glc,d18:1,0:0
-3.4,0,2800,0,0,Glc,d18:1,0:0
-3.2,0,2800,0,0,Glc,d18:1,0:0
-3,0,2800,0,0,Glc,d18:1,0:0
-2.8,0,2800,0,0,Glc,d18:1,0:0
-2.6,0,2800,0,0,Glc,d18:1,0:0
-2.4,0,2800,0,0,Glc,d18:1,0:0
-2.2,0,2800,0,0,Glc,d18:1,0:0
-2,0,2800,0,0,Glc,d18:1,0:0
-1.8,0,2800,0,0,Glc,d18:1,0:0
-1.6,0,2800,0,0,Glc,d18:1,0:0
-1.4,0,2800,0,0,Glc,d18:1,0:0
-1.2,0,2800,0,0,Glc,d18:1,0:0
-1,0,2800,0,0,Glc,d18:1,0:0
-0.8,0,2800,0,0,Glc,d18:1,0:0
-0.6,0,2800,0,0,Glc,d18:1,0:0
-0.4,0,2800,0,0,Glc,d18:1,0:0
-0.2,0,2800,0,0,Glc,d18:1,0:0
0,0,2800,0,0,Glc,d18:1,0:0
0.2,0,2800,0,0,Glc,d18:1,0:0
0.4,0,2800,0,0,Glc,d18:1,0:0
0.6,0,2800,0,0,Glc,d18:1,0:0
0.8,0,2800,0,0,Glc,d18:1,0:0
1,0,2800,0,0,Glc,d18:1,0:0
1.2,0,2800,0,0,Glc,d18:1,0:0
1.4,0,2800,0,0,Glc,d18:1,0:0
1.6,0,2800,0,0,Glc,d18:1,0:0
1.8,0,2800,0,0,Glc,d18:1,0:0
2,0,2800,0,0,Glc,d18:1,0:0
2.2,0,2800,0,0,Glc,d18:1,0:0
2.4,0,2800,0,0,Glc,d18:1,0:0
2.6,0,2800,0,0,Glc,d18:1,0:0
2.8,0,2800,0,0,Glc,d18:1,0:0
3,0,2800,0,0,Glc,d18:1,0:0
3.2,0,2800,0,0,Glc,d18:1,0:0
3.4,0,2800,0,0,Glc,d18:1,0:0
3.6,0,2800,0,0,Glc,d18:1,0:0
3.8,0,2800,0,0,Glc,d18:1,0:0
4,0,2800,0,0,Glc,d18:1,0:0
4.2,0,2800,0,0,Glc,d18:1,0:0
4.4,0,2800,0,0,Glc,d18:1,0:0
4.6,0,2800,0,0,Glc,d18:1,0:0
4.8,0,2800,0,0,Glc,d18:1,0:0
5,0,2800,0,0,Glc,d18:1,0:0
5.2,0,2800,0,0,Glc,d18:1,0:0
5.4,0,2800,0,0,Glc,d18:1,0:0
5.6,0,2800,0,0,Glc,d18:1,0:0
5.8,0,2800,0,0,Glc,d18:1,0:0
6,0,2800,0,0,Glc,d18:1,0:0
6.2,0,2800,0,0,Glc,d18:1,0:0
6.4,0,2800,0,0,Glc,d18:1,0:0
6.6,0,2800,0,0,Glc,d18:1,0:0
6.8,0,2800,0,0,Glc,d18:1,0:0
7,0,2800,0,0,Glc,d18:1,0:0
7.2,0,2800,0,0,Glc,d18:1,0:0
7.4,0,2800,0,0,Glc,d18:1,0:0
7.6,0,2800,0,0,Glc,d18:1,0:0
7.8,0,2800,0,0,Glc,d18:1,0:0
8,0,2800,0,0,Glc,d18:1,0:0
8.2,0,2800,0,0,Glc,d18:1,0:0
8.4,0,2800,0,0,Glc,d18:1,0:0
8.6,0,2800,0,0,Glc,d18:1,0:0
8.8,0,2800,0,0,Glc,d18:1,0:0
9,0,2800,0,0,Glc,d18:1,0:0
9.2,0,2800,0,0,Glc,d18:1,0:0
9.4,0,2800,0,0,Glc,d18:1,0:0
9.6,0,2800,0,0,Glc,d18:1,0:0
9.8,0,2800,0,0,Glc,d18:1,0:0
10,0,2800,0,0,Glc,d18:1,0:0
-10,0,2900,0,0,Glc,d18:1,0:0
-9.8,0,2900,0,0,Glc,d18:1,0:0
-9.6,0,2900,0,0,Glc,d18:1,0:0
-9.4,0,2900,0,0,Glc,d18:1,0:0
-9.2,0,2900,0,0,Glc,d18:1,0:0
-9,0,2900,0,0,Glc,d18:1,0:0
-8.8,160,2900,0,0,Glc,d18:1,0:0
-8.6,1060,2900,0,0,Glc,d18:1,0:0
-8.4,2540,2900,0,0,Glc,d18:1,0:0
-8.2,3800,2900,0,0,Glc,d18:1,0:0
-8,5360,2900,0,0,Glc,d18:1,0:0
-7.8,5580,2900,0,0,Glc,d18:1,0:0
-7.6,4460,2900,0,0,Glc,d18:1,0:0
-7.4,2660,2900,0,0,Glc,d18:1,0:0
-7.2,1260,2900,0,0,Glc,d18:1,0:0
-7,240,2900,0,0,Glc,d18:1,0:0
-6.8,100,2900,0,0,Glc,d18:1,0:0
-6.6,0,2900,0,0,Glc,d18:1,0:0
-6.4,0,2900,0,0,Glc,d18:1,0:0
-6.2,0,2900,0,0,Glc,d18:1,0:0
-6,0,2900,0,0,Glc,d18:1,0:0
-5.8,0,2900,0,0,Glc,d18:1,0:0
-5.6,0,2900,0,0,Glc,d18:1,0:0
-5.4,0,2900,0,0,Glc,d18:1,0:0
-5.2,0,2900,0,0,Glc,d18:1,0:0
-5,0,2900,0,0,Glc,d18:1,0:0
-4.8,0,2900,0,0,Glc,d18:1,0:0
-4.6,0,2900,0,0,Glc,d18:1,0:0
-4.4,0,2900,0,0,Glc,d18:1,0:0
-4.2,0,2900,0,0,Glc,d18:1,0:0
-4,0,2900,0,0,Glc,d18:1,0:0
-3.8,0,2900,0,0,Glc,d18:1,0:0
-3.6,0,2900,0,0,Glc,d18:1,0:0
-3.4,0,2900,0,0,Glc,d18:1,0:0
-3.2,0,2900,0,0,Glc,d18:1,0:0
-3,0,2900,0,0,Glc,d18:1,0:0
-2.8,0,2900,0,0,Glc,d18:1,0:0
-2.6,0,2900,0,0,Glc,d18:1,0:0
-2.4,0,2900,0,0,Glc,d18:1,0:0
-2.2,0,2900,0,0,Glc,d18:1,0:0
-2,40,2900,0,0,Glc,d18:1,0:0
-1.8,0,2900,0,0,Glc,d18:1,0:0
-1.6,0,2900,0,0,Glc,d18:1,0:0
-1.4,0,2900,0,0,Glc,d18:1,0:0
-1.2,0,2900,0,0,Glc,d18:1,0:0
-1,0,2900,0,0,Glc,d18:1,0:0
-0.8,0,2900,0,0,Glc,d18:1,0:0
-0.6,0,2900,0,0,Glc,d18:1,0:0
-0.4,0,2900,0,0,Glc,d18:1,0:0
-0.2,0,2900,0,0,Glc,d18:1,0:0
0,0,2900,0,0,Glc,d18:1,0:0
0.2,0,2900,0,0,Glc,d18:1,0:0
0.4,0,2900,0,0,Glc,d18:1,0:0
0.6,0,2900,0,0,Glc,d18:1,0:0
0.8,0,2900,0,0,Glc,d18:1,0:0
1,20,2900,0,0,Glc,d18:1,0:0
1.2,0,2900,0,0,Glc,d18:1,0:0
1.4,0,2900,0,0,Glc,d18:1,0:0
1.6,0,2900,0,0,Glc,d18:1,0:0
1.8,0,2900,0,0,Glc,d18:1,0:0
2,0,2900,0,0,Glc,d18:1,0:0
2.2,0,2900,0,0,Glc,d18:1,0:0
2.4,0,2900,0,0,Glc,d18:1,0:0
2.6,0,2900,0,0,Glc,d18:1,0:0
2.8,0,2900,0,0,Glc,d18:1,0:0
3,0,2900,0,0,Glc,d18:1,0:0
3.2,0,2900,0,0,Glc,d18:1,0:0
3.4,0,2900,0,0,Glc,d18:1,0:0
3.6,0,2900,0,0,Glc,d18:1,0:0
3.8,0,2900,0,0,Glc,d18:1,0:0
4,0,2900,0,0,Glc,d18:1,0:0
4.2,0,2900,0,0,Glc,d18:1,0:0
4.4,0,2900,0,0,Glc,d18:1,0:0
4.6,0,2900,0,0,Glc,d18:1,0:0
4.8,0,2900,0,0,Glc,d18:1,0:0
5,0,2900,0,0,Glc,d18:1,0:0
5.2,0,2900,0,0,Glc,d18:1,0:0
5.4,0,2900,0,0,Glc,d18:1,0:0
5.6,0,2900,0,0,Glc,d18:1,0:0
5.8,0,2900,0,0,Glc,d18:1,0:0
6,0,2900,0,0,Glc,d18:1,0:0
6.2,0,2900,0,0,Glc,d18:1,0:0
6.4,0,2900,0,0,Glc,d18:1,0:0
6.6,0,2900,0,0,Glc,d18:1,0:0
6.8,0,2900,0,0,Glc,d18:1,0:0
7,0,2900,0,0,Glc,d18:1,0:0
7.2,0,2900,0,0,Glc,d18:1,0:0
7.4,0,2900,0,0,Glc,d18:1,0:0
7.6,0,2900,0,0,Glc,d18:1,0:0
7.8,0,2900,0,0,Glc,d18:1,0:0
8,0,2900,0,0,Glc,d18:1,0:0
8.2,0,2900,0,0,Glc,d18:1,0:0
8.4,0,2900,0,0,Glc,d18:1,0:0
8.6,0,2900,0,0,Glc,d18:1,0:0
8.8,0,2900,0,0,Glc,d18:1,0:0
9,0,2900,0,0,Glc,d18:1,0:0
9.2,0,2900,0,0,Glc,d18:1,0:0
9.4,0,2900,0,0,Glc,d18:1,0:0
9.6,0,2900,0,0,Glc,d18:1,0:0
9.8,0,2900,0,0,Glc,d18:1,0:0
10,0,2900,0,0,Glc,d18:1,0:0
-10,0,3000,0,0,Glc,d18:1,0:0
-9.8,0,3000,0,0,Glc,d18:1,0:0
-9.6,0,3000,0,0,Glc,d18:1,0:0
-9.4,0,3000,0,0,Glc,d18:1,0:0
-9.2,0,3000,0,0,Glc,d18:1,0:0
-9,0,3000,0,0,Glc,d18:1,0:0
-8.8,160,3000,0,0,Glc,d18:1,0:0
-8.6,1540,3000,0,0,Glc,d18:1,0:0
-8.4,3680,3000,0,0,Glc,d18:1,0:0
-8.2,5820,3000,0,0,Glc,d18:1,0:0
-8,6380,3000,0,0,Glc,d18:1,0:0
-7.8,3720,3000,0,0,Glc,d18:1,0:0
-7.6,1900,3000,0,0,Glc,d18:1,0:0
-7.4,420,3000,0,0,Glc,d18:1,0:0
-7.2,40,3000,0,0,Glc,d18:1,0:0
-7,0,3000,0,0,Glc,d18:1,0:0
-6.8,0,3000,0,0,Glc,d18:1,0:0
-6.6,0,3000,0,0,Glc,d18:1,0:0
-6.4,0,3000,0,0,Glc,d18:1,0:0
-6.2,0,3000,0,0,Glc,d18:1,0:0
-6,0,3000,0,0,Glc,d18:1,0:0
-5.8,0,3000,0,0,Glc,d18:1,0:0
-5.6,0,3000,0,0,Glc,d18:1,0:0
-5.4,0,3000,0,0,Glc,d18:1,0:0
-5.2,0,3000,0,0,Glc,d18:1,0:0
-5,0,3000,0,0,Glc,d18:1,0:0
-4.8,0,3000,0,0,Glc,d18:1,0:0
-4.6,0,3000,0,0,Glc,d18:1,0:0
-4.4,0,3000,0,0,Glc,d18:1,0:0
-4.2,0,3000,0,0,Glc,d18:1,0:0
-4,0,3000,0,0,Glc,d18:1,0:0
-3.8,0,3000,0,0,Glc,d18:1,0:0
-3.6,0,3000,0,0,Glc,d18:1,0:0
-3.4,0,3000,0,0,Glc,d18:1,0:0
-3.2,0,3000,0,0,Glc,d18:1,0:0
-3,0,3000,0,0,Glc,d18:1,0:0
-2.8,0,3000,0,0,Glc,d18:1,0:0
-2.6,0,3000,0,0,Glc,d18:1,0:0
-2.4,0,3000,0,0,Glc,d18:1,0:0
-2.2,0,3000,0,0,Glc,d18:1,0:0
-2,0,3000,0,0,Glc,d18:1,0:0
-1.8,0,3000,0,0,Glc,d18:1,0:0
-1.6,0,3000,0,0,Glc,d18:1,0:0
-1.4,0,3000,0,0,Glc,d18:1,0:0
-1.2,0,3000,0,0,Glc,d18:1,0:0
-1,0,3000,0,0,Glc,d18:1,0:0
-0.8,0,3000,0,0,Glc,d18:1,0:0
-0.6,0,3000,0,0,Glc,d18:1,0:0
-0.4,0,3000,0,0,Glc,d18:1,0:0
-0.2,0,3000,0,0,Glc,d18:1,0:0
0,0,3000,0,0,Glc,d18:1,0:0
0.2,0,3000,0,0,Glc,d18:1,0:0
0.4,0,3000,0,0,Glc,d18:1,0:0
0.6,0,3000,0,0,Glc,d18:1,0:0
0.8,0,3000,0,0,Glc,d18:1,0:0
1,0,3000,0,0,Glc,d18:1,0:0
1.2,0,3000,0,0,Glc,d18:1,0:0
1.4,0,3000,0,0,Glc,d18:1,0:0
1.6,0,3000,0,0,Glc,d18:1,0:0
1.8,0,3000,0,0,Glc,d18:1,0:0
2,0,3000,0,0,Glc,d18:1,0:0
2.2,0,3000,0,0,Glc,d18:1,0:0
2.4,0,3000,0,0,Glc,d18:1,0:0
2.6,0,3000,0,0,Glc,d18:1,0:0
2.8,0,3000,0,0,Glc,d18:1,0:0
3,0,3000,0,0,Glc,d18:1,0:0
3.2,0,3000,0,0,Glc,d18:1,0:0
3.4,0,3000,0,0,Glc,d18:1,0:0
3.6,0,3000,0,0,Glc,d18:1,0:0
3.8,0,3000,0,0,Glc,d18:1,0:0
4,0,3000,0,0,Glc,d18:1,0:0
4.2,0,3000,0,0,Glc,d18:1,0:0
4.4,0,3000,0,0,Glc,d18:1,0:0
4.6,0,3000,0,0,Glc,d18:1,0:0
4.8,0,3000,0,0,Glc,d18:1,0:0
5,0,3000,0,0,Glc,d18:1,0:0
5.2,0,3000,0,0,Glc,d18:1,0:0
5.4,0,3000,0,0,Glc,d18:1,0:0
5.6,0,3000,0,0,Glc,d18:1,0:0
5.8,0,3000,0,0,Glc,d18:1,0:0
6,0,3000,0,0,Glc,d18:1,0:0
6.2,0,3000,0,0,Glc,d18:1,0:0
6.4,0,3000,0,0,Glc,d18:1,0:0
6.6,0,3000,0,0,Glc,d18:1,0:0
6.8,0,3000,0,0,Glc,d18:1,0:0
7,0,3000,0,0,Glc,d18:1,0:0
7.2,0,3000,0,0,Glc,d18:1,0:0
7.4,0,3000,0,0,Glc,d18:1,0:0
7.6,0,3000,0,0,Glc,d18:1,0:0
7.8,0,3000,0,0,Glc,d18:1,0:0
8,0,3000,0,0,Glc,d18:1,0:0
8.2,0,3000,0,0,Glc,d18:1,0:0
8.4,0,3000,0,0,Glc,d18:1,0:0
8.6,0,3000,0,0,Glc,d18:1,0:0
8.8,0,3000,0,0,Glc,d18:1,0:0
9,0,3000,0,0,Glc,d18:1,0:0
9.2,0,3000,0,0,Glc,d18:1,0:0
9.4,0,3000,0,0,Glc,d18:1,0:0
9.6,0,3000,0,0,Glc,d18:1,0:0
9.8,0,3000,0,0,Glc,d18:1,0:0
10,0,3000,0,0,Glc,d18:1,0:0
-10,0,3100,0,0,Glc,d18:1,0:0
-9.8,80,3100,0,0,Glc,d18:1,0:0
-9.6,660,3100,0,0,Glc,d18:1,0:0
-9.4,2640,3100,0,0,Glc,d18:1,0:0
-9.2,4300,3100,0,0,Glc,d18:1,0:0
-9,5800,3100,0,0,Glc,d18:1,0:0
-8.8,5240,3100,0,0,Glc,d18:1,0:0
-8.6,3340,3100,0,0,Glc,d18:1,0:0
-8.4,1940,3100,0,0,Glc,d18:1,0:0
-8.2,660,3100,0,0,Glc,d18:1,0:0
-8,100,3100,0,0,Glc,d18:1,0:0
-7.8,0,3100,0,0,Glc,d18:1,0:0
-7.6,0,3100,0,0,Glc,d18:1,0:0
-7.4,0,3100,0,0,Glc,d18:1,0:0
-7.2,0,3100,0,0,Glc,d18:1,0:0
-7,0,3100,0,0,Glc,d18:1,0:0
-6.8,0,3100,0,0,Glc,d18:1,0:0
-6.6,0,3100,0,0,Glc,d18:1,0:0
-6.4,0,3100,0,0,Glc,d18:1,0:0
-6.2,0,3100,0,0,Glc,d18:1,0:0
-6,0,3100,0,0,Glc,d18:1,0:0
-5.8,0,3100,0,0,Glc,d18:1,0:0
-5.6,0,3100,0,0,Glc,d18:1,0:0
-5.4,0,3100,0,0,Glc,d18:1,0:0
-5.2,0,3100,0,0,Glc,d18:1,0:0
-5,0,3100,0,0,Glc,d18:1,0:0
-4.8,0,3100,0,0,Glc,d18:1,0:0
-4.6,0,3100,0,0,Glc,d18:1,0:0
-4.4,0,3100,0,0,Glc,d18:1,0:0
-4.2,0,3100,0,0,Glc,d18:1,0:0
-4,0,3100,0,0,Glc,d18:1,0:0
-3.8,0,3100,0,0,Glc,d18:1,0:0
-3.6,0,3100,0,0,Glc,d18:1,0:0
-3.4,0,3100,0,0,Glc,d18:1,0:0
-3.2,0,3100,0,0,Glc,d18:1,0:0
-3,0,3100,0,0,Glc,d18:1,0:0
-2.8,0,3100,0,0,Glc,d18:1,0:0
-2.6,0,3100,0,0,Glc,d18:1,0:0
-2.4,0,3100,0,0,Glc,d18:1,0:0
-2.2,0,3100,0,0,Glc,d18:1,0:0
-2,0,3100,0,0,Glc,d18:1,0:0
-1.8,0,3100,0,0,Glc,d18:1,0:0
-1.6,0,3100,0,0,Glc,d18:1,0:0
-1.4,0,3100,0,0,Glc,d18:1,0:0
-1.2,0,3100,0,0,Glc,d18:1,0:0
-1,0,3100,0,0,Glc,d18:1,0:0
-0.8,0,3100,0,0,Glc,d18:1,0:0
-0.6,0,3100,0,0,Glc,d18:1,0:0
-0.4,0,3100,0,0,Glc,d18:1,0:0
-0.2,0,3100,0,0,Glc,d18:1,0:0
0,0,3100,0,0,Glc,d18:1,0:0
0.2,0,3100,0,0,Glc,d18:1,0:0
0.4,0,3100,0,0,Glc,d18:1,0:0
0.6,0,3100,0,0,Glc,d18:1,0:0
0.8,0,3100,0,0,Glc,d18:1,0:0
1,0,3100,0,0,Glc,d18:1,0:0
1.2,0,3100,0,0,Glc,d18:1,0:0
1.4,0,3100,0,0,Glc,d18:1,0:0
1.6,0,3100,0,0,Glc,d18:1,0:0
1.8,0,3100,0,0,Glc,d18:1,0:0
2,0,3100,0,0,Glc,d18:1,0:0
2.2,0,3100,0,0,Glc,d18:1,0:0
2.4,0,3100,0,0,Glc,d18:1,0:0
2.6,0,3100,0,0,Glc,d18:1,0:0
2.8,0,3100,0,0,Glc,d18:1,0:0
3,0,3100,0,0,Glc,d18:1,0:0
3.2,0,3100,0,0,Glc,d18:1,0:0
3.4,0,3100,0,0,Glc,d18:1,0:0
3.6,0,3100,0,0,Glc,d18:1,0:0
3.8,0,3100,0,0,Glc,d18:1,0:0
4,0,3100,0,0,Glc,d18:1,0:0
4.2,0,3100,0,0,Glc,d18:1,0:0
4.4,0,3100,0,0,Glc,d18:1,0:0
4.6,0,3100,0,0,Glc,d18:1,0:0
4.8,0,3100,0,0,Glc,d18:1,0:0
5,0,3100,0,0,Glc,d18:1,0:0
5.2,0,3100,0,0,Glc,d18:1,0:0
5.4,0,3100,0,0,Glc,d18:1,0:0
5.6,0,3100,0,0,Glc,d18:1,0:0
5.8,0,3100,0,0,Glc,d18:1,0:0
6,0,3100,0,0,Glc,d18:1,0:0
6.2,0,3100,0,0,Glc,d18:1,0:0
6.4,0,3100,0,0,Glc,d18:1,0:0
6.6,0,3100,0,0,Glc,d18:1,0:0
6.8,0,3100,0,0,Glc,d18:1,0:0
7,0,3100,0,0,Glc,d18:1,0:0
7.2,0,3100,0,0,Glc,d18:1,0:0
7.4,0,3100,0,0,Glc,d18:1,0:0
7.6,0,3100,0,0,Glc,d18:1,0:0
7.8,0,3100,0,0,Glc,d18:1,0:0
8,0,3100,0,0,Glc,d18:1,0:0
8.2,0,3100,0,0,Glc,d18:1,0:0
8.4,0,3100,0,0,Glc,d18:1,0:0
8.6,0,3100,0,0,Glc,d18:1,0:0
8.8,0,3100,0,0,Glc,d18:1,0:0
9,0,3100,0,0,Glc,d18:1,0:0
9.2,0,3100,0,0,Glc,d18:1,0:0
9.4,0,3100,0,0,Glc,d18:1,0:0
9.6,0,3100,0,0,Glc,d18:1,0:0
9.8,0,3100,0,0,Glc,d18:1,0:0
10,0,3100,0,0,Glc,d18:1,0:0
-10,4000,3200,0,0,Glc,d18:1,0:0
-9.8,5320,3200,0,0,Glc,d18:1,0:0
-9.6,3740,3200,0,0,Glc,d18:1,0:0
-9.4,3180,3200,0,0,Glc,d18:1,0:0
-9.2,1520,3200,0,0,Glc,d18:1,0:0
-9,880,3200,0,0,Glc,d18:1,0:0
-8.8,100,3200,0,0,Glc,d18:1,0:0
-8.6,0,3200,0,0,Glc,d18:1,0:0
-8.4,0,3200,0,0,Glc,d18:1,0:0
-8.2,0,3200,0,0,Glc,d18:1,0:0
-8,0,3200,0,0,Glc,d18:1,0:0
-7.8,0,3200,0,0,Glc,d18:1,0:0
-7.6,0,3200,0,0,Glc,d18:1,0:0
-7.4,0,3200,0,0,Glc,d18:1,0:0
-7.2,0,3200,0,0,Glc,d18:1,0:0
-7,0,3200,0,0,Glc,d18:1,0:0
-6.8,0,3200,0,0,Glc,d18:1,0:0
-6.6,0,3200,0,0,Glc,d18:1,0:0
-6.4,0,3200,0,0,Glc,d18:1,0:0
-6.2,0,3200,0,0,Glc,d18:1,0:0
-6,0,3200,0,0,Glc,d18:1,0:0
-5.8,0,3200,0,0,Glc,d18:1,0:0
-5.6,0,3200,0,0,Glc,d18:1,0:0
-5.4,0,3200,0,0,Glc,d18:1,0:0
-5.2,0,3200,0,0,Glc,d18:1,0:0
-5,0,3200,0,0,Glc,d18:1,0:0
-4.8,0,3200,0,0,Glc,d18:1,0:0
-4.6,0,3200,0,0,Glc,d18:1,0:0
-4.4,0,3200,0,0,Glc,d18:1,0:0
-4.2,0,3200,0,0,Glc,d18:1,0:0
-4,0,3200,0,0,Glc,d18:1,0:0
-3.8,0,3200,0,0,Glc,d18:1,0:0
-3.6,0,3200,0,0,Glc,d18:1,0:0
-3.4,0,3200,0,0,Glc,d18:1,0:0
-3.2,0,3200,0,0,Glc,d18:1,0:0
-3,0,3200,0,0,Glc,d18:1,0:0
-2.8,0,3200,0,0,Glc,d18:1,0:0
-2.6,0,3200,0,0,Glc,d18:1,0:0
-2.4,0,3200,0,0,Glc,d18:1,0:0
-2.2,0,3200,0,0,Glc,d18:1,0:0
-2,0,3200,0,0,Glc,d18:1,0:0
-1.8,0,3200,0,0,Glc,d18:1,0:0
-1.6,40,3200,0,0,Glc,d18:1,0:0
-1.4,0,3200,0,0,Glc,d18:1,0:0
-1.2,0,3200,0,0,Glc,d18:1,0:0
-1,0,3200,0,0,Glc,d18:1,0:0
-0.8,0,3200,0,0,Glc,d18:1,0:0
-0.6,0,3200,0,0,Glc,d18:1,0:0
-0.4,0,3200,0,0,Glc,d18:1,0:0
-0.2,0,3200,0,0,Glc,d18:1,0:0
0,0,3200,0,0,Glc,d18:1,0:0
0.2,20,3200,0,0,Glc,d18:1,0:0
0.4,0,3200,0,0,Glc,d18:1,0:0
0.6,0,3200,0,0,Glc,d18:1,0:0
0.8,0,3200,0,0,Glc,d18:1,0:0
1,0,3200,0,0,Glc,d18:1,0:0
1.2,0,3200,0,0,Glc,d18:1,0:0
1.4,0,3200,0,0,Glc,d18:1,0:0
1.6,0,3200,0,0,Glc,d18:1,0:0
1.8,0,3200,0,0,Glc,d18:1,0:0
2,0,3200,0,0,Glc,d18:1,0:0
2.2,0,3200,0,0,Glc,d18:1,0:0
2.4,0,3200,0,0,Glc,d18:1,0:0
2.6,0,3200,0,0,Glc,d18:1,0:0
2.8,0,3200,0,0,Glc,d18:1,0:0
3,0,3200,0,0,Glc,d18:1,0:0
3.2,0,3200,0,0,Glc,d18:1,0:0
3.4,0,3200,0,0,Glc,d18:1,0:0
3.6,0,3200,0,0,Glc,d18:1,0:0
3.8,0,3200,0,0,Glc,d18:1,0:0
4,0,3200,0,0,Glc,d18:1,0:0
4.2,0,3200,0,0,Glc,d18:1,0:0
4.4,0,3200,0,0,Glc,d18:1,0:0
4.6,0,3200,0,0,Glc,d18:1,0:0
4.8,0,3200,0,0,Glc,d18:1,0:0
5,0,3200,0,0,Glc,d18:1,0:0
5.2,0,3200,0,0,Glc,d18:1,0:0
5.4,0,3200,0,0,Glc,d18:1,0:0
5.6,0,3200,0,0,Glc,d18:1,0:0
5.8,0,3200,0,0,Glc,d18:1,0:0
6,0,3200,0,0,Glc,d18:1,0:0
6.2,0,3200,0,0,Glc,d18:1,0:0
6.4,0,3200,0,0,Glc,d18:1,0:0
6.6,0,3200,0,0,Glc,d18:1,0:0
6.8,0,3200,0,0,Glc,d18:1,0:0
7,0,3200,0,0,Glc,d18:1,0:0
7.2,0,3200,0,0,Glc,d18:1,0:0
7.4,0,3200,0,0,Glc,d18:1,0:0
7.6,0,3200,0,0,Glc,d18:1,0:0
7.8,0,3200,0,0,Glc,d18:1,0:0
8,0,3200,0,0,Glc,d18:1,0:0
8.2,0,3200,0,0,Glc,d18:1,0:0
8.4,0,3200,0,0,Glc,d18:1,0:0
8.6,0,3200,0,0,Glc,d18:1,0:0
8.8,0,3200,0,0,Glc,d18:1,0:0
9,0,3200,0,0,Glc,d18:1,0:0
9.2,0,3200,0,0,Glc,d18:1,0:0
9.4,0,3200,0,0,Glc,d18:1,0:0
9.6,0,3200,0,0,Glc,d18:1,0:0
9.8,0,3200,0,0,Glc,d18:1,0:0
10,0,3200,0,0,Glc,d18:1,0:0
-10,4120,3300,0,0,Glc,d18:1,0:0
-9.8,1760,3300,0,0,Glc,d18:1,0:0
-9.6,440,3300,0,0,Glc,d18:1,0:0
-9.4,80,3300,0,0,Glc,d18:1,0:0
-9.2,0,3300,0,0,Glc,d18:1,0:0
-9,40,3300,0,0,Glc,d18:1,0:0
-8.8,0,3300,0,0,Glc,d18:1,0:0
-8.6,0,3300,0,0,Glc,d18:1,0:0
-8.4,0,3300,0,0,Glc,d18:1,0:0
-8.2,0,3300,0,0,Glc,d18:1,0:0
-8,0,3300,0,0,Glc,d18:1,0:0
-7.8,0,3300,0,0,Glc,d18:1,0:0
-7.6,0,3300,0,0,Glc,d18:1,0:0
-7.4,20,3300,0,0,Glc,d18:1,0:0
-7.2,0,3300,0,0,Glc,d18:1,0:0
-7,0,3300,0,0,Glc,d18:1,0:0
-6.8,0,3300,0,0,Glc,d18:1,0:0
-6.6,0,3300,0,0,Glc,d18:1,0:0
-6.4,0,3300,0,0,Glc,d18:1,0:0
-6.2,0,3300,0,0,Glc,d18:1,0:0
-6,0,3300,0,0,Glc,d18:1,0:0
-5.8,0,3300,0,0,Glc,d18:1,0:0
-5.6,0,3300,0,0,Glc,d18:1,0:0
-5.4,0,3300,0,0,Glc,d18:1,0:0
-5.2,0,3300,0,0,Glc,d18:1,0:0
-5,0,3300,0,0,Glc,d18:1,0:0
-4.8,0,3300,0,0,Glc,d18:1,0:0
-4.6,0,3300,0,0,Glc,d18:1,0:0
-4.4,0,3300,0,0,Glc,d18:1,0:0
-4.2,0,3300,0,0,Glc,d18:1,0:0
-4,0,3300,0,0,Glc,d18:1,0:0
-3.8,0,3300,0,0,Glc,d18:1,0:0
-3.6,0,3300,0,0,Glc,d18:1,0:0
-3.4,0,3300,0,0,Glc,d18:1,0:0
-3.2,0,3300,0,0,Glc,d18:1,0:0
-3,0,3300,0,0,Glc,d18:1,0:0
-2.8,0,3300,0,0,Glc,d18:1,0:0
-2.6,0,3300,0,0,Glc,d18:1,0:0
-2.4,0,3300,0,0,Glc,d18:1,0:0
-2.2,0,3300,0,0,Glc,d18:1,0:0
-2,0,3300,0,0,Glc,d18:1,0:0
-1.8,0,3300,0,0,Glc,d18:1,0:0
-1.6,0,3300,0,0,Glc,d18:1,0:0
-1.4,0,3300,0,0,Glc,d18:1,0:0
-1.2,0,3300,0,0,Glc,d18:1,0:0
-1,0,3300,0,0,Glc,d18:1,0:0
-0.8,0,3300,0,0,Glc,d18:1,0:0
-0.6,0,3300,0,0,Glc,d18:1,0:0
-0.4,0,3300,0,0,Glc,d18:1,0:0
-0.2,0,3300,0,0,Glc,d18:1,0:0
0,0,3300,0,0,Glc,d18:1,0:0
0.2,0,3300,0,0,Glc,d18:1,0:0
0.4,0,3300,0,0,Glc,d18:1,0:0
0.6,0,3300,0,0,Glc,d18:1,0:0
0.8,0,3300,0,0,Glc,d18:1,0:0
1,20,3300,0,0,Glc,d18:1,0:0
1.2,0,3300,0,0,Glc,d18:1,0:0
1.4,0,3300,0,0,Glc,d18:1,0:0
1.6,0,3300,0,0,Glc,d18:1,0:0
1.8,0,3300,0,0,Glc,d18:1,0:0
2,0,3300,0,0,Glc,d18:1,0:0
2.2,0,3300,0,0,Glc,d18:1,0:0
2.4,0,3300,0,0,Glc,d18:1,0:0
2.6,0,3300,0,0,Glc,d18:1,0:0
2.8,0,3300,0,0,Glc,d18:1,0:0
3,0,3300,0,0,Glc,d18:1,0:0
3.2,0,3300,0,0,Glc,d18:1,0:0
3.4,0,3300,0,0,Glc,d18:1,0:0
3.6,0,3300,0,0,Glc,d18:1,0:0
3.8,0,3300,0,0,Glc,d18:1,0:0
4,0,3300,0,0,Glc,d18:1,0:0
4.2,0,3300,0,0,Glc,d18:1,0:0
4.4,0,3300,0,0,Glc,d18:1,0:0
4.6,0,3300,0,0,Glc,d18:1,0:0
4.8,0,3300,0,0,Glc,d18:1,0:0
5,0,3300,0,0,Glc,d18:1,0:0
5.2,0,3300,0,0,Glc,d18:1,0:0
5.4,0,3300,0,0,Glc,d18:1,0:0
5.6,0,3300,0,0,Glc,d18:1,0:0
5.8,0,3300,0,0,Glc,d18:1,0:0
6,0,3300,0,0,Glc,d18:1,0:0
6.2,0,3300,0,0,Glc,d18:1,0:0
6.4,0,3300,0,0,Glc,d18:1,0:0
6.6,0,3300,0,0,Glc,d18:1,0:0
6.8,0,3300,0,0,Glc,d18:1,0:0
7,0,3300,0,0,Glc,d18:1,0:0
7.2,0,3300,0,0,Glc,d18:1,0:0
7.4,0,3300,0,0,Glc,d18:1,0:0
7.6,0,3300,0,0,Glc,d18:1,0:0
7.8,0,3300,0,0,Glc,d18:1,0:0
8,0,3300,0,0,Glc,d18:1,0:0
8.2,0,3300,0,0,Glc,d18:1,0:0
8.4,0,3300,0,0,Glc,d18:1,0:0
8.6,0,3300,0,0,Glc,d18:1,0:0
8.8,0,3300,0,0,Glc,d18:1,0:0
9,0,3300,0,0,Glc,d18:1,0:0
9.2,0,3300,0,0,Glc,d18:1,0:0
9.4,0,3300,0,0,Glc,d18:1,0:0
9.6,0,3300,0,0,Glc,d18:1,0:0
9.8,0,3300,0,0,Glc,d18:1,0:0
10,0,3300,0,0,Glc,d18:1,0:0
-10,140,3400,0,0,Glc,d18:1,0:0
-9.8,20,3400,0,0,Glc,d18:1,0:0
-9.6,20,3400,0,0,Glc,d18:1,0:0
-9.4,0,3400,0,0,Glc,d18:1,0:0
-9.2,0,3400,0,0,Glc,d18:1,0:0
-9,0,3400,0,0,Glc,d18:1,0:0
-8.8,0,3400,0,0,Glc,d18:1,0:0
-8.6,0,3400,0,0,Glc,d18:1,0:0
-8.4,0,3400,0,0,Glc,d18:1,0:0
-8.2,0,3400,0,0,Glc,d18:1,0:0
-8,0,3400,0,0,Glc,d18:1,0:0
-7.8,0,3400,0,0,Glc,d18:1,0:0
-7.6,0,3400,0,0,Glc,d18:1,0:0
-7.4,0,3400,0,0,Glc,d18:1,0:0
-7.2,0,3400,0,0,Glc,d18:1,0:0
-7,0,3400,0,0,Glc,d18:1,0:0
-6.8,0,3400,0,0,Glc,d18:1,0:0
-6.6,0,3400,0,0,Glc,d18:1,0:0
-6.4,0,3400,0,0,Glc,d18:1,0:0
-6.2,0,3400,0,0,Glc,d18:1,0:0
-6,0,3400,0,0,Glc,d18:1,0:0
-5.8,0,3400,0,0,Glc,d18:1,0:0
-5.6,0,3400,0,0,Glc,d18:1,0:0
-5.4,0,3400,0,0,Glc,d18:1,0:0
-5.2,0,3400,0,0,Glc,d18:1,0:0
-5,0,3400,0,0,Glc,d18:1,0:0
-4.8,0,3400,0,0,Glc,d18:1,0:0
-4.6,0,3400,0,0,Glc,d18:1,0:0
-4.4,0,3400,0,0,Glc,d18:1,0:0
-4.2,0,3400,0,0,Glc,d18:1,0:0
-4,0,3400,0,0,Glc,d18:1,0:0
-3.8,0,3400,0,0,Glc,d18:1,0:0
-3.6,0,3400,0,0,Glc,d18:1,0:0
-3.4,0,3400,0,0,Glc,d18:1,0:0
-3.2,0,3400,0,0,Glc,d18:1,0:0
-3,0,3400,0,0,Glc,d18:1,0:0
-2.8,0,3400,0,0,Glc,d18:1,0:0
-2.6,0,3400,0,0,Glc,d18:1,0:0
-2.4,0,3400,0,0,Glc,d18:1,0:0
-2.2,0,3400,0,0,Glc,d18:1,0:0
-2,0,3400,0,0,Glc,d18:1,0:0
-1.8,0,3400,0,0,Glc,d18:1,0:0
-1.6,0,3400,0,0,Glc,d18:1,0:0
-1.4,0,3400,0,0,Glc,d18:1,0:0
-1.2,0,3400,0,0,Glc,d18:1,0:0
-1,0,3400,0,0,Glc,d18:1,0:0
-0.8,0,3400,0,0,Glc,d18:1,0:0
-0.6,0,3400,0,0,Glc,d18:1,0:0
-0.4,0,3400,0,0,Glc,d18:1,0:0
-0.2,0,3400,0,0,Glc,d18:1,0:0
0,0,3400,0,0,Glc,d18:1,0:0
0.2,0,3400,0,0,Glc,d18:1,0:0
0.4,0,3400,0,0,Glc,d18:1,0:0
0.6,0,3400,0,0,Glc,d18:1,0:0
0.8,0,3400,0,0,Glc,d18:1,0:0
1,0,3400,0,0,Glc,d18:1,0:0
1.2,0,3400,0,0,Glc,d18:1,0:0
1.4,0,3400,0,0,Glc,d18:1,0:0
1.6,0,3400,0,0,Glc,d18:1,0:0
1.8,0,3400,0,0,Glc,d18:1,0:0
2,0,3400,0,0,Glc,d18:1,0:0
2.2,0,3400,0,0,Glc,d18:1,0:0
2.4,0,3400,0,0,Glc,d18:1,0:0
2.6,0,3400,0,0,Glc,d18:1,0:0
2.8,0,3400,0,0,Glc,d18:1,0:0
3,0,3400,0,0,Glc,d18:1,0:0
3.2,0,3400,0,0,Glc,d18:1,0:0
3.4,0,3400,0,0,Glc,d18:1,0:0
3.6,0,3400,0,0,Glc,d18:1,0:0
3.8,0,3400,0,0,Glc,d18:1,0:0
4,0,3400,0,0,Glc,d18:1,0:0
4.2,0,3400,0,0,Glc,d18:1,0:0
4.4,0,3400,0,0,Glc,d18:1,0:0
4.6,0,3400,0,0,Glc,d18:1,0:0
4.8,0,3400,0,0,Glc,d18:1,0:0
5,0,3400,0,0,Glc,d18:1,0:0
5.2,0,3400,0,0,Glc,d18:1,0:0
5.4,0,3400,0,0,Glc,d18:1,0:0
5.6,0,3400,0,0,Glc,d18:1,0:0
5.8,0,3400,0,0,Glc,d18:1,0:0
6,0,3400,0,0,Glc,d18:1,0:0
6.2,0,3400,0,0,Glc,d18:1,0:0
6.4,0,3400,0,0,Glc,d18:1,0:0
6.6,0,3400,0,0,Glc,d18:1,0:0
6.8,0,3400,0,0,Glc,d18:1,0:0
7,0,3400,0,0,Glc,d18:1,0:0
7.2,0,3400,0,0,Glc,d18:1,0:0
7.4,0,3400,0,0,Glc,d18:1,0:0
7.6,0,3400,0,0,Glc,d18:1,0:0
7.8,0,3400,0,0,Glc,d18:1,0:0
8,0,3400,0,0,Glc,d18:1,0:0
8.2,0,3400,0,0,Glc,d18:1,0:0
8.4,0,3400,0,0,Glc,d18:1,0:0
8.6,0,3400,0,0,Glc,d18:1,0:0
8.8,0,3400,0,0,Glc,d18:1,0:0
9,0,3400,0,0,Glc,d18:1,0:0
9.2,0,3400,0,0,Glc,d18:1,0:0
9.4,0,3400,0,0,Glc,d18:1,0:0
9.6,0,3400,0,0,Glc,d18:1,0:0
9.8,0,3400,0,0,Glc,d18:1,0:0
10,0,3400,0,0,Glc,d18:1,0:0
-10,0,3500,0,0,Glc,d18:1,0:0
-9.8,0,3500,0,0,Glc,d18:1,0:0
-9.6,0,3500,0,0,Glc,d18:1,0:0
-9.4,0,3500,0,0,Glc,d18:1,0:0
-9.2,0,3500,0,0,Glc,d18:1,0:0
-9,0,3500,0,0,Glc,d18:1,0:0
-8.8,0,3500,0,0,Glc,d18:1,0:0
-8.6,0,3500,0,0,Glc,d18:1,0:0
-8.4,0,3500,0,0,Glc,d18:1,0:0
-8.2,0,3500,0,0,Glc,d18:1,0:0
-8,0,3500,0,0,Glc,d18:1,0:0
-7.8,0,3500,0,0,Glc,d18:1,0:0
-7.6,0,3500,0,0,Glc,d18:1,0:0
-7.4,0,3500,0,0,Glc,d18:1,0:0
-7.2,0,3500,0,0,Glc,d18:1,0:0
-7,0,3500,0,0,Glc,d18:1,0:0
-6.8,0,3500,0,0,Glc,d18:1,0:0
-6.6,0,3500,0,0,Glc,d18:1,0:0
-6.4,0,3500,0,0,Glc,d18:1,0:0
-6.2,0,3500,0,0,Glc,d18:1,0:0
-6,0,3500,0,0,Glc,d18:1,0:0
-5.8,0,3500,0,0,Glc,d18:1,0:0
-5.6,0,3500,0,0,Glc,d18:1,0:0
-5.4,0,3500,0,0,Glc,d18:1,0:0
-5.2,0,3500,0,0,Glc,d18:1,0:0
-5,0,3500,0,0,Glc,d18:1,0:0
-4.8,0,3500,0,0,Glc,d18:1,0:0
-4.6,0,3500,0,0,Glc,d18:1,0:0
-4.4,0,3500,0,0,Glc,d18:1,0:0
-4.2,0,3500,0,0,Glc,d18:1,0:0
-4,0,3500,0,0,Glc,d18:1,0:0
-3.8,0,3500,0,0,Glc,d18:1,0:0
-3.6,0,3500,0,0,Glc,d18:1,0:0
-3.4,0,3500,0,0,Glc,d18:1,0:0
-3.2,0,3500,0,0,Glc,d18:1,0:0
-3,0,3500,0,0,Glc,d18:1,0:0
-2.8,0,3500,0,0,Glc,d18:1,0:0
-2.6,0,3500,0,0,Glc,d18:1,0:0
-2.4,0,3500,0,0,Glc,d18:1,0:0
-2.2,0,3500,0,0,Glc,d18:1,0:0
-2,0,3500,0,0,Glc,d18:1,0:0
-1.8,0,3500,0,0,Glc,d18:1,0:0
-1.6,0,3500,0,0,Glc,d18:1,0:0
-1.4,0,3500,0,0,Glc,d18:1,0:0
-1.2,0,3500,0,0,Glc,d18:1,0:0
-1,0,3500,0,0,Glc,d18:1,0:0
-0.8,0,3500,0,0,Glc,d18:1,0:0
-0.6,0,3500,0,0,Glc,d18:1,0:0
-0.4,0,3500,0,0,Glc,d18:1,0:0
-0.2,0,3500,0,0,Glc,d18:1,0:0
0,0,3500,0,0,Glc,d18:1,0:0
0.2,0,3500,0,0,Glc,d18:1,0:0
0.4,0,3500,0,0,Glc,d18:1,0:0
0.6,0,3500,0,0,Glc,d18:1,0:0
0.8,0,3500,0,0,Glc,d18:1,0:0
1,0,3500,0,0,Glc,d18:1,0:0
1.2,0,3500,0,0,Glc,d18:1,0:0
1.4,0,3500,0,0,Glc,d18:1,0:0
1.6,0,3500,0,0,Glc,d18:1,0:0
1.8,40,3500,0,0,Glc,d18:1,0:0
2,0,3500,0,0,Glc,d18:1,0:0
2.2,0,3500,0,0,Glc,d18:1,0:0
2.4,0,3500,0,0,Glc,d18:1,0:0
2.6,0,3500,0,0,Glc,d18:1,0:0
2.8,0,3500,0,0,Glc,d18:1,0:0
3,0,3500,0,0,Glc,d18:1,0:0
3.2,0,3500,0,0,Glc,d18:1,0:0
3.4,0,3500,0,0,Glc,d18:1,0:0
3.6,0,3500,0,0,Glc,d18:1,0:0
3.8,0,3500,0,0,Glc,d18:1,0:0
4,0,3500,0,0,Glc,d18:1,0:0
4.2,0,3500,0,0,Glc,d18:1,0:0
4.4,0,3500,0,0,Glc,d18:1,0:0
4.6,0,3500,0,0,Glc,d18:1,0:0
4.8,0,3500,0,0,Glc,d18:1,0:0
5,0,3500,0,0,Glc,d18:1,0:0
5.2,0,3500,0,0,Glc,d18:1,0:0
5.4,0,3500,0,0,Glc,d18:1,0:0
5.6,0,3500,0,0,Glc,d18:1,0:0
5.8,0,3500,0,0,Glc,d18:1,0:0
6,0,3500,0,0,Glc,d18:1,0:0
6.2,0,3500,0,0,Glc,d18:1,0:0
6.4,0,3500,0,0,Glc,d18:1,0:0
6.6,0,3500,0,0,Glc,d18:1,0:0
6.8,0,3500,0,0,Glc,d18:1,0:0
7,0,3500,0,0,Glc,d18:1,0:0
7.2,0,3500,0,0,Glc,d18:1,0:0
7.4,0,3500,0,0,Glc,d18:1,0:0
7.6,0,3500,0,0,Glc,d18:1,0:0
7.8,0,3500,0,0,Glc,d18:1,0:0
8,0,3500,0,0,Glc,d18:1,0:0
8.2,0,3500,0,0,Glc,d18:1,0:0
8.4,0,3500,0,0,Glc,d18:1,0:0
8.6,0,3500,0,0,Glc,d18:1,0:0
8.8,0,3500,0,0,Glc,d18:1,0:0
9,0,3500,0,0,Glc,d18:1,0:0
9.2,0,3500,0,0,Glc,d18:1,0:0
9.4,0,3500,0,0,Glc,d18:1,0:0
9.6,0,3500,0,0,Glc,d18:1,0:0
9.8,0,3500,0,0,Glc,d18:1,0:0
10,0,3500,0,0,Glc,d18:1,0:0
-10,0,3600,0,0,Glc,d18:1,0:0
-9.8,0,3600,0,0,Glc,d18:1,0:0
-9.6,0,3600,0,0,Glc,d18:1,0:0
-9.4,0,3600,0,0,Glc,d18:1,0:0
-9.2,0,3600,0,0,Glc,d18:1,0:0
-9,0,3600,0,0,Glc,d18:1,0:0
-8.8,0,3600,0,0,Glc,d18:1,0:0
-8.6,0,3600,0,0,Glc,d18:1,0:0
-8.4,0,3600,0,0,Glc,d18:1,0:0
-8.2,0,3600,0,0,Glc,d18:1,0:0
-8,0,3600,0,0,Glc,d18:1,0:0
-7.8,0,3600,0,0,Glc,d18:1,0:0
-7.6,0,3600,0,0,Glc,d18:1,0:0
-7.4,0,3600,0,0,Glc,d18:1,0:0
-7.2,0,3600,0,0,Glc,d18:1,0:0
-7,0,3600,0,0,Glc,d18:1,0:0
-6.8,0,3600,0,0,Glc,d18:1,0:0
-6.6,0,3600,0,0,Glc,d18:1,0:0
-6.4,0,3600,0,0,Glc,d18:1,0:0
-6.2,0,3600,0,0,Glc,d18:1,0:0
-6,0,3600,0,0,Glc,d18:1,0:0
-5.8,0,3600,0,0,Glc,d18:1,0:0
-5.6,0,3600,0,0,Glc,d18:1,0:0
-5.4,0,3600,0,0,Glc,d18:1,0:0
-5.2,0,3600,0,0,Glc,d18:1,0:0
-5,0,3600,0,0,Glc,d18:1,0:0
-4.8,0,3600,0,0,Glc,d18:1,0:0
-4.6,0,3600,0,0,Glc,d18:1,0:0
-4.4,0,3600,0,0,Glc,d18:1,0:0
-4.2,0,3600,0,0,Glc,d18:1,0:0
-4,0,3600,0,0,Glc,d18:1,0:0
-3.8,0,3600,0,0,Glc,d18:1,0:0
-3.6,0,3600,0,0,Glc,d18:1,0:0
-3.4,0,3600,0,0,Glc,d18:1,0:0
-3.2,0,3600,0,0,Glc,d18:1,0:0
-3,0,3600,0,0,Glc,d18:1,0:0
-2.8,0,3600,0,0,Glc,d18:1,0:0
-2.6,0,3600,0,0,Glc,d18:1,0:0
-2.4,0,3600,0,0,Glc,d18:1,0:0
-2.2,0,3600,0,0,Glc,d18:1,0:0
-2,0,3600,0,0,Glc,d18:1,0:0
-1.8,0,3600,0,0,Glc,d18:1,0:0
-1.6,0,3600,0,0,Glc,d18:1,0:0
-1.4,0,3600,0,0,Glc,d18:1,0:0
-1.2,20,3600,0,0,Glc,d18:1,0:0
-1,0,3600,0,0,Glc,d18:1,0:0
-0.8,0,3600,0,0,Glc,d18:1,0:0
-0.6,0,3600,0,0,Glc,d18:1,0:0
-0.4,0,3600,0,0,Glc,d18:1,0:0
-0.2,0,3600,0,0,Glc,d18:1,0:0
0,0,3600,0,0,Glc,d18:1,0:0
0.2,0,3600,0,0,Glc,d18:1,0:0
0.4,0,3600,0,0,Glc,d18:1,0:0
0.6,0,3600,0,0,Glc,d18:1,0:0
0.8,0,3600,0,0,Glc,d18:1,0:0
1,0,3600,0,0,Glc,d18:1,0:0
1.2,0,3600,0,0,Glc,d18:1,0:0
1.4,0,3600,0,0,Glc,d18:1,0:0
1.6,0,3600,0,0,Glc,d18:1,0:0
1.8,0,3600,0,0,Glc,d18:1,0:0
2,0,3600,0,0,Glc,d18:1,0:0
2.2,0,3600,0,0,Glc,d18:1,0:0
2.4,0,3600,0,0,Glc,d18:1,0:0
2.6,0,3600,0,0,Glc,d18:1,0:0
2.8,0,3600,0,0,Glc,d18:1,0:0
3,0,3600,0,0,Glc,d18:1,0:0
3.2,0,3600,0,0,Glc,d18:1,0:0
3.4,0,3600,0,0,Glc,d18:1,0:0
3.6,0,3600,0,0,Glc,d18:1,0:0
3.8,0,3600,0,0,Glc,d18:1,0:0
4,0,3600,0,0,Glc,d18:1,0:0
4.2,0,3600,0,0,Glc,d18:1,0:0
4.4,0,3600,0,0,Glc,d18:1,0:0
4.6,0,3600,0,0,Glc,d18:1,0:0
4.8,0,3600,0,0,Glc,d18:1,0:0
5,0,3600,0,0,Glc,d18:1,0:0
5.2,0,3600,0,0,Glc,d18:1,0:0
5.4,0,3600,0,0,Glc,d18:1,0:0
5.6,0,3600,0,0,Glc,d18:1,0:0
5.8,0,3600,0,0,Glc,d18:1,0:0
6,0,3600,0,0,Glc,d18:1,0:0
6.2,0,3600,0,0,Glc,d18:1,0:0
6.4,0,3600,0,0,Glc,d18:1,0:0
6.6,0,3600,0,0,Glc,d18:1,0:0
6.8,0,3600,0,0,Glc,d18:1,0:0
7,0,3600,0,0,Glc,d18:1,0:0
7.2,0,3600,0,0,Glc,d18:1,0:0
7.4,0,3600,0,0,Glc,d18:1,0:0
7.6,0,3600,0,0,Glc,d18:1,0:0
7.8,0,3600,0,0,Glc,d18:1,0:0
8,0,3600,0,0,Glc,d18:1,0:0
8.2,0,3600,0,0,Glc,d18:1,0:0
8.4,0,3600,0,0,Glc,d18:1,0:0
8.6,0,3600,0,0,Glc,d18:1,0:0
8.8,0,3600,0,0,Glc,d18:1,0:0
9,0,3600,0,0,Glc,d18:1,0:0
9.2,0,3600,0,0,Glc,d18:1,0:0
9.4,0,3600,0,0,Glc,d18:1,0:0
9.6,0,3600,0,0,Glc,d18:1,0:0
9.8,0,3600,0,0,Glc,d18:1,0:0
10,0,3600,0,0,Glc,d18:1,0:0
-10,0,3700,0,0,Glc,d18:1,0:0
-9.8,0,3700,0,0,Glc,d18:1,0:0
-9.6,0,3700,0,0,Glc,d18:1,0:0
-9.4,0,3700,0,0,Glc,d18:1,0:0
-9.2,0,3700,0,0,Glc,d18:1,0:0
-9,0,3700,0,0,Glc,d18:1,0:0
-8.8,0,3700,0,0,Glc,d18:1,0:0
-8.6,0,3700,0,0,Glc,d18:1,0:0
-8.4,0,3700,0,0,Glc,d18:1,0:0
-8.2,0,3700,0,0,Glc,d18:1,0:0
-8,0,3700,0,0,Glc,d18:1,0:0
-7.8,0,3700,0,0,Glc,d18:1,0:0
-7.6,0,3700,0,0,Glc,d18:1,0:0
-7.4,0,3700,0,0,Glc,d18:1,0:0
-7.2,0,3700,0,0,Glc,d18:1,0:0
-7,0,3700,0,0,Glc,d18:1,0:0
-6.8,0,3700,0,0,Glc,d18:1,0:0
-6.6,0,3700,0,0,Glc,d18:1,0:0
-6.4,0,3700,0,0,Glc,d18:1,0:0
-6.2,0,3700,0,0,Glc,d18:1,0:0
-6,0,3700,0,0,Glc,d18:1,0:0
-5.8,0,3700,0,0,Glc,d18:1,0:0
-5.6,0,3700,0,0,Glc,d18:1,0:0
-5.4,0,3700,0,0,Glc,d18:1,0:0
-5.2,0,3700,0,0,Glc,d18:1,0:0
-5,0,3700,0,0,Glc,d18:1,0:0
-4.8,0,3700,0,0,Glc,d18:1,0:0
-4.6,0,3700,0,0,Glc,d18:1,0:0
-4.4,0,3700,0,0,Glc,d18:1,0:0
-4.2,0,3700,0,0,Glc,d18:1,0:0
-4,0,3700,0,0,Glc,d18:1,0:0
-3.8,0,3700,0,0,Glc,d18:1,0:0
-3.6,0,3700,0,0,Glc,d18:1,0:0
-3.4,0,3700,0,0,Glc,d18:1,0:0
-3.2,0,3700,0,0,Glc,d18:1,0:0
-3,0,3700,0,0,Glc,d18:1,0:0
-2.8,0,3700,0,0,Glc,d18:1,0:0
-2.6,0,3700,0,0,Glc,d18:1,0:0
-2.4,0,3700,0,0,Glc,d18:1,0:0
-2.2,0,3700,0,0,Glc,d18:1,0:0
-2,0,3700,0,0,Glc,d18:1,0:0
-1.8,0,3700,0,0,Glc,d18:1,0:0
-1.6,0,3700,0,0,Glc,d18:1,0:0
-1.4,0,3700,0,0,Glc,d18:1,0:0
-1.2,0,3700,0,0,Glc,d18:1,0:0
-1,0,3700,0,0,Glc,d18:1,0:0
-0.8,0,3700,0,0,Glc,d18:1,0:0
-0.6,0,3700,0,0,Glc,d18:1,0:0
-0.4,0,3700,0,0,Glc,d18:1,0:0
-0.2,0,3700,0,0,Glc,d18:1,0:0
0,0,3700,0,0,Glc,d18:1,0:0
0.2,0,3700,0,0,Glc,d18:1,0:0
0.4,0,3700,0,0,Glc,d18:1,0:0
0.6,0,3700,0,0,Glc,d18:1,0:0
0.8,0,3700,0,0,Glc,d18:1,0:0
1,0,3700,0,0,Glc,d18:1,0:0
1.2,0,3700,0,0,Glc,d18:1,0:0
1.4,0,3700,0,0,Glc,d18:1,0:0
1.6,0,3700,0,0,Glc,d18:1,0:0
1.8,0,3700,0,0,Glc,d18:1,0:0
2,0,3700,0,0,Glc,d18:1,0:0
2.2,0,3700,0,0,Glc,d18:1,0:0
2.4,0,3700,0,0,Glc,d18:1,0:0
2.6,0,3700,0,0,Glc,d18:1,0:0
2.8,0,3700,0,0,Glc,d18:1,0:0
3,0,3700,0,0,Glc,d18:1,0:0
3.2,0,3700,0,0,Glc,d18:1,0:0
3.4,0,3700,0,0,Glc,d18:1,0:0
3.6,0,3700,0,0,Glc,d18:1,0:0
3.8,0,3700,0,0,Glc,d18:1,0:0
4,0,3700,0,0,Glc,d18:1,0:0
4.2,0,3700,0,0,Glc,d18:1,0:0
4.4,0,3700,0,0,Glc,d18:1,0:0
4.6,0,3700,0,0,Glc,d18:1,0:0
4.8,0,3700,0,0,Glc,d18:1,0:0
5,0,3700,0,0,Glc,d18:1,0:0
5.2,0,3700,0,0,Glc,d18:1,0:0
5.4,0,3700,0,0,Glc,d18:1,0:0
5.6,0,3700,0,0,Glc,d18:1,0:0
5.8,0,3700,0,0,Glc,d18:1,0:0
6,0,3700,0,0,Glc,d18:1,0:0
6.2,0,3700,0,0,Glc,d18:1,0:0
6.4,0,3700,0,0,Glc,d18:1,0:0
6.6,0,3700,0,0,Glc,d18:1,0:0
6.8,0,3700,0,0,Glc,d18:1,0:0
7,0,3700,0,0,Glc,d18:1,0:0
7.2,0,3700,0,0,Glc,d18:1,0:0
7.4,0,3700,0,0,Glc,d18:1,0:0
7.6,0,3700,0,0,Glc,d18:1,0:0
7.8,0,3700,0,0,Glc,d18:1,0:0
8,0,3700,0,0,Glc,d18:1,0:0
8.2,0,3700,0,0,Glc,d18:1,0:0
8.4,0,3700,0,0,Glc,d18:1,0:0
8.6,0,3700,0,0,Glc,d18:1,0:0
8.8,0,3700,0,0,Glc,d18:1,0:0
9,0,3700,0,0,Glc,d18:1,0:0
9.2,0,3700,0,0,Glc,d18:1,0:0
9.4,0,3700,0,0,Glc,d18:1,0:0
9.6,0,3700,0,0,Glc,d18:1,0:0
9.8,0,3700,0,0,Glc,d18:1,0:0
10,0,3700,0,0,Glc,d18:1,0:0
-10,0,3800,0,0,Glc,d18:1,0:0
-9.8,0,3800,0,0,Glc,d18:1,0:0
-9.6,0,3800,0,0,Glc,d18:1,0:0
-9.4,0,3800,0,0,Glc,d18:1,0:0
-9.2,0,3800,0,0,Glc,d18:1,0:0
-9,0,3800,0,0,Glc,d18:1,0:0
-8.8,0,3800,0,0,Glc,d18:1,0:0
-8.6,0,3800,0,0,Glc,d18:1,0:0
-8.4,0,3800,0,0,Glc,d18:1,0:0
-8.2,0,3800,0,0,Glc,d18:1,0:0
-8,0,3800,0,0,Glc,d18:1,0:0
-7.8,0,3800,0,0,Glc,d18:1,0:0
-7.6,0,3800,0,0,Glc,d18:1,0:0
-7.4,0,3800,0,0,Glc,d18:1,0:0
-7.2,0,3800,0,0,Glc,d18:1,0:0
-7,0,3800,0,0,Glc,d18:1,0:0
-6.8,0,3800,0,0,Glc,d18:1,0:0
-6.6,0,3800,0,0,Glc,d18:1,0:0
-6.4,0,3800,0,0,Glc,d18:1,0:0
-6.2,0,3800,0,0,Glc,d18:1,0:0
-6,0,3800,0,0,Glc,d18:1,0:0
-5.8,0,3800,0,0,Glc,d18:1,0:0
-5.6,0,3800,0,0,Glc,d18:1,0:0
-5.4,0,3800,0,0,Glc,d18:1,0:0
-5.2,0,3800,0,0,Glc,d18:1,0:0
-5,0,3800,0,0,Glc,d18:1,0:0
-4.8,0,3800,0,0,Glc,d18:1,0:0
-4.6,0,3800,0,0,Glc,d18:1,0:0
-4.4,0,3800,0,0,Glc,d18:1,0:0
-4.2,0,3800,0,0,Glc,d18:1,0:0
-4,0,3800,0,0,Glc,d18:1,0:0
-3.8,0,3800,0,0,Glc,d18:1,0:0
-3.6,0,3800,0,0,Glc,d18:1,0:0
-3.4,0,3800,0,0,Glc,d18:1,0:0
-3.2,0,3800,0,0,Glc,d18:1,0:0
-3,0,3800,0,0,Glc,d18:1,0:0
-2.8,0,3800,0,0,Glc,d18:1,0:0
-2.6,0,3800,0,0,Glc,d18:1,0:0
-2.4,0,3800,0,0,Glc,d18:1,0:0
-2.2,0,3800,0,0,Glc,d18:1,0:0
-2,0,3800,0,0,Glc,d18:1,0:0
-1.8,0,3800,0,0,Glc,d18:1,0:0
-1.6,0,3800,0,0,Glc,d18:1,0:0
-1.4,0,3800,0,0,Glc,d18:1,0:0
-1.2,0,3800,0,0,Glc,d18:1,0:0
-1,0,3800,0,0,Glc,d18:1,0:0
-0.8,0,3800,0,0,Glc,d18:1,0:0
-0.6,0,3800,0,0,Glc,d18:1,0:0
-0.4,0,3800,0,0,Glc,d18:1,0:0
-0.2,0,3800,0,0,Glc,d18:1,0:0
0,0,3800,0,0,Glc,d18:1,0:0
0.2,0,3800,0,0,Glc,d18:1,0:0
0.4,0,3800,0,0,Glc,d18:1,0:0
0.6,0,3800,0,0,Glc,d18:1,0:0
0.8,0,3800,0,0,Glc,d18:1,0:0
1,0,3800,0,0,Glc,d18:1,0:0
1.2,0,3800,0,0,Glc,d18:1,0:0
1.4,0,3800,0,0,Glc,d18:1,0:0
1.6,0,3800,0,0,Glc,d18:1,0:0
1.8,0,3800,0,0,Glc,d18:1,0:0
2,0,3800,0,0,Glc,d18:1,0:0
2.2,0,3800,0,0,Glc,d18:1,0:0
2.4,0,3800,0,0,Glc,d18:1,0:0
2.6,0,3800,0,0,Glc,d18:1,0:0
2.8,0,3800,0,0,Glc,d18:1,0:0
3,0,3800,0,0,Glc,d18:1,0:0
3.2,0,3800,0,0,Glc,d18:1,0:0
3.4,0,3800,0,0,Glc,d18:1,0:0
3.6,0,3800,0,0,Glc,d18:1,0:0
3.8,0,3800,0,0,Glc,d18:1,0:0
4,0,3800,0,0,Glc,d18:1,0:0
4.2,0,3800,0,0,Glc,d18:1,0:0
4.4,0,3800,0,0,Glc,d18:1,0:0
4.6,0,3800,0,0,Glc,d18:1,0:0
4.8,0,3800,0,0,Glc,d18:1,0:0
5,0,3800,0,0,Glc,d18:1,0:0
5.2,0,3800,0,0,Glc,d18:1,0:0
5.4,0,3800,0,0,Glc,d18:1,0:0
5.6,0,3800,0,0,Glc,d18:1,0:0
5.8,0,3800,0,0,Glc,d18:1,0:0
6,0,3800,0,0,Glc,d18:1,0:0
6.2,0,3800,0,0,Glc,d18:1,0:0
6.4,0,3800,0,0,Glc,d18:1,0:0
6.6,0,3800,0,0,Glc,d18:1,0:0
6.8,0,3800,0,0,Glc,d18:1,0:0
7,0,3800,0,0,Glc,d18:1,0:0
7.2,0,3800,0,0,Glc,d18:1,0:0
7.4,0,3800,0,0,Glc,d18:1,0:0
7.6,0,3800,0,0,Glc,d18:1,0:0
7.8,0,3800,0,0,Glc,d18:1,0:0
8,0,3800,0,0,Glc,d18:1,0:0
8.2,0,3800,0,0,Glc,d18:1,0:0
8.4,0,3800,0,0,Glc,d18:1,0:0
8.6,0,3800,0,0,Glc,d18:1,0:0
8.8,0,3800,0,0,Glc,d18:1,0:0
9,0,3800,0,0,Glc,d18:1,0:0
9.2,0,3800,0,0,Glc,d18:1,0:0
9.4,0,3800,0,0,Glc,d18:1,0:0
9.6,0,3800,0,0,Glc,d18:1,0:0
9.8,0,3800,0,0,Glc,d18:1,0:0
10,0,3800,0,0,Glc,d18:1,0:0
-10,0,3900,0,0,Glc,d18:1,0:0
-9.8,0,3900,0,0,Glc,d18:1,0:0
-9.6,0,3900,0,0,Glc,d18:1,0:0
-9.4,0,3900,0,0,Glc,d18:1,0:0
-9.2,0,3900,0,0,Glc,d18:1,0:0
-9,0,3900,0,0,Glc,d18:1,0:0
-8.8,0,3900,0,0,Glc,d18:1,0:0
-8.6,0,3900,0,0,Glc,d18:1,0:0
-8.4,0,3900,0,0,Glc,d18:1,0:0
-8.2,0,3900,0,0,Glc,d18:1,0:0
-8,0,3900,0,0,Glc,d18:1,0:0
-7.8,0,3900,0,0,Glc,d18:1,0:0
-7.6,0,3900,0,0,Glc,d18:1,0:0
-7.4,0,3900,0,0,Glc,d18:1,0:0
-7.2,0,3900,0,0,Glc,d18:1,0:0
-7,0,3900,0,0,Glc,d18:1,0:0
-6.8,0,3900,0,0,Glc,d18:1,0:0
-6.6,0,3900,0,0,Glc,d18:1,0:0
-6.4,0,3900,0,0,Glc,d18:1,0:0
-6.2,0,3900,0,0,Glc,d18:1,0:0
-6,0,3900,0,0,Glc,d18:1,0:0
-5.8,0,3900,0,0,Glc,d18:1,0:0
-5.6,0,3900,0,0,Glc,d18:1,0:0
-5.4,0,3900,0,0,Glc,d18:1,0:0
-5.2,0,3900,0,0,Glc,d18:1,0:0
-5,0,3900,0,0,Glc,d18:1,0:0
-4.8,0,3900,0,0,Glc,d18:1,0:0
-4.6,0,3900,0,0,Glc,d18:1,0:0
-4.4,0,3900,0,0,Glc,d18:1,0:0
-4.2,0,3900,0,0,Glc,d18:1,0:0
-4,0,3900,0,0,Glc,d18:1,0:0
-3.8,0,3900,0,0,Glc,d18:1,0:0
-3.6,0,3900,0,0,Glc,d18:1,0:0
-3.4,0,3900,0,0,Glc,d18:1,0:0
-3.2,0,3900,0,0,Glc,d18:1,0:0
-3,0,3900,0,0,Glc,d18:1,0:0
-2.8,0,3900,0,0,Glc,d18:1,0:0
-2.6,0,3900,0,0,Glc,d18:1,0:0
-2.4,0,3900,0,0,Glc,d18:1,0:0
-2.2,0,3900,0,0,Glc,d18:1,0:0
-2,0,3900,0,0,Glc,d18:1,0:0
-1.8,0,3900,0,0,Glc,d18:1,0:0
-1.6,0,3900,0,0,Glc,d18:1,0:0
-1.4,0,3900,0,0,Glc,d18:1,0:0
-1.2,0,3900,0,0,Glc,d18:1,0:0
-1,0,3900,0,0,Glc,d18:1,0:0
-0.8,0,3900,0,0,Glc,d18:1,0:0
-0.6,0,3900,0,0,Glc,d18:1,0:0
-0.4,0,3900,0,0,Glc,d18:1,0:0
-0.2,0,3900,0,0,Glc,d18:1,0:0
0,0,3900,0,0,Glc,d18:1,0:0
0.2,0,3900,0,0,Glc,d18:1,0:0
0.4,0,3900,0,0,Glc,d18:1,0:0
0.6,0,3900,0,0,Glc,d18:1,0:0
0.8,0,3900,0,0,Glc,d18:1,0:0
1,0,3900,0,0,Glc,d18:1,0:0
1.2,0,3900,0,0,Glc,d18:1,0:0
1.4,0,3900,0,0,Glc,d18:1,0:0
1.6,0,3900,0,0,Glc,d18:1,0:0
1.8,20,3900,0,0,Glc,d18:1,0:0
2,0,3900,0,0,Glc,d18:1,0:0
2.2,0,3900,0,0,Glc,d18:1,0:0
2.4,0,3900,0,0,Glc,d18:1,0:0
2.6,0,3900,0,0,Glc,d18:1,0:0
2.8,0,3900,0,0,Glc,d18:1,0:0
3,0,3900,0,0,Glc,d18:1,0:0
3.2,0,3900,0,0,Glc,d18:1,0:0
3.4,0,3900,0,0,Glc,d18:1,0:0
3.6,0,3900,0,0,Glc,d18:1,0:0
3.8,0,3900,0,0,Glc,d18:1,0:0
4,0,3900,0,0,Glc,d18:1,0:0
4.2,0,3900,0,0,Glc,d18:1,0:0
4.4,0,3900,0,0,Glc,d18:1,0:0
4.6,0,3900,0,0,Glc,d18:1,0:0
4.8,0,3900,0,0,Glc,d18:1,0:0
5,0,3900,0,0,Glc,d18:1,0:0
5.2,0,3900,0,0,Glc,d18:1,0:0
5.4,0,3900,0,0,Glc,d18:1,0:0
5.6,0,3900,0,0,Glc,d18:1,0:0
5.8,0,3900,0,0,Glc,d18:1,0:0
6,0,3900,0,0,Glc,d18:1,0:0
6.2,0,3900,0,0,Glc,d18:1,0:0
6.4,0,3900,0,0,Glc,d18:1,0:0
6.6,0,3900,0,0,Glc,d18:1,0:0
6.8,0,3900,0,0,Glc,d18:1,0:0
7,0,3900,0,0,Glc,d18:1,0:0
7.2,0,3900,0,0,Glc,d18:1,0:0
7.4,0,3900,0,0,Glc,d18:1,0:0
7.6,0,3900,0,0,Glc,d18:1,0:0
7.8,0,3900,0,0,Glc,d18:1,0:0
8,0,3900,0,0,Glc,d18:1,0:0
8.2,0,3900,0,0,Glc,d18:1,0:0
8.4,0,3900,0,0,Glc,d18:1,0:0
8.6,0,3900,0,0,Glc,d18:1,0:0
8.8,0,3900,0,0,Glc,d18:1,0:0
9,0,3900,0,0,Glc,d18:1,0:0
9.2,0,3900,0,0,Glc,d18:1,0:0
9.4,0,3900,0,0,Glc,d18:1,0:0
9.6,0,3900,0,0,Glc,d18:1,0:0
9.8,0,3900,0,0,Glc,d18:1,0:0
10,0,3900,0,0,Glc,d18:1,0:0
-10,0,4000,0,0,Glc,d18:1,0:0
-9.8,0,4000,0,0,Glc,d18:1,0:0
-9.6,0,4000,0,0,Glc,d18:1,0:0
-9.4,0,4000,0,0,Glc,d18:1,0:0
-9.2,0,4000,0,0,Glc,d18:1,0:0
-9,0,4000,0,0,Glc,d18:1,0:0
-8.8,0,4000,0,0,Glc,d18:1,0:0
-8.6,0,4000,0,0,Glc,d18:1,0:0
-8.4,0,4000,0,0,Glc,d18:1,0:0
-8.2,0,4000,0,0,Glc,d18:1,0:0
-8,0,4000,0,0,Glc,d18:1,0:0
-7.8,0,4000,0,0,Glc,d18:1,0:0
-7.6,0,4000,0,0,Glc,d18:1,0:0
-7.4,0,4000,0,0,Glc,d18:1,0:0
-7.2,40,4000,0,0,Glc,d18:1,0:0
-7,0,4000,0,0,Glc,d18:1,0:0
-6.8,0,4000,0,0,Glc,d18:1,0:0
-6.6,0,4000,0,0,Glc,d18:1,0:0
-6.4,0,4000,0,0,Glc,d18:1,0:0
-6.2,0,4000,0,0,Glc,d18:1,0:0
-6,0,4000,0,0,Glc,d18:1,0:0
-5.8,0,4000,0,0,Glc,d18:1,0:0
-5.6,0,4000,0,0,Glc,d18:1,0:0
-5.4,0,4000,0,0,Glc,d18:1,0:0
-5.2,0,4000,0,0,Glc,d18:1,0:0
-5,0,4000,0,0,Glc,d18:1,0:0
-4.8,0,4000,0,0,Glc,d18:1,0:0
-4.6,0,4000,0,0,Glc,d18:1,0:0
-4.4,0,4000,0,0,Glc,d18:1,0:0
-4.2,0,4000,0,0,Glc,d18:1,0:0
-4,0,4000,0,0,Glc,d18:1,0:0
-3.8,0,4000,0,0,Glc,d18:1,0:0
-3.6,0,4000,0,0,Glc,d18:1,0:0
-3.4,0,4000,0,0,Glc,d18:1,0:0
-3.2,0,4000,0,0,Glc,d18:1,0:0
-3,0,4000,0,0,Glc,d18:1,0:0
-2.8,0,4000,0,0,Glc,d18:1,0:0
-2.6,0,4000,0,0,Glc,d18:1,0:0
-2.4,0,4000,0,0,Glc,d18:1,0:0
-2.2,0,4000,0,0,Glc,d18:1,0:0
-2,0,4000,0,0,Glc,d18:1,0:0
-1.8,0,4000,0,0,Glc,d18:1,0:0
-1.6,0,4000,0,0,Glc,d18:1,0:0
-1.4,0,4000,0,0,Glc,d18:1,0:0
-1.2,0,4000,0,0,Glc,d18:1,0:0
-1,0,4000,0,0,Glc,d18:1,0:0
-0.8,0,4000,0,0,Glc,d18:1,0:0
-0.6,0,4000,0,0,Glc,d18:1,0:0
-0.4,0,4000,0,0,Glc,d18:1,0:0
-0.2,0,4000,0,0,Glc,d18:1,0:0
0,0,4000,0,0,Glc,d18:1,0:0
0.2,0,4000,0,0,Glc,d18:1,0:0
0.4,0,4000,0,0,Glc,d18:1,0:0
0.6,0,4000,0,0,Glc,d18:1,0:0
0.8,0,4000,0,0,Glc,d18:1,0:0
1,0,4000,0,0,Glc,d18:1,0:0
1.2,0,4000,0,0,Glc,d18:1,0:0
1.4,0,4000,0,0,Glc,d18:1,0:0
1.6,0,4000,0,0,Glc,d18:1,0:0
1.8,0,4000,0,0,Glc,d18:1,0:0
2,0,4000,0,0,Glc,d18:1,0:0
2.2,0,4000,0,0,Glc,d18:1,0:0
2.4,0,4000,0,0,Glc,d18:1,0:0
2.6,0,4000,0,0,Glc,d18:1,0:0
2.8,0,4000,0,0,Glc,d18:1,0:0
3,0,4000,0,0,Glc,d18:1,0:0
3.2,0,4000,0,0,Glc,d18:1,0:0
3.4,0,4000,0,0,Glc,d18:1,0:0
3.6,0,4000,0,0,Glc,d18:1,0:0
3.8,0,4000,0,0,Glc,d18:1,0:0
4,0,4000,0,0,Glc,d18:1,0:0
4.2,0,4000,0,0,Glc,d18:1,0:0
4.4,0,4000,0,0,Glc,d18:1,0:0
4.6,0,4000,0,0,Glc,d18:1,0:0
4.8,0,4000,0,0,Glc,d18:1,0:0
5,0,4000,0,0,Glc,d18:1,0:0
5.2,0,4000,0,0,Glc,d18:1,0:0
5.4,0,4000,0,0,Glc,d18:1,0:0
5.6,0,4000,0,0,Glc,d18:1,0:0
5.8,0,4000,0,0,Glc,d18:1,0:0
6,0,4000,0,0,Glc,d18:1,0:0
6.2,0,4000,0,0,Glc,d18:1,0:0
6.4,0,4000,0,0,Glc,d18:1,0:0
6.6,0,4000,0,0,Glc,d18:1,0:0
6.8,0,4000,0,0,Glc,d18:1,0:0
7,0,4000,0,0,Glc,d18:1,0:0
7.2,0,4000,0,0,Glc,d18:1,0:0
7.4,0,4000,0,0,Glc,d18:1,0:0
7.6,0,4000,0,0,Glc,d18:1,0:0
7.8,0,4000,0,0,Glc,d18:1,0:0
8,0,4000,0,0,Glc,d18:1,0:0
8.2,0,4000,0,0,Glc,d18:1,0:0
8.4,0,4000,0,0,Glc,d18:1,0:0
8.6,0,4000,0,0,Glc,d18:1,0:0
8.8,0,4000,0,0,Glc,d18:1,0:0
9,0,4000,0,0,Glc,d18:1,0:0
9.2,0,4000,0,0,Glc,d18:1,0:0
9.4,0,4000,0,0,Glc,d18:1,0:0
9.6,0,4000,0,0,Glc,d18:1,0:0
9.8,0,4000,0,0,Glc,d18:1,0:0
10,0,4000,0,0,Glc,d18:1,0:0
-10,0,4100,0,0,Glc,d18:1,0:0
-9.8,0,4100,0,0,Glc,d18:1,0:0
-9.6,0,4100,0,0,Glc,d18:1,0:0
-9.4,0,4100,0,0,Glc,d18:1,0:0
-9.2,0,4100,0,0,Glc,d18:1,0:0
-9,0,4100,0,0,Glc,d18:1,0:0
-8.8,0,4100,0,0,Glc,d18:1,0:0
-8.6,0,4100,0,0,Glc,d18:1,0:0
-8.4,0,4100,0,0,Glc,d18:1,0:0
-8.2,0,4100,0,0,Glc,d18:1,0:0
-8,0,4100,0,0,Glc,d18:1,0:0
-7.8,0,4100,0,0,Glc,d18:1,0:0
-7.6,0,4100,0,0,Glc,d18:1,0:0
-7.4,0,4100,0,0,Glc,d18:1,0:0
-7.2,0,4100,0,0,Glc,d18:1,0:0
-7,0,4100,0,0,Glc,d18:1,0:0
-6.8,0,4100,0,0,Glc,d18:1,0:0
-6.6,0,4100,0,0,Glc,d18:1,0:0
-6.4,0,4100,0,0,Glc,d18:1,0:0
-6.2,0,4100,0,0,Glc,d18:1,0:0
-6,0,4100,0,0,Glc,d18:1,0:0
-5.8,0,4100,0,0,Glc,d18:1,0:0
-5.6,0,4100,0,0,Glc,d18:1,0:0
-5.4,0,4100,0,0,Glc,d18:1,0:0
-5.2,0,4100,0,0,Glc,d18:1,0:0
-5,0,4100,0,0,Glc,d18:1,0:0
-4.8,0,4100,0,0,Glc,d18:1,0:0
-4.6,0,4100,0,0,Glc,d18:1,0:0
-4.4,0,4100,0,0,Glc,d18:1,0:0
-4.2,0,4100,0,0,Glc,d18:1,0:0
-4,0,4100,0,0,Glc,d18:1,0:0
-3.8,0,4100,0,0,Glc,d18:1,0:0
-3.6,0,4100,0,0,Glc,d18:1,0:0
-3.4,0,4100,0,0,Glc,d18:1,0:0
-3.2,0,4100,0,0,Glc,d18:1,0:0
-3,0,4100,0,0,Glc,d18:1,0:0
-2.8,0,4100,0,0,Glc,d18:1,0:0
-2.6,0,4100,0,0,Glc,d18:1,0:0
-2.4,0,4100,0,0,Glc,d18:1,0:0
-2.2,0,4100,0,0,Glc,d18:1,0:0
-2,0,4100,0,0,Glc,d18:1,0:0
-1.8,0,4100,0,0,Glc,d18:1,0:0
-1.6,0,4100,0,0,Glc,d18:1,0:0
-1.4,0,4100,0,0,Glc,d18:1,0:0
-1.2,0,4100,0,0,Glc,d18:1,0:0
-1,0,4100,0,0,Glc,d18:1,0:0
-0.8,0,4100,0,0,Glc,d18:1,0:0
-0.6,0,4100,0,0,Glc,d18:1,0:0
-0.4,0,4100,0,0,Glc,d18:1,0:0
-0.2,0,4100,0,0,Glc,d18:1,0:0
0,0,4100,0,0,Glc,d18:1,0:0
0.2,0,4100,0,0,Glc,d18:1,0:0
0.4,0,4100,0,0,Glc,d18:1,0:0
0.6,0,4100,0,0,Glc,d18:1,0:0
0.8,0,4100,0,0,Glc,d18:1,0:0
1,0,4100,0,0,Glc,d18:1,0:0
1.2,0,4100,0,0,Glc,d18:1,0:0
1.4,0,4100,0,0,Glc,d18:1,0:0
1.6,0,4100,0,0,Glc,d18:1,0:0
1.8,0,4100,0,0,Glc,d18:1,0:0
2,0,4100,0,0,Glc,d18:1,0:0
2.2,0,4100,0,0,Glc,d18:1,0:0
2.4,0,4100,0,0,Glc,d18:1,0:0
2.6,0,4100,0,0,Glc,d18:1,0:0
2.8,0,4100,0,0,Glc,d18:1,0:0
3,0,4100,0,0,Glc,d18:1,0:0
3.2,0,4100,0,0,Glc,d18:1,0:0
3.4,0,4100,0,0,Glc,d18:1,0:0
3.6,0,4100,0,0,Glc,d18:1,0:0
3.8,0,4100,0,0,Glc,d18:1,0:0
4,0,4100,0,0,Glc,d18:1,0:0
4.2,0,4100,0,0,Glc,d18:1,0:0
4.4,0,4100,0,0,Glc,d18:1,0:0
4.6,0,4100,0,0,Glc,d18:1,0:0
4.8,0,4100,0,0,Glc,d18:1,0:0
5,0,4100,0,0,Glc,d18:1,0:0
5.2,0,4100,0,0,Glc,d18:1,0:0
5.4,0,4100,0,0,Glc,d18:1,0:0
5.6,0,4100,0,0,Glc,d18:1,0:0
5.8,0,4100,0,0,Glc,d18:1,0:0
6,0,4100,0,0,Glc,d18:1,0:0
6.2,0,4100,0,0,Glc,d18:1,0:0
6.4,0,4100,0,0,Glc,d18:1,0:0
6.6,0,4100,0,0,Glc,d18:1,0:0
6.8,0,4100,0,0,Glc,d18:1,0:0
7,0,4100,0,0,Glc,d18:1,0:0
7.2,0,4100,0,0,Glc,d18:1,0:0
7.4,0,4100,0,0,Glc,d18:1,0:0
7.6,0,4100,0,0,Glc,d18:1,0:0
7.8,0,4100,0,0,Glc,d18:1,0:0
8,0,4100,0,0,Glc,d18:1,0:0
8.2,0,4100,0,0,Glc,d18:1,0:0
8.4,0,4100,0,0,Glc,d18:1,0:0
8.6,0,4100,0,0,Glc,d18:1,0:0
8.8,0,4100,0,0,Glc,d18:1,0:0
9,0,4100,0,0,Glc,d18:1,0:0
9.2,0,4100,0,0,Glc,d18:1,0:0
9.4,0,4100,0,0,Glc,d18:1,0:0
9.6,0,4100,0,0,Glc,d18:1,0:0
9.8,0,4100,0,0,Glc,d18:1,0:0
10,0,4100,0,0,Glc,d18:1,0:0
