COV,Intensity,SV,chainLength,unsaturationUnit,isomer,sphingoidBackbone,lipidSpecies
-10,0,0,0,0,Gal,d18:1,0:0
-9.8,0,0,0,0,Gal,d18:1,0:0
-9.6,0,0,0,0,Gal,d18:1,0:0
-9.4,0,0,0,0,Gal,d18:1,0:0
-9.2,0,0,0,0,Gal,d18:1,0:0
-9,0,0,0,0,Gal,d18:1,0:0
-8.8,0,0,0,0,Gal,d18:1,0:0
-8.6,0,0,0,0,Gal,d18:1,0:0
-8.4,0,0,0,0,Gal,d18:1,0:0
-8.2,0,0,0,0,Gal,d18:1,0:0
-8,0,0,0,0,Gal,d18:1,0:0
-7.8,0,0,0,0,Gal,d18:1,0:0
-7.6,0,0,0,0,Gal,d18:1,0:0
-7.4,0,0,0,0,Gal,d18:1,0:0
-7.2,0,0,0,0,Gal,d18:1,0:0
-7,0,0,0,0,Gal,d18:1,0:0
-6.8,0,0,0,0,Gal,d18:1,0:0
-6.6,0,0,0,0,Gal,d18:1,0:0
-6.4,0,0,0,0,Gal,d18:1,0:0
-6.2,0,0,0,0,Gal,d18:1,0:0
-6,0,0,0,0,Gal,d18:1,0:0
-5.8,0,0,0,0,Gal,d18:1,0:0
-5.6,0,0,0,0,Gal,d18:1,0:0
-5.4,0,0,0,0,Gal,d18:1,0:0
-5.2,0,0,0,0,Gal,d18:1,0:0
-5,0,0,0,0,Gal,d18:1,0:0
-4.8,0,0,0,0,Gal,d18:1,0:0
-4.6,0,0,0,0,Gal,d18:1,0:0
-4.4,0,0,0,0,Gal,d18:1,0:0
-4.2,0,0,0,0,Gal,d18:1,0:0
-4,0,0,0,0,Gal,d18:1,0:0
-3.8,0,0,0,0,Gal,d18:1,0:0
-3.6,0,0,0,0,Gal,d18:1,0:0
-3.4,0,0,0,0,Gal,d18:1,0:0
-3.2,0,0,0,0,Gal,d18:1,0:0
-3,0,0,0,0,Gal,d18:1,0:0
-2.8,0,0,0,0,Gal,d18:1,0:0
-2.6,0,0,0,0,Gal,d18:1,0:0
-2.4,0,0,0,0,Gal,d18:1,0:0
-2.2,0,0,0,0,Gal,d18:1,0:0
-2,0,0,0,0,Gal,d18:1,0:0
-1.8,0,0,0,0,Gal,d18:1,0:0
-1.6,0,0,0,0,Gal,d18:1,0:0
-1.4,0,0,0,0,Gal,d18:1,0:0
-1.2,20,0,0,0,Gal,d18:1,0:0
-1,220,0,0,0,Gal,d18:1,0:0
-0.8,740,0,0,0,Gal,d18:1,0:0
-0.6,1100,0,0,0,Gal,d18:1,0:0
-0.4,2240,0,0,0,Gal,d18:1,0:0
-0.2,2520,0,0,0,Gal,d18:1,0:0
0,2160,0,0,0,Gal,d18:1,0:0
0.2,1620,0,0,0,Gal,d18:1,0:0
0.4,920,0,0,0,Gal,d18:1,0:0
0.6,840,0,0,0,Gal,d18:1,0:0
0.8,440,0,0,0,Gal,d18:1,0:0
1,200,0,0,0,Gal,d18:1,0:0
1.2,0,0,0,0,Gal,d18:1,0:0
1.4,0,0,0,0,Gal,d18:1,0:0
1.6,0,0,0,0,Gal,d18:1,0:0
1.8,0,0,0,0,Gal,d18:1,0:0
2,0,0,0,0,Gal,d18:1,0:0
2.2,0,0,0,0,Gal,d18:1,0:0
2.4,0,0,0,0,Gal,d18:1,0:0
2.6,0,0,0,0,Gal,d18:1,0:0
2.8,0,0,0,0,Gal,d18:1,0:0
3,0,0,0,0,Gal,d18:1,0:0
3.2,0,0,0,0,Gal,d18:1,0:0
3.4,0,0,0,0,Gal,d18:1,0:0
3.6,0,0,0,0,Gal,d18:1,0:0
3.8,0,0,0,0,Gal,d18:1,0:0
4,0,0,0,0,Gal,d18:1,0:0
4.2,0,0,0,0,Gal,d18:1,0:0
4.4,0,0,0,0,Gal,d18:1,0:0
4.6,0,0,0,0,Gal,d18:1,0:0
4.8,0,0,0,0,Gal,d18:1,0:0
5,0,0,0,0,Gal,d18:1,0:0
5.2,0,0,0,0,Gal,d18:1,0:0
5.4,0,0,0,0,Gal,d18:1,0:0
5.6,0,0,0,0,Gal,d18:1,0:0
5.8,0,0,0,0,Gal,d18:1,0:0
6,0,0,0,0,Gal,d18:1,0:0
6.2,0,0,0,0,Gal,d18:1,0:0
6.4,0,0,0,0,Gal,d18:1,0:0
6.6,0,0,0,0,Gal,d18:1,0:0
6.8,0,0,0,0,Gal,d18:1,0:0
7,0,0,0,0,Gal,d18:1,0:0
7.2,0,0,0,0,Gal,d18:1,0:0
7.4,0,0,0,0,Gal,d18:1,0:0
7.6,0,0,0,0,Gal,d18:1,0:0
7.8,0,0,0,0,Gal,d18:1,0:0
8,0,0,0,0,Gal,d18:1,0:0
8.2,0,0,0,0,Gal,d18:1,0:0
8.4,0,0,0,0,Gal,d18:1,0:0
8.6,0,0,0,0,Gal,d18:1,0:0
8.8,0,0,0,0,Gal,d18:1,0:0
9,0,0,0,0,Gal,d18:1,0:0
9.2,0,0,0,0,Gal,d18:1,0:0
9.4,0,0,0,0,Gal,d18:1,0:0
9.6,0,0,0,0,Gal,d18:1,0:0
9.8,0,0,0,0,Gal,d18:1,0:0
10,0,0,0,0,Gal,d18:1,0:0
-10,0,100,0,0,Gal,d18:1,0:0
-9.8,0,100,0,0,Gal,d18:1,0:0
-9.6,0,100,0,0,Gal,d18:1,0:0
-9.4,0,100,0,0,Gal,d18:1,0:0
-9.2,0,100,0,0,Gal,d18:1,0:0
-9,0,100,0,0,Gal,d18:1,0:0
-8.8,0,100,0,0,Gal,d18:1,0:0
-8.6,0,100,0,0,Gal,d18:1,0:0
-8.4,0,100,0,0,Gal,d18:1,0:0
-8.2,0,100,0,0,Gal,d18:1,0:0
-8,0,100,0,0,Gal,d18:1,0:0
-7.8,0,100,0,0,Gal,d18:1,0:0
-7.6,0,100,0,0,Gal,d18:1,0:0
-7.4,0,100,0,0,Gal,d18:1,0:0
-7.2,0,100,0,0,Gal,d18:1,0:0
-7,0,100,0,0,Gal,d18:1,0:0
-6.8,0,100,0,0,Gal,d18:1,0:0
-6.6,0,100,0,0,Gal,d18:1,0:0
-6.4,0,100,0,0,Gal,d18:1,0:0
-6.2,0,100,0,0,Gal,d18:1,0:0
-6,0,100,0,0,Gal,d18:1,0:0
-5.8,0,100,0,0,Gal,d18:1,0:0
-5.6,0,100,0,0,Gal,d18:1,0:0
-5.4,0,100,0,0,Gal,d18:1,0:0
-5.2,0,100,0,0,Gal,d18:1,0:0
-5,0,100,0,0,Gal,d18:1,0:0
-4.8,0,100,0,0,Gal,d18:1,0:0
-4.6,0,100,0,0,Gal,d18:1,0:0
-4.4,0,100,0,0,Gal,d18:1,0:0
-4.2,0,100,0,0,Gal,d18:1,0:0
-4,0,100,0,0,Gal,d18:1,0:0
-3.8,0,100,0,0,Gal,d18:1,0:0
-3.6,0,100,0,0,Gal,d18:1,0:0
-3.4,0,100,0,0,Gal,d18:1,0:0
-3.2,0,100,0,0,Gal,d18:1,0:0
-3,0,100,0,0,Gal,d18:1,0:0
-2.8,0,100,0,0,Gal,d18:1,0:0
-2.6,0,100,0,0,Gal,d18:1,0:0
-2.4,0,100,0,0,Gal,d18:1,0:0
-2.2,0,100,0,0,Gal,d18:1,0:0
-2,0,100,0,0,Gal,d18:1,0:0
-1.8,0,100,0,0,Gal,d18:1,0:0
-1.6,0,100,0,0,Gal,d18:1,0:0
-1.4,0,100,0,0,Gal,d18:1,0:0
-1.2,0,100,0,0,Gal,d18:1,0:0
-1,160,100,0,0,Gal,d18:1,0:0
-0.8,600,100,0,0,Gal,d18:1,0:0
-0.6,1720,100,0,0,Gal,d18:1,0:0
-0.4,2360,100,0,0,Gal,d18:1,0:0
-0.2,1720,100,0,0,Gal,d18:1,0:0
0,1840,100,0,0,Gal,d18:1,0:0
0.2,1420,100,0,0,Gal,d18:1,0:0
0.4,1140,100,0,0,Gal,d18:1,0:0
0.6,820,100,0,0,Gal,d18:1,0:0
0.8,240,100,0,0,Gal,d18:1,0:0
1,40,100,0,0,Gal,d18:1,0:0
1.2,0,100,0,0,Gal,d18:1,0:0
1.4,0,100,0,0,Gal,d18:1,0:0
1.6,0,100,0,0,Gal,d18:1,0:0
1.8,0,100,0,0,Gal,d18:1,0:0
2,0,100,0,0,Gal,d18:1,0:0
2.2,0,100,0,0,Gal,d18:1,0:0
2.4,0,100,0,0,Gal,d18:1,0:0
2.6,0,100,0,0,Gal,d18:1,0:0
2.8,0,100,0,0,Gal,d18:1,0:0
3,0,100,0,0,Gal,d18:1,0:0
3.2,0,100,0,0,Gal,d18:1,0:0
3.4,0,100,0,0,Gal,d18:1,0:0
3.6,0,100,0,0,Gal,d18:1,0:0
3.8,0,100,0,0,Gal,d18:1,0:0
4,0,100,0,0,Gal,d18:1,0:0
4.2,0,100,0,0,Gal,d18:1,0:0
4.4,0,100,0,0,Gal,d18:1,0:0
4.6,0,100,0,0,Gal,d18:1,0:0
4.8,0,100,0,0,Gal,d18:1,0:0
5,0,100,0,0,Gal,d18:1,0:0
5.2,0,100,0,0,Gal,d18:1,0:0
5.4,0,100,0,0,Gal,d18:1,0:0
5.6,0,100,0,0,Gal,d18:1,0:0
5.8,0,100,0,0,Gal,d18:1,0:0
6,0,100,0,0,Gal,d18:1,0:0
6.2,0,100,0,0,Gal,d18:1,0:0
6.4,0,100,0,0,Gal,d18:1,0:0
6.6,0,100,0,0,Gal,d18:1,0:0
6.8,0,100,0,0,Gal,d18:1,0:0
7,0,100,0,0,Gal,d18:1,0:0
7.2,0,100,0,0,Gal,d18:1,0:0
7.4,0,100,0,0,Gal,d18:1,0:0
7.6,0,100,0,0,Gal,d18:1,0:0
7.8,0,100,0,0,Gal,d18:1,0:0
8,0,100,0,0,Gal,d18:1,0:0
8.2,0,100,0,0,Gal,d18:1,0:0
8.4,0,100,0,0,Gal,d18:1,0:0
8.6,0,100,0,0,Gal,d18:1,0:0
8.8,0,100,0,0,Gal,d18:1,0:0
9,0,100,0,0,Gal,d18:1,0:0
9.2,0,100,0,0,Gal,d18:1,0:0
9.4,0,100,0,0,Gal,d18:1,0:0
9.6,0,100,0,0,Gal,d18:1,0:0
9.8,0,100,0,0,Gal,d18:1,0:0
10,0,100,0,0,Gal,d18:1,0:0
-10,0,200,0,0,Gal,d18:1,0:0
-9.8,0,200,0,0,Gal,d18:1,0:0
-9.6,0,200,0,0,Gal,d18:1,0:0
-9.4,0,200,0,0,Gal,d18:1,0:0
-9.2,0,200,0,0,Gal,d18:1,0:0
-9,0,200,0,0,Gal,d18:1,0:0
-8.8,0,200,0,0,Gal,d18:1,0:0
-8.6,0,200,0,0,Gal,d18:1,0:0
-8.4,0,200,0,0,Gal,d18:1,0:0
-8.2,0,200,0,0,Gal,d18:1,0:0
-8,0,200,0,0,Gal,d18:1,0:0
-7.8,0,200,0,0,Gal,d18:1,0:0
-7.6,0,200,0,0,Gal,d18:1,0:0
-7.4,0,200,0,0,Gal,d18:1,0:0
-7.2,0,200,0,0,Gal,d18:1,0:0
-7,0,200,0,0,Gal,d18:1,0:0
-6.8,0,200,0,0,Gal,d18:1,0:0
-6.6,0,200,0,0,Gal,d18:1,0:0
-6.4,0,200,0,0,Gal,d18:1,0:0
-6.2,0,200,0,0,Gal,d18:1,0:0
-6,0,200,0,0,Gal,d18:1,0:0
-5.8,0,200,0,0,Gal,d18:1,0:0
-5.6,0,200,0,0,Gal,d18:1,0:0
-5.4,0,200,0,0,Gal,d18:1,0:0
-5.2,0,200,0,0,Gal,d18:1,0:0
-5,0,200,0,0,Gal,d18:1,0:0
-4.8,0,200,0,0,Gal,d18:1,0:0
-4.6,0,200,0,0,Gal,d18:1,0:0
-4.4,0,200,0,0,Gal,d18:1,0:0
-4.2,0,200,0,0,Gal,d18:1,0:0
-4,0,200,0,0,Gal,d18:1,0:0
-3.8,0,200,0,0,Gal,d18:1,0:0
-3.6,0,200,0,0,Gal,d18:1,0:0
-3.4,0,200,0,0,Gal,d18:1,0:0
-3.2,0,200,0,0,Gal,d18:1,0:0
-3,0,200,0,0,Gal,d18:1,0:0
-2.8,0,200,0,0,Gal,d18:1,0:0
-2.6,0,200,0,0,Gal,d18:1,0:0
-2.4,0,200,0,0,Gal,d18:1,0:0
-2.2,0,200,0,0,Gal,d18:1,0:0
-2,0,200,0,0,Gal,d18:1,0:0
-1.8,0,200,0,0,Gal,d18:1,0:0
-1.6,0,200,0,0,Gal,d18:1,0:0
-1.4,0,200,0,0,Gal,d18:1,0:0
-1.2,80,200,0,0,Gal,d18:1,0:0
-1,160,200,0,0,Gal,d18:1,0:0
-0.8,620,200,0,0,Gal,d18:1,0:0
-0.6,1080,200,0,0,Gal,d18:1,0:0
-0.4,2160,200,0,0,Gal,d18:1,0:0
-0.2,1860,200,0,0,Gal,d18:1,0:0
0,1360,200,0,0,Gal,d18:1,0:0
0.2,1280,200,0,0,Gal,d18:1,0:0
0.4,980,200,0,0,Gal,d18:1,0:0
0.6,900,200,0,0,Gal,d18:1,0:0
0.8,440,200,0,0,Gal,d18:1,0:0
1,120,200,0,0,Gal,d18:1,0:0
1.2,40,200,0,0,Gal,d18:1,0:0
1.4,0,200,0,0,Gal,d18:1,0:0
1.6,0,200,0,0,Gal,d18:1,0:0
1.8,0,200,0,0,Gal,d18:1,0:0
2,0,200,0,0,Gal,d18:1,0:0
2.2,0,200,0,0,Gal,d18:1,0:0
2.4,0,200,0,0,Gal,d18:1,0:0
2.6,0,200,0,0,Gal,d18:1,0:0
2.8,0,200,0,0,Gal,d18:1,0:0
3,0,200,0,0,Gal,d18:1,0:0
3.2,0,200,0,0,Gal,d18:1,0:0
3.4,0,200,0,0,Gal,d18:1,0:0
3.6,0,200,0,0,Gal,d18:1,0:0
3.8,0,200,0,0,Gal,d18:1,0:0
4,0,200,0,0,Gal,d18:1,0:0
4.2,0,200,0,0,Gal,d18:1,0:0
4.4,0,200,0,0,Gal,d18:1,0:0
4.6,0,200,0,0,Gal,d18:1,0:0
4.8,0,200,0,0,Gal,d18:1,0:0
5,0,200,0,0,Gal,d18:1,0:0
5.2,0,200,0,0,Gal,d18:1,0:0
5.4,0,200,0,0,Gal,d18:1,0:0
5.6,0,200,0,0,Gal,d18:1,0:0
5.8,0,200,0,0,Gal,d18:1,0:0
6,0,200,0,0,Gal,d18:1,0:0
6.2,0,200,0,0,Gal,d18:1,0:0
6.4,0,200,0,0,Gal,d18:1,0:0
6.6,0,200,0,0,Gal,d18:1,0:0
6.8,0,200,0,0,Gal,d18:1,0:0
7,0,200,0,0,Gal,d18:1,0:0
7.2,0,200,0,0,Gal,d18:1,0:0
7.4,0,200,0,0,Gal,d18:1,0:0
7.6,0,200,0,0,Gal,d18:1,0:0
7.8,0,200,0,0,Gal,d18:1,0:0
8,0,200,0,0,Gal,d18:1,0:0
8.2,0,200,0,0,Gal,d18:1,0:0
8.4,0,200,0,0,Gal,d18:1,0:0
8.6,0,200,0,0,Gal,d18:1,0:0
8.8,0,200,0,0,Gal,d18:1,0:0
9,0,200,0,0,Gal,d18:1,0:0
9.2,0,200,0,0,Gal,d18:1,0:0
9.4,0,200,0,0,Gal,d18:1,0:0
9.6,0,200,0,0,Gal,d18:1,0:0
9.8,0,200,0,0,Gal,d18:1,0:0
10,0,200,0,0,Gal,d18:1,0:0
-10,0,300,0,0,Gal,d18:1,0:0
-9.8,0,300,0,0,Gal,d18:1,0:0
-9.6,0,300,0,0,Gal,d18:1,0:0
-9.4,0,300,0,0,Gal,d18:1,0:0
-9.2,0,300,0,0,Gal,d18:1,0:0
-9,0,300,0,0,Gal,d18:1,0:0
-8.8,0,300,0,0,Gal,d18:1,0:0
-8.6,0,300,0,0,Gal,d18:1,0:0
-8.4,0,300,0,0,Gal,d18:1,0:0
-8.2,0,300,0,0,Gal,d18:1,0:0
-8,0,300,0,0,Gal,d18:1,0:0
-7.8,0,300,0,0,Gal,d18:1,0:0
-7.6,0,300,0,0,Gal,d18:1,0:0
-7.4,0,300,0,0,Gal,d18:1,0:0
-7.2,0,300,0,0,Gal,d18:1,0:0
-7,0,300,0,0,Gal,d18:1,0:0
-6.8,0,300,0,0,Gal,d18:1,0:0
-6.6,0,300,0,0,Gal,d18:1,0:0
-6.4,0,300,0,0,Gal,d18:1,0:0
-6.2,0,300,0,0,Gal,d18:1,0:0
-6,0,300,0,0,Gal,d18:1,0:0
-5.8,0,300,0,0,Gal,d18:1,0:0
-5.6,0,300,0,0,Gal,d18:1,0:0
-5.4,0,300,0,0,Gal,d18:1,0:0
-5.2,0,300,0,0,Gal,d18:1,0:0
-5,0,300,0,0,Gal,d18:1,0:0
-4.8,0,300,0,0,Gal,d18:1,0:0
-4.6,0,300,0,0,Gal,d18:1,0:0
-4.4,0,300,0,0,Gal,d18:1,0:0
-4.2,0,300,0,0,Gal,d18:1,0:0
-4,0,300,0,0,Gal,d18:1,0:0
-3.8,0,300,0,0,Gal,d18:1,0:0
-3.6,0,300,0,0,Gal,d18:1,0:0
-3.4,0,300,0,0,Gal,d18:1,0:0
-3.2,0,300,0,0,Gal,d18:1,0:0
-3,0,300,0,0,Gal,d18:1,0:0
-2.8,0,300,0,0,Gal,d18:1,0:0
-2.6,0,300,0,0,Gal,d18:1,0:0
-2.4,0,300,0,0,Gal,d18:1,0:0
-2.2,0,300,0,0,Gal,d18:1,0:0
-2,0,300,0,0,Gal,d18:1,0:0
-1.8,0,300,0,0,Gal,d18:1,0:0
-1.6,0,300,0,0,Gal,d18:1,0:0
-1.4,0,300,0,0,Gal,d18:1,0:0
-1.2,60,300,0,0,Gal,d18:1,0:0
-1,160,300,0,0,Gal,d18:1,0:0
-0.8,880,300,0,0,Gal,d18:1,0:0
-0.6,1240,300,0,0,Gal,d18:1,0:0
-0.4,1440,300,0,0,Gal,d18:1,0:0
-0.2,2180,300,0,0,Gal,d18:1,0:0
0,2000,300,0,0,Gal,d18:1,0:0
0.2,1760,300,0,0,Gal,d18:1,0:0
0.4,1000,300,0,0,Gal,d18:1,0:0
0.6,800,300,0,0,Gal,d18:1,0:0
0.8,260,300,0,0,Gal,d18:1,0:0
1,80,300,0,0,Gal,d18:1,0:0
1.2,0,300,0,0,Gal,d18:1,0:0
1.4,0,300,0,0,Gal,d18:1,0:0
1.6,0,300,0,0,Gal,d18:1,0:0
1.8,0,300,0,0,Gal,d18:1,0:0
2,0,300,0,0,Gal,d18:1,0:0
2.2,0,300,0,0,Gal,d18:1,0:0
2.4,0,300,0,0,Gal,d18:1,0:0
2.6,0,300,0,0,Gal,d18:1,0:0
2.8,0,300,0,0,Gal,d18:1,0:0
3,0,300,0,0,Gal,d18:1,0:0
3.2,0,300,0,0,Gal,d18:1,0:0
3.4,0,300,0,0,Gal,d18:1,0:0
3.6,0,300,0,0,Gal,d18:1,0:0
3.8,0,300,0,0,Gal,d18:1,0:0
4,0,300,0,0,Gal,d18:1,0:0
4.2,0,300,0,0,Gal,d18:1,0:0
4.4,0,300,0,0,Gal,d18:1,0:0
4.6,0,300,0,0,Gal,d18:1,0:0
4.8,0,300,0,0,Gal,d18:1,0:0
5,0,300,0,0,Gal,d18:1,0:0
5.2,0,300,0,0,Gal,d18:1,0:0
5.4,0,300,0,0,Gal,d18:1,0:0
5.6,0,300,0,0,Gal,d18:1,0:0
5.8,0,300,0,0,Gal,d18:1,0:0
6,0,300,0,0,Gal,d18:1,0:0
6.2,0,300,0,0,Gal,d18:1,0:0
6.4,0,300,0,0,Gal,d18:1,0:0
6.6,0,300,0,0,Gal,d18:1,0:0
6.8,0,300,0,0,Gal,d18:1,0:0
7,0,300,0,0,Gal,d18:1,0:0
7.2,0,300,0,0,Gal,d18:1,0:0
7.4,0,300,0,0,Gal,d18:1,0:0
7.6,0,300,0,0,Gal,d18:1,0:0
7.8,0,300,0,0,Gal,d18:1,0:0
8,0,300,0,0,Gal,d18:1,0:0
8.2,0,300,0,0,Gal,d18:1,0:0
8.4,0,300,0,0,Gal,d18:1,0:0
8.6,0,300,0,0,Gal,d18:1,0:0
8.8,0,300,0,0,Gal,d18:1,0:0
9,0,300,0,0,Gal,d18:1,0:0
9.2,0,300,0,0,Gal,d18:1,0:0
9.4,0,300,0,0,Gal,d18:1,0:0
9.6,0,300,0,0,Gal,d18:1,0:0
9.8,0,300,0,0,Gal,d18:1,0:0
10,0,300,0,0,Gal,d18:1,0:0
-10,0,400,0,0,Gal,d18:1,0:0
-9.8,0,400,0,0,Gal,d18:1,0:0
-9.6,0,400,0,0,Gal,d18:1,0:0
-9.4,0,400,0,0,Gal,d18:1,0:0
-9.2,0,400,0,0,Gal,d18:1,0:0
-9,0,400,0,0,Gal,d18:1,0:0
-8.8,0,400,0,0,Gal,d18:1,0:0
-8.6,0,400,0,0,Gal,d18:1,0:0
-8.4,0,400,0,0,Gal,d18:1,0:0
-8.2,0,400,0,0,Gal,d18:1,0:0
-8,0,400,0,0,Gal,d18:1,0:0
-7.8,0,400,0,0,Gal,d18:1,0:0
-7.6,0,400,0,0,Gal,d18:1,0:0
-7.4,0,400,0,0,Gal,d18:1,0:0
-7.2,0,400,0,0,Gal,d18:1,0:0
-7,0,400,0,0,Gal,d18:1,0:0
-6.8,0,400,0,0,Gal,d18:1,0:0
-6.6,0,400,0,0,Gal,d18:1,0:0
-6.4,0,400,0,0,Gal,d18:1,0:0
-6.2,0,400,0,0,Gal,d18:1,0:0
-6,0,400,0,0,Gal,d18:1,0:0
-5.8,0,400,0,0,Gal,d18:1,0:0
-5.6,0,400,0,0,Gal,d18:1,0:0
-5.4,0,400,0,0,Gal,d18:1,0:0
-5.2,0,400,0,0,Gal,d18:1,0:0
-5,0,400,0,0,Gal,d18:1,0:0
-4.8,0,400,0,0,Gal,d18:1,0:0
-4.6,0,400,0,0,Gal,d18:1,0:0
-4.4,0,400,0,0,Gal,d18:1,0:0
-4.2,0,400,0,0,Gal,d18:1,0:0
-4,0,400,0,0,Gal,d18:1,0:0
-3.8,0,400,0,0,Gal,d18:1,0:0
-3.6,0,400,0,0,Gal,d18:1,0:0
-3.4,0,400,0,0,Gal,d18:1,0:0
-3.2,0,400,0,0,Gal,d18:1,0:0
-3,0,400,0,0,Gal,d18:1,0:0
-2.8,0,400,0,0,Gal,d18:1,0:0
-2.6,0,400,0,0,Gal,d18:1,0:0
-2.4,0,400,0,0,Gal,d18:1,0:0
-2.2,0,400,0,0,Gal,d18:1,0:0
-2,0,400,0,0,Gal,d18:1,0:0
-1.8,0,400,0,0,Gal,d18:1,0:0
-1.6,0,400,0,0,Gal,d18:1,0:0
-1.4,0,400,0,0,Gal,d18:1,0:0
-1.2,0,400,0,0,Gal,d18:1,0:0
-1,380,400,0,0,Gal,d18:1,0:0
-0.8,1500,400,0,0,Gal,d18:1,0:0
-0.6,1940,400,0,0,Gal,d18:1,0:0
-0.4,2440,400,0,0,Gal,d18:1,0:0
-0.2,2420,400,0,0,Gal,d18:1,0:0
0,2060,400,0,0,Gal,d18:1,0:0
0.2,1700,400,0,0,Gal,d18:1,0:0
0.4,1520,400,0,0,Gal,d18:1,0:0
0.6,960,400,0,0,Gal,d18:1,0:0
0.8,340,400,0,0,Gal,d18:1,0:0
1,40,400,0,0,Gal,d18:1,0:0
1.2,0,400,0,0,Gal,d18:1,0:0
1.4,0,400,0,0,Gal,d18:1,0:0
1.6,0,400,0,0,Gal,d18:1,0:0
1.8,0,400,0,0,Gal,d18:1,0:0
2,0,400,0,0,Gal,d18:1,0:0
2.2,0,400,0,0,Gal,d18:1,0:0
2.4,0,400,0,0,Gal,d18:1,0:0
2.6,0,400,0,0,Gal,d18:1,0:0
2.8,0,400,0,0,Gal,d18:1,0:0
3,0,400,0,0,Gal,d18:1,0:0
3.2,0,400,0,0,Gal,d18:1,0:0
3.4,0,400,0,0,Gal,d18:1,0:0
3.6,0,400,0,0,Gal,d18:1,0:0
3.8,0,400,0,0,Gal,d18:1,0:0
4,0,400,0,0,Gal,d18:1,0:0
4.2,0,400,0,0,Gal,d18:1,0:0
4.4,0,400,0,0,Gal,d18:1,0:0
4.6,0,400,0,0,Gal,d18:1,0:0
4.8,0,400,0,0,Gal,d18:1,0:0
5,0,400,0,0,Gal,d18:1,0:0
5.2,0,400,0,0,Gal,d18:1,0:0
5.4,0,400,0,0,Gal,d18:1,0:0
5.6,0,400,0,0,Gal,d18:1,0:0
5.8,0,400,0,0,Gal,d18:1,0:0
6,0,400,0,0,Gal,d18:1,0:0
6.2,0,400,0,0,Gal,d18:1,0:0
6.4,0,400,0,0,Gal,d18:1,0:0
6.6,0,400,0,0,Gal,d18:1,0:0
6.8,0,400,0,0,Gal,d18:1,0:0
7,0,400,0,0,Gal,d18:1,0:0
7.2,0,400,0,0,Gal,d18:1,0:0
7.4,0,400,0,0,Gal,d18:1,0:0
7.6,0,400,0,0,Gal,d18:1,0:0
7.8,0,400,0,0,Gal,d18:1,0:0
8,0,400,0,0,Gal,d18:1,0:0
8.2,0,400,0,0,Gal,d18:1,0:0
8.4,0,400,0,0,Gal,d18:1,0:0
8.6,0,400,0,0,Gal,d18:1,0:0
8.8,0,400,0,0,Gal,d18:1,0:0
9,0,400,0,0,Gal,d18:1,0:0
9.2,0,400,0,0,Gal,d18:1,0:0
9.4,0,400,0,0,Gal,d18:1,0:0
9.6,0,400,0,0,Gal,d18:1,0:0
9.8,0,400,0,0,Gal,d18:1,0:0
10,0,400,0,0,Gal,d18:1,0:0
-10,0,500,0,0,Gal,d18:1,0:0
-9.8,0,500,0,0,Gal,d18:1,0:0
-9.6,0,500,0,0,Gal,d18:1,0:0
-9.4,0,500,0,0,Gal,d18:1,0:0
-9.2,0,500,0,0,Gal,d18:1,0:0
-9,0,500,0,0,Gal,d18:1,0:0
-8.8,0,500,0,0,Gal,d18:1,0:0
-8.6,0,500,0,0,Gal,d18:1,0:0
-8.4,0,500,0,0,Gal,d18:1,0:0
-8.2,0,500,0,0,Gal,d18:1,0:0
-8,0,500,0,0,Gal,d18:1,0:0
-7.8,0,500,0,0,Gal,d18:1,0:0
-7.6,0,500,0,0,Gal,d18:1,0:0
-7.4,0,500,0,0,Gal,d18:1,0:0
-7.2,0,500,0,0,Gal,d18:1,0:0
-7,0,500,0,0,Gal,d18:1,0:0
-6.8,0,500,0,0,Gal,d18:1,0:0
-6.6,0,500,0,0,Gal,d18:1,0:0
-6.4,0,500,0,0,Gal,d18:1,0:0
-6.2,0,500,0,0,Gal,d18:1,0:0
-6,0,500,0,0,Gal,d18:1,0:0
-5.8,0,500,0,0,Gal,d18:1,0:0
-5.6,0,500,0,0,Gal,d18:1,0:0
-5.4,0,500,0,0,Gal,d18:1,0:0
-5.2,0,500,0,0,Gal,d18:1,0:0
-5,0,500,0,0,Gal,d18:1,0:0
-4.8,0,500,0,0,Gal,d18:1,0:0
-4.6,0,500,0,0,Gal,d18:1,0:0
-4.4,0,500,0,0,Gal,d18:1,0:0
-4.2,0,500,0,0,Gal,d18:1,0:0
-4,0,500,0,0,Gal,d18:1,0:0
-3.8,0,500,0,0,Gal,d18:1,0:0
-3.6,0,500,0,0,Gal,d18:1,0:0
-3.4,0,500,0,0,Gal,d18:1,0:0
-3.2,0,500,0,0,Gal,d18:1,0:0
-3,0,500,0,0,Gal,d18:1,0:0
-2.8,0,500,0,0,Gal,d18:1,0:0
-2.6,0,500,0,0,Gal,d18:1,0:0
-2.4,0,500,0,0,Gal,d18:1,0:0
-2.2,0,500,0,0,Gal,d18:1,0:0
-2,0,500,0,0,Gal,d18:1,0:0
-1.8,0,500,0,0,Gal,d18:1,0:0
-1.6,0,500,0,0,Gal,d18:1,0:0
-1.4,0,500,0,0,Gal,d18:1,0:0
-1.2,60,500,0,0,Gal,d18:1,0:0
-1,220,500,0,0,Gal,d18:1,0:0
-0.8,640,500,0,0,Gal,d18:1,0:0
-0.6,1220,500,0,0,Gal,d18:1,0:0
-0.4,2080,500,0,0,Gal,d18:1,0:0
-0.2,2560,500,0,0,Gal,d18:1,0:0
0,1940,500,0,0,Gal,d18:1,0:0
0.2,1700,500,0,0,Gal,d18:1,0:0
0.4,1180,500,0,0,Gal,d18:1,0:0
0.6,780,500,0,0,Gal,d18:1,0:0
0.8,180,500,0,0,Gal,d18:1,0:0
1,40,500,0,0,Gal,d18:1,0:0
1.2,0,500,0,0,Gal,d18:1,0:0
1.4,0,500,0,0,Gal,d18:1,0:0
1.6,0,500,0,0,Gal,d18:1,0:0
1.8,0,500,0,0,Gal,d18:1,0:0
2,0,500,0,0,Gal,d18:1,0:0
2.2,0,500,0,0,Gal,d18:1,0:0
2.4,0,500,0,0,Gal,d18:1,0:0
2.6,0,500,0,0,Gal,d18:1,0:0
2.8,0,500,0,0,Gal,d18:1,0:0
3,0,500,0,0,Gal,d18:1,0:0
3.2,0,500,0,0,Gal,d18:1,0:0
3.4,0,500,0,0,Gal,d18:1,0:0
3.6,0,500,0,0,Gal,d18:1,0:0
3.8,0,500,0,0,Gal,d18:1,0:0
4,0,500,0,0,Gal,d18:1,0:0
4.2,0,500,0,0,Gal,d18:1,0:0
4.4,0,500,0,0,Gal,d18:1,0:0
4.6,0,500,0,0,Gal,d18:1,0:0
4.8,0,500,0,0,Gal,d18:1,0:0
5,0,500,0,0,Gal,d18:1,0:0
5.2,0,500,0,0,Gal,d18:1,0:0
5.4,0,500,0,0,Gal,d18:1,0:0
5.6,0,500,0,0,Gal,d18:1,0:0
5.8,0,500,0,0,Gal,d18:1,0:0
6,0,500,0,0,Gal,d18:1,0:0
6.2,0,500,0,0,Gal,d18:1,0:0
6.4,0,500,0,0,Gal,d18:1,0:0
6.6,0,500,0,0,Gal,d18:1,0:0
6.8,0,500,0,0,Gal,d18:1,0:0
7,0,500,0,0,Gal,d18:1,0:0
7.2,0,500,0,0,Gal,d18:1,0:0
7.4,0,500,0,0,Gal,d18:1,0:0
7.6,0,500,0,0,Gal,d18:1,0:0
7.8,0,500,0,0,Gal,d18:1,0:0
8,0,500,0,0,Gal,d18:1,0:0
8.2,0,500,0,0,Gal,d18:1,0:0
8.4,0,500,0,0,Gal,d18:1,0:0
8.6,0,500,0,0,Gal,d18:1,0:0
8.8,0,500,0,0,Gal,d18:1,0:0
9,0,500,0,0,Gal,d18:1,0:0
9.2,0,500,0,0,Gal,d18:1,0:0
9.4,0,500,0,0,Gal,d18:1,0:0
9.6,0,500,0,0,Gal,d18:1,0:0
9.8,0,500,0,0,Gal,d18:1,0:0
10,0,500,0,0,Gal,d18:1,0:0
-10,0,600,0,0,Gal,d18:1,0:0
-9.8,0,600,0,0,Gal,d18:1,0:0
-9.6,0,600,0,0,Gal,d18:1,0:0
-9.4,0,600,0,0,Gal,d18:1,0:0
-9.2,0,600,0,0,Gal,d18:1,0:0
-9,0,600,0,0,Gal,d18:1,0:0
-8.8,0,600,0,0,Gal,d18:1,0:0
-8.6,0,600,0,0,Gal,d18:1,0:0
-8.4,0,600,0,0,Gal,d18:1,0:0
-8.2,0,600,0,0,Gal,d18:1,0:0
-8,0,600,0,0,Gal,d18:1,0:0
-7.8,0,600,0,0,Gal,d18:1,0:0
-7.6,0,600,0,0,Gal,d18:1,0:0
-7.4,0,600,0,0,Gal,d18:1,0:0
-7.2,0,600,0,0,Gal,d18:1,0:0
-7,0,600,0,0,Gal,d18:1,0:0
-6.8,0,600,0,0,Gal,d18:1,0:0
-6.6,0,600,0,0,Gal,d18:1,0:0
-6.4,0,600,0,0,Gal,d18:1,0:0
-6.2,0,600,0,0,Gal,d18:1,0:0
-6,0,600,0,0,Gal,d18:1,0:0
-5.8,0,600,0,0,Gal,d18:1,0:0
-5.6,0,600,0,0,Gal,d18:1,0:0
-5.4,0,600,0,0,Gal,d18:1,0:0
-5.2,0,600,0,0,Gal,d18:1,0:0
-5,0,600,0,0,Gal,d18:1,0:0
-4.8,0,600,0,0,Gal,d18:1,0:0
-4.6,0,600,0,0,Gal,d18:1,0:0
-4.4,0,600,0,0,Gal,d18:1,0:0
-4.2,0,600,0,0,Gal,d18:1,0:0
-4,0,600,0,0,Gal,d18:1,0:0
-3.8,0,600,0,0,Gal,d18:1,0:0
-3.6,0,600,0,0,Gal,d18:1,0:0
-3.4,0,600,0,0,Gal,d18:1,0:0
-3.2,0,600,0,0,Gal,d18:1,0:0
-3,0,600,0,0,Gal,d18:1,0:0
-2.8,0,600,0,0,Gal,d18:1,0:0
-2.6,0,600,0,0,Gal,d18:1,0:0
-2.4,0,600,0,0,Gal,d18:1,0:0
-2.2,0,600,0,0,Gal,d18:1,0:0
-2,0,600,0,0,Gal,d18:1,0:0
-1.8,0,600,0,0,Gal,d18:1,0:0
-1.6,0,600,0,0,Gal,d18:1,0:0
-1.4,0,600,0,0,Gal,d18:1,0:0
-1.2,0,600,0,0,Gal,d18:1,0:0
-1,280,600,0,0,Gal,d18:1,0:0
-0.8,1260,600,0,0,Gal,d18:1,0:0
-0.6,1860,600,0,0,Gal,d18:1,0:0
-0.4,2080,600,0,0,Gal,d18:1,0:0
-0.2,2060,600,0,0,Gal,d18:1,0:0
0,1680,600,0,0,Gal,d18:1,0:0
0.2,1620,600,0,0,Gal,d18:1,0:0
0.4,1420,600,0,0,Gal,d18:1,0:0
0.6,800,600,0,0,Gal,d18:1,0:0
0.8,140,600,0,0,Gal,d18:1,0:0
1,0,600,0,0,Gal,d18:1,0:0
1.2,0,600,0,0,Gal,d18:1,0:0
1.4,0,600,0,0,Gal,d18:1,0:0
1.6,0,600,0,0,Gal,d18:1,0:0
1.8,0,600,0,0,Gal,d18:1,0:0
2,0,600,0,0,Gal,d18:1,0:0
2.2,0,600,0,0,Gal,d18:1,0:0
2.4,0,600,0,0,Gal,d18:1,0:0
2.6,0,600,0,0,Gal,d18:1,0:0
2.8,0,600,0,0,Gal,d18:1,0:0
3,0,600,0,0,Gal,d18:1,0:0
3.2,0,600,0,0,Gal,d18:1,0:0
3.4,0,600,0,0,Gal,d18:1,0:0
3.6,0,600,0,0,Gal,d18:1,0:0
3.8,0,600,0,0,Gal,d18:1,0:0
4,0,600,0,0,Gal,d18:1,0:0
4.2,0,600,0,0,Gal,d18:1,0:0
4.4,0,600,0,0,Gal,d18:1,0:0
4.6,0,600,0,0,Gal,d18:1,0:0
4.8,0,600,0,0,Gal,d18:1,0:0
5,0,600,0,0,Gal,d18:1,0:0
5.2,0,600,0,0,Gal,d18:1,0:0
5.4,0,600,0,0,Gal,d18:1,0:0
5.6,0,600,0,0,Gal,d18:1,0:0
5.8,0,600,0,0,Gal,d18:1,0:0
6,0,600,0,0,Gal,d18:1,0:0
6.2,0,600,0,0,Gal,d18:1,0:0
6.4,0,600,0,0,Gal,d18:1,0:0
6.6,0,600,0,0,Gal,d18:1,0:0
6.8,0,600,0,0,Gal,d18:1,0:0
7,0,600,0,0,Gal,d18:1,0:0
7.2,0,600,0,0,Gal,d18:1,0:0
7.4,0,600,0,0,Gal,d18:1,0:0
7.6,0,600,0,0,Gal,d18:1,0:0
7.8,0,600,0,0,Gal,d18:1,0:0
8,0,600,0,0,Gal,d18:1,0:0
8.2,0,600,0,0,Gal,d18:1,0:0
8.4,0,600,0,0,Gal,d18:1,0:0
8.6,0,600,0,0,Gal,d18:1,0:0
8.8,0,600,0,0,Gal,d18:1,0:0
9,0,600,0,0,Gal,d18:1,0:0
9.2,0,600,0,0,Gal,d18:1,0:0
9.4,0,600,0,0,Gal,d18:1,0:0
9.6,0,600,0,0,Gal,d18:1,0:0
9.8,0,600,0,0,Gal,d18:1,0:0
10,0,600,0,0,Gal,d18:1,0:0
-10,0,700,0,0,Gal,d18:1,0:0
-9.8,0,700,0,0,Gal,d18:1,0:0
-9.6,0,700,0,0,Gal,d18:1,0:0
-9.4,0,700,0,0,Gal,d18:1,0:0
-9.2,0,700,0,0,Gal,d18:1,0:0
-9,0,700,0,0,Gal,d18:1,0:0
-8.8,0,700,0,0,Gal,d18:1,0:0
-8.6,0,700,0,0,Gal,d18:1,0:0
-8.4,0,700,0,0,Gal,d18:1,0:0
-8.2,0,700,0,0,Gal,d18:1,0:0
-8,0,700,0,0,Gal,d18:1,0:0
-7.8,0,700,0,0,Gal,d18:1,0:0
-7.6,0,700,0,0,Gal,d18:1,0:0
-7.4,0,700,0,0,Gal,d18:1,0:0
-7.2,0,700,0,0,Gal,d18:1,0:0
-7,0,700,0,0,Gal,d18:1,0:0
-6.8,0,700,0,0,Gal,d18:1,0:0
-6.6,0,700,0,0,Gal,d18:1,0:0
-6.4,0,700,0,0,Gal,d18:1,0:0
-6.2,0,700,0,0,Gal,d18:1,0:0
-6,0,700,0,0,Gal,d18:1,0:0
-5.8,0,700,0,0,Gal,d18:1,0:0
-5.6,0,700,0,0,Gal,d18:1,0:0
-5.4,0,700,0,0,Gal,d18:1,0:0
-5.2,0,700,0,0,Gal,d18:1,0:0
-5,0,700,0,0,Gal,d18:1,0:0
-4.8,0,700,0,0,Gal,d18:1,0:0
-4.6,0,700,0,0,Gal,d18:1,0:0
-4.4,0,700,0,0,Gal,d18:1,0:0
-4.2,0,700,0,0,Gal,d18:1,0:0
-4,0,700,0,0,Gal,d18:1,0:0
-3.8,0,700,0,0,Gal,d18:1,0:0
-3.6,0,700,0,0,Gal,d18:1,0:0
-3.4,0,700,0,0,Gal,d18:1,0:0
-3.2,0,700,0,0,Gal,d18:1,0:0
-3,0,700,0,0,Gal,d18:1,0:0
-2.8,0,700,0,0,Gal,d18:1,0:0
-2.6,0,700,0,0,Gal,d18:1,0:0
-2.4,0,700,0,0,Gal,d18:1,0:0
-2.2,0,700,0,0,Gal,d18:1,0:0
-2,0,700,0,0,Gal,d18:1,0:0
-1.8,0,700,0,0,Gal,d18:1,0:0
-1.6,0,700,0,0,Gal,d18:1,0:0
-1.4,0,700,0,0,Gal,d18:1,0:0
-1.2,140,700,0,0,Gal,d18:1,0:0
-1,380,700,0,0,Gal,d18:1,0:0
-0.8,800,700,0,0,Gal,d18:1,0:0
-0.6,2120,700,0,0,Gal,d18:1,0:0
-0.4,2380,700,0,0,Gal,d18:1,0:0
-0.2,2220,700,0,0,Gal,d18:1,0:0
0,2420,700,0,0,Gal,d18:1,0:0
0.2,1340,700,0,0,Gal,d18:1,0:0
0.4,1140,700,0,0,Gal,d18:1,0:0
0.6,680,700,0,0,Gal,d18:1,0:0
0.8,180,700,0,0,Gal,d18:1,0:0
1,20,700,0,0,Gal,d18:1,0:0
1.2,0,700,0,0,Gal,d18:1,0:0
1.4,0,700,0,0,Gal,d18:1,0:0
1.6,0,700,0,0,Gal,d18:1,0:0
1.8,0,700,0,0,Gal,d18:1,0:0
2,0,700,0,0,Gal,d18:1,0:0
2.2,0,700,0,0,Gal,d18:1,0:0
2.4,0,700,0,0,Gal,d18:1,0:0
2.6,0,700,0,0,Gal,d18:1,0:0
2.8,0,700,0,0,Gal,d18:1,0:0
3,0,700,0,0,Gal,d18:1,0:0
3.2,0,700,0,0,Gal,d18:1,0:0
3.4,0,700,0,0,Gal,d18:1,0:0
3.6,0,700,0,0,Gal,d18:1,0:0
3.8,0,700,0,0,Gal,d18:1,0:0
4,0,700,0,0,Gal,d18:1,0:0
4.2,0,700,0,0,Gal,d18:1,0:0
4.4,0,700,0,0,Gal,d18:1,0:0
4.6,0,700,0,0,Gal,d18:1,0:0
4.8,0,700,0,0,Gal,d18:1,0:0
5,0,700,0,0,Gal,d18:1,0:0
5.2,0,700,0,0,Gal,d18:1,0:0
5.4,0,700,0,0,Gal,d18:1,0:0
5.6,0,700,0,0,Gal,d18:1,0:0
5.8,0,700,0,0,Gal,d18:1,0:0
6,0,700,0,0,Gal,d18:1,0:0
6.2,0,700,0,0,Gal,d18:1,0:0
6.4,0,700,0,0,Gal,d18:1,0:0
6.6,0,700,0,0,Gal,d18:1,0:0
6.8,0,700,0,0,Gal,d18:1,0:0
7,0,700,0,0,Gal,d18:1,0:0
7.2,0,700,0,0,Gal,d18:1,0:0
7.4,0,700,0,0,Gal,d18:1,0:0
7.6,0,700,0,0,Gal,d18:1,0:0
7.8,0,700,0,0,Gal,d18:1,0:0
8,0,700,0,0,Gal,d18:1,0:0
8.2,0,700,0,0,Gal,d18:1,0:0
8.4,0,700,0,0,Gal,d18:1,0:0
8.6,0,700,0,0,Gal,d18:1,0:0
8.8,0,700,0,0,Gal,d18:1,0:0
9,0,700,0,0,Gal,d18:1,0:0
9.2,0,700,0,0,Gal,d18:1,0:0
9.4,0,700,0,0,Gal,d18:1,0:0
9.6,0,700,0,0,Gal,d18:1,0:0
9.8,0,700,0,0,Gal,d18:1,0:0
10,0,700,0,0,Gal,d18:1,0:0
-10,0,800,0,0,Gal,d18:1,0:0
-9.8,0,800,0,0,Gal,d18:1,0:0
-9.6,0,800,0,0,Gal,d18:1,0:0
-9.4,0,800,0,0,Gal,d18:1,0:0
-9.2,0,800,0,0,Gal,d18:1,0:0
-9,0,800,0,0,Gal,d18:1,0:0
-8.8,0,800,0,0,Gal,d18:1,0:0
-8.6,0,800,0,0,Gal,d18:1,0:0
-8.4,0,800,0,0,Gal,d18:1,0:0
-8.2,0,800,0,0,Gal,d18:1,0:0
-8,0,800,0,0,Gal,d18:1,0:0
-7.8,0,800,0,0,Gal,d18:1,0:0
-7.6,0,800,0,0,Gal,d18:1,0:0
-7.4,0,800,0,0,Gal,d18:1,0:0
-7.2,0,800,0,0,Gal,d18:1,0:0
-7,0,800,0,0,Gal,d18:1,0:0
-6.8,0,800,0,0,Gal,d18:1,0:0
-6.6,0,800,0,0,Gal,d18:1,0:0
-6.4,0,800,0,0,Gal,d18:1,0:0
-6.2,0,800,0,0,Gal,d18:1,0:0
-6,0,800,0,0,Gal,d18:1,0:0
-5.8,0,800,0,0,Gal,d18:1,0:0
-5.6,0,800,0,0,Gal,d18:1,0:0
-5.4,0,800,0,0,Gal,d18:1,0:0
-5.2,0,800,0,0,Gal,d18:1,0:0
-5,0,800,0,0,Gal,d18:1,0:0
-4.8,0,800,0,0,Gal,d18:1,0:0
-4.6,0,800,0,0,Gal,d18:1,0:0
-4.4,0,800,0,0,Gal,d18:1,0:0
-4.2,0,800,0,0,Gal,d18:1,0:0
-4,0,800,0,0,Gal,d18:1,0:0
-3.8,0,800,0,0,Gal,d18:1,0:0
-3.6,0,800,0,0,Gal,d18:1,0:0
-3.4,0,800,0,0,Gal,d18:1,0:0
-3.2,0,800,0,0,Gal,d18:1,0:0
-3,0,800,0,0,Gal,d18:1,0:0
-2.8,0,800,0,0,Gal,d18:1,0:0
-2.6,0,800,0,0,Gal,d18:1,0:0
-2.4,0,800,0,0,Gal,d18:1,0:0
-2.2,0,800,0,0,Gal,d18:1,0:0
-2,0,800,0,0,Gal,d18:1,0:0
-1.8,0,800,0,0,Gal,d18:1,0:0
-1.6,0,800,0,0,Gal,d18:1,0:0
-1.4,40,800,0,0,Gal,d18:1,0:0
-1.2,180,800,0,0,Gal,d18:1,0:0
-1,500,800,0,0,Gal,d18:1,0:0
-0.8,1060,800,0,0,Gal,d18:1,0:0
-0.6,2140,800,0,0,Gal,d18:1,0:0
-0.4,2520,800,0,0,Gal,d18:1,0:0
-0.2,2000,800,0,0,Gal,d18:1,0:0
0,1900,800,0,0,Gal,d18:1,0:0
0.2,1700,800,0,0,Gal,d18:1,0:0
0.4,1220,800,0,0,Gal,d18:1,0:0
0.6,400,800,0,0,Gal,d18:1,0:0
0.8,40,800,0,0,Gal,d18:1,0:0
1,0,800,0,0,Gal,d18:1,0:0
1.2,0,800,0,0,Gal,d18:1,0:0
1.4,0,800,0,0,Gal,d18:1,0:0
1.6,0,800,0,0,Gal,d18:1,0:0
1.8,0,800,0,0,Gal,d18:1,0:0
2,0,800,0,0,Gal,d18:1,0:0
2.2,0,800,0,0,Gal,d18:1,0:0
2.4,0,800,0,0,Gal,d18:1,0:0
2.6,0,800,0,0,Gal,d18:1,0:0
2.8,0,800,0,0,Gal,d18:1,0:0
3,0,800,0,0,Gal,d18:1,0:0
3.2,0,800,0,0,Gal,d18:1,0:0
3.4,0,800,0,0,Gal,d18:1,0:0
3.6,0,800,0,0,Gal,d18:1,0:0
3.8,0,800,0,0,Gal,d18:1,0:0
4,0,800,0,0,Gal,d18:1,0:0
4.2,0,800,0,0,Gal,d18:1,0:0
4.4,0,800,0,0,Gal,d18:1,0:0
4.6,0,800,0,0,Gal,d18:1,0:0
4.8,0,800,0,0,Gal,d18:1,0:0
5,0,800,0,0,Gal,d18:1,0:0
5.2,0,800,0,0,Gal,d18:1,0:0
5.4,0,800,0,0,Gal,d18:1,0:0
5.6,0,800,0,0,Gal,d18:1,0:0
5.8,0,800,0,0,Gal,d18:1,0:0
6,0,800,0,0,Gal,d18:1,0:0
6.2,0,800,0,0,Gal,d18:1,0:0
6.4,0,800,0,0,Gal,d18:1,0:0
6.6,0,800,0,0,Gal,d18:1,0:0
6.8,0,800,0,0,Gal,d18:1,0:0
7,0,800,0,0,Gal,d18:1,0:0
7.2,0,800,0,0,Gal,d18:1,0:0
7.4,0,800,0,0,Gal,d18:1,0:0
7.6,0,800,0,0,Gal,d18:1,0:0
7.8,0,800,0,0,Gal,d18:1,0:0
8,0,800,0,0,Gal,d18:1,0:0
8.2,0,800,0,0,Gal,d18:1,0:0
8.4,0,800,0,0,Gal,d18:1,0:0
8.6,0,800,0,0,Gal,d18:1,0:0
8.8,0,800,0,0,Gal,d18:1,0:0
9,0,800,0,0,Gal,d18:1,0:0
9.2,0,800,0,0,Gal,d18:1,0:0
9.4,0,800,0,0,Gal,d18:1,0:0
9.6,0,800,0,0,Gal,d18:1,0:0
9.8,0,800,0,0,Gal,d18:1,0:0
10,0,800,0,0,Gal,d18:1,0:0
-10,0,900,0,0,Gal,d18:1,0:0
-9.8,0,900,0,0,Gal,d18:1,0:0
-9.6,0,900,0,0,Gal,d18:1,0:0
-9.4,0,900,0,0,Gal,d18:1,0:0
-9.2,0,900,0,0,Gal,d18:1,0:0
-9,0,900,0,0,Gal,d18:1,0:0
-8.8,0,900,0,0,Gal,d18:1,0:0
-8.6,0,900,0,0,Gal,d18:1,0:0
-8.4,0,900,0,0,Gal,d18:1,0:0
-8.2,0,900,0,0,Gal,d18:1,0:0
-8,0,900,0,0,Gal,d18:1,0:0
-7.8,0,900,0,0,Gal,d18:1,0:0
-7.6,0,900,0,0,Gal,d18:1,0:0
-7.4,0,900,0,0,Gal,d18:1,0:0
-7.2,0,900,0,0,Gal,d18:1,0:0
-7,0,900,0,0,Gal,d18:1,0:0
-6.8,0,900,0,0,Gal,d18:1,0:0
-6.6,0,900,0,0,Gal,d18:1,0:0
-6.4,0,900,0,0,Gal,d18:1,0:0
-6.2,0,900,0,0,Gal,d18:1,0:0
-6,0,900,0,0,Gal,d18:1,0:0
-5.8,0,900,0,0,Gal,d18:1,0:0
-5.6,0,900,0,0,Gal,d18:1,0:0
-5.4,0,900,0,0,Gal,d18:1,0:0
-5.2,0,900,0,0,Gal,d18:1,0:0
-5,0,900,0,0,Gal,d18:1,0:0
-4.8,0,900,0,0,Gal,d18:1,0:0
-4.6,0,900,0,0,Gal,d18:1,0:0
-4.4,0,900,0,0,Gal,d18:1,0:0
-4.2,0,900,0,0,Gal,d18:1,0:0
-4,0,900,0,0,Gal,d18:1,0:0
-3.8,0,900,0,0,Gal,d18:1,0:0
-3.6,0,900,0,0,Gal,d18:1,0:0
-3.4,0,900,0,0,Gal,d18:1,0:0
-3.2,0,900,0,0,Gal,d18:1,0:0
-3,0,900,0,0,Gal,d18:1,0:0
-2.8,0,900,0,0,Gal,d18:1,0:0
-2.6,0,900,0,0,Gal,d18:1,0:0
-2.4,0,900,0,0,Gal,d18:1,0:0
-2.2,0,900,0,0,Gal,d18:1,0:0
-2,0,900,0,0,Gal,d18:1,0:0
-1.8,0,900,0,0,Gal,d18:1,0:0
-1.6,40,900,0,0,Gal,d18:1,0:0
-1.4,140,900,0,0,Gal,d18:1,0:0
-1.2,260,900,0,0,Gal,d18:1,0:0
-1,1340,900,0,0,Gal,d18:1,0:0
-0.8,1860,900,0,0,Gal,d18:1,0:0
-0.6,2740,900,0,0,Gal,d18:1,0:0
-0.4,2820,900,0,0,Gal,d18:1,0:0
-0.2,2920,900,0,0,Gal,d18:1,0:0
0,2200,900,0,0,Gal,d18:1,0:0
0.2,1420,900,0,0,Gal,d18:1,0:0
0.4,880,900,0,0,Gal,d18:1,0:0
0.6,160,900,0,0,Gal,d18:1,0:0
0.8,0,900,0,0,Gal,d18:1,0:0
1,0,900,0,0,Gal,d18:1,0:0
1.2,0,900,0,0,Gal,d18:1,0:0
1.4,0,900,0,0,Gal,d18:1,0:0
1.6,0,900,0,0,Gal,d18:1,0:0
1.8,0,900,0,0,Gal,d18:1,0:0
2,0,900,0,0,Gal,d18:1,0:0
2.2,0,900,0,0,Gal,d18:1,0:0
2.4,0,900,0,0,Gal,d18:1,0:0
2.6,0,900,0,0,Gal,d18:1,0:0
2.8,0,900,0,0,Gal,d18:1,0:0
3,0,900,0,0,Gal,d18:1,0:0
3.2,0,900,0,0,Gal,d18:1,0:0
3.4,0,900,0,0,Gal,d18:1,0:0
3.6,0,900,0,0,Gal,d18:1,0:0
3.8,0,900,0,0,Gal,d18:1,0:0
4,0,900,0,0,Gal,d18:1,0:0
4.2,0,900,0,0,Gal,d18:1,0:0
4.4,0,900,0,0,Gal,d18:1,0:0
4.6,0,900,0,0,Gal,d18:1,0:0
4.8,0,900,0,0,Gal,d18:1,0:0
5,0,900,0,0,Gal,d18:1,0:0
5.2,0,900,0,0,Gal,d18:1,0:0
5.4,0,900,0,0,Gal,d18:1,0:0
5.6,0,900,0,0,Gal,d18:1,0:0
5.8,0,900,0,0,Gal,d18:1,0:0
6,0,900,0,0,Gal,d18:1,0:0
6.2,0,900,0,0,Gal,d18:1,0:0
6.4,0,900,0,0,Gal,d18:1,0:0
6.6,0,900,0,0,Gal,d18:1,0:0
6.8,0,900,0,0,Gal,d18:1,0:0
7,0,900,0,0,Gal,d18:1,0:0
7.2,0,900,0,0,Gal,d18:1,0:0
7.4,0,900,0,0,Gal,d18:1,0:0
7.6,0,900,0,0,Gal,d18:1,0:0
7.8,0,900,0,0,Gal,d18:1,0:0
8,0,900,0,0,Gal,d18:1,0:0
8.2,0,900,0,0,Gal,d18:1,0:0
8.4,0,900,0,0,Gal,d18:1,0:0
8.6,0,900,0,0,Gal,d18:1,0:0
8.8,0,900,0,0,Gal,d18:1,0:0
9,0,900,0,0,Gal,d18:1,0:0
9.2,0,900,0,0,Gal,d18:1,0:0
9.4,0,900,0,0,Gal,d18:1,0:0
9.6,0,900,0,0,Gal,d18:1,0:0
9.8,0,900,0,0,Gal,d18:1,0:0
10,0,900,0,0,Gal,d18:1,0:0
-10,0,1000,0,0,Gal,d18:1,0:0
-9.8,0,1000,0,0,Gal,d18:1,0:0
-9.6,0,1000,0,0,Gal,d18:1,0:0
-9.4,0,1000,0,0,Gal,d18:1,0:0
-9.2,0,1000,0,0,Gal,d18:1,0:0
-9,0,1000,0,0,Gal,d18:1,0:0
-8.8,0,1000,0,0,Gal,d18:1,0:0
-8.6,0,1000,0,0,Gal,d18:1,0:0
-8.4,0,1000,0,0,Gal,d18:1,0:0
-8.2,0,1000,0,0,Gal,d18:1,0:0
-8,0,1000,0,0,Gal,d18:1,0:0
-7.8,0,1000,0,0,Gal,d18:1,0:0
-7.6,0,1000,0,0,Gal,d18:1,0:0
-7.4,0,1000,0,0,Gal,d18:1,0:0
-7.2,0,1000,0,0,Gal,d18:1,0:0
-7,0,1000,0,0,Gal,d18:1,0:0
-6.8,0,1000,0,0,Gal,d18:1,0:0
-6.6,0,1000,0,0,Gal,d18:1,0:0
-6.4,0,1000,0,0,Gal,d18:1,0:0
-6.2,0,1000,0,0,Gal,d18:1,0:0
-6,0,1000,0,0,Gal,d18:1,0:0
-5.8,0,1000,0,0,Gal,d18:1,0:0
-5.6,0,1000,0,0,Gal,d18:1,0:0
-5.4,0,1000,0,0,Gal,d18:1,0:0
-5.2,0,1000,0,0,Gal,d18:1,0:0
-5,0,1000,0,0,Gal,d18:1,0:0
-4.8,0,1000,0,0,Gal,d18:1,0:0
-4.6,0,1000,0,0,Gal,d18:1,0:0
-4.4,0,1000,0,0,Gal,d18:1,0:0
-4.2,0,1000,0,0,Gal,d18:1,0:0
-4,0,1000,0,0,Gal,d18:1,0:0
-3.8,0,1000,0,0,Gal,d18:1,0:0
-3.6,0,1000,0,0,Gal,d18:1,0:0
-3.4,0,1000,0,0,Gal,d18:1,0:0
-3.2,0,1000,0,0,Gal,d18:1,0:0
-3,0,1000,0,0,Gal,d18:1,0:0
-2.8,0,1000,0,0,Gal,d18:1,0:0
-2.6,0,1000,0,0,Gal,d18:1,0:0
-2.4,0,1000,0,0,Gal,d18:1,0:0
-2.2,0,1000,0,0,Gal,d18:1,0:0
-2,0,1000,0,0,Gal,d18:1,0:0
-1.8,0,1000,0,0,Gal,d18:1,0:0
-1.6,40,1000,0,0,Gal,d18:1,0:0
-1.4,100,1000,0,0,Gal,d18:1,0:0
-1.2,320,1000,0,0,Gal,d18:1,0:0
-1,1100,1000,0,0,Gal,d18:1,0:0
-0.8,2260,1000,0,0,Gal,d18:1,0:0
-0.6,2820,1000,0,0,Gal,d18:1,0:0
-0.4,3360,1000,0,0,Gal,d18:1,0:0
-0.2,2840,1000,0,0,Gal,d18:1,0:0
0,2020,1000,0,0,Gal,d18:1,0:0
0.2,1180,1000,0,0,Gal,d18:1,0:0
0.4,460,1000,0,0,Gal,d18:1,0:0
0.6,40,1000,0,0,Gal,d18:1,0:0
0.8,0,1000,0,0,Gal,d18:1,0:0
1,0,1000,0,0,Gal,d18:1,0:0
1.2,0,1000,0,0,Gal,d18:1,0:0
1.4,0,1000,0,0,Gal,d18:1,0:0
1.6,0,1000,0,0,Gal,d18:1,0:0
1.8,0,1000,0,0,Gal,d18:1,0:0
2,0,1000,0,0,Gal,d18:1,0:0
2.2,0,1000,0,0,Gal,d18:1,0:0
2.4,0,1000,0,0,Gal,d18:1,0:0
2.6,0,1000,0,0,Gal,d18:1,0:0
2.8,0,1000,0,0,Gal,d18:1,0:0
3,0,1000,0,0,Gal,d18:1,0:0
3.2,0,1000,0,0,Gal,d18:1,0:0
3.4,0,1000,0,0,Gal,d18:1,0:0
3.6,0,1000,0,0,Gal,d18:1,0:0
3.8,0,1000,0,0,Gal,d18:1,0:0
4,0,1000,0,0,Gal,d18:1,0:0
4.2,0,1000,0,0,Gal,d18:1,0:0
4.4,0,1000,0,0,Gal,d18:1,0:0
4.6,0,1000,0,0,Gal,d18:1,0:0
4.8,0,1000,0,0,Gal,d18:1,0:0
5,0,1000,0,0,Gal,d18:1,0:0
5.2,0,1000,0,0,Gal,d18:1,0:0
5.4,0,1000,0,0,Gal,d18:1,0:0
5.6,0,1000,0,0,Gal,d18:1,0:0
5.8,0,1000,0,0,Gal,d18:1,0:0
6,0,1000,0,0,Gal,d18:1,0:0
6.2,0,1000,0,0,Gal,d18:1,0:0
6.4,0,1000,0,0,Gal,d18:1,0:0
6.6,0,1000,0,0,Gal,d18:1,0:0
6.8,0,1000,0,0,Gal,d18:1,0:0
7,0,1000,0,0,Gal,d18:1,0:0
7.2,0,1000,0,0,Gal,d18:1,0:0
7.4,0,1000,0,0,Gal,d18:1,0:0
7.6,0,1000,0,0,Gal,d18:1,0:0
7.8,0,1000,0,0,Gal,d18:1,0:0
8,0,1000,0,0,Gal,d18:1,0:0
8.2,0,1000,0,0,Gal,d18:1,0:0
8.4,0,1000,0,0,Gal,d18:1,0:0
8.6,0,1000,0,0,Gal,d18:1,0:0
8.8,0,1000,0,0,Gal,d18:1,0:0
9,0,1000,0,0,Gal,d18:1,0:0
9.2,0,1000,0,0,Gal,d18:1,0:0
9.4,0,1000,0,0,Gal,d18:1,0:0
9.6,0,1000,0,0,Gal,d18:1,0:0
9.8,0,1000,0,0,Gal,d18:1,0:0
10,0,1000,0,0,Gal,d18:1,0:0
-10,0,1100,0,0,Gal,d18:1,0:0
-9.8,0,1100,0,0,Gal,d18:1,0:0
-9.6,0,1100,0,0,Gal,d18:1,0:0
-9.4,0,1100,0,0,Gal,d18:1,0:0
-9.2,0,1100,0,0,Gal,d18:1,0:0
-9,0,1100,0,0,Gal,d18:1,0:0
-8.8,0,1100,0,0,Gal,d18:1,0:0
-8.6,0,1100,0,0,Gal,d18:1,0:0
-8.4,0,1100,0,0,Gal,d18:1,0:0
-8.2,0,1100,0,0,Gal,d18:1,0:0
-8,0,1100,0,0,Gal,d18:1,0:0
-7.8,0,1100,0,0,Gal,d18:1,0:0
-7.6,0,1100,0,0,Gal,d18:1,0:0
-7.4,0,1100,0,0,Gal,d18:1,0:0
-7.2,0,1100,0,0,Gal,d18:1,0:0
-7,0,1100,0,0,Gal,d18:1,0:0
-6.8,0,1100,0,0,Gal,d18:1,0:0
-6.6,0,1100,0,0,Gal,d18:1,0:0
-6.4,0,1100,0,0,Gal,d18:1,0:0
-6.2,0,1100,0,0,Gal,d18:1,0:0
-6,0,1100,0,0,Gal,d18:1,0:0
-5.8,0,1100,0,0,Gal,d18:1,0:0
-5.6,0,1100,0,0,Gal,d18:1,0:0
-5.4,0,1100,0,0,Gal,d18:1,0:0
-5.2,0,1100,0,0,Gal,d18:1,0:0
-5,0,1100,0,0,Gal,d18:1,0:0
-4.8,0,1100,0,0,Gal,d18:1,0:0
-4.6,0,1100,0,0,Gal,d18:1,0:0
-4.4,0,1100,0,0,Gal,d18:1,0:0
-4.2,0,1100,0,0,Gal,d18:1,0:0
-4,0,1100,0,0,Gal,d18:1,0:0
-3.8,0,1100,0,0,Gal,d18:1,0:0
-3.6,0,1100,0,0,Gal,d18:1,0:0
-3.4,0,1100,0,0,Gal,d18:1,0:0
-3.2,0,1100,0,0,Gal,d18:1,0:0
-3,0,1100,0,0,Gal,d18:1,0:0
-2.8,0,1100,0,0,Gal,d18:1,0:0
-2.6,0,1100,0,0,Gal,d18:1,0:0
-2.4,0,1100,0,0,Gal,d18:1,0:0
-2.2,0,1100,0,0,Gal,d18:1,0:0
-2,0,1100,0,0,Gal,d18:1,0:0
-1.8,0,1100,0,0,Gal,d18:1,0:0
-1.6,0,1100,0,0,Gal,d18:1,0:0
-1.4,140,1100,0,0,Gal,d18:1,0:0
-1.2,800,1100,0,0,Gal,d18:1,0:0
-1,2100,1100,0,0,Gal,d18:1,0:0
-0.8,2760,1100,0,0,Gal,d18:1,0:0
-0.6,3460,1100,0,0,Gal,d18:1,0:0
-0.4,4080,1100,0,0,Gal,d18:1,0:0
-0.2,2200,1100,0,0,Gal,d18:1,0:0
0,1480,1100,0,0,Gal,d18:1,0:0
0.2,840,1100,0,0,Gal,d18:1,0:0
0.4,260,1100,0,0,Gal,d18:1,0:0
0.6,0,1100,0,0,Gal,d18:1,0:0
0.8,0,1100,0,0,Gal,d18:1,0:0
1,0,1100,0,0,Gal,d18:1,0:0
1.2,0,1100,0,0,Gal,d18:1,0:0
1.4,0,1100,0,0,Gal,d18:1,0:0
1.6,0,1100,0,0,Gal,d18:1,0:0
1.8,0,1100,0,0,Gal,d18:1,0:0
2,0,1100,0,0,Gal,d18:1,0:0
2.2,0,1100,0,0,Gal,d18:1,0:0
2.4,0,1100,0,0,Gal,d18:1,0:0
2.6,0,1100,0,0,Gal,d18:1,0:0
2.8,0,1100,0,0,Gal,d18:1,0:0
3,0,1100,0,0,Gal,d18:1,0:0
3.2,0,1100,0,0,Gal,d18:1,0:0
3.4,0,1100,0,0,Gal,d18:1,0:0
3.6,0,1100,0,0,Gal,d18:1,0:0
3.8,0,1100,0,0,Gal,d18:1,0:0
4,0,1100,0,0,Gal,d18:1,0:0
4.2,0,1100,0,0,Gal,d18:1,0:0
4.4,0,1100,0,0,Gal,d18:1,0:0
4.6,0,1100,0,0,Gal,d18:1,0:0
4.8,0,1100,0,0,Gal,d18:1,0:0
5,0,1100,0,0,Gal,d18:1,0:0
5.2,0,1100,0,0,Gal,d18:1,0:0
5.4,0,1100,0,0,Gal,d18:1,0:0
5.6,0,1100,0,0,Gal,d18:1,0:0
5.8,0,1100,0,0,Gal,d18:1,0:0
6,0,1100,0,0,Gal,d18:1,0:0
6.2,0,1100,0,0,Gal,d18:1,0:0
6.4,0,1100,0,0,Gal,d18:1,0:0
6.6,0,1100,0,0,Gal,d18:1,0:0
6.8,0,1100,0,0,Gal,d18:1,0:0
7,0,1100,0,0,Gal,d18:1,0:0
7.2,0,1100,0,0,Gal,d18:1,0:0
7.4,0,1100,0,0,Gal,d18:1,0:0
7.6,0,1100,0,0,Gal,d18:1,0:0
7.8,0,1100,0,0,Gal,d18:1,0:0
8,0,1100,0,0,Gal,d18:1,0:0
8.2,0,1100,0,0,Gal,d18:1,0:0
8.4,0,1100,0,0,Gal,d18:1,0:0
8.6,0,1100,0,0,Gal,d18:1,0:0
8.8,0,1100,0,0,Gal,d18:1,0:0
9,0,1100,0,0,Gal,d18:1,0:0
9.2,0,1100,0,0,Gal,d18:1,0:0
9.4,0,1100,0,0,Gal,d18:1,0:0
9.6,0,1100,0,0,Gal,d18:1,0:0
9.8,0,1100,0,0,Gal,d18:1,0:0
10,0,1100,0,0,Gal,d18:1,0:0
-10,0,1200,0,0,Gal,d18:1,0:0
-9.8,0,1200,0,0,Gal,d18:1,0:0
-9.6,0,1200,0,0,Gal,d18:1,0:0
-9.4,0,1200,0,0,Gal,d18:1,0:0
-9.2,0,1200,0,0,Gal,d18:1,0:0
-9,0,1200,0,0,Gal,d18:1,0:0
-8.8,0,1200,0,0,Gal,d18:1,0:0
-8.6,0,1200,0,0,Gal,d18:1,0:0
-8.4,0,1200,0,0,Gal,d18:1,0:0
-8.2,0,1200,0,0,Gal,d18:1,0:0
-8,0,1200,0,0,Gal,d18:1,0:0
-7.8,0,1200,0,0,Gal,d18:1,0:0
-7.6,0,1200,0,0,Gal,d18:1,0:0
-7.4,0,1200,0,0,Gal,d18:1,0:0
-7.2,0,1200,0,0,Gal,d18:1,0:0
-7,0,1200,0,0,Gal,d18:1,0:0
-6.8,0,1200,0,0,Gal,d18:1,0:0
-6.6,0,1200,0,0,Gal,d18:1,0:0
-6.4,0,1200,0,0,Gal,d18:1,0:0
-6.2,0,1200,0,0,Gal,d18:1,0:0
-6,0,1200,0,0,Gal,d18:1,0:0
-5.8,0,1200,0,0,Gal,d18:1,0:0
-5.6,0,1200,0,0,Gal,d18:1,0:0
-5.4,0,1200,0,0,Gal,d18:1,0:0
-5.2,0,1200,0,0,Gal,d18:1,0:0
-5,0,1200,0,0,Gal,d18:1,0:0
-4.8,0,1200,0,0,Gal,d18:1,0:0
-4.6,0,1200,0,0,Gal,d18:1,0:0
-4.4,0,1200,0,0,Gal,d18:1,0:0
-4.2,0,1200,0,0,Gal,d18:1,0:0
-4,0,1200,0,0,Gal,d18:1,0:0
-3.8,0,1200,0,0,Gal,d18:1,0:0
-3.6,0,1200,0,0,Gal,d18:1,0:0
-3.4,0,1200,0,0,Gal,d18:1,0:0
-3.2,0,1200,0,0,Gal,d18:1,0:0
-3,0,1200,0,0,Gal,d18:1,0:0
-2.8,0,1200,0,0,Gal,d18:1,0:0
-2.6,0,1200,0,0,Gal,d18:1,0:0
-2.4,0,1200,0,0,Gal,d18:1,0:0
-2.2,0,1200,0,0,Gal,d18:1,0:0
-2,0,1200,0,0,Gal,d18:1,0:0
-1.8,40,1200,0,0,Gal,d18:1,0:0
-1.6,120,1200,0,0,Gal,d18:1,0:0
-1.4,400,1200,0,0,Gal,d18:1,0:0
-1.2,1800,1200,0,0,Gal,d18:1,0:0
-1,2560,1200,0,0,Gal,d18:1,0:0
-0.8,3600,1200,0,0,Gal,d18:1,0:0
-0.6,3400,1200,0,0,Gal,d18:1,0:0
-0.4,3420,1200,0,0,Gal,d18:1,0:0
-0.2,1700,1200,0,0,Gal,d18:1,0:0
0,1160,1200,0,0,Gal,d18:1,0:0
0.2,540,1200,0,0,Gal,d18:1,0:0
0.4,40,1200,0,0,Gal,d18:1,0:0
0.6,0,1200,0,0,Gal,d18:1,0:0
0.8,0,1200,0,0,Gal,d18:1,0:0
1,0,1200,0,0,Gal,d18:1,0:0
1.2,0,1200,0,0,Gal,d18:1,0:0
1.4,0,1200,0,0,Gal,d18:1,0:0
1.6,0,1200,0,0,Gal,d18:1,0:0
1.8,0,1200,0,0,Gal,d18:1,0:0
2,0,1200,0,0,Gal,d18:1,0:0
2.2,0,1200,0,0,Gal,d18:1,0:0
2.4,0,1200,0,0,Gal,d18:1,0:0
2.6,0,1200,0,0,Gal,d18:1,0:0
2.8,0,1200,0,0,Gal,d18:1,0:0
3,0,1200,0,0,Gal,d18:1,0:0
3.2,0,1200,0,0,Gal,d18:1,0:0
3.4,0,1200,0,0,Gal,d18:1,0:0
3.6,0,1200,0,0,Gal,d18:1,0:0
3.8,0,1200,0,0,Gal,d18:1,0:0
4,0,1200,0,0,Gal,d18:1,0:0
4.2,0,1200,0,0,Gal,d18:1,0:0
4.4,0,1200,0,0,Gal,d18:1,0:0
4.6,0,1200,0,0,Gal,d18:1,0:0
4.8,0,1200,0,0,Gal,d18:1,0:0
5,0,1200,0,0,Gal,d18:1,0:0
5.2,0,1200,0,0,Gal,d18:1,0:0
5.4,0,1200,0,0,Gal,d18:1,0:0
5.6,0,1200,0,0,Gal,d18:1,0:0
5.8,0,1200,0,0,Gal,d18:1,0:0
6,0,1200,0,0,Gal,d18:1,0:0
6.2,0,1200,0,0,Gal,d18:1,0:0
6.4,0,1200,0,0,Gal,d18:1,0:0
6.6,0,1200,0,0,Gal,d18:1,0:0
6.8,0,1200,0,0,Gal,d18:1,0:0
7,0,1200,0,0,Gal,d18:1,0:0
7.2,0,1200,0,0,Gal,d18:1,0:0
7.4,0,1200,0,0,Gal,d18:1,0:0
7.6,0,1200,0,0,Gal,d18:1,0:0
7.8,0,1200,0,0,Gal,d18:1,0:0
8,0,1200,0,0,Gal,d18:1,0:0
8.2,0,1200,0,0,Gal,d18:1,0:0
8.4,0,1200,0,0,Gal,d18:1,0:0
8.6,0,1200,0,0,Gal,d18:1,0:0
8.8,0,1200,0,0,Gal,d18:1,0:0
9,0,1200,0,0,Gal,d18:1,0:0
9.2,0,1200,0,0,Gal,d18:1,0:0
9.4,0,1200,0,0,Gal,d18:1,0:0
9.6,0,1200,0,0,Gal,d18:1,0:0
9.8,0,1200,0,0,Gal,d18:1,0:0
10,0,1200,0,0,Gal,d18:1,0:0
-10,0,1300,0,0,Gal,d18:1,0:0
-9.8,0,1300,0,0,Gal,d18:1,0:0
-9.6,0,1300,0,0,Gal,d18:1,0:0
-9.4,0,1300,0,0,Gal,d18:1,0:0
-9.2,0,1300,0,0,Gal,d18:1,0:0
-9,0,1300,0,0,Gal,d18:1,0:0
-8.8,0,1300,0,0,Gal,d18:1,0:0
-8.6,0,1300,0,0,Gal,d18:1,0:0
-8.4,0,1300,0,0,Gal,d18:1,0:0
-8.2,0,1300,0,0,Gal,d18:1,0:0
-8,0,1300,0,0,Gal,d18:1,0:0
-7.8,0,1300,0,0,Gal,d18:1,0:0
-7.6,0,1300,0,0,Gal,d18:1,0:0
-7.4,0,1300,0,0,Gal,d18:1,0:0
-7.2,0,1300,0,0,Gal,d18:1,0:0
-7,0,1300,0,0,Gal,d18:1,0:0
-6.8,0,1300,0,0,Gal,d18:1,0:0
-6.6,0,1300,0,0,Gal,d18:1,0:0
-6.4,0,1300,0,0,Gal,d18:1,0:0
-6.2,0,1300,0,0,Gal,d18:1,0:0
-6,0,1300,0,0,Gal,d18:1,0:0
-5.8,0,1300,0,0,Gal,d18:1,0:0
-5.6,0,1300,0,0,Gal,d18:1,0:0
-5.4,0,1300,0,0,Gal,d18:1,0:0
-5.2,0,1300,0,0,Gal,d18:1,0:0
-5,0,1300,0,0,Gal,d18:1,0:0
-4.8,0,1300,0,0,Gal,d18:1,0:0
-4.6,0,1300,0,0,Gal,d18:1,0:0
-4.4,0,1300,0,0,Gal,d18:1,0:0
-4.2,0,1300,0,0,Gal,d18:1,0:0
-4,0,1300,0,0,Gal,d18:1,0:0
-3.8,0,1300,0,0,Gal,d18:1,0:0
-3.6,0,1300,0,0,Gal,d18:1,0:0
-3.4,0,1300,0,0,Gal,d18:1,0:0
-3.2,0,1300,0,0,Gal,d18:1,0:0
-3,0,1300,0,0,Gal,d18:1,0:0
-2.8,0,1300,0,0,Gal,d18:1,0:0
-2.6,0,1300,0,0,Gal,d18:1,0:0
-2.4,0,1300,0,0,Gal,d18:1,0:0
-2.2,0,1300,0,0,Gal,d18:1,0:0
-2,0,1300,0,0,Gal,d18:1,0:0
-1.8,20,1300,0,0,Gal,d18:1,0:0
-1.6,140,1300,0,0,Gal,d18:1,0:0
-1.4,840,1300,0,0,Gal,d18:1,0:0
-1.2,2320,1300,0,0,Gal,d18:1,0:0
-1,3960,1300,0,0,Gal,d18:1,0:0
-0.8,4700,1300,0,0,Gal,d18:1,0:0
-0.6,3080,1300,0,0,Gal,d18:1,0:0
-0.4,3100,1300,0,0,Gal,d18:1,0:0
-0.2,1120,1300,0,0,Gal,d18:1,0:0
0,780,1300,0,0,Gal,d18:1,0:0
0.2,20,1300,0,0,Gal,d18:1,0:0
0.4,20,1300,0,0,Gal,d18:1,0:0
0.6,0,1300,0,0,Gal,d18:1,0:0
0.8,0,1300,0,0,Gal,d18:1,0:0
1,0,1300,0,0,Gal,d18:1,0:0
1.2,0,1300,0,0,Gal,d18:1,0:0
1.4,0,1300,0,0,Gal,d18:1,0:0
1.6,0,1300,0,0,Gal,d18:1,0:0
1.8,0,1300,0,0,Gal,d18:1,0:0
2,0,1300,0,0,Gal,d18:1,0:0
2.2,0,1300,0,0,Gal,d18:1,0:0
2.4,0,1300,0,0,Gal,d18:1,0:0
2.6,0,1300,0,0,Gal,d18:1,0:0
2.8,0,1300,0,0,Gal,d18:1,0:0
3,0,1300,0,0,Gal,d18:1,0:0
3.2,0,1300,0,0,Gal,d18:1,0:0
3.4,0,1300,0,0,Gal,d18:1,0:0
3.6,0,1300,0,0,Gal,d18:1,0:0
3.8,0,1300,0,0,Gal,d18:1,0:0
4,0,1300,0,0,Gal,d18:1,0:0
4.2,0,1300,0,0,Gal,d18:1,0:0
4.4,0,1300,0,0,Gal,d18:1,0:0
4.6,0,1300,0,0,Gal,d18:1,0:0
4.8,0,1300,0,0,Gal,d18:1,0:0
5,0,1300,0,0,Gal,d18:1,0:0
5.2,0,1300,0,0,Gal,d18:1,0:0
5.4,0,1300,0,0,Gal,d18:1,0:0
5.6,0,1300,0,0,Gal,d18:1,0:0
5.8,0,1300,0,0,Gal,d18:1,0:0
6,0,1300,0,0,Gal,d18:1,0:0
6.2,0,1300,0,0,Gal,d18:1,0:0
6.4,0,1300,0,0,Gal,d18:1,0:0
6.6,0,1300,0,0,Gal,d18:1,0:0
6.8,0,1300,0,0,Gal,d18:1,0:0
7,0,1300,0,0,Gal,d18:1,0:0
7.2,0,1300,0,0,Gal,d18:1,0:0
7.4,0,1300,0,0,Gal,d18:1,0:0
7.6,0,1300,0,0,Gal,d18:1,0:0
7.8,0,1300,0,0,Gal,d18:1,0:0
8,0,1300,0,0,Gal,d18:1,0:0
8.2,0,1300,0,0,Gal,d18:1,0:0
8.4,0,1300,0,0,Gal,d18:1,0:0
8.6,0,1300,0,0,Gal,d18:1,0:0
8.8,0,1300,0,0,Gal,d18:1,0:0
9,0,1300,0,0,Gal,d18:1,0:0
9.2,0,1300,0,0,Gal,d18:1,0:0
9.4,0,1300,0,0,Gal,d18:1,0:0
9.6,0,1300,0,0,Gal,d18:1,0:0
9.8,0,1300,0,0,Gal,d18:1,0:0
10,0,1300,0,0,Gal,d18:1,0:0
-10,0,1400,0,0,Gal,d18:1,0:0
-9.8,0,1400,0,0,Gal,d18:1,0:0
-9.6,0,1400,0,0,Gal,d18:1,0:0
-9.4,0,1400,0,0,Gal,d18:1,0:0
-9.2,0,1400,0,0,Gal,d18:1,0:0
-9,0,1400,0,0,Gal,d18:1,0:0
-8.8,0,1400,0,0,Gal,d18:1,0:0
-8.6,0,1400,0,0,Gal,d18:1,0:0
-8.4,0,1400,0,0,Gal,d18:1,0:0
-8.2,0,1400,0,0,Gal,d18:1,0:0
-8,0,1400,0,0,Gal,d18:1,0:0
-7.8,0,1400,0,0,Gal,d18:1,0:0
-7.6,0,1400,0,0,Gal,d18:1,0:0
-7.4,0,1400,0,0,Gal,d18:1,0:0
-7.2,0,1400,0,0,Gal,d18:1,0:0
-7,0,1400,0,0,Gal,d18:1,0:0
-6.8,0,1400,0,0,Gal,d18:1,0:0
-6.6,0,1400,0,0,Gal,d18:1,0:0
-6.4,0,1400,0,0,Gal,d18:1,0:0
-6.2,0,1400,0,0,Gal,d18:1,0:0
-6,0,1400,0,0,Gal,d18:1,0:0
-5.8,0,1400,0,0,Gal,d18:1,0:0
-5.6,0,1400,0,0,Gal,d18:1,0:0
-5.4,0,1400,0,0,Gal,d18:1,0:0
-5.2,0,1400,0,0,Gal,d18:1,0:0
-5,0,1400,0,0,Gal,d18:1,0:0
-4.8,0,1400,0,0,Gal,d18:1,0:0
-4.6,0,1400,0,0,Gal,d18:1,0:0
-4.4,0,1400,0,0,Gal,d18:1,0:0
-4.2,0,1400,0,0,Gal,d18:1,0:0
-4,0,1400,0,0,Gal,d18:1,0:0
-3.8,0,1400,0,0,Gal,d18:1,0:0
-3.6,0,1400,0,0,Gal,d18:1,0:0
-3.4,0,1400,0,0,Gal,d18:1,0:0
-3.2,0,1400,0,0,Gal,d18:1,0:0
-3,0,1400,0,0,Gal,d18:1,0:0
-2.8,0,1400,0,0,Gal,d18:1,0:0
-2.6,0,1400,0,0,Gal,d18:1,0:0
-2.4,0,1400,0,0,Gal,d18:1,0:0
-2.2,0,1400,0,0,Gal,d18:1,0:0
-2,0,1400,0,0,Gal,d18:1,0:0
-1.8,360,1400,0,0,Gal,d18:1,0:0
-1.6,1300,1400,0,0,Gal,d18:1,0:0
-1.4,3620,1400,0,0,Gal,d18:1,0:0
-1.2,6300,1400,0,0,Gal,d18:1,0:0
-1,5300,1400,0,0,Gal,d18:1,0:0
-0.8,6060,1400,0,0,Gal,d18:1,0:0
-0.6,4480,1400,0,0,Gal,d18:1,0:0
-0.4,2140,1400,0,0,Gal,d18:1,0:0
-0.2,980,1400,0,0,Gal,d18:1,0:0
0,220,1400,0,0,Gal,d18:1,0:0
0.2,40,1400,0,0,Gal,d18:1,0:0
0.4,0,1400,0,0,Gal,d18:1,0:0
0.6,20,1400,0,0,Gal,d18:1,0:0
0.8,0,1400,0,0,Gal,d18:1,0:0
1,0,1400,0,0,Gal,d18:1,0:0
1.2,0,1400,0,0,Gal,d18:1,0:0
1.4,0,1400,0,0,Gal,d18:1,0:0
1.6,0,1400,0,0,Gal,d18:1,0:0
1.8,0,1400,0,0,Gal,d18:1,0:0
2,0,1400,0,0,Gal,d18:1,0:0
2.2,0,1400,0,0,Gal,d18:1,0:0
2.4,0,1400,0,0,Gal,d18:1,0:0
2.6,0,1400,0,0,Gal,d18:1,0:0
2.8,0,1400,0,0,Gal,d18:1,0:0
3,0,1400,0,0,Gal,d18:1,0:0
3.2,0,1400,0,0,Gal,d18:1,0:0
3.4,0,1400,0,0,Gal,d18:1,0:0
3.6,0,1400,0,0,Gal,d18:1,0:0
3.8,0,1400,0,0,Gal,d18:1,0:0
4,0,1400,0,0,Gal,d18:1,0:0
4.2,0,1400,0,0,Gal,d18:1,0:0
4.4,0,1400,0,0,Gal,d18:1,0:0
4.6,0,1400,0,0,Gal,d18:1,0:0
4.8,0,1400,0,0,Gal,d18:1,0:0
5,0,1400,0,0,Gal,d18:1,0:0
5.2,0,1400,0,0,Gal,d18:1,0:0
5.4,0,1400,0,0,Gal,d18:1,0:0
5.6,0,1400,0,0,Gal,d18:1,0:0
5.8,0,1400,0,0,Gal,d18:1,0:0
6,0,1400,0,0,Gal,d18:1,0:0
6.2,0,1400,0,0,Gal,d18:1,0:0
6.4,0,1400,0,0,Gal,d18:1,0:0
6.6,0,1400,0,0,Gal,d18:1,0:0
6.8,0,1400,0,0,Gal,d18:1,0:0
7,0,1400,0,0,Gal,d18:1,0:0
7.2,0,1400,0,0,Gal,d18:1,0:0
7.4,0,1400,0,0,Gal,d18:1,0:0
7.6,0,1400,0,0,Gal,d18:1,0:0
7.8,0,1400,0,0,Gal,d18:1,0:0
8,0,1400,0,0,Gal,d18:1,0:0
8.2,0,1400,0,0,Gal,d18:1,0:0
8.4,0,1400,0,0,Gal,d18:1,0:0
8.6,0,1400,0,0,Gal,d18:1,0:0
8.8,0,1400,0,0,Gal,d18:1,0:0
9,0,1400,0,0,Gal,d18:1,0:0
9.2,0,1400,0,0,Gal,d18:1,0:0
9.4,0,1400,0,0,Gal,d18:1,0:0
9.6,0,1400,0,0,Gal,d18:1,0:0
9.8,0,1400,0,0,Gal,d18:1,0:0
10,0,1400,0,0,Gal,d18:1,0:0
-10,0,1500,0,0,Gal,d18:1,0:0
-9.8,0,1500,0,0,Gal,d18:1,0:0
-9.6,0,1500,0,0,Gal,d18:1,0:0
-9.4,0,1500,0,0,Gal,d18:1,0:0
-9.2,0,1500,0,0,Gal,d18:1,0:0
-9,0,1500,0,0,Gal,d18:1,0:0
-8.8,0,1500,0,0,Gal,d18:1,0:0
-8.6,0,1500,0,0,Gal,d18:1,0:0
-8.4,0,1500,0,0,Gal,d18:1,0:0
-8.2,0,1500,0,0,Gal,d18:1,0:0
-8,0,1500,0,0,Gal,d18:1,0:0
-7.8,0,1500,0,0,Gal,d18:1,0:0
-7.6,0,1500,0,0,Gal,d18:1,0:0
-7.4,0,1500,0,0,Gal,d18:1,0:0
-7.2,0,1500,0,0,Gal,d18:1,0:0
-7,0,1500,0,0,Gal,d18:1,0:0
-6.8,0,1500,0,0,Gal,d18:1,0:0
-6.6,0,1500,0,0,Gal,d18:1,0:0
-6.4,0,1500,0,0,Gal,d18:1,0:0
-6.2,0,1500,0,0,Gal,d18:1,0:0
-6,0,1500,0,0,Gal,d18:1,0:0
-5.8,0,1500,0,0,Gal,d18:1,0:0
-5.6,0,1500,0,0,Gal,d18:1,0:0
-5.4,0,1500,0,0,Gal,d18:1,0:0
-5.2,0,1500,0,0,Gal,d18:1,0:0
-5,0,1500,0,0,Gal,d18:1,0:0
-4.8,0,1500,0,0,Gal,d18:1,0:0
-4.6,0,1500,0,0,Gal,d18:1,0:0
-4.4,0,1500,0,0,Gal,d18:1,0:0
-4.2,0,1500,0,0,Gal,d18:1,0:0
-4,0,1500,0,0,Gal,d18:1,0:0
-3.8,0,1500,0,0,Gal,d18:1,0:0
-3.6,0,1500,0,0,Gal,d18:1,0:0
-3.4,0,1500,0,0,Gal,d18:1,0:0
-3.2,0,1500,0,0,Gal,d18:1,0:0
-3,0,1500,0,0,Gal,d18:1,0:0
-2.8,0,1500,0,0,Gal,d18:1,0:0
-2.6,0,1500,0,0,Gal,d18:1,0:0
-2.4,0,1500,0,0,Gal,d18:1,0:0
-2.2,80,1500,0,0,Gal,d18:1,0:0
-2,100,1500,0,0,Gal,d18:1,0:0
-1.8,1200,1500,0,0,Gal,d18:1,0:0
-1.6,1780,1500,0,0,Gal,d18:1,0:0
-1.4,3780,1500,0,0,Gal,d18:1,0:0
-1.2,4240,1500,0,0,Gal,d18:1,0:0
-1,4500,1500,0,0,Gal,d18:1,0:0
-0.8,2660,1500,0,0,Gal,d18:1,0:0
-0.6,1380,1500,0,0,Gal,d18:1,0:0
-0.4,560,1500,0,0,Gal,d18:1,0:0
-0.2,120,1500,0,0,Gal,d18:1,0:0
0,40,1500,0,0,Gal,d18:1,0:0
0.2,0,1500,0,0,Gal,d18:1,0:0
0.4,0,1500,0,0,Gal,d18:1,0:0
0.6,0,1500,0,0,Gal,d18:1,0:0
0.8,0,1500,0,0,Gal,d18:1,0:0
1,0,1500,0,0,Gal,d18:1,0:0
1.2,0,1500,0,0,Gal,d18:1,0:0
1.4,0,1500,0,0,Gal,d18:1,0:0
1.6,0,1500,0,0,Gal,d18:1,0:0
1.8,0,1500,0,0,Gal,d18:1,0:0
2,0,1500,0,0,Gal,d18:1,0:0
2.2,0,1500,0,0,Gal,d18:1,0:0
2.4,0,1500,0,0,Gal,d18:1,0:0
2.6,0,1500,0,0,Gal,d18:1,0:0
2.8,0,1500,0,0,Gal,d18:1,0:0
3,0,1500,0,0,Gal,d18:1,0:0
3.2,0,1500,0,0,Gal,d18:1,0:0
3.4,0,1500,0,0,Gal,d18:1,0:0
3.6,0,1500,0,0,Gal,d18:1,0:0
3.8,0,1500,0,0,Gal,d18:1,0:0
4,0,1500,0,0,Gal,d18:1,0:0
4.2,0,1500,0,0,Gal,d18:1,0:0
4.4,0,1500,0,0,Gal,d18:1,0:0
4.6,0,1500,0,0,Gal,d18:1,0:0
4.8,0,1500,0,0,Gal,d18:1,0:0
5,0,1500,0,0,Gal,d18:1,0:0
5.2,0,1500,0,0,Gal,d18:1,0:0
5.4,0,1500,0,0,Gal,d18:1,0:0
5.6,0,1500,0,0,Gal,d18:1,0:0
5.8,0,1500,0,0,Gal,d18:1,0:0
6,0,1500,0,0,Gal,d18:1,0:0
6.2,0,1500,0,0,Gal,d18:1,0:0
6.4,0,1500,0,0,Gal,d18:1,0:0
6.6,0,1500,0,0,Gal,d18:1,0:0
6.8,0,1500,0,0,Gal,d18:1,0:0
7,0,1500,0,0,Gal,d18:1,0:0
7.2,0,1500,0,0,Gal,d18:1,0:0
7.4,0,1500,0,0,Gal,d18:1,0:0
7.6,0,1500,0,0,Gal,d18:1,0:0
7.8,0,1500,0,0,Gal,d18:1,0:0
8,0,1500,0,0,Gal,d18:1,0:0
8.2,0,1500,0,0,Gal,d18:1,0:0
8.4,0,1500,0,0,Gal,d18:1,0:0
8.6,0,1500,0,0,Gal,d18:1,0:0
8.8,0,1500,0,0,Gal,d18:1,0:0
9,0,1500,0,0,Gal,d18:1,0:0
9.2,0,1500,0,0,Gal,d18:1,0:0
9.4,0,1500,0,0,Gal,d18:1,0:0
9.6,0,1500,0,0,Gal,d18:1,0:0
9.8,0,1500,0,0,Gal,d18:1,0:0
10,0,1500,0,0,Gal,d18:1,0:0
-10,0,1600,0,0,Gal,d18:1,0:0
-9.8,0,1600,0,0,Gal,d18:1,0:0
-9.6,0,1600,0,0,Gal,d18:1,0:0
-9.4,0,1600,0,0,Gal,d18:1,0:0
-9.2,0,1600,0,0,Gal,d18:1,0:0
-9,0,1600,0,0,Gal,d18:1,0:0
-8.8,0,1600,0,0,Gal,d18:1,0:0
-8.6,0,1600,0,0,Gal,d18:1,0:0
-8.4,0,1600,0,0,Gal,d18:1,0:0
-8.2,0,1600,0,0,Gal,d18:1,0:0
-8,0,1600,0,0,Gal,d18:1,0:0
-7.8,0,1600,0,0,Gal,d18:1,0:0
-7.6,0,1600,0,0,Gal,d18:1,0:0
-7.4,0,1600,0,0,Gal,d18:1,0:0
-7.2,0,1600,0,0,Gal,d18:1,0:0
-7,0,1600,0,0,Gal,d18:1,0:0
-6.8,0,1600,0,0,Gal,d18:1,0:0
-6.6,0,1600,0,0,Gal,d18:1,0:0
-6.4,0,1600,0,0,Gal,d18:1,0:0
-6.2,0,1600,0,0,Gal,d18:1,0:0
-6,0,1600,0,0,Gal,d18:1,0:0
-5.8,0,1600,0,0,Gal,d18:1,0:0
-5.6,0,1600,0,0,Gal,d18:1,0:0
-5.4,0,1600,0,0,Gal,d18:1,0:0
-5.2,0,1600,0,0,Gal,d18:1,0:0
-5,0,1600,0,0,Gal,d18:1,0:0
-4.8,0,1600,0,0,Gal,d18:1,0:0
-4.6,0,1600,0,0,Gal,d18:1,0:0
-4.4,0,1600,0,0,Gal,d18:1,0:0
-4.2,0,1600,0,0,Gal,d18:1,0:0
-4,0,1600,0,0,Gal,d18:1,0:0
-3.8,0,1600,0,0,Gal,d18:1,0:0
-3.6,0,1600,0,0,Gal,d18:1,0:0
-3.4,0,1600,0,0,Gal,d18:1,0:0
-3.2,0,1600,0,0,Gal,d18:1,0:0
-3,0,1600,0,0,Gal,d18:1,0:0
-2.8,0,1600,0,0,Gal,d18:1,0:0
-2.6,0,1600,0,0,Gal,d18:1,0:0
-2.4,100,1600,0,0,Gal,d18:1,0:0
-2.2,540,1600,0,0,Gal,d18:1,0:0
-2,1680,1600,0,0,Gal,d18:1,0:0
-1.8,2600,1600,0,0,Gal,d18:1,0:0
-1.6,4680,1600,0,0,Gal,d18:1,0:0
-1.4,4640,1600,0,0,Gal,d18:1,0:0
-1.2,4820,1600,0,0,Gal,d18:1,0:0
-1,2560,1600,0,0,Gal,d18:1,0:0
-0.8,1680,1600,0,0,Gal,d18:1,0:0
-0.6,560,1600,0,0,Gal,d18:1,0:0
-0.4,80,1600,0,0,Gal,d18:1,0:0
-0.2,0,1600,0,0,Gal,d18:1,0:0
0,0,1600,0,0,Gal,d18:1,0:0
0.2,0,1600,0,0,Gal,d18:1,0:0
0.4,0,1600,0,0,Gal,d18:1,0:0
0.6,0,1600,0,0,Gal,d18:1,0:0
0.8,0,1600,0,0,Gal,d18:1,0:0
1,0,1600,0,0,Gal,d18:1,0:0
1.2,0,1600,0,0,Gal,d18:1,0:0
1.4,0,1600,0,0,Gal,d18:1,0:0
1.6,0,1600,0,0,Gal,d18:1,0:0
1.8,0,1600,0,0,Gal,d18:1,0:0
2,0,1600,0,0,Gal,d18:1,0:0
2.2,0,1600,0,0,Gal,d18:1,0:0
2.4,0,1600,0,0,Gal,d18:1,0:0
2.6,0,1600,0,0,Gal,d18:1,0:0
2.8,0,1600,0,0,Gal,d18:1,0:0
3,0,1600,0,0,Gal,d18:1,0:0
3.2,0,1600,0,0,Gal,d18:1,0:0
3.4,0,1600,0,0,Gal,d18:1,0:0
3.6,0,1600,0,0,Gal,d18:1,0:0
3.8,0,1600,0,0,Gal,d18:1,0:0
4,0,1600,0,0,Gal,d18:1,0:0
4.2,0,1600,0,0,Gal,d18:1,0:0
4.4,0,1600,0,0,Gal,d18:1,0:0
4.6,0,1600,0,0,Gal,d18:1,0:0
4.8,0,1600,0,0,Gal,d18:1,0:0
5,0,1600,0,0,Gal,d18:1,0:0
5.2,0,1600,0,0,Gal,d18:1,0:0
5.4,0,1600,0,0,Gal,d18:1,0:0
5.6,0,1600,0,0,Gal,d18:1,0:0
5.8,0,1600,0,0,Gal,d18:1,0:0
6,0,1600,0,0,Gal,d18:1,0:0
6.2,0,1600,0,0,Gal,d18:1,0:0
6.4,0,1600,0,0,Gal,d18:1,0:0
6.6,0,1600,0,0,Gal,d18:1,0:0
6.8,0,1600,0,0,Gal,d18:1,0:0
7,0,1600,0,0,Gal,d18:1,0:0
7.2,0,1600,0,0,Gal,d18:1,0:0
7.4,0,1600,0,0,Gal,d18:1,0:0
7.6,0,1600,0,0,Gal,d18:1,0:0
7.8,0,1600,0,0,Gal,d18:1,0:0
8,0,1600,0,0,Gal,d18:1,0:0
8.2,0,1600,0,0,Gal,d18:1,0:0
8.4,0,1600,0,0,Gal,d18:1,0:0
8.6,0,1600,0,0,Gal,d18:1,0:0
8.8,0,1600,0,0,Gal,d18:1,0:0
9,0,1600,0,0,Gal,d18:1,0:0
9.2,0,1600,0,0,Gal,d18:1,0:0
9.4,0,1600,0,0,Gal,d18:1,0:0
9.6,0,1600,0,0,Gal,d18:1,0:0
9.8,0,1600,0,0,Gal,d18:1,0:0
10,0,1600,0,0,Gal,d18:1,0:0
-10,0,1700,0,0,Gal,d18:1,0:0
-9.8,0,1700,0,0,Gal,d18:1,0:0
-9.6,0,1700,0,0,Gal,d18:1,0:0
-9.4,0,1700,0,0,Gal,d18:1,0:0
-9.2,0,1700,0,0,Gal,d18:1,0:0
-9,0,1700,0,0,Gal,d18:1,0:0
-8.8,0,1700,0,0,Gal,d18:1,0:0
-8.6,0,1700,0,0,Gal,d18:1,0:0
-8.4,0,1700,0,0,Gal,d18:1,0:0
-8.2,0,1700,0,0,Gal,d18:1,0:0
-8,0,1700,0,0,Gal,d18:1,0:0
-7.8,0,1700,0,0,Gal,d18:1,0:0
-7.6,0,1700,0,0,Gal,d18:1,0:0
-7.4,0,1700,0,0,Gal,d18:1,0:0
-7.2,0,1700,0,0,Gal,d18:1,0:0
-7,0,1700,0,0,Gal,d18:1,0:0
-6.8,0,1700,0,0,Gal,d18:1,0:0
-6.6,0,1700,0,0,Gal,d18:1,0:0
-6.4,0,1700,0,0,Gal,d18:1,0:0
-6.2,0,1700,0,0,Gal,d18:1,0:0
-6,0,1700,0,0,Gal,d18:1,0:0
-5.8,0,1700,0,0,Gal,d18:1,0:0
-5.6,0,1700,0,0,Gal,d18:1,0:0
-5.4,0,1700,0,0,Gal,d18:1,0:0
-5.2,0,1700,0,0,Gal,d18:1,0:0
-5,0,1700,0,0,Gal,d18:1,0:0
-4.8,0,1700,0,0,Gal,d18:1,0:0
-4.6,0,1700,0,0,Gal,d18:1,0:0
-4.4,0,1700,0,0,Gal,d18:1,0:0
-4.2,0,1700,0,0,Gal,d18:1,0:0
-4,0,1700,0,0,Gal,d18:1,0:0
-3.8,0,1700,0,0,Gal,d18:1,0:0
-3.6,0,1700,0,0,Gal,d18:1,0:0
-3.4,0,1700,0,0,Gal,d18:1,0:0
-3.2,0,1700,0,0,Gal,d18:1,0:0
-3,0,1700,0,0,Gal,d18:1,0:0
-2.8,40,1700,0,0,Gal,d18:1,0:0
-2.6,0,1700,0,0,Gal,d18:1,0:0
-2.4,420,1700,0,0,Gal,d18:1,0:0
-2.2,1000,1700,0,0,Gal,d18:1,0:0
-2,2820,1700,0,0,Gal,d18:1,0:0
-1.8,5460,1700,0,0,Gal,d18:1,0:0
-1.6,5840,1700,0,0,Gal,d18:1,0:0
-1.4,5100,1700,0,0,Gal,d18:1,0:0
-1.2,2760,1700,0,0,Gal,d18:1,0:0
-1,1560,1700,0,0,Gal,d18:1,0:0
-0.8,500,1700,0,0,Gal,d18:1,0:0
-0.6,80,1700,0,0,Gal,d18:1,0:0
-0.4,0,1700,0,0,Gal,d18:1,0:0
-0.2,60,1700,0,0,Gal,d18:1,0:0
0,0,1700,0,0,Gal,d18:1,0:0
0.2,0,1700,0,0,Gal,d18:1,0:0
0.4,0,1700,0,0,Gal,d18:1,0:0
0.6,0,1700,0,0,Gal,d18:1,0:0
0.8,0,1700,0,0,Gal,d18:1,0:0
1,0,1700,0,0,Gal,d18:1,0:0
1.2,0,1700,0,0,Gal,d18:1,0:0
1.4,0,1700,0,0,Gal,d18:1,0:0
1.6,0,1700,0,0,Gal,d18:1,0:0
1.8,0,1700,0,0,Gal,d18:1,0:0
2,0,1700,0,0,Gal,d18:1,0:0
2.2,0,1700,0,0,Gal,d18:1,0:0
2.4,0,1700,0,0,Gal,d18:1,0:0
2.6,0,1700,0,0,Gal,d18:1,0:0
2.8,0,1700,0,0,Gal,d18:1,0:0
3,0,1700,0,0,Gal,d18:1,0:0
3.2,0,1700,0,0,Gal,d18:1,0:0
3.4,0,1700,0,0,Gal,d18:1,0:0
3.6,0,1700,0,0,Gal,d18:1,0:0
3.8,0,1700,0,0,Gal,d18:1,0:0
4,0,1700,0,0,Gal,d18:1,0:0
4.2,0,1700,0,0,Gal,d18:1,0:0
4.4,0,1700,0,0,Gal,d18:1,0:0
4.6,0,1700,0,0,Gal,d18:1,0:0
4.8,0,1700,0,0,Gal,d18:1,0:0
5,0,1700,0,0,Gal,d18:1,0:0
5.2,0,1700,0,0,Gal,d18:1,0:0
5.4,0,1700,0,0,Gal,d18:1,0:0
5.6,0,1700,0,0,Gal,d18:1,0:0
5.8,0,1700,0,0,Gal,d18:1,0:0
6,0,1700,0,0,Gal,d18:1,0:0
6.2,0,1700,0,0,Gal,d18:1,0:0
6.4,0,1700,0,0,Gal,d18:1,0:0
6.6,0,1700,0,0,Gal,d18:1,0:0
6.8,0,1700,0,0,Gal,d18:1,0:0
7,0,1700,0,0,Gal,d18:1,0:0
7.2,0,1700,0,0,Gal,d18:1,0:0
7.4,0,1700,0,0,Gal,d18:1,0:0
7.6,0,1700,0,0,Gal,d18:1,0:0
7.8,0,1700,0,0,Gal,d18:1,0:0
8,0,1700,0,0,Gal,d18:1,0:0
8.2,0,1700,0,0,Gal,d18:1,0:0
8.4,0,1700,0,0,Gal,d18:1,0:0
8.6,0,1700,0,0,Gal,d18:1,0:0
8.8,0,1700,0,0,Gal,d18:1,0:0
9,0,1700,0,0,Gal,d18:1,0:0
9.2,0,1700,0,0,Gal,d18:1,0:0
9.4,0,1700,0,0,Gal,d18:1,0:0
9.6,0,1700,0,0,Gal,d18:1,0:0
9.8,0,1700,0,0,Gal,d18:1,0:0
10,0,1700,0,0,Gal,d18:1,0:0
-10,0,1800,0,0,Gal,d18:1,0:0
-9.8,0,1800,0,0,Gal,d18:1,0:0
-9.6,0,1800,0,0,Gal,d18:1,0:0
-9.4,0,1800,0,0,Gal,d18:1,0:0
-9.2,0,1800,0,0,Gal,d18:1,0:0
-9,0,1800,0,0,Gal,d18:1,0:0
-8.8,0,1800,0,0,Gal,d18:1,0:0
-8.6,0,1800,0,0,Gal,d18:1,0:0
-8.4,0,1800,0,0,Gal,d18:1,0:0
-8.2,0,1800,0,0,Gal,d18:1,0:0
-8,0,1800,0,0,Gal,d18:1,0:0
-7.8,0,1800,0,0,Gal,d18:1,0:0
-7.6,0,1800,0,0,Gal,d18:1,0:0
-7.4,0,1800,0,0,Gal,d18:1,0:0
-7.2,0,1800,0,0,Gal,d18:1,0:0
-7,0,1800,0,0,Gal,d18:1,0:0
-6.8,0,1800,0,0,Gal,d18:1,0:0
-6.6,0,1800,0,0,Gal,d18:1,0:0
-6.4,0,1800,0,0,Gal,d18:1,0:0
-6.2,0,1800,0,0,Gal,d18:1,0:0
-6,0,1800,0,0,Gal,d18:1,0:0
-5.8,0,1800,0,0,Gal,d18:1,0:0
-5.6,0,1800,0,0,Gal,d18:1,0:0
-5.4,0,1800,0,0,Gal,d18:1,0:0
-5.2,0,1800,0,0,Gal,d18:1,0:0
-5,0,1800,0,0,Gal,d18:1,0:0
-4.8,0,1800,0,0,Gal,d18:1,0:0
-4.6,0,1800,0,0,Gal,d18:1,0:0
-4.4,0,1800,0,0,Gal,d18:1,0:0
-4.2,0,1800,0,0,Gal,d18:1,0:0
-4,0,1800,0,0,Gal,d18:1,0:0
-3.8,0,1800,0,0,Gal,d18:1,0:0
-3.6,0,1800,0,0,Gal,d18:1,0:0
-3.4,0,1800,0,0,Gal,d18:1,0:0
-3.2,0,1800,0,0,Gal,d18:1,0:0
-3,0,1800,0,0,Gal,d18:1,0:0
-2.8,140,1800,0,0,Gal,d18:1,0:0
-2.6,200,1800,0,0,Gal,d18:1,0:0
-2.4,1580,1800,0,0,Gal,d18:1,0:0
-2.2,3920,1800,0,0,Gal,d18:1,0:0
-2,4840,1800,0,0,Gal,d18:1,0:0
-1.8,5480,1800,0,0,Gal,d18:1,0:0
-1.6,4500,1800,0,0,Gal,d18:1,0:0
-1.4,2480,1800,0,0,Gal,d18:1,0:0
-1.2,1020,1800,0,0,Gal,d18:1,0:0
-1,200,1800,0,0,Gal,d18:1,0:0
-0.8,20,1800,0,0,Gal,d18:1,0:0
-0.6,0,1800,0,0,Gal,d18:1,0:0
-0.4,0,1800,0,0,Gal,d18:1,0:0
-0.2,0,1800,0,0,Gal,d18:1,0:0
0,0,1800,0,0,Gal,d18:1,0:0
0.2,0,1800,0,0,Gal,d18:1,0:0
0.4,0,1800,0,0,Gal,d18:1,0:0
0.6,0,1800,0,0,Gal,d18:1,0:0
0.8,0,1800,0,0,Gal,d18:1,0:0
1,0,1800,0,0,Gal,d18:1,0:0
1.2,0,1800,0,0,Gal,d18:1,0:0
1.4,0,1800,0,0,Gal,d18:1,0:0
1.6,0,1800,0,0,Gal,d18:1,0:0
1.8,0,1800,0,0,Gal,d18:1,0:0
2,0,1800,0,0,Gal,d18:1,0:0
2.2,0,1800,0,0,Gal,d18:1,0:0
2.4,0,1800,0,0,Gal,d18:1,0:0
2.6,0,1800,0,0,Gal,d18:1,0:0
2.8,0,1800,0,0,Gal,d18:1,0:0
3,0,1800,0,0,Gal,d18:1,0:0
3.2,0,1800,0,0,Gal,d18:1,0:0
3.4,0,1800,0,0,Gal,d18:1,0:0
3.6,0,1800,0,0,Gal,d18:1,0:0
3.8,0,1800,0,0,Gal,d18:1,0:0
4,0,1800,0,0,Gal,d18:1,0:0
4.2,0,1800,0,0,Gal,d18:1,0:0
4.4,0,1800,0,0,Gal,d18:1,0:0
4.6,0,1800,0,0,Gal,d18:1,0:0
4.8,0,1800,0,0,Gal,d18:1,0:0
5,0,1800,0,0,Gal,d18:1,0:0
5.2,0,1800,0,0,Gal,d18:1,0:0
5.4,0,1800,0,0,Gal,d18:1,0:0
5.6,0,1800,0,0,Gal,d18:1,0:0
5.8,0,1800,0,0,Gal,d18:1,0:0
6,0,1800,0,0,Gal,d18:1,0:0
6.2,0,1800,0,0,Gal,d18:1,0:0
6.4,0,1800,0,0,Gal,d18:1,0:0
6.6,0,1800,0,0,Gal,d18:1,0:0
6.8,0,1800,0,0,Gal,d18:1,0:0
7,0,1800,0,0,Gal,d18:1,0:0
7.2,0,1800,0,0,Gal,d18:1,0:0
7.4,0,1800,0,0,Gal,d18:1,0:0
7.6,0,1800,0,0,Gal,d18:1,0:0
7.8,0,1800,0,0,Gal,d18:1,0:0
8,0,1800,0,0,Gal,d18:1,0:0
8.2,0,1800,0,0,Gal,d18:1,0:0
8.4,0,1800,0,0,Gal,d18:1,0:0
8.6,0,1800,0,0,Gal,d18:1,0:0
8.8,0,1800,0,0,Gal,d18:1,0:0
9,0,1800,0,0,Gal,d18:1,0:0
9.2,0,1800,0,0,Gal,d18:1,0:0
9.4,0,1800,0,0,Gal,d18:1,0:0
9.6,0,1800,0,0,Gal,d18:1,0:0
9.8,0,1800,0,0,Gal,d18:1,0:0
10,0,1800,0,0,Gal,d18:1,0:0
-10,0,1900,0,0,Gal,d18:1,0:0
-9.8,0,1900,0,0,Gal,d18:1,0:0
-9.6,0,1900,0,0,Gal,d18:1,0:0
-9.4,0,1900,0,0,Gal,d18:1,0:0
-9.2,0,1900,0,0,Gal,d18:1,0:0
-9,0,1900,0,0,Gal,d18:1,0:0
-8.8,0,1900,0,0,Gal,d18:1,0:0
-8.6,0,1900,0,0,Gal,d18:1,0:0
-8.4,0,1900,0,0,Gal,d18:1,0:0
-8.2,0,1900,0,0,Gal,d18:1,0:0
-8,0,1900,0,0,Gal,d18:1,0:0
-7.8,0,1900,0,0,Gal,d18:1,0:0
-7.6,0,1900,0,0,Gal,d18:1,0:0
-7.4,0,1900,0,0,Gal,d18:1,0:0
-7.2,0,1900,0,0,Gal,d18:1,0:0
-7,0,1900,0,0,Gal,d18:1,0:0
-6.8,0,1900,0,0,Gal,d18:1,0:0
-6.6,0,1900,0,0,Gal,d18:1,0:0
-6.4,0,1900,0,0,Gal,d18:1,0:0
-6.2,0,1900,0,0,Gal,d18:1,0:0
-6,0,1900,0,0,Gal,d18:1,0:0
-5.8,0,1900,0,0,Gal,d18:1,0:0
-5.6,0,1900,0,0,Gal,d18:1,0:0
-5.4,0,1900,0,0,Gal,d18:1,0:0
-5.2,0,1900,0,0,Gal,d18:1,0:0
-5,0,1900,0,0,Gal,d18:1,0:0
-4.8,0,1900,0,0,Gal,d18:1,0:0
-4.6,0,1900,0,0,Gal,d18:1,0:0
-4.4,0,1900,0,0,Gal,d18:1,0:0
-4.2,0,1900,0,0,Gal,d18:1,0:0
-4,0,1900,0,0,Gal,d18:1,0:0
-3.8,0,1900,0,0,Gal,d18:1,0:0
-3.6,0,1900,0,0,Gal,d18:1,0:0
-3.4,20,1900,0,0,Gal,d18:1,0:0
-3.2,80,1900,0,0,Gal,d18:1,0:0
-3,460,1900,0,0,Gal,d18:1,0:0
-2.8,1960,1900,0,0,Gal,d18:1,0:0
-2.6,5740,1900,0,0,Gal,d18:1,0:0
-2.4,8180,1900,0,0,Gal,d18:1,0:0
-2.2,8100,1900,0,0,Gal,d18:1,0:0
-2,7920,1900,0,0,Gal,d18:1,0:0
-1.8,5320,1900,0,0,Gal,d18:1,0:0
-1.6,2620,1900,0,0,Gal,d18:1,0:0
-1.4,920,1900,0,0,Gal,d18:1,0:0
-1.2,200,1900,0,0,Gal,d18:1,0:0
-1,20,1900,0,0,Gal,d18:1,0:0
-0.8,20,1900,0,0,Gal,d18:1,0:0
-0.6,0,1900,0,0,Gal,d18:1,0:0
-0.4,0,1900,0,0,Gal,d18:1,0:0
-0.2,0,1900,0,0,Gal,d18:1,0:0
0,0,1900,0,0,Gal,d18:1,0:0
0.2,0,1900,0,0,Gal,d18:1,0:0
0.4,0,1900,0,0,Gal,d18:1,0:0
0.6,0,1900,0,0,Gal,d18:1,0:0
0.8,0,1900,0,0,Gal,d18:1,0:0
1,0,1900,0,0,Gal,d18:1,0:0
1.2,0,1900,0,0,Gal,d18:1,0:0
1.4,0,1900,0,0,Gal,d18:1,0:0
1.6,0,1900,0,0,Gal,d18:1,0:0
1.8,0,1900,0,0,Gal,d18:1,0:0
2,0,1900,0,0,Gal,d18:1,0:0
2.2,0,1900,0,0,Gal,d18:1,0:0
2.4,0,1900,0,0,Gal,d18:1,0:0
2.6,0,1900,0,0,Gal,d18:1,0:0
2.8,0,1900,0,0,Gal,d18:1,0:0
3,0,1900,0,0,Gal,d18:1,0:0
3.2,0,1900,0,0,Gal,d18:1,0:0
3.4,0,1900,0,0,Gal,d18:1,0:0
3.6,0,1900,0,0,Gal,d18:1,0:0
3.8,0,1900,0,0,Gal,d18:1,0:0
4,0,1900,0,0,Gal,d18:1,0:0
4.2,0,1900,0,0,Gal,d18:1,0:0
4.4,0,1900,0,0,Gal,d18:1,0:0
4.6,0,1900,0,0,Gal,d18:1,0:0
4.8,0,1900,0,0,Gal,d18:1,0:0
5,0,1900,0,0,Gal,d18:1,0:0
5.2,0,1900,0,0,Gal,d18:1,0:0
5.4,0,1900,0,0,Gal,d18:1,0:0
5.6,0,1900,0,0,Gal,d18:1,0:0
5.8,0,1900,0,0,Gal,d18:1,0:0
6,0,1900,0,0,Gal,d18:1,0:0
6.2,0,1900,0,0,Gal,d18:1,0:0
6.4,0,1900,0,0,Gal,d18:1,0:0
6.6,0,1900,0,0,Gal,d18:1,0:0
6.8,0,1900,0,0,Gal,d18:1,0:0
7,0,1900,0,0,Gal,d18:1,0:0
7.2,0,1900,0,0,Gal,d18:1,0:0
7.4,0,1900,0,0,Gal,d18:1,0:0
7.6,0,1900,0,0,Gal,d18:1,0:0
7.8,0,1900,0,0,Gal,d18:1,0:0
8,0,1900,0,0,Gal,d18:1,0:0
8.2,0,1900,0,0,Gal,d18:1,0:0
8.4,0,1900,0,0,Gal,d18:1,0:0
8.6,0,1900,0,0,Gal,d18:1,0:0
8.8,0,1900,0,0,Gal,d18:1,0:0
9,0,1900,0,0,Gal,d18:1,0:0
9.2,0,1900,0,0,Gal,d18:1,0:0
9.4,0,1900,0,0,Gal,d18:1,0:0
9.6,0,1900,0,0,Gal,d18:1,0:0
9.8,0,1900,0,0,Gal,d18:1,0:0
10,0,1900,0,0,Gal,d18:1,0:0
-10,0,2000,0,0,Gal,d18:1,0:0
-9.8,0,2000,0,0,Gal,d18:1,0:0
-9.6,0,2000,0,0,Gal,d18:1,0:0
-9.4,0,2000,0,0,Gal,d18:1,0:0
-9.2,0,2000,0,0,Gal,d18:1,0:0
-9,0,2000,0,0,Gal,d18:1,0:0
-8.8,0,2000,0,0,Gal,d18:1,0:0
-8.6,0,2000,0,0,Gal,d18:1,0:0
-8.4,0,2000,0,0,Gal,d18:1,0:0
-8.2,0,2000,0,0,Gal,d18:1,0:0
-8,0,2000,0,0,Gal,d18:1,0:0
-7.8,0,2000,0,0,Gal,d18:1,0:0
-7.6,0,2000,0,0,Gal,d18:1,0:0
-7.4,0,2000,0,0,Gal,d18:1,0:0
-7.2,0,2000,0,0,Gal,d18:1,0:0
-7,0,2000,0,0,Gal,d18:1,0:0
-6.8,0,2000,0,0,Gal,d18:1,0:0
-6.6,0,2000,0,0,Gal,d18:1,0:0
-6.4,0,2000,0,0,Gal,d18:1,0:0
-6.2,0,2000,0,0,Gal,d18:1,0:0
-6,0,2000,0,0,Gal,d18:1,0:0
-5.8,0,2000,0,0,Gal,d18:1,0:0
-5.6,0,2000,0,0,Gal,d18:1,0:0
-5.4,0,2000,0,0,Gal,d18:1,0:0
-5.2,0,2000,0,0,Gal,d18:1,0:0
-5,0,2000,0,0,Gal,d18:1,0:0
-4.8,0,2000,0,0,Gal,d18:1,0:0
-4.6,0,2000,0,0,Gal,d18:1,0:0
-4.4,0,2000,0,0,Gal,d18:1,0:0
-4.2,0,2000,0,0,Gal,d18:1,0:0
-4,0,2000,0,0,Gal,d18:1,0:0
-3.8,0,2000,0,0,Gal,d18:1,0:0
-3.6,40,2000,0,0,Gal,d18:1,0:0
-3.4,140,2000,0,0,Gal,d18:1,0:0
-3.2,840,2000,0,0,Gal,d18:1,0:0
-3,2720,2000,0,0,Gal,d18:1,0:0
-2.8,4760,2000,0,0,Gal,d18:1,0:0
-2.6,5120,2000,0,0,Gal,d18:1,0:0
-2.4,5360,2000,0,0,Gal,d18:1,0:0
-2.2,3920,2000,0,0,Gal,d18:1,0:0
-2,3000,2000,0,0,Gal,d18:1,0:0
-1.8,1140,2000,0,0,Gal,d18:1,0:0
-1.6,240,2000,0,0,Gal,d18:1,0:0
-1.4,20,2000,0,0,Gal,d18:1,0:0
-1.2,0,2000,0,0,Gal,d18:1,0:0
-1,60,2000,0,0,Gal,d18:1,0:0
-0.8,0,2000,0,0,Gal,d18:1,0:0
-0.6,0,2000,0,0,Gal,d18:1,0:0
-0.4,0,2000,0,0,Gal,d18:1,0:0
-0.2,0,2000,0,0,Gal,d18:1,0:0
0,20,2000,0,0,Gal,d18:1,0:0
0.2,0,2000,0,0,Gal,d18:1,0:0
0.4,40,2000,0,0,Gal,d18:1,0:0
0.6,0,2000,0,0,Gal,d18:1,0:0
0.8,0,2000,0,0,Gal,d18:1,0:0
1,0,2000,0,0,Gal,d18:1,0:0
1.2,0,2000,0,0,Gal,d18:1,0:0
1.4,0,2000,0,0,Gal,d18:1,0:0
1.6,0,2000,0,0,Gal,d18:1,0:0
1.8,0,2000,0,0,Gal,d18:1,0:0
2,0,2000,0,0,Gal,d18:1,0:0
2.2,0,2000,0,0,Gal,d18:1,0:0
2.4,0,2000,0,0,Gal,d18:1,0:0
2.6,0,2000,0,0,Gal,d18:1,0:0
2.8,0,2000,0,0,Gal,d18:1,0:0
3,0,2000,0,0,Gal,d18:1,0:0
3.2,0,2000,0,0,Gal,d18:1,0:0
3.4,0,2000,0,0,Gal,d18:1,0:0
3.6,0,2000,0,0,Gal,d18:1,0:0
3.8,0,2000,0,0,Gal,d18:1,0:0
4,0,2000,0,0,Gal,d18:1,0:0
4.2,0,2000,0,0,Gal,d18:1,0:0
4.4,0,2000,0,0,Gal,d18:1,0:0
4.6,0,2000,0,0,Gal,d18:1,0:0
4.8,0,2000,0,0,Gal,d18:1,0:0
5,0,2000,0,0,Gal,d18:1,0:0
5.2,0,2000,0,0,Gal,d18:1,0:0
5.4,0,2000,0,0,Gal,d18:1,0:0
5.6,0,2000,0,0,Gal,d18:1,0:0
5.8,0,2000,0,0,Gal,d18:1,0:0
6,0,2000,0,0,Gal,d18:1,0:0
6.2,0,2000,0,0,Gal,d18:1,0:0
6.4,0,2000,0,0,Gal,d18:1,0:0
6.6,0,2000,0,0,Gal,d18:1,0:0
6.8,0,2000,0,0,Gal,d18:1,0:0
7,0,2000,0,0,Gal,d18:1,0:0
7.2,0,2000,0,0,Gal,d18:1,0:0
7.4,0,2000,0,0,Gal,d18:1,0:0
7.6,0,2000,0,0,Gal,d18:1,0:0
7.8,0,2000,0,0,Gal,d18:1,0:0
8,0,2000,0,0,Gal,d18:1,0:0
8.2,0,2000,0,0,Gal,d18:1,0:0
8.4,0,2000,0,0,Gal,d18:1,0:0
8.6,0,2000,0,0,Gal,d18:1,0:0
8.8,0,2000,0,0,Gal,d18:1,0:0
9,0,2000,0,0,Gal,d18:1,0:0
9.2,0,2000,0,0,Gal,d18:1,0:0
9.4,0,2000,0,0,Gal,d18:1,0:0
9.6,0,2000,0,0,Gal,d18:1,0:0
9.8,0,2000,0,0,Gal,d18:1,0:0
10,0,2000,0,0,Gal,d18:1,0:0
-10,0,2100,0,0,Gal,d18:1,0:0
-9.8,0,2100,0,0,Gal,d18:1,0:0
-9.6,0,2100,0,0,Gal,d18:1,0:0
-9.4,0,2100,0,0,Gal,d18:1,0:0
-9.2,0,2100,0,0,Gal,d18:1,0:0
-9,0,2100,0,0,Gal,d18:1,0:0
-8.8,0,2100,0,0,Gal,d18:1,0:0
-8.6,0,2100,0,0,Gal,d18:1,0:0
-8.4,0,2100,0,0,Gal,d18:1,0:0
-8.2,0,2100,0,0,Gal,d18:1,0:0
-8,0,2100,0,0,Gal,d18:1,0:0
-7.8,0,2100,0,0,Gal,d18:1,0:0
-7.6,0,2100,0,0,Gal,d18:1,0:0
-7.4,0,2100,0,0,Gal,d18:1,0:0
-7.2,0,2100,0,0,Gal,d18:1,0:0
-7,0,2100,0,0,Gal,d18:1,0:0
-6.8,0,2100,0,0,Gal,d18:1,0:0
-6.6,0,2100,0,0,Gal,d18:1,0:0
-6.4,0,2100,0,0,Gal,d18:1,0:0
-6.2,0,2100,0,0,Gal,d18:1,0:0
-6,0,2100,0,0,Gal,d18:1,0:0
-5.8,0,2100,0,0,Gal,d18:1,0:0
-5.6,0,2100,0,0,Gal,d18:1,0:0
-5.4,0,2100,0,0,Gal,d18:1,0:0
-5.2,0,2100,0,0,Gal,d18:1,0:0
-5,0,2100,0,0,Gal,d18:1,0:0
-4.8,0,2100,0,0,Gal,d18:1,0:0
-4.6,0,2100,0,0,Gal,d18:1,0:0
-4.4,0,2100,0,0,Gal,d18:1,0:0
-4.2,0,2100,0,0,Gal,d18:1,0:0
-4,20,2100,0,0,Gal,d18:1,0:0
-3.8,40,2100,0,0,Gal,d18:1,0:0
-3.6,580,2100,0,0,Gal,d18:1,0:0
-3.4,1860,2100,0,0,Gal,d18:1,0:0
-3.2,3400,2100,0,0,Gal,d18:1,0:0
-3,4740,2100,0,0,Gal,d18:1,0:0
-2.8,6680,2100,0,0,Gal,d18:1,0:0
-2.6,4900,2100,0,0,Gal,d18:1,0:0
-2.4,3120,2100,0,0,Gal,d18:1,0:0
-2.2,2340,2100,0,0,Gal,d18:1,0:0
-2,740,2100,0,0,Gal,d18:1,0:0
-1.8,120,2100,0,0,Gal,d18:1,0:0
-1.6,0,2100,0,0,Gal,d18:1,0:0
-1.4,0,2100,0,0,Gal,d18:1,0:0
-1.2,0,2100,0,0,Gal,d18:1,0:0
-1,0,2100,0,0,Gal,d18:1,0:0
-0.8,0,2100,0,0,Gal,d18:1,0:0
-0.6,0,2100,0,0,Gal,d18:1,0:0
-0.4,0,2100,0,0,Gal,d18:1,0:0
-0.2,0,2100,0,0,Gal,d18:1,0:0
0,0,2100,0,0,Gal,d18:1,0:0
0.2,0,2100,0,0,Gal,d18:1,0:0
0.4,0,2100,0,0,Gal,d18:1,0:0
0.6,0,2100,0,0,Gal,d18:1,0:0
0.8,0,2100,0,0,Gal,d18:1,0:0
1,0,2100,0,0,Gal,d18:1,0:0
1.2,0,2100,0,0,Gal,d18:1,0:0
1.4,0,2100,0,0,Gal,d18:1,0:0
1.6,0,2100,0,0,Gal,d18:1,0:0
1.8,0,2100,0,0,Gal,d18:1,0:0
2,0,2100,0,0,Gal,d18:1,0:0
2.2,0,2100,0,0,Gal,d18:1,0:0
2.4,0,2100,0,0,Gal,d18:1,0:0
2.6,0,2100,0,0,Gal,d18:1,0:0
2.8,0,2100,0,0,Gal,d18:1,0:0
3,0,2100,0,0,Gal,d18:1,0:0
3.2,0,2100,0,0,Gal,d18:1,0:0
3.4,0,2100,0,0,Gal,d18:1,0:0
3.6,0,2100,0,0,Gal,d18:1,0:0
3.8,0,2100,0,0,Gal,d18:1,0:0
4,0,2100,0,0,Gal,d18:1,0:0
4.2,0,2100,0,0,Gal,d18:1,0:0
4.4,0,2100,0,0,Gal,d18:1,0:0
4.6,0,2100,0,0,Gal,d18:1,0:0
4.8,0,2100,0,0,Gal,d18:1,0:0
5,0,2100,0,0,Gal,d18:1,0:0
5.2,0,2100,0,0,Gal,d18:1,0:0
5.4,0,2100,0,0,Gal,d18:1,0:0
5.6,0,2100,0,0,Gal,d18:1,0:0
5.8,0,2100,0,0,Gal,d18:1,0:0
6,0,2100,0,0,Gal,d18:1,0:0
6.2,0,2100,0,0,Gal,d18:1,0:0
6.4,0,2100,0,0,Gal,d18:1,0:0
6.6,0,2100,0,0,Gal,d18:1,0:0
6.8,0,2100,0,0,Gal,d18:1,0:0
7,0,2100,0,0,Gal,d18:1,0:0
7.2,0,2100,0,0,Gal,d18:1,0:0
7.4,0,2100,0,0,Gal,d18:1,0:0
7.6,0,2100,0,0,Gal,d18:1,0:0
7.8,0,2100,0,0,Gal,d18:1,0:0
8,0,2100,0,0,Gal,d18:1,0:0
8.2,0,2100,0,0,Gal,d18:1,0:0
8.4,0,2100,0,0,Gal,d18:1,0:0
8.6,0,2100,0,0,Gal,d18:1,0:0
8.8,0,2100,0,0,Gal,d18:1,0:0
9,0,2100,0,0,Gal,d18:1,0:0
9.2,0,2100,0,0,Gal,d18:1,0:0
9.4,0,2100,0,0,Gal,d18:1,0:0
9.6,0,2100,0,0,Gal,d18:1,0:0
9.8,0,2100,0,0,Gal,d18:1,0:0
10,0,2100,0,0,Gal,d18:1,0:0
-10,0,2200,0,0,Gal,d18:1,0:0
-9.8,0,2200,0,0,Gal,d18:1,0:0
-9.6,0,2200,0,0,Gal,d18:1,0:0
-9.4,0,2200,0,0,Gal,d18:1,0:0
-9.2,0,2200,0,0,Gal,d18:1,0:0
-9,0,2200,0,0,Gal,d18:1,0:0
-8.8,0,2200,0,0,Gal,d18:1,0:0
-8.6,0,2200,0,0,Gal,d18:1,0:0
-8.4,0,2200,0,0,Gal,d18:1,0:0
-8.2,0,2200,0,0,Gal,d18:1,0:0
-8,0,2200,0,0,Gal,d18:1,0:0
-7.8,0,2200,0,0,Gal,d18:1,0:0
-7.6,0,2200,0,0,Gal,d18:1,0:0
-7.4,0,2200,0,0,Gal,d18:1,0:0
-7.2,0,2200,0,0,Gal,d18:1,0:0
-7,0,2200,0,0,Gal,d18:1,0:0
-6.8,0,2200,0,0,Gal,d18:1,0:0
-6.6,0,2200,0,0,Gal,d18:1,0:0
-6.4,0,2200,0,0,Gal,d18:1,0:0
-6.2,0,2200,0,0,Gal,d18:1,0:0
-6,0,2200,0,0,Gal,d18:1,0:0
-5.8,0,2200,0,0,Gal,d18:1,0:0
-5.6,0,2200,0,0,Gal,d18:1,0:0
-5.4,0,2200,0,0,Gal,d18:1,0:0
-5.2,0,2200,0,0,Gal,d18:1,0:0
-5,0,2200,0,0,Gal,d18:1,0:0
-4.8,0,2200,0,0,Gal,d18:1,0:0
-4.6,0,2200,0,0,Gal,d18:1,0:0
-4.4,0,2200,0,0,Gal,d18:1,0:0
-4.2,160,2200,0,0,Gal,d18:1,0:0
-4,520,2200,0,0,Gal,d18:1,0:0
-3.8,1700,2200,0,0,Gal,d18:1,0:0
-3.6,4400,2200,0,0,Gal,d18:1,0:0
-3.4,5440,2200,0,0,Gal,d18:1,0:0
-3.2,5960,2200,0,0,Gal,d18:1,0:0
-3,5340,2200,0,0,Gal,d18:1,0:0
-2.8,3620,2200,0,0,Gal,d18:1,0:0
-2.6,1840,2200,0,0,Gal,d18:1,0:0
-2.4,360,2200,0,0,Gal,d18:1,0:0
-2.2,80,2200,0,0,Gal,d18:1,0:0
-2,60,2200,0,0,Gal,d18:1,0:0
-1.8,0,2200,0,0,Gal,d18:1,0:0
-1.6,0,2200,0,0,Gal,d18:1,0:0
-1.4,0,2200,0,0,Gal,d18:1,0:0
-1.2,0,2200,0,0,Gal,d18:1,0:0
-1,40,2200,0,0,Gal,d18:1,0:0
-0.8,20,2200,0,0,Gal,d18:1,0:0
-0.6,0,2200,0,0,Gal,d18:1,0:0
-0.4,0,2200,0,0,Gal,d18:1,0:0
-0.2,0,2200,0,0,Gal,d18:1,0:0
0,0,2200,0,0,Gal,d18:1,0:0
0.2,0,2200,0,0,Gal,d18:1,0:0
0.4,0,2200,0,0,Gal,d18:1,0:0
0.6,0,2200,0,0,Gal,d18:1,0:0
0.8,0,2200,0,0,Gal,d18:1,0:0
1,0,2200,0,0,Gal,d18:1,0:0
1.2,0,2200,0,0,Gal,d18:1,0:0
1.4,0,2200,0,0,Gal,d18:1,0:0
1.6,0,2200,0,0,Gal,d18:1,0:0
1.8,0,2200,0,0,Gal,d18:1,0:0
2,0,2200,0,0,Gal,d18:1,0:0
2.2,0,2200,0,0,Gal,d18:1,0:0
2.4,0,2200,0,0,Gal,d18:1,0:0
2.6,0,2200,0,0,Gal,d18:1,0:0
2.8,0,2200,0,0,Gal,d18:1,0:0
3,0,2200,0,0,Gal,d18:1,0:0
3.2,0,2200,0,0,Gal,d18:1,0:0
3.4,0,2200,0,0,Gal,d18:1,0:0
3.6,0,2200,0,0,Gal,d18:1,0:0
3.8,0,2200,0,0,Gal,d18:1,0:0
4,0,2200,0,0,Gal,d18:1,0:0
4.2,0,2200,0,0,Gal,d18:1,0:0
4.4,0,2200,0,0,Gal,d18:1,0:0
4.6,0,2200,0,0,Gal,d18:1,0:0
4.8,0,2200,0,0,Gal,d18:1,0:0
5,0,2200,0,0,Gal,d18:1,0:0
5.2,0,2200,0,0,Gal,d18:1,0:0
5.4,0,2200,0,0,Gal,d18:1,0:0
5.6,0,2200,0,0,Gal,d18:1,0:0
5.8,0,2200,0,0,Gal,d18:1,0:0
6,0,2200,0,0,Gal,d18:1,0:0
6.2,0,2200,0,0,Gal,d18:1,0:0
6.4,0,2200,0,0,Gal,d18:1,0:0
6.6,0,2200,0,0,Gal,d18:1,0:0
6.8,0,2200,0,0,Gal,d18:1,0:0
7,0,2200,0,0,Gal,d18:1,0:0
7.2,0,2200,0,0,Gal,d18:1,0:0
7.4,0,2200,0,0,Gal,d18:1,0:0
7.6,0,2200,0,0,Gal,d18:1,0:0
7.8,0,2200,0,0,Gal,d18:1,0:0
8,0,2200,0,0,Gal,d18:1,0:0
8.2,0,2200,0,0,Gal,d18:1,0:0
8.4,0,2200,0,0,Gal,d18:1,0:0
8.6,0,2200,0,0,Gal,d18:1,0:0
8.8,0,2200,0,0,Gal,d18:1,0:0
9,0,2200,0,0,Gal,d18:1,0:0
9.2,0,2200,0,0,Gal,d18:1,0:0
9.4,0,2200,0,0,Gal,d18:1,0:0
9.6,0,2200,0,0,Gal,d18:1,0:0
9.8,0,2200,0,0,Gal,d18:1,0:0
10,0,2200,0,0,Gal,d18:1,0:0
-10,0,2300,0,0,Gal,d18:1,0:0
-9.8,0,2300,0,0,Gal,d18:1,0:0
-9.6,0,2300,0,0,Gal,d18:1,0:0
-9.4,0,2300,0,0,Gal,d18:1,0:0
-9.2,0,2300,0,0,Gal,d18:1,0:0
-9,0,2300,0,0,Gal,d18:1,0:0
-8.8,0,2300,0,0,Gal,d18:1,0:0
-8.6,0,2300,0,0,Gal,d18:1,0:0
-8.4,0,2300,0,0,Gal,d18:1,0:0
-8.2,0,2300,0,0,Gal,d18:1,0:0
-8,0,2300,0,0,Gal,d18:1,0:0
-7.8,0,2300,0,0,Gal,d18:1,0:0
-7.6,0,2300,0,0,Gal,d18:1,0:0
-7.4,0,2300,0,0,Gal,d18:1,0:0
-7.2,0,2300,0,0,Gal,d18:1,0:0
-7,0,2300,0,0,Gal,d18:1,0:0
-6.8,0,2300,0,0,Gal,d18:1,0:0
-6.6,0,2300,0,0,Gal,d18:1,0:0
-6.4,0,2300,0,0,Gal,d18:1,0:0
-6.2,0,2300,0,0,Gal,d18:1,0:0
-6,0,2300,0,0,Gal,d18:1,0:0
-5.8,0,2300,0,0,Gal,d18:1,0:0
-5.6,0,2300,0,0,Gal,d18:1,0:0
-5.4,0,2300,0,0,Gal,d18:1,0:0
-5.2,0,2300,0,0,Gal,d18:1,0:0
-5,0,2300,0,0,Gal,d18:1,0:0
-4.8,0,2300,0,0,Gal,d18:1,0:0
-4.6,0,2300,0,0,Gal,d18:1,0:0
-4.4,80,2300,0,0,Gal,d18:1,0:0
-4.2,660,2300,0,0,Gal,d18:1,0:0
-4,2100,2300,0,0,Gal,d18:1,0:0
-3.8,4300,2300,0,0,Gal,d18:1,0:0
-3.6,5420,2300,0,0,Gal,d18:1,0:0
-3.4,6000,2300,0,0,Gal,d18:1,0:0
-3.2,4280,2300,0,0,Gal,d18:1,0:0
-3,3840,2300,0,0,Gal,d18:1,0:0
-2.8,1760,2300,0,0,Gal,d18:1,0:0
-2.6,440,2300,0,0,Gal,d18:1,0:0
-2.4,160,2300,0,0,Gal,d18:1,0:0
-2.2,0,2300,0,0,Gal,d18:1,0:0
-2,0,2300,0,0,Gal,d18:1,0:0
-1.8,0,2300,0,0,Gal,d18:1,0:0
-1.6,0,2300,0,0,Gal,d18:1,0:0
-1.4,0,2300,0,0,Gal,d18:1,0:0
-1.2,0,2300,0,0,Gal,d18:1,0:0
-1,20,2300,0,0,Gal,d18:1,0:0
-0.8,0,2300,0,0,Gal,d18:1,0:0
-0.6,0,2300,0,0,Gal,d18:1,0:0
-0.4,0,2300,0,0,Gal,d18:1,0:0
-0.2,0,2300,0,0,Gal,d18:1,0:0
0,0,2300,0,0,Gal,d18:1,0:0
0.2,20,2300,0,0,Gal,d18:1,0:0
0.4,0,2300,0,0,Gal,d18:1,0:0
0.6,0,2300,0,0,Gal,d18:1,0:0
0.8,0,2300,0,0,Gal,d18:1,0:0
1,0,2300,0,0,Gal,d18:1,0:0
1.2,0,2300,0,0,Gal,d18:1,0:0
1.4,0,2300,0,0,Gal,d18:1,0:0
1.6,0,2300,0,0,Gal,d18:1,0:0
1.8,0,2300,0,0,Gal,d18:1,0:0
2,0,2300,0,0,Gal,d18:1,0:0
2.2,0,2300,0,0,Gal,d18:1,0:0
2.4,0,2300,0,0,Gal,d18:1,0:0
2.6,0,2300,0,0,Gal,d18:1,0:0
2.8,0,2300,0,0,Gal,d18:1,0:0
3,0,2300,0,0,Gal,d18:1,0:0
3.2,0,2300,0,0,Gal,d18:1,0:0
3.4,0,2300,0,0,Gal,d18:1,0:0
3.6,0,2300,0,0,Gal,d18:1,0:0
3.8,0,2300,0,0,Gal,d18:1,0:0
4,0,2300,0,0,Gal,d18:1,0:0
4.2,0,2300,0,0,Gal,d18:1,0:0
4.4,0,2300,0,0,Gal,d18:1,0:0
4.6,0,2300,0,0,Gal,d18:1,0:0
4.8,0,2300,0,0,Gal,d18:1,0:0
5,0,2300,0,0,Gal,d18:1,0:0
5.2,0,2300,0,0,Gal,d18:1,0:0
5.4,0,2300,0,0,Gal,d18:1,0:0
5.6,0,2300,0,0,Gal,d18:1,0:0
5.8,0,2300,0,0,Gal,d18:1,0:0
6,0,2300,0,0,Gal,d18:1,0:0
6.2,0,2300,0,0,Gal,d18:1,0:0
6.4,0,2300,0,0,Gal,d18:1,0:0
6.6,0,2300,0,0,Gal,d18:1,0:0
6.8,0,2300,0,0,Gal,d18:1,0:0
7,0,2300,0,0,Gal,d18:1,0:0
7.2,0,2300,0,0,Gal,d18:1,0:0
7.4,0,2300,0,0,Gal,d18:1,0:0
7.6,0,2300,0,0,Gal,d18:1,0:0
7.8,0,2300,0,0,Gal,d18:1,0:0
8,0,2300,0,0,Gal,d18:1,0:0
8.2,0,2300,0,0,Gal,d18:1,0:0
8.4,0,2300,0,0,Gal,d18:1,0:0
8.6,0,2300,0,0,Gal,d18:1,0:0
8.8,0,2300,0,0,Gal,d18:1,0:0
9,0,2300,0,0,Gal,d18:1,0:0
9.2,0,2300,0,0,Gal,d18:1,0:0
9.4,0,2300,0,0,Gal,d18:1,0:0
9.6,0,2300,0,0,Gal,d18:1,0:0
9.8,0,2300,0,0,Gal,d18:1,0:0
10,0,2300,0,0,Gal,d18:1,0:0
-10,0,2400,0,0,Gal,d18:1,0:0
-9.8,0,2400,0,0,Gal,d18:1,0:0
-9.6,0,2400,0,0,Gal,d18:1,0:0
-9.4,0,2400,0,0,Gal,d18:1,0:0
-9.2,0,2400,0,0,Gal,d18:1,0:0
-9,0,2400,0,0,Gal,d18:1,0:0
-8.8,0,2400,0,0,Gal,d18:1,0:0
-8.6,0,2400,0,0,Gal,d18:1,0:0
-8.4,0,2400,0,0,Gal,d18:1,0:0
-8.2,0,2400,0,0,Gal,d18:1,0:0
-8,0,2400,0,0,Gal,d18:1,0:0
-7.8,0,2400,0,0,Gal,d18:1,0:0
-7.6,0,2400,0,0,Gal,d18:1,0:0
-7.4,0,2400,0,0,Gal,d18:1,0:0
-7.2,0,2400,0,0,Gal,d18:1,0:0
-7,0,2400,0,0,Gal,d18:1,0:0
-6.8,0,2400,0,0,Gal,d18:1,0:0
-6.6,0,2400,0,0,Gal,d18:1,0:0
-6.4,0,2400,0,0,Gal,d18:1,0:0
-6.2,0,2400,0,0,Gal,d18:1,0:0
-6,0,2400,0,0,Gal,d18:1,0:0
-5.8,0,2400,0,0,Gal,d18:1,0:0
-5.6,0,2400,0,0,Gal,d18:1,0:0
-5.4,0,2400,0,0,Gal,d18:1,0:0
-5.2,0,2400,0,0,Gal,d18:1,0:0
-5,40,2400,0,0,Gal,d18:1,0:0
-4.8,240,2400,0,0,Gal,d18:1,0:0
-4.6,1580,2400,0,0,Gal,d18:1,0:0
-4.4,3020,2400,0,0,Gal,d18:1,0:0
-4.2,6460,2400,0,0,Gal,d18:1,0:0
-4,9220,2400,0,0,Gal,d18:1,0:0
-3.8,7380,2400,0,0,Gal,d18:1,0:0
-3.6,6540,2400,0,0,Gal,d18:1,0:0
-3.4,3200,2400,0,0,Gal,d18:1,0:0
-3.2,1680,2400,0,0,Gal,d18:1,0:0
-3,600,2400,0,0,Gal,d18:1,0:0
-2.8,80,2400,0,0,Gal,d18:1,0:0
-2.6,40,2400,0,0,Gal,d18:1,0:0
-2.4,0,2400,0,0,Gal,d18:1,0:0
-2.2,40,2400,0,0,Gal,d18:1,0:0
-2,0,2400,0,0,Gal,d18:1,0:0
-1.8,0,2400,0,0,Gal,d18:1,0:0
-1.6,40,2400,0,0,Gal,d18:1,0:0
-1.4,0,2400,0,0,Gal,d18:1,0:0
-1.2,0,2400,0,0,Gal,d18:1,0:0
-1,0,2400,0,0,Gal,d18:1,0:0
-0.8,0,2400,0,0,Gal,d18:1,0:0
-0.6,0,2400,0,0,Gal,d18:1,0:0
-0.4,0,2400,0,0,Gal,d18:1,0:0
-0.2,0,2400,0,0,Gal,d18:1,0:0
0,0,2400,0,0,Gal,d18:1,0:0
0.2,0,2400,0,0,Gal,d18:1,0:0
0.4,0,2400,0,0,Gal,d18:1,0:0
0.6,0,2400,0,0,Gal,d18:1,0:0
0.8,0,2400,0,0,Gal,d18:1,0:0
1,0,2400,0,0,Gal,d18:1,0:0
1.2,0,2400,0,0,Gal,d18:1,0:0
1.4,0,2400,0,0,Gal,d18:1,0:0
1.6,0,2400,0,0,Gal,d18:1,0:0
1.8,0,2400,0,0,Gal,d18:1,0:0
2,0,2400,0,0,Gal,d18:1,0:0
2.2,0,2400,0,0,Gal,d18:1,0:0
2.4,0,2400,0,0,Gal,d18:1,0:0
2.6,0,2400,0,0,Gal,d18:1,0:0
2.8,0,2400,0,0,Gal,d18:1,0:0
3,0,2400,0,0,Gal,d18:1,0:0
3.2,0,2400,0,0,Gal,d18:1,0:0
3.4,0,2400,0,0,Gal,d18:1,0:0
3.6,0,2400,0,0,Gal,d18:1,0:0
3.8,0,2400,0,0,Gal,d18:1,0:0
4,0,2400,0,0,Gal,d18:1,0:0
4.2,0,2400,0,0,Gal,d18:1,0:0
4.4,0,2400,0,0,Gal,d18:1,0:0
4.6,0,2400,0,0,Gal,d18:1,0:0
4.8,0,2400,0,0,Gal,d18:1,0:0
5,0,2400,0,0,Gal,d18:1,0:0
5.2,0,2400,0,0,Gal,d18:1,0:0
5.4,0,2400,0,0,Gal,d18:1,0:0
5.6,0,2400,0,0,Gal,d18:1,0:0
5.8,0,2400,0,0,Gal,d18:1,0:0
6,0,2400,0,0,Gal,d18:1,0:0
6.2,0,2400,0,0,Gal,d18:1,0:0
6.4,0,2400,0,0,Gal,d18:1,0:0
6.6,0,2400,0,0,Gal,d18:1,0:0
6.8,0,2400,0,0,Gal,d18:1,0:0
7,0,2400,0,0,Gal,d18:1,0:0
7.2,0,2400,0,0,Gal,d18:1,0:0
7.4,0,2400,0,0,Gal,d18:1,0:0
7.6,0,2400,0,0,Gal,d18:1,0:0
7.8,0,2400,0,0,Gal,d18:1,0:0
8,0,2400,0,0,Gal,d18:1,0:0
8.2,0,2400,0,0,Gal,d18:1,0:0
8.4,0,2400,0,0,Gal,d18:1,0:0
8.6,0,2400,0,0,Gal,d18:1,0:0
8.8,0,2400,0,0,Gal,d18:1,0:0
9,0,2400,0,0,Gal,d18:1,0:0
9.2,0,2400,0,0,Gal,d18:1,0:0
9.4,0,2400,0,0,Gal,d18:1,0:0
9.6,0,2400,0,0,Gal,d18:1,0:0
9.8,0,2400,0,0,Gal,d18:1,0:0
10,0,2400,0,0,Gal,d18:1,0:0
-10,0,2500,0,0,Gal,d18:1,0:0
-9.8,0,2500,0,0,Gal,d18:1,0:0
-9.6,0,2500,0,0,Gal,d18:1,0:0
-9.4,0,2500,0,0,Gal,d18:1,0:0
-9.2,0,2500,0,0,Gal,d18:1,0:0
-9,0,2500,0,0,Gal,d18:1,0:0
-8.8,0,2500,0,0,Gal,d18:1,0:0
-8.6,0,2500,0,0,Gal,d18:1,0:0
-8.4,0,2500,0,0,Gal,d18:1,0:0
-8.2,0,2500,0,0,Gal,d18:1,0:0
-8,0,2500,0,0,Gal,d18:1,0:0
-7.8,0,2500,0,0,Gal,d18:1,0:0
-7.6,0,2500,0,0,Gal,d18:1,0:0
-7.4,0,2500,0,0,Gal,d18:1,0:0
-7.2,0,2500,0,0,Gal,d18:1,0:0
-7,0,2500,0,0,Gal,d18:1,0:0
-6.8,0,2500,0,0,Gal,d18:1,0:0
-6.6,0,2500,0,0,Gal,d18:1,0:0
-6.4,0,2500,0,0,Gal,d18:1,0:0
-6.2,0,2500,0,0,Gal,d18:1,0:0
-6,0,2500,0,0,Gal,d18:1,0:0
-5.8,0,2500,0,0,Gal,d18:1,0:0
-5.6,0,2500,0,0,Gal,d18:1,0:0
-5.4,40,2500,0,0,Gal,d18:1,0:0
-5.2,220,2500,0,0,Gal,d18:1,0:0
-5,1360,2500,0,0,Gal,d18:1,0:0
-4.8,2320,2500,0,0,Gal,d18:1,0:0
-4.6,5200,2500,0,0,Gal,d18:1,0:0
-4.4,6960,2500,0,0,Gal,d18:1,0:0
-4.2,5100,2500,0,0,Gal,d18:1,0:0
-4,4180,2500,0,0,Gal,d18:1,0:0
-3.8,1880,2500,0,0,Gal,d18:1,0:0
-3.6,480,2500,0,0,Gal,d18:1,0:0
-3.4,80,2500,0,0,Gal,d18:1,0:0
-3.2,0,2500,0,0,Gal,d18:1,0:0
-3,0,2500,0,0,Gal,d18:1,0:0
-2.8,0,2500,0,0,Gal,d18:1,0:0
-2.6,0,2500,0,0,Gal,d18:1,0:0
-2.4,0,2500,0,0,Gal,d18:1,0:0
-2.2,0,2500,0,0,Gal,d18:1,0:0
-2,0,2500,0,0,Gal,d18:1,0:0
-1.8,0,2500,0,0,Gal,d18:1,0:0
-1.6,0,2500,0,0,Gal,d18:1,0:0
-1.4,0,2500,0,0,Gal,d18:1,0:0
-1.2,0,2500,0,0,Gal,d18:1,0:0
-1,0,2500,0,0,Gal,d18:1,0:0
-0.8,0,2500,0,0,Gal,d18:1,0:0
-0.6,0,2500,0,0,Gal,d18:1,0:0
-0.4,0,2500,0,0,Gal,d18:1,0:0
-0.2,0,2500,0,0,Gal,d18:1,0:0
0,0,2500,0,0,Gal,d18:1,0:0
0.2,0,2500,0,0,Gal,d18:1,0:0
0.4,0,2500,0,0,Gal,d18:1,0:0
0.6,0,2500,0,0,Gal,d18:1,0:0
0.8,0,2500,0,0,Gal,d18:1,0:0
1,0,2500,0,0,Gal,d18:1,0:0
1.2,0,2500,0,0,Gal,d18:1,0:0
1.4,0,2500,0,0,Gal,d18:1,0:0
1.6,0,2500,0,0,Gal,d18:1,0:0
1.8,0,2500,0,0,Gal,d18:1,0:0
2,0,2500,0,0,Gal,d18:1,0:0
2.2,0,2500,0,0,Gal,d18:1,0:0
2.4,0,2500,0,0,Gal,d18:1,0:0
2.6,0,2500,0,0,Gal,d18:1,0:0
2.8,0,2500,0,0,Gal,d18:1,0:0
3,0,2500,0,0,Gal,d18:1,0:0
3.2,0,2500,0,0,Gal,d18:1,0:0
3.4,0,2500,0,0,Gal,d18:1,0:0
3.6,0,2500,0,0,Gal,d18:1,0:0
3.8,0,2500,0,0,Gal,d18:1,0:0
4,0,2500,0,0,Gal,d18:1,0:0
4.2,0,2500,0,0,Gal,d18:1,0:0
4.4,0,2500,0,0,Gal,d18:1,0:0
4.6,0,2500,0,0,Gal,d18:1,0:0
4.8,0,2500,0,0,Gal,d18:1,0:0
5,0,2500,0,0,Gal,d18:1,0:0
5.2,0,2500,0,0,Gal,d18:1,0:0
5.4,0,2500,0,0,Gal,d18:1,0:0
5.6,0,2500,0,0,Gal,d18:1,0:0
5.8,0,2500,0,0,Gal,d18:1,0:0
6,0,2500,0,0,Gal,d18:1,0:0
6.2,0,2500,0,0,Gal,d18:1,0:0
6.4,0,2500,0,0,Gal,d18:1,0:0
6.6,0,2500,0,0,Gal,d18:1,0:0
6.8,0,2500,0,0,Gal,d18:1,0:0
7,0,2500,0,0,Gal,d18:1,0:0
7.2,0,2500,0,0,Gal,d18:1,0:0
7.4,0,2500,0,0,Gal,d18:1,0:0
7.6,0,2500,0,0,Gal,d18:1,0:0
7.8,0,2500,0,0,Gal,d18:1,0:0
8,0,2500,0,0,Gal,d18:1,0:0
8.2,0,2500,0,0,Gal,d18:1,0:0
8.4,0,2500,0,0,Gal,d18:1,0:0
8.6,0,2500,0,0,Gal,d18:1,0:0
8.8,0,2500,0,0,Gal,d18:1,0:0
9,0,2500,0,0,Gal,d18:1,0:0
9.2,0,2500,0,0,Gal,d18:1,0:0
9.4,0,2500,0,0,Gal,d18:1,0:0
9.6,0,2500,0,0,Gal,d18:1,0:0
9.8,0,2500,0,0,Gal,d18:1,0:0
10,0,2500,0,0,Gal,d18:1,0:0
-10,0,2600,0,0,Gal,d18:1,0:0
-9.8,0,2600,0,0,Gal,d18:1,0:0
-9.6,0,2600,0,0,Gal,d18:1,0:0
-9.4,0,2600,0,0,Gal,d18:1,0:0
-9.2,0,2600,0,0,Gal,d18:1,0:0
-9,0,2600,0,0,Gal,d18:1,0:0
-8.8,0,2600,0,0,Gal,d18:1,0:0
-8.6,0,2600,0,0,Gal,d18:1,0:0
-8.4,0,2600,0,0,Gal,d18:1,0:0
-8.2,0,2600,0,0,Gal,d18:1,0:0
-8,0,2600,0,0,Gal,d18:1,0:0
-7.8,0,2600,0,0,Gal,d18:1,0:0
-7.6,0,2600,0,0,Gal,d18:1,0:0
-7.4,0,2600,0,0,Gal,d18:1,0:0
-7.2,0,2600,0,0,Gal,d18:1,0:0
-7,0,2600,0,0,Gal,d18:1,0:0
-6.8,0,2600,0,0,Gal,d18:1,0:0
-6.6,20,2600,0,0,Gal,d18:1,0:0
-6.4,40,2600,0,0,Gal,d18:1,0:0
-6.2,0,2600,0,0,Gal,d18:1,0:0
-6,160,2600,0,0,Gal,d18:1,0:0
-5.8,1000,2600,0,0,Gal,d18:1,0:0
-5.6,3260,2600,0,0,Gal,d18:1,0:0
-5.4,4520,2600,0,0,Gal,d18:1,0:0
-5.2,5660,2600,0,0,Gal,d18:1,0:0
-5,5180,2600,0,0,Gal,d18:1,0:0
-4.8,4440,2600,0,0,Gal,d18:1,0:0
-4.6,3060,2600,0,0,Gal,d18:1,0:0
-4.4,1360,2600,0,0,Gal,d18:1,0:0
-4.2,620,2600,0,0,Gal,d18:1,0:0
-4,100,2600,0,0,Gal,d18:1,0:0
-3.8,0,2600,0,0,Gal,d18:1,0:0
-3.6,0,2600,0,0,Gal,d18:1,0:0
-3.4,0,2600,0,0,Gal,d18:1,0:0
-3.2,0,2600,0,0,Gal,d18:1,0:0
-3,0,2600,0,0,Gal,d18:1,0:0
-2.8,0,2600,0,0,Gal,d18:1,0:0
-2.6,0,2600,0,0,Gal,d18:1,0:0
-2.4,0,2600,0,0,Gal,d18:1,0:0
-2.2,0,2600,0,0,Gal,d18:1,0:0
-2,0,2600,0,0,Gal,d18:1,0:0
-1.8,0,2600,0,0,Gal,d18:1,0:0
-1.6,0,2600,0,0,Gal,d18:1,0:0
-1.4,0,2600,0,0,Gal,d18:1,0:0
-1.2,0,2600,0,0,Gal,d18:1,0:0
-1,0,2600,0,0,Gal,d18:1,0:0
-0.8,0,2600,0,0,Gal,d18:1,0:0
-0.6,0,2600,0,0,Gal,d18:1,0:0
-0.4,0,2600,0,0,Gal,d18:1,0:0
-0.2,0,2600,0,0,Gal,d18:1,0:0
0,0,2600,0,0,Gal,d18:1,0:0
0.2,0,2600,0,0,Gal,d18:1,0:0
0.4,0,2600,0,0,Gal,d18:1,0:0
0.6,0,2600,0,0,Gal,d18:1,0:0
0.8,0,2600,0,0,Gal,d18:1,0:0
1,0,2600,0,0,Gal,d18:1,0:0
1.2,0,2600,0,0,Gal,d18:1,0:0
1.4,0,2600,0,0,Gal,d18:1,0:0
1.6,0,2600,0,0,Gal,d18:1,0:0
1.8,0,2600,0,0,Gal,d18:1,0:0
2,0,2600,0,0,Gal,d18:1,0:0
2.2,0,2600,0,0,Gal,d18:1,0:0
2.4,0,2600,0,0,Gal,d18:1,0:0
2.6,0,2600,0,0,Gal,d18:1,0:0
2.8,0,2600,0,0,Gal,d18:1,0:0
3,0,2600,0,0,Gal,d18:1,0:0
3.2,0,2600,0,0,Gal,d18:1,0:0
3.4,0,2600,0,0,Gal,d18:1,0:0
3.6,0,2600,0,0,Gal,d18:1,0:0
3.8,0,2600,0,0,Gal,d18:1,0:0
4,0,2600,0,0,Gal,d18:1,0:0
4.2,0,2600,0,0,Gal,d18:1,0:0
4.4,0,2600,0,0,Gal,d18:1,0:0
4.6,0,2600,0,0,Gal,d18:1,0:0
4.8,0,2600,0,0,Gal,d18:1,0:0
5,0,2600,0,0,Gal,d18:1,0:0
5.2,0,2600,0,0,Gal,d18:1,0:0
5.4,0,2600,0,0,Gal,d18:1,0:0
5.6,0,2600,0,0,Gal,d18:1,0:0
5.8,0,2600,0,0,Gal,d18:1,0:0
6,0,2600,0,0,Gal,d18:1,0:0
6.2,0,2600,0,0,Gal,d18:1,0:0
6.4,0,2600,0,0,Gal,d18:1,0:0
6.6,0,2600,0,0,Gal,d18:1,0:0
6.8,0,2600,0,0,Gal,d18:1,0:0
7,0,2600,0,0,Gal,d18:1,0:0
7.2,0,2600,0,0,Gal,d18:1,0:0
7.4,0,2600,0,0,Gal,d18:1,0:0
7.6,0,2600,0,0,Gal,d18:1,0:0
7.8,0,2600,0,0,Gal,d18:1,0:0
8,0,2600,0,0,Gal,d18:1,0:0
8.2,0,2600,0,0,Gal,d18:1,0:0
8.4,0,2600,0,0,Gal,d18:1,0:0
8.6,0,2600,0,0,Gal,d18:1,0:0
8.8,0,2600,0,0,Gal,d18:1,0:0
9,0,2600,0,0,Gal,d18:1,0:0
9.2,0,2600,0,0,Gal,d18:1,0:0
9.4,0,2600,0,0,Gal,d18:1,0:0
9.6,0,2600,0,0,Gal,d18:1,0:0
9.8,0,2600,0,0,Gal,d18:1,0:0
10,0,2600,0,0,Gal,d18:1,0:0
-10,0,2700,0,0,Gal,d18:1,0:0
-9.8,0,2700,0,0,Gal,d18:1,0:0
-9.6,0,2700,0,0,Gal,d18:1,0:0
-9.4,0,2700,0,0,Gal,d18:1,0:0
-9.2,0,2700,0,0,Gal,d18:1,0:0
-9,0,2700,0,0,Gal,d18:1,0:0
-8.8,0,2700,0,0,Gal,d18:1,0:0
-8.6,0,2700,0,0,Gal,d18:1,0:0
-8.4,0,2700,0,0,Gal,d18:1,0:0
-8.2,0,2700,0,0,Gal,d18:1,0:0
-8,0,2700,0,0,Gal,d18:1,0:0
-7.8,0,2700,0,0,Gal,d18:1,0:0
-7.6,0,2700,0,0,Gal,d18:1,0:0
-7.4,0,2700,0,0,Gal,d18:1,0:0
-7.2,0,2700,0,0,Gal,d18:1,0:0
-7,140,2700,0,0,Gal,d18:1,0:0
-6.8,40,2700,0,0,Gal,d18:1,0:0
-6.6,620,2700,0,0,Gal,d18:1,0:0
-6.4,1420,2700,0,0,Gal,d18:1,0:0
-6.2,3040,2700,0,0,Gal,d18:1,0:0
-6,4820,2700,0,0,Gal,d18:1,0:0
-5.8,5800,2700,0,0,Gal,d18:1,0:0
-5.6,6020,2700,0,0,Gal,d18:1,0:0
-5.4,3460,2700,0,0,Gal,d18:1,0:0
-5.2,1640,2700,0,0,Gal,d18:1,0:0
-5,500,2700,0,0,Gal,d18:1,0:0
-4.8,140,2700,0,0,Gal,d18:1,0:0
-4.6,40,2700,0,0,Gal,d18:1,0:0
-4.4,0,2700,0,0,Gal,d18:1,0:0
-4.2,0,2700,0,0,Gal,d18:1,0:0
-4,0,2700,0,0,Gal,d18:1,0:0
-3.8,0,2700,0,0,Gal,d18:1,0:0
-3.6,20,2700,0,0,Gal,d18:1,0:0
-3.4,0,2700,0,0,Gal,d18:1,0:0
-3.2,0,2700,0,0,Gal,d18:1,0:0
-3,0,2700,0,0,Gal,d18:1,0:0
-2.8,0,2700,0,0,Gal,d18:1,0:0
-2.6,0,2700,0,0,Gal,d18:1,0:0
-2.4,0,2700,0,0,Gal,d18:1,0:0
-2.2,0,2700,0,0,Gal,d18:1,0:0
-2,0,2700,0,0,Gal,d18:1,0:0
-1.8,0,2700,0,0,Gal,d18:1,0:0
-1.6,0,2700,0,0,Gal,d18:1,0:0
-1.4,0,2700,0,0,Gal,d18:1,0:0
-1.2,0,2700,0,0,Gal,d18:1,0:0
-1,0,2700,0,0,Gal,d18:1,0:0
-0.8,0,2700,0,0,Gal,d18:1,0:0
-0.6,0,2700,0,0,Gal,d18:1,0:0
-0.4,0,2700,0,0,Gal,d18:1,0:0
-0.2,0,2700,0,0,Gal,d18:1,0:0
0,0,2700,0,0,Gal,d18:1,0:0
0.2,40,2700,0,0,Gal,d18:1,0:0
0.4,0,2700,0,0,Gal,d18:1,0:0
0.6,0,2700,0,0,Gal,d18:1,0:0
0.8,0,2700,0,0,Gal,d18:1,0:0
1,0,2700,0,0,Gal,d18:1,0:0
1.2,0,2700,0,0,Gal,d18:1,0:0
1.4,0,2700,0,0,Gal,d18:1,0:0
1.6,0,2700,0,0,Gal,d18:1,0:0
1.8,0,2700,0,0,Gal,d18:1,0:0
2,0,2700,0,0,Gal,d18:1,0:0
2.2,0,2700,0,0,Gal,d18:1,0:0
2.4,0,2700,0,0,Gal,d18:1,0:0
2.6,0,2700,0,0,Gal,d18:1,0:0
2.8,0,2700,0,0,Gal,d18:1,0:0
3,0,2700,0,0,Gal,d18:1,0:0
3.2,0,2700,0,0,Gal,d18:1,0:0
3.4,0,2700,0,0,Gal,d18:1,0:0
3.6,0,2700,0,0,Gal,d18:1,0:0
3.8,0,2700,0,0,Gal,d18:1,0:0
4,0,2700,0,0,Gal,d18:1,0:0
4.2,0,2700,0,0,Gal,d18:1,0:0
4.4,0,2700,0,0,Gal,d18:1,0:0
4.6,0,2700,0,0,Gal,d18:1,0:0
4.8,0,2700,0,0,Gal,d18:1,0:0
5,0,2700,0,0,Gal,d18:1,0:0
5.2,0,2700,0,0,Gal,d18:1,0:0
5.4,0,2700,0,0,Gal,d18:1,0:0
5.6,0,2700,0,0,Gal,d18:1,0:0
5.8,0,2700,0,0,Gal,d18:1,0:0
6,0,2700,0,0,Gal,d18:1,0:0
6.2,0,2700,0,0,Gal,d18:1,0:0
6.4,0,2700,0,0,Gal,d18:1,0:0
6.6,0,2700,0,0,Gal,d18:1,0:0
6.8,0,2700,0,0,Gal,d18:1,0:0
7,0,2700,0,0,Gal,d18:1,0:0
7.2,0,2700,0,0,Gal,d18:1,0:0
7.4,0,2700,0,0,Gal,d18:1,0:0
7.6,0,2700,0,0,Gal,d18:1,0:0
7.8,0,2700,0,0,Gal,d18:1,0:0
8,0,2700,0,0,Gal,d18:1,0:0
8.2,0,2700,0,0,Gal,d18:1,0:0
8.4,0,2700,0,0,Gal,d18:1,0:0
8.6,0,2700,0,0,Gal,d18:1,0:0
8.8,0,2700,0,0,Gal,d18:1,0:0
9,0,2700,0,0,Gal,d18:1,0:0
9.2,0,2700,0,0,Gal,d18:1,0:0
9.4,0,2700,0,0,Gal,d18:1,0:0
9.6,0,2700,0,0,Gal,d18:1,0:0
9.8,0,2700,0,0,Gal,d18:1,0:0
10,0,2700,0,0,Gal,d18:1,0:0
-10,0,2800,0,0,Gal,d18:1,0:0
-9.8,0,2800,0,0,Gal,d18:1,0:0
-9.6,0,2800,0,0,Gal,d18:1,0:0
-9.4,0,2800,0,0,Gal,d18:1,0:0
-9.2,0,2800,0,0,Gal,d18:1,0:0
-9,0,2800,0,0,Gal,d18:1,0:0
-8.8,0,2800,0,0,Gal,d18:1,0:0
-8.6,0,2800,0,0,Gal,d18:1,0:0
-8.4,0,2800,0,0,Gal,d18:1,0:0
-8.2,0,2800,0,0,Gal,d18:1,0:0
-8,0,2800,0,0,Gal,d18:1,0:0
-7.8,0,2800,0,0,Gal,d18:1,0:0
-7.6,0,2800,0,0,Gal,d18:1,0:0
-7.4,0,2800,0,0,Gal,d18:1,0:0
-7.2,40,2800,0,0,Gal,d18:1,0:0
-7,0,2800,0,0,Gal,d18:1,0:0
-6.8,100,2800,0,0,Gal,d18:1,0:0
-6.6,100,2800,0,0,Gal,d18:1,0:0
-6.4,480,2800,0,0,Gal,d18:1,0:0
-6.2,1800,2800,0,0,Gal,d18:1,0:0
-6,3960,2800,0,0,Gal,d18:1,0:0
-5.8,5640,2800,0,0,Gal,d18:1,0:0
-5.6,5060,2800,0,0,Gal,d18:1,0:0
-5.4,3080,2800,0,0,Gal,d18:1,0:0
-5.2,1180,2800,0,0,Gal,d18:1,0:0
-5,400,2800,0,0,Gal,d18:1,0:0
-4.8,20,2800,0,0,Gal,d18:1,0:0
-4.6,60,2800,0,0,Gal,d18:1,0:0
-4.4,0,2800,0,0,Gal,d18:1,0:0
-4.2,0,2800,0,0,Gal,d18:1,0:0
-4,0,2800,0,0,Gal,d18:1,0:0
-3.8,0,2800,0,0,Gal,d18:1,0:0
-3.6,0,2800,0,0,Gal,d18:1,0:0
-3.4,0,2800,0,0,Gal,d18:1,0:0
-3.2,0,2800,0,0,Gal,d18:1,0:0
-3,0,2800,0,0,Gal,d18:1,0:0
-2.8,0,2800,0,0,Gal,d18:1,0:0
-2.6,0,2800,0,0,Gal,d18:1,0:0
-2.4,0,2800,0,0,Gal,d18:1,0:0
-2.2,0,2800,0,0,Gal,d18:1,0:0
-2,0,2800,0,0,Gal,d18:1,0:0
-1.8,0,2800,0,0,Gal,d18:1,0:0
-1.6,0,2800,0,0,Gal,d18:1,0:0
-1.4,0,2800,0,0,Gal,d18:1,0:0
-1.2,0,2800,0,0,Gal,d18:1,0:0
-1,0,2800,0,0,Gal,d18:1,0:0
-0.8,20,2800,0,0,Gal,d18:1,0:0
-0.6,0,2800,0,0,Gal,d18:1,0:0
-0.4,0,2800,0,0,Gal,d18:1,0:0
-0.2,0,2800,0,0,Gal,d18:1,0:0
0,0,2800,0,0,Gal,d18:1,0:0
0.2,0,2800,0,0,Gal,d18:1,0:0
0.4,0,2800,0,0,Gal,d18:1,0:0
0.6,0,2800,0,0,Gal,d18:1,0:0
0.8,0,2800,0,0,Gal,d18:1,0:0
1,0,2800,0,0,Gal,d18:1,0:0
1.2,0,2800,0,0,Gal,d18:1,0:0
1.4,0,2800,0,0,Gal,d18:1,0:0
1.6,0,2800,0,0,Gal,d18:1,0:0
1.8,0,2800,0,0,Gal,d18:1,0:0
2,0,2800,0,0,Gal,d18:1,0:0
2.2,0,2800,0,0,Gal,d18:1,0:0
2.4,0,2800,0,0,Gal,d18:1,0:0
2.6,0,2800,0,0,Gal,d18:1,0:0
2.8,0,2800,0,0,Gal,d18:1,0:0
3,0,2800,0,0,Gal,d18:1,0:0
3.2,0,2800,0,0,Gal,d18:1,0:0
3.4,0,2800,0,0,Gal,d18:1,0:0
3.6,0,2800,0,0,Gal,d18:1,0:0
3.8,0,2800,0,0,Gal,d18:1,0:0
4,0,2800,0,0,Gal,d18:1,0:0
4.2,0,2800,0,0,Gal,d18:1,0:0
4.4,0,2800,0,0,Gal,d18:1,0:0
4.6,0,2800,0,0,Gal,d18:1,0:0
4.8,0,2800,0,0,Gal,d18:1,0:0
5,0,2800,0,0,Gal,d18:1,0:0
5.2,0,2800,0,0,Gal,d18:1,0:0
5.4,0,2800,0,0,Gal,d18:1,0:0
5.6,0,2800,0,0,Gal,d18:1,0:0
5.8,0,2800,0,0,Gal,d18:1,0:0
6,0,2800,0,0,Gal,d18:1,0:0
6.2,0,2800,0,0,Gal,d18:1,0:0
6.4,0,2800,0,0,Gal,d18:1,0:0
6.6,0,2800,0,0,Gal,d18:1,0:0
6.8,0,2800,0,0,Gal,d18:1,0:0
7,0,2800,0,0,Gal,d18:1,0:0
7.2,0,2800,0,0,Gal,d18:1,0:0
7.4,0,2800,0,0,Gal,d18:1,0:0
7.6,0,2800,0,0,Gal,d18:1,0:0
7.8,0,2800,0,0,Gal,d18:1,0:0
8,0,2800,0,0,Gal,d18:1,0:0
8.2,0,2800,0,0,Gal,d18:1,0:0
8.4,0,2800,0,0,Gal,d18:1,0:0
8.6,0,2800,0,0,Gal,d18:1,0:0
8.8,0,2800,0,0,Gal,d18:1,0:0
9,0,2800,0,0,Gal,d18:1,0:0
9.2,0,2800,0,0,Gal,d18:1,0:0
9.4,0,2800,0,0,Gal,d18:1,0:0
9.6,0,2800,0,0,Gal,d18:1,0:0
9.8,0,2800,0,0,Gal,d18:1,0:0
10,0,2800,0,0,Gal,d18:1,0:0
-10,0,2900,0,0,Gal,d18:1,0:0
-9.8,0,2900,0,0,Gal,d18:1,0:0
-9.6,0,2900,0,0,Gal,d18:1,0:0
-9.4,0,2900,0,0,Gal,d18:1,0:0
-9.2,0,2900,0,0,Gal,d18:1,0:0
-9,0,2900,0,0,Gal,d18:1,0:0
-8.8,0,2900,0,0,Gal,d18:1,0:0
-8.6,0,2900,0,0,Gal,d18:1,0:0
-8.4,0,2900,0,0,Gal,d18:1,0:0
-8.2,0,2900,0,0,Gal,d18:1,0:0
-8,0,2900,0,0,Gal,d18:1,0:0
-7.8,40,2900,0,0,Gal,d18:1,0:0
-7.6,80,2900,0,0,Gal,d18:1,0:0
-7.4,20,2900,0,0,Gal,d18:1,0:0
-7.2,80,2900,0,0,Gal,d18:1,0:0
-7,280,2900,0,0,Gal,d18:1,0:0
-6.8,1560,2900,0,0,Gal,d18:1,0:0
-6.6,3440,2900,0,0,Gal,d18:1,0:0
-6.4,5020,2900,0,0,Gal,d18:1,0:0
-6.2,5500,2900,0,0,Gal,d18:1,0:0
-6,5440,2900,0,0,Gal,d18:1,0:0
-5.8,3960,2900,0,0,Gal,d18:1,0:0
-5.6,1900,2900,0,0,Gal,d18:1,0:0
-5.4,440,2900,0,0,Gal,d18:1,0:0
-5.2,40,2900,0,0,Gal,d18:1,0:0
-5,40,2900,0,0,Gal,d18:1,0:0
-4.8,0,2900,0,0,Gal,d18:1,0:0
-4.6,0,2900,0,0,Gal,d18:1,0:0
-4.4,0,2900,0,0,Gal,d18:1,0:0
-4.2,0,2900,0,0,Gal,d18:1,0:0
-4,0,2900,0,0,Gal,d18:1,0:0
-3.8,0,2900,0,0,Gal,d18:1,0:0
-3.6,0,2900,0,0,Gal,d18:1,0:0
-3.4,0,2900,0,0,Gal,d18:1,0:0
-3.2,0,2900,0,0,Gal,d18:1,0:0
-3,0,2900,0,0,Gal,d18:1,0:0
-2.8,0,2900,0,0,Gal,d18:1,0:0
-2.6,0,2900,0,0,Gal,d18:1,0:0
-2.4,0,2900,0,0,Gal,d18:1,0:0
-2.2,0,2900,0,0,Gal,d18:1,0:0
-2,0,2900,0,0,Gal,d18:1,0:0
-1.8,0,2900,0,0,Gal,d18:1,0:0
-1.6,0,2900,0,0,Gal,d18:1,0:0
-1.4,0,2900,0,0,Gal,d18:1,0:0
-1.2,0,2900,0,0,Gal,d18:1,0:0
-1,0,2900,0,0,Gal,d18:1,0:0
-0.8,0,2900,0,0,Gal,d18:1,0:0
-0.6,20,2900,0,0,Gal,d18:1,0:0
-0.4,0,2900,0,0,Gal,d18:1,0:0
-0.2,0,2900,0,0,Gal,d18:1,0:0
0,0,2900,0,0,Gal,d18:1,0:0
0.2,0,2900,0,0,Gal,d18:1,0:0
0.4,0,2900,0,0,Gal,d18:1,0:0
0.6,0,2900,0,0,Gal,d18:1,0:0
0.8,0,2900,0,0,Gal,d18:1,0:0
1,0,2900,0,0,Gal,d18:1,0:0
1.2,0,2900,0,0,Gal,d18:1,0:0
1.4,0,2900,0,0,Gal,d18:1,0:0
1.6,0,2900,0,0,Gal,d18:1,0:0
1.8,0,2900,0,0,Gal,d18:1,0:0
2,40,2900,0,0,Gal,d18:1,0:0
2.2,0,2900,0,0,Gal,d18:1,0:0
2.4,0,2900,0,0,Gal,d18:1,0:0
2.6,0,2900,0,0,Gal,d18:1,0:0
2.8,0,2900,0,0,Gal,d18:1,0:0
3,0,2900,0,0,Gal,d18:1,0:0
3.2,0,2900,0,0,Gal,d18:1,0:0
3.4,0,2900,0,0,Gal,d18:1,0:0
3.6,0,2900,0,0,Gal,d18:1,0:0
3.8,0,2900,0,0,Gal,d18:1,0:0
4,0,2900,0,0,Gal,d18:1,0:0
4.2,0,2900,0,0,Gal,d18:1,0:0
4.4,0,2900,0,0,Gal,d18:1,0:0
4.6,0,2900,0,0,Gal,d18:1,0:0
4.8,0,2900,0,0,Gal,d18:1,0:0
5,0,2900,0,0,Gal,d18:1,0:0
5.2,0,2900,0,0,Gal,d18:1,0:0
5.4,0,2900,0,0,Gal,d18:1,0:0
5.6,0,2900,0,0,Gal,d18:1,0:0
5.8,0,2900,0,0,Gal,d18:1,0:0
6,0,2900,0,0,Gal,d18:1,0:0
6.2,0,2900,0,0,Gal,d18:1,0:0
6.4,0,2900,0,0,Gal,d18:1,0:0
6.6,0,2900,0,0,Gal,d18:1,0:0
6.8,0,2900,0,0,Gal,d18:1,0:0
7,0,2900,0,0,Gal,d18:1,0:0
7.2,0,2900,0,0,Gal,d18:1,0:0
7.4,0,2900,0,0,Gal,d18:1,0:0
7.6,0,2900,0,0,Gal,d18:1,0:0
7.8,0,2900,0,0,Gal,d18:1,0:0
8,0,2900,0,0,Gal,d18:1,0:0
8.2,0,2900,0,0,Gal,d18:1,0:0
8.4,0,2900,0,0,Gal,d18:1,0:0
8.6,0,2900,0,0,Gal,d18:1,0:0
8.8,0,2900,0,0,Gal,d18:1,0:0
9,0,2900,0,0,Gal,d18:1,0:0
9.2,0,2900,0,0,Gal,d18:1,0:0
9.4,0,2900,0,0,Gal,d18:1,0:0
9.6,0,2900,0,0,Gal,d18:1,0:0
9.8,0,2900,0,0,Gal,d18:1,0:0
10,0,2900,0,0,Gal,d18:1,0:0
-10,0,3000,0,0,Gal,d18:1,0:0
-9.8,0,3000,0,0,Gal,d18:1,0:0
-9.6,0,3000,0,0,Gal,d18:1,0:0
-9.4,0,3000,0,0,Gal,d18:1,0:0
-9.2,0,3000,0,0,Gal,d18:1,0:0
-9,0,3000,0,0,Gal,d18:1,0:0
-8.8,0,3000,0,0,Gal,d18:1,0:0
-8.6,0,3000,0,0,Gal,d18:1,0:0
-8.4,0,3000,0,0,Gal,d18:1,0:0
-8.2,0,3000,0,0,Gal,d18:1,0:0
-8,40,3000,0,0,Gal,d18:1,0:0
-7.8,20,3000,0,0,Gal,d18:1,0:0
-7.6,60,3000,0,0,Gal,d18:1,0:0
-7.4,100,3000,0,0,Gal,d18:1,0:0
-7.2,660,3000,0,0,Gal,d18:1,0:0
-7,1720,3000,0,0,Gal,d18:1,0:0
-6.8,3620,3000,0,0,Gal,d18:1,0:0
-6.6,5040,3000,0,0,Gal,d18:1,0:0
-6.4,5680,3000,0,0,Gal,d18:1,0:0
-6.2,4660,3000,0,0,Gal,d18:1,0:0
-6,1660,3000,0,0,Gal,d18:1,0:0
-5.8,740,3000,0,0,Gal,d18:1,0:0
-5.6,20,3000,0,0,Gal,d18:1,0:0
-5.4,0,3000,0,0,Gal,d18:1,0:0
-5.2,0,3000,0,0,Gal,d18:1,0:0
-5,0,3000,0,0,Gal,d18:1,0:0
-4.8,0,3000,0,0,Gal,d18:1,0:0
-4.6,0,3000,0,0,Gal,d18:1,0:0
-4.4,0,3000,0,0,Gal,d18:1,0:0
-4.2,0,3000,0,0,Gal,d18:1,0:0
-4,0,3000,0,0,Gal,d18:1,0:0
-3.8,0,3000,0,0,Gal,d18:1,0:0
-3.6,0,3000,0,0,Gal,d18:1,0:0
-3.4,0,3000,0,0,Gal,d18:1,0:0
-3.2,0,3000,0,0,Gal,d18:1,0:0
-3,0,3000,0,0,Gal,d18:1,0:0
-2.8,0,3000,0,0,Gal,d18:1,0:0
-2.6,0,3000,0,0,Gal,d18:1,0:0
-2.4,0,3000,0,0,Gal,d18:1,0:0
-2.2,0,3000,0,0,Gal,d18:1,0:0
-2,0,3000,0,0,Gal,d18:1,0:0
-1.8,0,3000,0,0,Gal,d18:1,0:0
-1.6,0,3000,0,0,Gal,d18:1,0:0
-1.4,0,3000,0,0,Gal,d18:1,0:0
-1.2,0,3000,0,0,Gal,d18:1,0:0
-1,0,3000,0,0,Gal,d18:1,0:0
-0.8,0,3000,0,0,Gal,d18:1,0:0
-0.6,0,3000,0,0,Gal,d18:1,0:0
-0.4,0,3000,0,0,Gal,d18:1,0:0
-0.2,0,3000,0,0,Gal,d18:1,0:0
0,0,3000,0,0,Gal,d18:1,0:0
0.2,0,3000,0,0,Gal,d18:1,0:0
0.4,0,3000,0,0,Gal,d18:1,0:0
0.6,0,3000,0,0,Gal,d18:1,0:0
0.8,0,3000,0,0,Gal,d18:1,0:0
1,0,3000,0,0,Gal,d18:1,0:0
1.2,0,3000,0,0,Gal,d18:1,0:0
1.4,0,3000,0,0,Gal,d18:1,0:0
1.6,0,3000,0,0,Gal,d18:1,0:0
1.8,0,3000,0,0,Gal,d18:1,0:0
2,0,3000,0,0,Gal,d18:1,0:0
2.2,0,3000,0,0,Gal,d18:1,0:0
2.4,0,3000,0,0,Gal,d18:1,0:0
2.6,0,3000,0,0,Gal,d18:1,0:0
2.8,0,3000,0,0,Gal,d18:1,0:0
3,0,3000,0,0,Gal,d18:1,0:0
3.2,0,3000,0,0,Gal,d18:1,0:0
3.4,0,3000,0,0,Gal,d18:1,0:0
3.6,0,3000,0,0,Gal,d18:1,0:0
3.8,0,3000,0,0,Gal,d18:1,0:0
4,0,3000,0,0,Gal,d18:1,0:0
4.2,0,3000,0,0,Gal,d18:1,0:0
4.4,0,3000,0,0,Gal,d18:1,0:0
4.6,0,3000,0,0,Gal,d18:1,0:0
4.8,0,3000,0,0,Gal,d18:1,0:0
5,0,3000,0,0,Gal,d18:1,0:0
5.2,0,3000,0,0,Gal,d18:1,0:0
5.4,0,3000,0,0,Gal,d18:1,0:0
5.6,0,3000,0,0,Gal,d18:1,0:0
5.8,0,3000,0,0,Gal,d18:1,0:0
6,0,3000,0,0,Gal,d18:1,0:0
6.2,0,3000,0,0,Gal,d18:1,0:0
6.4,0,3000,0,0,Gal,d18:1,0:0
6.6,0,3000,0,0,Gal,d18:1,0:0
6.8,0,3000,0,0,Gal,d18:1,0:0
7,0,3000,0,0,Gal,d18:1,0:0
7.2,0,3000,0,0,Gal,d18:1,0:0
7.4,0,3000,0,0,Gal,d18:1,0:0
7.6,0,3000,0,0,Gal,d18:1,0:0
7.8,0,3000,0,0,Gal,d18:1,0:0
8,0,3000,0,0,Gal,d18:1,0:0
8.2,0,3000,0,0,Gal,d18:1,0:0
8.4,0,3000,0,0,Gal,d18:1,0:0
8.6,0,3000,0,0,Gal,d18:1,0:0
8.8,0,3000,0,0,Gal,d18:1,0:0
9,0,3000,0,0,Gal,d18:1,0:0
9.2,0,3000,0,0,Gal,d18:1,0:0
9.4,0,3000,0,0,Gal,d18:1,0:0
9.6,0,3000,0,0,Gal,d18:1,0:0
9.8,0,3000,0,0,Gal,d18:1,0:0
10,0,3000,0,0,Gal,d18:1,0:0
-10,0,3100,0,0,Gal,d18:1,0:0
-9.8,0,3100,0,0,Gal,d18:1,0:0
-9.6,0,3100,0,0,Gal,d18:1,0:0
-9.4,80,3100,0,0,Gal,d18:1,0:0
-9.2,40,3100,0,0,Gal,d18:1,0:0
-9,0,3100,0,0,Gal,d18:1,0:0
-8.8,0,3100,0,0,Gal,d18:1,0:0
-8.6,0,3100,0,0,Gal,d18:1,0:0
-8.4,80,3100,0,0,Gal,d18:1,0:0
-8.2,440,3100,0,0,Gal,d18:1,0:0
-8,1500,3100,0,0,Gal,d18:1,0:0
-7.8,2500,3100,0,0,Gal,d18:1,0:0
-7.6,4480,3100,0,0,Gal,d18:1,0:0
-7.4,4120,3100,0,0,Gal,d18:1,0:0
-7.2,3580,3100,0,0,Gal,d18:1,0:0
-7,1060,3100,0,0,Gal,d18:1,0:0
-6.8,160,3100,0,0,Gal,d18:1,0:0
-6.6,80,3100,0,0,Gal,d18:1,0:0
-6.4,40,3100,0,0,Gal,d18:1,0:0
-6.2,40,3100,0,0,Gal,d18:1,0:0
-6,20,3100,0,0,Gal,d18:1,0:0
-5.8,0,3100,0,0,Gal,d18:1,0:0
-5.6,0,3100,0,0,Gal,d18:1,0:0
-5.4,0,3100,0,0,Gal,d18:1,0:0
-5.2,0,3100,0,0,Gal,d18:1,0:0
-5,0,3100,0,0,Gal,d18:1,0:0
-4.8,0,3100,0,0,Gal,d18:1,0:0
-4.6,0,3100,0,0,Gal,d18:1,0:0
-4.4,0,3100,0,0,Gal,d18:1,0:0
-4.2,0,3100,0,0,Gal,d18:1,0:0
-4,0,3100,0,0,Gal,d18:1,0:0
-3.8,0,3100,0,0,Gal,d18:1,0:0
-3.6,0,3100,0,0,Gal,d18:1,0:0
-3.4,0,3100,0,0,Gal,d18:1,0:0
-3.2,0,3100,0,0,Gal,d18:1,0:0
-3,0,3100,0,0,Gal,d18:1,0:0
-2.8,0,3100,0,0,Gal,d18:1,0:0
-2.6,0,3100,0,0,Gal,d18:1,0:0
-2.4,0,3100,0,0,Gal,d18:1,0:0
-2.2,0,3100,0,0,Gal,d18:1,0:0
-2,0,3100,0,0,Gal,d18:1,0:0
-1.8,0,3100,0,0,Gal,d18:1,0:0
-1.6,0,3100,0,0,Gal,d18:1,0:0
-1.4,0,3100,0,0,Gal,d18:1,0:0
-1.2,0,3100,0,0,Gal,d18:1,0:0
-1,0,3100,0,0,Gal,d18:1,0:0
-0.8,0,3100,0,0,Gal,d18:1,0:0
-0.6,0,3100,0,0,Gal,d18:1,0:0
-0.4,0,3100,0,0,Gal,d18:1,0:0
-0.2,0,3100,0,0,Gal,d18:1,0:0
0,0,3100,0,0,Gal,d18:1,0:0
0.2,0,3100,0,0,Gal,d18:1,0:0
0.4,0,3100,0,0,Gal,d18:1,0:0
0.6,0,3100,0,0,Gal,d18:1,0:0
0.8,0,3100,0,0,Gal,d18:1,0:0
1,0,3100,0,0,Gal,d18:1,0:0
1.2,0,3100,0,0,Gal,d18:1,0:0
1.4,0,3100,0,0,Gal,d18:1,0:0
1.6,0,3100,0,0,Gal,d18:1,0:0
1.8,0,3100,0,0,Gal,d18:1,0:0
2,0,3100,0,0,Gal,d18:1,0:0
2.2,0,3100,0,0,Gal,d18:1,0:0
2.4,0,3100,0,0,Gal,d18:1,0:0
2.6,0,3100,0,0,Gal,d18:1,0:0
2.8,0,3100,0,0,Gal,d18:1,0:0
3,0,3100,0,0,Gal,d18:1,0:0
3.2,0,3100,0,0,Gal,d18:1,0:0
3.4,0,3100,0,0,Gal,d18:1,0:0
3.6,0,3100,0,0,Gal,d18:1,0:0
3.8,0,3100,0,0,Gal,d18:1,0:0
4,0,3100,0,0,Gal,d18:1,0:0
4.2,0,3100,0,0,Gal,d18:1,0:0
4.4,0,3100,0,0,Gal,d18:1,0:0
4.6,0,3100,0,0,Gal,d18:1,0:0
4.8,0,3100,0,0,Gal,d18:1,0:0
5,0,3100,0,0,Gal,d18:1,0:0
5.2,0,3100,0,0,Gal,d18:1,0:0
5.4,0,3100,0,0,Gal,d18:1,0:0
5.6,0,3100,0,0,Gal,d18:1,0:0
5.8,0,3100,0,0,Gal,d18:1,0:0
6,0,3100,0,0,Gal,d18:1,0:0
6.2,0,3100,0,0,Gal,d18:1,0:0
6.4,0,3100,0,0,Gal,d18:1,0:0
6.6,0,3100,0,0,Gal,d18:1,0:0
6.8,0,3100,0,0,Gal,d18:1,0:0
7,0,3100,0,0,Gal,d18:1,0:0
7.2,0,3100,0,0,Gal,d18:1,0:0
7.4,0,3100,0,0,Gal,d18:1,0:0
7.6,0,3100,0,0,Gal,d18:1,0:0
7.8,0,3100,0,0,Gal,d18:1,0:0
8,0,3100,0,0,Gal,d18:1,0:0
8.2,0,3100,0,0,Gal,d18:1,0:0
8.4,0,3100,0,0,Gal,d18:1,0:0
8.6,0,3100,0,0,Gal,d18:1,0:0
8.8,0,3100,0,0,Gal,d18:1,0:0
9,0,3100,0,0,Gal,d18:1,0:0
9.2,0,3100,0,0,Gal,d18:1,0:0
9.4,0,3100,0,0,Gal,d18:1,0:0
9.6,0,3100,0,0,Gal,d18:1,0:0
9.8,0,3100,0,0,Gal,d18:1,0:0
10,0,3100,0,0,Gal,d18:1,0:0
-10,0,3200,0,0,Gal,d18:1,0:0
-9.8,0,3200,0,0,Gal,d18:1,0:0
-9.6,0,3200,0,0,Gal,d18:1,0:0
-9.4,0,3200,0,0,Gal,d18:1,0:0
-9.2,0,3200,0,0,Gal,d18:1,0:0
-9,40,3200,0,0,Gal,d18:1,0:0
-8.8,100,3200,0,0,Gal,d18:1,0:0
-8.6,680,3200,0,0,Gal,d18:1,0:0
-8.4,2120,3200,0,0,Gal,d18:1,0:0
-8.2,4480,3200,0,0,Gal,d18:1,0:0
-8,5000,3200,0,0,Gal,d18:1,0:0
-7.8,3360,3200,0,0,Gal,d18:1,0:0
-7.6,2960,3200,0,0,Gal,d18:1,0:0
-7.4,1280,3200,0,0,Gal,d18:1,0:0
-7.2,620,3200,0,0,Gal,d18:1,0:0
-7,120,3200,0,0,Gal,d18:1,0:0
-6.8,40,3200,0,0,Gal,d18:1,0:0
-6.6,20,3200,0,0,Gal,d18:1,0:0
-6.4,0,3200,0,0,Gal,d18:1,0:0
-6.2,0,3200,0,0,Gal,d18:1,0:0
-6,0,3200,0,0,Gal,d18:1,0:0
-5.8,0,3200,0,0,Gal,d18:1,0:0
-5.6,0,3200,0,0,Gal,d18:1,0:0
-5.4,0,3200,0,0,Gal,d18:1,0:0
-5.2,0,3200,0,0,Gal,d18:1,0:0
-5,0,3200,0,0,Gal,d18:1,0:0
-4.8,0,3200,0,0,Gal,d18:1,0:0
-4.6,0,3200,0,0,Gal,d18:1,0:0
-4.4,0,3200,0,0,Gal,d18:1,0:0
-4.2,0,3200,0,0,Gal,d18:1,0:0
-4,0,3200,0,0,Gal,d18:1,0:0
-3.8,0,3200,0,0,Gal,d18:1,0:0
-3.6,0,3200,0,0,Gal,d18:1,0:0
-3.4,0,3200,0,0,Gal,d18:1,0:0
-3.2,0,3200,0,0,Gal,d18:1,0:0
-3,0,3200,0,0,Gal,d18:1,0:0
-2.8,0,3200,0,0,Gal,d18:1,0:0
-2.6,0,3200,0,0,Gal,d18:1,0:0
-2.4,0,3200,0,0,Gal,d18:1,0:0
-2.2,0,3200,0,0,Gal,d18:1,0:0
-2,0,3200,0,0,Gal,d18:1,0:0
-1.8,0,3200,0,0,Gal,d18:1,0:0
-1.6,0,3200,0,0,Gal,d18:1,0:0
-1.4,0,3200,0,0,Gal,d18:1,0:0
-1.2,0,3200,0,0,Gal,d18:1,0:0
-1,60,3200,0,0,Gal,d18:1,0:0
-0.8,0,3200,0,0,Gal,d18:1,0:0
-0.6,0,3200,0,0,Gal,d18:1,0:0
-0.4,0,3200,0,0,Gal,d18:1,0:0
-0.2,0,3200,0,0,Gal,d18:1,0:0
0,0,3200,0,0,Gal,d18:1,0:0
0.2,0,3200,0,0,Gal,d18:1,0:0
0.4,0,3200,0,0,Gal,d18:1,0:0
0.6,0,3200,0,0,Gal,d18:1,0:0
0.8,0,3200,0,0,Gal,d18:1,0:0
1,0,3200,0,0,Gal,d18:1,0:0
1.2,0,3200,0,0,Gal,d18:1,0:0
1.4,0,3200,0,0,Gal,d18:1,0:0
1.6,0,3200,0,0,Gal,d18:1,0:0
1.8,0,3200,0,0,Gal,d18:1,0:0
2,0,3200,0,0,Gal,d18:1,0:0
2.2,0,3200,0,0,Gal,d18:1,0:0
2.4,0,3200,0,0,Gal,d18:1,0:0
2.6,0,3200,0,0,Gal,d18:1,0:0
2.8,0,3200,0,0,Gal,d18:1,0:0
3,0,3200,0,0,Gal,d18:1,0:0
3.2,0,3200,0,0,Gal,d18:1,0:0
3.4,0,3200,0,0,Gal,d18:1,0:0
3.6,0,3200,0,0,Gal,d18:1,0:0
3.8,0,3200,0,0,Gal,d18:1,0:0
4,0,3200,0,0,Gal,d18:1,0:0
4.2,0,3200,0,0,Gal,d18:1,0:0
4.4,0,3200,0,0,Gal,d18:1,0:0
4.6,0,3200,0,0,Gal,d18:1,0:0
4.8,0,3200,0,0,Gal,d18:1,0:0
5,0,3200,0,0,Gal,d18:1,0:0
5.2,0,3200,0,0,Gal,d18:1,0:0
5.4,0,3200,0,0,Gal,d18:1,0:0
5.6,0,3200,0,0,Gal,d18:1,0:0
5.8,0,3200,0,0,Gal,d18:1,0:0
6,0,3200,0,0,Gal,d18:1,0:0
6.2,0,3200,0,0,Gal,d18:1,0:0
6.4,0,3200,0,0,Gal,d18:1,0:0
6.6,0,3200,0,0,Gal,d18:1,0:0
6.8,0,3200,0,0,Gal,d18:1,0:0
7,0,3200,0,0,Gal,d18:1,0:0
7.2,0,3200,0,0,Gal,d18:1,0:0
7.4,0,3200,0,0,Gal,d18:1,0:0
7.6,0,3200,0,0,Gal,d18:1,0:0
7.8,0,3200,0,0,Gal,d18:1,0:0
8,0,3200,0,0,Gal,d18:1,0:0
8.2,0,3200,0,0,Gal,d18:1,0:0
8.4,0,3200,0,0,Gal,d18:1,0:0
8.6,0,3200,0,0,Gal,d18:1,0:0
8.8,0,3200,0,0,Gal,d18:1,0:0
9,0,3200,0,0,Gal,d18:1,0:0
9.2,0,3200,0,0,Gal,d18:1,0:0
9.4,0,3200,0,0,Gal,d18:1,0:0
9.6,0,3200,0,0,Gal,d18:1,0:0
9.8,0,3200,0,0,Gal,d18:1,0:0
10,0,3200,0,0,Gal,d18:1,0:0
-10,0,3300,0,0,Gal,d18:1,0:0
-9.8,0,3300,0,0,Gal,d18:1,0:0
-9.6,0,3300,0,0,Gal,d18:1,0:0
-9.4,0,3300,0,0,Gal,d18:1,0:0
-9.2,20,3300,0,0,Gal,d18:1,0:0
-9,140,3300,0,0,Gal,d18:1,0:0
-8.8,920,3300,0,0,Gal,d18:1,0:0
-8.6,1840,3300,0,0,Gal,d18:1,0:0
-8.4,3680,3300,0,0,Gal,d18:1,0:0
-8.2,4380,3300,0,0,Gal,d18:1,0:0
-8,3560,3300,0,0,Gal,d18:1,0:0
-7.8,3280,3300,0,0,Gal,d18:1,0:0
-7.6,1280,3300,0,0,Gal,d18:1,0:0
-7.4,380,3300,0,0,Gal,d18:1,0:0
-7.2,0,3300,0,0,Gal,d18:1,0:0
-7,0,3300,0,0,Gal,d18:1,0:0
-6.8,0,3300,0,0,Gal,d18:1,0:0
-6.6,0,3300,0,0,Gal,d18:1,0:0
-6.4,0,3300,0,0,Gal,d18:1,0:0
-6.2,0,3300,0,0,Gal,d18:1,0:0
-6,0,3300,0,0,Gal,d18:1,0:0
-5.8,0,3300,0,0,Gal,d18:1,0:0
-5.6,0,3300,0,0,Gal,d18:1,0:0
-5.4,0,3300,0,0,Gal,d18:1,0:0
-5.2,0,3300,0,0,Gal,d18:1,0:0
-5,0,3300,0,0,Gal,d18:1,0:0
-4.8,0,3300,0,0,Gal,d18:1,0:0
-4.6,0,3300,0,0,Gal,d18:1,0:0
-4.4,0,3300,0,0,Gal,d18:1,0:0
-4.2,0,3300,0,0,Gal,d18:1,0:0
-4,0,3300,0,0,Gal,d18:1,0:0
-3.8,0,3300,0,0,Gal,d18:1,0:0
-3.6,0,3300,0,0,Gal,d18:1,0:0
-3.4,0,3300,0,0,Gal,d18:1,0:0
-3.2,0,3300,0,0,Gal,d18:1,0:0
-3,0,3300,0,0,Gal,d18:1,0:0
-2.8,0,3300,0,0,Gal,d18:1,0:0
-2.6,0,3300,0,0,Gal,d18:1,0:0
-2.4,0,3300,0,0,Gal,d18:1,0:0
-2.2,0,3300,0,0,Gal,d18:1,0:0
-2,0,3300,0,0,Gal,d18:1,0:0
-1.8,0,3300,0,0,Gal,d18:1,0:0
-1.6,0,3300,0,0,Gal,d18:1,0:0
-1.4,0,3300,0,0,Gal,d18:1,0:0
-1.2,0,3300,0,0,Gal,d18:1,0:0
-1,0,3300,0,0,Gal,d18:1,0:0
-0.8,0,3300,0,0,Gal,d18:1,0:0
-0.6,0,3300,0,0,Gal,d18:1,0:0
-0.4,0,3300,0,0,Gal,d18:1,0:0
-0.2,0,3300,0,0,Gal,d18:1,0:0
0,0,3300,0,0,Gal,d18:1,0:0
0.2,0,3300,0,0,Gal,d18:1,0:0
0.4,0,3300,0,0,Gal,d18:1,0:0
0.6,0,3300,0,0,Gal,d18:1,0:0
0.8,0,3300,0,0,Gal,d18:1,0:0
1,0,3300,0,0,Gal,d18:1,0:0
1.2,0,3300,0,0,Gal,d18:1,0:0
1.4,0,3300,0,0,Gal,d18:1,0:0
1.6,0,3300,0,0,Gal,d18:1,0:0
1.8,0,3300,0,0,Gal,d18:1,0:0
2,0,3300,0,0,Gal,d18:1,0:0
2.2,0,3300,0,0,Gal,d18:1,0:0
2.4,0,3300,0,0,Gal,d18:1,0:0
2.6,0,3300,0,0,Gal,d18:1,0:0
2.8,0,3300,0,0,Gal,d18:1,0:0
3,0,3300,0,0,Gal,d18:1,0:0
3.2,0,3300,0,0,Gal,d18:1,0:0
3.4,0,3300,0,0,Gal,d18:1,0:0
3.6,0,3300,0,0,Gal,d18:1,0:0
3.8,0,3300,0,0,Gal,d18:1,0:0
4,0,3300,0,0,Gal,d18:1,0:0
4.2,0,3300,0,0,Gal,d18:1,0:0
4.4,0,3300,0,0,Gal,d18:1,0:0
4.6,0,3300,0,0,Gal,d18:1,0:0
4.8,0,3300,0,0,Gal,d18:1,0:0
5,0,3300,0,0,Gal,d18:1,0:0
5.2,0,3300,0,0,Gal,d18:1,0:0
5.4,0,3300,0,0,Gal,d18:1,0:0
5.6,0,3300,0,0,Gal,d18:1,0:0
5.8,0,3300,0,0,Gal,d18:1,0:0
6,0,3300,0,0,Gal,d18:1,0:0
6.2,0,3300,0,0,Gal,d18:1,0:0
6.4,0,3300,0,0,Gal,d18:1,0:0
6.6,0,3300,0,0,Gal,d18:1,0:0
6.8,0,3300,0,0,Gal,d18:1,0:0
7,0,3300,0,0,Gal,d18:1,0:0
7.2,0,3300,0,0,Gal,d18:1,0:0
7.4,0,3300,0,0,Gal,d18:1,0:0
7.6,0,3300,0,0,Gal,d18:1,0:0
7.8,0,3300,0,0,Gal,d18:1,0:0
8,0,3300,0,0,Gal,d18:1,0:0
8.2,0,3300,0,0,Gal,d18:1,0:0
8.4,0,3300,0,0,Gal,d18:1,0:0
8.6,0,3300,0,0,Gal,d18:1,0:0
8.8,0,3300,0,0,Gal,d18:1,0:0
9,0,3300,0,0,Gal,d18:1,0:0
9.2,0,3300,0,0,Gal,d18:1,0:0
9.4,0,3300,0,0,Gal,d18:1,0:0
9.6,0,3300,0,0,Gal,d18:1,0:0
9.8,0,3300,0,0,Gal,d18:1,0:0
10,0,3300,0,0,Gal,d18:1,0:0
-10,0,3400,0,0,Gal,d18:1,0:0
-9.8,80,3400,0,0,Gal,d18:1,0:0
-9.6,620,3400,0,0,Gal,d18:1,0:0
-9.4,920,3400,0,0,Gal,d18:1,0:0
-9.2,2680,3400,0,0,Gal,d18:1,0:0
-9,3400,3400,0,0,Gal,d18:1,0:0
-8.8,3640,3400,0,0,Gal,d18:1,0:0
-8.6,1640,3400,0,0,Gal,d18:1,0:0
-8.4,660,3400,0,0,Gal,d18:1,0:0
-8.2,60,3400,0,0,Gal,d18:1,0:0
-8,0,3400,0,0,Gal,d18:1,0:0
-7.8,0,3400,0,0,Gal,d18:1,0:0
-7.6,0,3400,0,0,Gal,d18:1,0:0
-7.4,0,3400,0,0,Gal,d18:1,0:0
-7.2,0,3400,0,0,Gal,d18:1,0:0
-7,0,3400,0,0,Gal,d18:1,0:0
-6.8,0,3400,0,0,Gal,d18:1,0:0
-6.6,0,3400,0,0,Gal,d18:1,0:0
-6.4,0,3400,0,0,Gal,d18:1,0:0
-6.2,0,3400,0,0,Gal,d18:1,0:0
-6,0,3400,0,0,Gal,d18:1,0:0
-5.8,0,3400,0,0,Gal,d18:1,0:0
-5.6,0,3400,0,0,Gal,d18:1,0:0
-5.4,0,3400,0,0,Gal,d18:1,0:0
-5.2,0,3400,0,0,Gal,d18:1,0:0
-5,0,3400,0,0,Gal,d18:1,0:0
-4.8,0,3400,0,0,Gal,d18:1,0:0
-4.6,0,3400,0,0,Gal,d18:1,0:0
-4.4,0,3400,0,0,Gal,d18:1,0:0
-4.2,0,3400,0,0,Gal,d18:1,0:0
-4,0,3400,0,0,Gal,d18:1,0:0
-3.8,0,3400,0,0,Gal,d18:1,0:0
-3.6,0,3400,0,0,Gal,d18:1,0:0
-3.4,0,3400,0,0,Gal,d18:1,0:0
-3.2,0,3400,0,0,Gal,d18:1,0:0
-3,0,3400,0,0,Gal,d18:1,0:0
-2.8,0,3400,0,0,Gal,d18:1,0:0
-2.6,0,3400,0,0,Gal,d18:1,0:0
-2.4,0,3400,0,0,Gal,d18:1,0:0
-2.2,0,3400,0,0,Gal,d18:1,0:0
-2,0,3400,0,0,Gal,d18:1,0:0
-1.8,0,3400,0,0,Gal,d18:1,0:0
-1.6,0,3400,0,0,Gal,d18:1,0:0
-1.4,0,3400,0,0,Gal,d18:1,0:0
-1.2,0,3400,0,0,Gal,d18:1,0:0
-1,20,3400,0,0,Gal,d18:1,0:0
-0.8,0,3400,0,0,Gal,d18:1,0:0
-0.6,0,3400,0,0,Gal,d18:1,0:0
-0.4,0,3400,0,0,Gal,d18:1,0:0
-0.2,0,3400,0,0,Gal,d18:1,0:0
0,0,3400,0,0,Gal,d18:1,0:0
0.2,40,3400,0,0,Gal,d18:1,0:0
0.4,0,3400,0,0,Gal,d18:1,0:0
0.6,0,3400,0,0,Gal,d18:1,0:0
0.8,0,3400,0,0,Gal,d18:1,0:0
1,0,3400,0,0,Gal,d18:1,0:0
1.2,0,3400,0,0,Gal,d18:1,0:0
1.4,0,3400,0,0,Gal,d18:1,0:0
1.6,0,3400,0,0,Gal,d18:1,0:0
1.8,0,3400,0,0,Gal,d18:1,0:0
2,0,3400,0,0,Gal,d18:1,0:0
2.2,0,3400,0,0,Gal,d18:1,0:0
2.4,0,3400,0,0,Gal,d18:1,0:0
2.6,0,3400,0,0,Gal,d18:1,0:0
2.8,0,3400,0,0,Gal,d18:1,0:0
3,0,3400,0,0,Gal,d18:1,0:0
3.2,0,3400,0,0,Gal,d18:1,0:0
3.4,0,3400,0,0,Gal,d18:1,0:0
3.6,0,3400,0,0,Gal,d18:1,0:0
3.8,0,3400,0,0,Gal,d18:1,0:0
4,0,3400,0,0,Gal,d18:1,0:0
4.2,0,3400,0,0,Gal,d18:1,0:0
4.4,0,3400,0,0,Gal,d18:1,0:0
4.6,0,3400,0,0,Gal,d18:1,0:0
4.8,0,3400,0,0,Gal,d18:1,0:0
5,0,3400,0,0,Gal,d18:1,0:0
5.2,0,3400,0,0,Gal,d18:1,0:0
5.4,0,3400,0,0,Gal,d18:1,0:0
5.6,0,3400,0,0,Gal,d18:1,0:0
5.8,0,3400,0,0,Gal,d18:1,0:0
6,0,3400,0,0,Gal,d18:1,0:0
6.2,0,3400,0,0,Gal,d18:1,0:0
6.4,0,3400,0,0,Gal,d18:1,0:0
6.6,0,3400,0,0,Gal,d18:1,0:0
6.8,0,3400,0,0,Gal,d18:1,0:0
7,0,3400,0,0,Gal,d18:1,0:0
7.2,0,3400,0,0,Gal,d18:1,0:0
7.4,0,3400,0,0,Gal,d18:1,0:0
7.6,0,3400,0,0,Gal,d18:1,0:0
7.8,0,3400,0,0,Gal,d18:1,0:0
8,0,3400,0,0,Gal,d18:1,0:0
8.2,0,3400,0,0,Gal,d18:1,0:0
8.4,0,3400,0,0,Gal,d18:1,0:0
8.6,0,3400,0,0,Gal,d18:1,0:0
8.8,0,3400,0,0,Gal,d18:1,0:0
9,0,3400,0,0,Gal,d18:1,0:0
9.2,0,3400,0,0,Gal,d18:1,0:0
9.4,0,3400,0,0,Gal,d18:1,0:0
9.6,0,3400,0,0,Gal,d18:1,0:0
9.8,0,3400,0,0,Gal,d18:1,0:0
10,0,3400,0,0,Gal,d18:1,0:0
-10,100,3500,0,0,Gal,d18:1,0:0
-9.8,440,3500,0,0,Gal,d18:1,0:0
-9.6,1120,3500,0,0,Gal,d18:1,0:0
-9.4,2680,3500,0,0,Gal,d18:1,0:0
-9.2,3760,3500,0,0,Gal,d18:1,0:0
-9,2800,3500,0,0,Gal,d18:1,0:0
-8.8,2380,3500,0,0,Gal,d18:1,0:0
-8.6,1820,3500,0,0,Gal,d18:1,0:0
-8.4,940,3500,0,0,Gal,d18:1,0:0
-8.2,360,3500,0,0,Gal,d18:1,0:0
-8,100,3500,0,0,Gal,d18:1,0:0
-7.8,0,3500,0,0,Gal,d18:1,0:0
-7.6,0,3500,0,0,Gal,d18:1,0:0
-7.4,0,3500,0,0,Gal,d18:1,0:0
-7.2,0,3500,0,0,Gal,d18:1,0:0
-7,0,3500,0,0,Gal,d18:1,0:0
-6.8,0,3500,0,0,Gal,d18:1,0:0
-6.6,0,3500,0,0,Gal,d18:1,0:0
-6.4,0,3500,0,0,Gal,d18:1,0:0
-6.2,0,3500,0,0,Gal,d18:1,0:0
-6,0,3500,0,0,Gal,d18:1,0:0
-5.8,0,3500,0,0,Gal,d18:1,0:0
-5.6,0,3500,0,0,Gal,d18:1,0:0
-5.4,0,3500,0,0,Gal,d18:1,0:0
-5.2,0,3500,0,0,Gal,d18:1,0:0
-5,0,3500,0,0,Gal,d18:1,0:0
-4.8,0,3500,0,0,Gal,d18:1,0:0
-4.6,0,3500,0,0,Gal,d18:1,0:0
-4.4,0,3500,0,0,Gal,d18:1,0:0
-4.2,0,3500,0,0,Gal,d18:1,0:0
-4,0,3500,0,0,Gal,d18:1,0:0
-3.8,0,3500,0,0,Gal,d18:1,0:0
-3.6,0,3500,0,0,Gal,d18:1,0:0
-3.4,0,3500,0,0,Gal,d18:1,0:0
-3.2,0,3500,0,0,Gal,d18:1,0:0
-3,0,3500,0,0,Gal,d18:1,0:0
-2.8,0,3500,0,0,Gal,d18:1,0:0
-2.6,0,3500,0,0,Gal,d18:1,0:0
-2.4,0,3500,0,0,Gal,d18:1,0:0
-2.2,0,3500,0,0,Gal,d18:1,0:0
-2,0,3500,0,0,Gal,d18:1,0:0
-1.8,0,3500,0,0,Gal,d18:1,0:0
-1.6,0,3500,0,0,Gal,d18:1,0:0
-1.4,0,3500,0,0,Gal,d18:1,0:0
-1.2,0,3500,0,0,Gal,d18:1,0:0
-1,0,3500,0,0,Gal,d18:1,0:0
-0.8,0,3500,0,0,Gal,d18:1,0:0
-0.6,0,3500,0,0,Gal,d18:1,0:0
-0.4,0,3500,0,0,Gal,d18:1,0:0
-0.2,0,3500,0,0,Gal,d18:1,0:0
0,0,3500,0,0,Gal,d18:1,0:0
0.2,0,3500,0,0,Gal,d18:1,0:0
0.4,0,3500,0,0,Gal,d18:1,0:0
0.6,0,3500,0,0,Gal,d18:1,0:0
0.8,0,3500,0,0,Gal,d18:1,0:0
1,0,3500,0,0,Gal,d18:1,0:0
1.2,0,3500,0,0,Gal,d18:1,0:0
1.4,0,3500,0,0,Gal,d18:1,0:0
1.6,60,3500,0,0,Gal,d18:1,0:0
1.8,0,3500,0,0,Gal,d18:1,0:0
2,0,3500,0,0,Gal,d18:1,0:0
2.2,0,3500,0,0,Gal,d18:1,0:0
2.4,0,3500,0,0,Gal,d18:1,0:0
2.6,0,3500,0,0,Gal,d18:1,0:0
2.8,0,3500,0,0,Gal,d18:1,0:0
3,0,3500,0,0,Gal,d18:1,0:0
3.2,0,3500,0,0,Gal,d18:1,0:0
3.4,0,3500,0,0,Gal,d18:1,0:0
3.6,0,3500,0,0,Gal,d18:1,0:0
3.8,0,3500,0,0,Gal,d18:1,0:0
4,0,3500,0,0,Gal,d18:1,0:0
4.2,0,3500,0,0,Gal,d18:1,0:0
4.4,0,3500,0,0,Gal,d18:1,0:0
4.6,0,3500,0,0,Gal,d18:1,0:0
4.8,0,3500,0,0,Gal,d18:1,0:0
5,0,3500,0,0,Gal,d18:1,0:0
5.2,0,3500,0,0,Gal,d18:1,0:0
5.4,0,3500,0,0,Gal,d18:1,0:0
5.6,0,3500,0,0,Gal,d18:1,0:0
5.8,0,3500,0,0,Gal,d18:1,0:0
6,0,3500,0,0,Gal,d18:1,0:0
6.2,0,3500,0,0,Gal,d18:1,0:0
6.4,0,3500,0,0,Gal,d18:1,0:0
6.6,0,3500,0,0,Gal,d18:1,0:0
6.8,0,3500,0,0,Gal,d18:1,0:0
7,0,3500,0,0,Gal,d18:1,0:0
7.2,0,3500,0,0,Gal,d18:1,0:0
7.4,0,3500,0,0,Gal,d18:1,0:0
7.6,0,3500,0,0,Gal,d18:1,0:0
7.8,0,3500,0,0,Gal,d18:1,0:0
8,0,3500,0,0,Gal,d18:1,0:0
8.2,0,3500,0,0,Gal,d18:1,0:0
8.4,0,3500,0,0,Gal,d18:1,0:0
8.6,0,3500,0,0,Gal,d18:1,0:0
8.8,0,3500,0,0,Gal,d18:1,0:0
9,0,3500,0,0,Gal,d18:1,0:0
9.2,0,3500,0,0,Gal,d18:1,0:0
9.4,0,3500,0,0,Gal,d18:1,0:0
9.6,0,3500,0,0,Gal,d18:1,0:0
9.8,0,3500,0,0,Gal,d18:1,0:0
10,0,3500,0,0,Gal,d18:1,0:0
-10,1580,3600,0,0,Gal,d18:1,0:0
-9.8,2880,3600,0,0,Gal,d18:1,0:0
-9.6,2640,3600,0,0,Gal,d18:1,0:0
-9.4,2600,3600,0,0,Gal,d18:1,0:0
-9.2,1520,3600,0,0,Gal,d18:1,0:0
-9,560,3600,0,0,Gal,d18:1,0:0
-8.8,60,3600,0,0,Gal,d18:1,0:0
-8.6,0,3600,0,0,Gal,d18:1,0:0
-8.4,0,3600,0,0,Gal,d18:1,0:0
-8.2,0,3600,0,0,Gal,d18:1,0:0
-8,0,3600,0,0,Gal,d18:1,0:0
-7.8,0,3600,0,0,Gal,d18:1,0:0
-7.6,0,3600,0,0,Gal,d18:1,0:0
-7.4,0,3600,0,0,Gal,d18:1,0:0
-7.2,0,3600,0,0,Gal,d18:1,0:0
-7,0,3600,0,0,Gal,d18:1,0:0
-6.8,0,3600,0,0,Gal,d18:1,0:0
-6.6,0,3600,0,0,Gal,d18:1,0:0
-6.4,0,3600,0,0,Gal,d18:1,0:0
-6.2,0,3600,0,0,Gal,d18:1,0:0
-6,0,3600,0,0,Gal,d18:1,0:0
-5.8,0,3600,0,0,Gal,d18:1,0:0
-5.6,0,3600,0,0,Gal,d18:1,0:0
-5.4,0,3600,0,0,Gal,d18:1,0:0
-5.2,0,3600,0,0,Gal,d18:1,0:0
-5,0,3600,0,0,Gal,d18:1,0:0
-4.8,0,3600,0,0,Gal,d18:1,0:0
-4.6,0,3600,0,0,Gal,d18:1,0:0
-4.4,0,3600,0,0,Gal,d18:1,0:0
-4.2,0,3600,0,0,Gal,d18:1,0:0
-4,0,3600,0,0,Gal,d18:1,0:0
-3.8,0,3600,0,0,Gal,d18:1,0:0
-3.6,20,3600,0,0,Gal,d18:1,0:0
-3.4,0,3600,0,0,Gal,d18:1,0:0
-3.2,0,3600,0,0,Gal,d18:1,0:0
-3,0,3600,0,0,Gal,d18:1,0:0
-2.8,0,3600,0,0,Gal,d18:1,0:0
-2.6,0,3600,0,0,Gal,d18:1,0:0
-2.4,0,3600,0,0,Gal,d18:1,0:0
-2.2,0,3600,0,0,Gal,d18:1,0:0
-2,0,3600,0,0,Gal,d18:1,0:0
-1.8,0,3600,0,0,Gal,d18:1,0:0
-1.6,0,3600,0,0,Gal,d18:1,0:0
-1.4,40,3600,0,0,Gal,d18:1,0:0
-1.2,0,3600,0,0,Gal,d18:1,0:0
-1,0,3600,0,0,Gal,d18:1,0:0
-0.8,0,3600,0,0,Gal,d18:1,0:0
-0.6,0,3600,0,0,Gal,d18:1,0:0
-0.4,0,3600,0,0,Gal,d18:1,0:0
-0.2,0,3600,0,0,Gal,d18:1,0:0
0,0,3600,0,0,Gal,d18:1,0:0
0.2,0,3600,0,0,Gal,d18:1,0:0
0.4,0,3600,0,0,Gal,d18:1,0:0
0.6,0,3600,0,0,Gal,d18:1,0:0
0.8,0,3600,0,0,Gal,d18:1,0:0
1,0,3600,0,0,Gal,d18:1,0:0
1.2,0,3600,0,0,Gal,d18:1,0:0
1.4,0,3600,0,0,Gal,d18:1,0:0
1.6,0,3600,0,0,Gal,d18:1,0:0
1.8,0,3600,0,0,Gal,d18:1,0:0
2,0,3600,0,0,Gal,d18:1,0:0
2.2,0,3600,0,0,Gal,d18:1,0:0
2.4,0,3600,0,0,Gal,d18:1,0:0
2.6,0,3600,0,0,Gal,d18:1,0:0
2.8,0,3600,0,0,Gal,d18:1,0:0
3,0,3600,0,0,Gal,d18:1,0:0
3.2,0,3600,0,0,Gal,d18:1,0:0
3.4,0,3600,0,0,Gal,d18:1,0:0
3.6,0,3600,0,0,Gal,d18:1,0:0
3.8,0,3600,0,0,Gal,d18:1,0:0
4,0,3600,0,0,Gal,d18:1,0:0
4.2,0,3600,0,0,Gal,d18:1,0:0
4.4,0,3600,0,0,Gal,d18:1,0:0
4.6,0,3600,0,0,Gal,d18:1,0:0
4.8,0,3600,0,0,Gal,d18:1,0:0
5,0,3600,0,0,Gal,d18:1,0:0
5.2,0,3600,0,0,Gal,d18:1,0:0
5.4,0,3600,0,0,Gal,d18:1,0:0
5.6,0,3600,0,0,Gal,d18:1,0:0
5.8,0,3600,0,0,Gal,d18:1,0:0
6,0,3600,0,0,Gal,d18:1,0:0
6.2,0,3600,0,0,Gal,d18:1,0:0
6.4,0,3600,0,0,Gal,d18:1,0:0
6.6,0,3600,0,0,Gal,d18:1,0:0
6.8,0,3600,0,0,Gal,d18:1,0:0
7,0,3600,0,0,Gal,d18:1,0:0
7.2,0,3600,0,0,Gal,d18:1,0:0
7.4,0,3600,0,0,Gal,d18:1,0:0
7.6,0,3600,0,0,Gal,d18:1,0:0
7.8,0,3600,0,0,Gal,d18:1,0:0
8,0,3600,0,0,Gal,d18:1,0:0
8.2,0,3600,0,0,Gal,d18:1,0:0
8.4,0,3600,0,0,Gal,d18:1,0:0
8.6,0,3600,0,0,Gal,d18:1,0:0
8.8,0,3600,0,0,Gal,d18:1,0:0
9,0,3600,0,0,Gal,d18:1,0:0
9.2,0,3600,0,0,Gal,d18:1,0:0
9.4,0,3600,0,0,Gal,d18:1,0:0
9.6,0,3600,0,0,Gal,d18:1,0:0
9.8,0,3600,0,0,Gal,d18:1,0:0
10,0,3600,0,0,Gal,d18:1,0:0
-10,0,3700,0,0,Gal,d18:1,0:0
-9.8,0,3700,0,0,Gal,d18:1,0:0
-9.6,0,3700,0,0,Gal,d18:1,0:0
-9.4,0,3700,0,0,Gal,d18:1,0:0
-9.2,0,3700,0,0,Gal,d18:1,0:0
-9,0,3700,0,0,Gal,d18:1,0:0
-8.8,0,3700,0,0,Gal,d18:1,0:0
-8.6,0,3700,0,0,Gal,d18:1,0:0
-8.4,0,3700,0,0,Gal,d18:1,0:0
-8.2,0,3700,0,0,Gal,d18:1,0:0
-8,0,3700,0,0,Gal,d18:1,0:0
-7.8,0,3700,0,0,Gal,d18:1,0:0
-7.6,0,3700,0,0,Gal,d18:1,0:0
-7.4,0,3700,0,0,Gal,d18:1,0:0
-7.2,0,3700,0,0,Gal,d18:1,0:0
-7,0,3700,0,0,Gal,d18:1,0:0
-6.8,0,3700,0,0,Gal,d18:1,0:0
-6.6,0,3700,0,0,Gal,d18:1,0:0
-6.4,0,3700,0,0,Gal,d18:1,0:0
-6.2,0,3700,0,0,Gal,d18:1,0:0
-6,0,3700,0,0,Gal,d18:1,0:0
-5.8,0,3700,0,0,Gal,d18:1,0:0
-5.6,0,3700,0,0,Gal,d18:1,0:0
-5.4,0,3700,0,0,Gal,d18:1,0:0
-5.2,0,3700,0,0,Gal,d18:1,0:0
-5,0,3700,0,0,Gal,d18:1,0:0
-4.8,0,3700,0,0,Gal,d18:1,0:0
-4.6,0,3700,0,0,Gal,d18:1,0:0
-4.4,0,3700,0,0,Gal,d18:1,0:0
-4.2,0,3700,0,0,Gal,d18:1,0:0
-4,0,3700,0,0,Gal,d18:1,0:0
-3.8,0,3700,0,0,Gal,d18:1,0:0
-3.6,0,3700,0,0,Gal,d18:1,0:0
-3.4,0,3700,0,0,Gal,d18:1,0:0
-3.2,0,3700,0,0,Gal,d18:1,0:0
-3,0,3700,0,0,Gal,d18:1,0:0
-2.8,0,3700,0,0,Gal,d18:1,0:0
-2.6,0,3700,0,0,Gal,d18:1,0:0
-2.4,0,3700,0,0,Gal,d18:1,0:0
-2.2,0,3700,0,0,Gal,d18:1,0:0
-2,0,3700,0,0,Gal,d18:1,0:0
-1.8,0,3700,0,0,Gal,d18:1,0:0
-1.6,0,3700,0,0,Gal,d18:1,0:0
-1.4,0,3700,0,0,Gal,d18:1,0:0
-1.2,0,3700,0,0,Gal,d18:1,0:0
-1,0,3700,0,0,Gal,d18:1,0:0
-0.8,0,3700,0,0,Gal,d18:1,0:0
-0.6,0,3700,0,0,Gal,d18:1,0:0
-0.4,0,3700,0,0,Gal,d18:1,0:0
-0.2,0,3700,0,0,Gal,d18:1,0:0
0,0,3700,0,0,Gal,d18:1,0:0
0.2,0,3700,0,0,Gal,d18:1,0:0
0.4,0,3700,0,0,Gal,d18:1,0:0
0.6,0,3700,0,0,Gal,d18:1,0:0
0.8,0,3700,0,0,Gal,d18:1,0:0
1,0,3700,0,0,Gal,d18:1,0:0
1.2,0,3700,0,0,Gal,d18:1,0:0
1.4,0,3700,0,0,Gal,d18:1,0:0
1.6,0,3700,0,0,Gal,d18:1,0:0
1.8,0,3700,0,0,Gal,d18:1,0:0
2,0,3700,0,0,Gal,d18:1,0:0
2.2,0,3700,0,0,Gal,d18:1,0:0
2.4,0,3700,0,0,Gal,d18:1,0:0
2.6,0,3700,0,0,Gal,d18:1,0:0
2.8,0,3700,0,0,Gal,d18:1,0:0
3,0,3700,0,0,Gal,d18:1,0:0
3.2,0,3700,0,0,Gal,d18:1,0:0
3.4,0,3700,0,0,Gal,d18:1,0:0
3.6,0,3700,0,0,Gal,d18:1,0:0
3.8,0,3700,0,0,Gal,d18:1,0:0
4,0,3700,0,0,Gal,d18:1,0:0
4.2,0,3700,0,0,Gal,d18:1,0:0
4.4,0,3700,0,0,Gal,d18:1,0:0
4.6,0,3700,0,0,Gal,d18:1,0:0
4.8,0,3700,0,0,Gal,d18:1,0:0
5,0,3700,0,0,Gal,d18:1,0:0
5.2,0,3700,0,0,Gal,d18:1,0:0
5.4,0,3700,0,0,Gal,d18:1,0:0
5.6,0,3700,0,0,Gal,d18:1,0:0
5.8,0,3700,0,0,Gal,d18:1,0:0
6,0,3700,0,0,Gal,d18:1,0:0
6.2,0,3700,0,0,Gal,d18:1,0:0
6.4,0,3700,0,0,Gal,d18:1,0:0
6.6,0,3700,0,0,Gal,d18:1,0:0
6.8,0,3700,0,0,Gal,d18:1,0:0
7,0,3700,0,0,Gal,d18:1,0:0
7.2,0,3700,0,0,Gal,d18:1,0:0
7.4,0,3700,0,0,Gal,d18:1,0:0
7.6,0,3700,0,0,Gal,d18:1,0:0
7.8,0,3700,0,0,Gal,d18:1,0:0
8,0,3700,0,0,Gal,d18:1,0:0
8.2,0,3700,0,0,Gal,d18:1,0:0
8.4,0,3700,0,0,Gal,d18:1,0:0
8.6,0,3700,0,0,Gal,d18:1,0:0
8.8,0,3700,0,0,Gal,d18:1,0:0
9,0,3700,0,0,Gal,d18:1,0:0
9.2,0,3700,0,0,Gal,d18:1,0:0
9.4,0,3700,0,0,Gal,d18:1,0:0
9.6,0,3700,0,0,Gal,d18:1,0:0
9.8,0,3700,0,0,Gal,d18:1,0:0
10,0,3700,0,0,Gal,d18:1,0:0
-10,40,3800,0,0,Gal,d18:1,0:0
-9.8,60,3800,0,0,Gal,d18:1,0:0
-9.6,20,3800,0,0,Gal,d18:1,0:0
-9.4,0,3800,0,0,Gal,d18:1,0:0
-9.2,0,3800,0,0,Gal,d18:1,0:0
-9,0,3800,0,0,Gal,d18:1,0:0
-8.8,0,3800,0,0,Gal,d18:1,0:0
-8.6,0,3800,0,0,Gal,d18:1,0:0
-8.4,0,3800,0,0,Gal,d18:1,0:0
-8.2,0,3800,0,0,Gal,d18:1,0:0
-8,0,3800,0,0,Gal,d18:1,0:0
-7.8,0,3800,0,0,Gal,d18:1,0:0
-7.6,0,3800,0,0,Gal,d18:1,0:0
-7.4,0,3800,0,0,Gal,d18:1,0:0
-7.2,0,3800,0,0,Gal,d18:1,0:0
-7,0,3800,0,0,Gal,d18:1,0:0
-6.8,0,3800,0,0,Gal,d18:1,0:0
-6.6,0,3800,0,0,Gal,d18:1,0:0
-6.4,0,3800,0,0,Gal,d18:1,0:0
-6.2,0,3800,0,0,Gal,d18:1,0:0
-6,0,3800,0,0,Gal,d18:1,0:0
-5.8,0,3800,0,0,Gal,d18:1,0:0
-5.6,0,3800,0,0,Gal,d18:1,0:0
-5.4,0,3800,0,0,Gal,d18:1,0:0
-5.2,0,3800,0,0,Gal,d18:1,0:0
-5,0,3800,0,0,Gal,d18:1,0:0
-4.8,0,3800,0,0,Gal,d18:1,0:0
-4.6,0,3800,0,0,Gal,d18:1,0:0
-4.4,0,3800,0,0,Gal,d18:1,0:0
-4.2,0,3800,0,0,Gal,d18:1,0:0
-4,0,3800,0,0,Gal,d18:1,0:0
-3.8,0,3800,0,0,Gal,d18:1,0:0
-3.6,0,3800,0,0,Gal,d18:1,0:0
-3.4,0,3800,0,0,Gal,d18:1,0:0
-3.2,0,3800,0,0,Gal,d18:1,0:0
-3,0,3800,0,0,Gal,d18:1,0:0
-2.8,0,3800,0,0,Gal,d18:1,0:0
-2.6,0,3800,0,0,Gal,d18:1,0:0
-2.4,0,3800,0,0,Gal,d18:1,0:0
-2.2,0,3800,0,0,Gal,d18:1,0:0
-2,0,3800,0,0,Gal,d18:1,0:0
-1.8,0,3800,0,0,Gal,d18:1,0:0
-1.6,0,3800,0,0,Gal,d18:1,0:0
-1.4,0,3800,0,0,Gal,d18:1,0:0
-1.2,0,3800,0,0,Gal,d18:1,0:0
-1,0,3800,0,0,Gal,d18:1,0:0
-0.8,20,3800,0,0,Gal,d18:1,0:0
-0.6,0,3800,0,0,Gal,d18:1,0:0
-0.4,0,3800,0,0,Gal,d18:1,0:0
-0.2,0,3800,0,0,Gal,d18:1,0:0
0,0,3800,0,0,Gal,d18:1,0:0
0.2,0,3800,0,0,Gal,d18:1,0:0
0.4,0,3800,0,0,Gal,d18:1,0:0
0.6,0,3800,0,0,Gal,d18:1,0:0
0.8,0,3800,0,0,Gal,d18:1,0:0
1,0,3800,0,0,Gal,d18:1,0:0
1.2,0,3800,0,0,Gal,d18:1,0:0
1.4,0,3800,0,0,Gal,d18:1,0:0
1.6,0,3800,0,0,Gal,d18:1,0:0
1.8,0,3800,0,0,Gal,d18:1,0:0
2,0,3800,0,0,Gal,d18:1,0:0
2.2,0,3800,0,0,Gal,d18:1,0:0
2.4,0,3800,0,0,Gal,d18:1,0:0
2.6,0,3800,0,0,Gal,d18:1,0:0
2.8,0,3800,0,0,Gal,d18:1,0:0
3,0,3800,0,0,Gal,d18:1,0:0
3.2,0,3800,0,0,Gal,d18:1,0:0
3.4,0,3800,0,0,Gal,d18:1,0:0
3.6,0,3800,0,0,Gal,d18:1,0:0
3.8,0,3800,0,0,Gal,d18:1,0:0
4,0,3800,0,0,Gal,d18:1,0:0
4.2,0,3800,0,0,Gal,d18:1,0:0
4.4,0,3800,0,0,Gal,d18:1,0:0
4.6,0,3800,0,0,Gal,d18:1,0:0
4.8,0,3800,0,0,Gal,d18:1,0:0
5,0,3800,0,0,Gal,d18:1,0:0
5.2,0,3800,0,0,Gal,d18:1,0:0
5.4,0,3800,0,0,Gal,d18:1,0:0
5.6,0,3800,0,0,Gal,d18:1,0:0
5.8,0,3800,0,0,Gal,d18:1,0:0
6,0,3800,0,0,Gal,d18:1,0:0
6.2,0,3800,0,0,Gal,d18:1,0:0
6.4,0,3800,0,0,Gal,d18:1,0:0
6.6,0,3800,0,0,Gal,d18:1,0:0
6.8,0,3800,0,0,Gal,d18:1,0:0
7,0,3800,0,0,Gal,d18:1,0:0
7.2,0,3800,0,0,Gal,d18:1,0:0
7.4,0,3800,0,0,Gal,d18:1,0:0
7.6,0,3800,0,0,Gal,d18:1,0:0
7.8,0,3800,0,0,Gal,d18:1,0:0
8,0,3800,0,0,Gal,d18:1,0:0
8.2,0,3800,0,0,Gal,d18:1,0:0
8.4,0,3800,0,0,Gal,d18:1,0:0
8.6,0,3800,0,0,Gal,d18:1,0:0
8.8,0,3800,0,0,Gal,d18:1,0:0
9,0,3800,0,0,Gal,d18:1,0:0
9.2,0,3800,0,0,Gal,d18:1,0:0
9.4,0,3800,0,0,Gal,d18:1,0:0
9.6,0,3800,0,0,Gal,d18:1,0:0
9.8,0,3800,0,0,Gal,d18:1,0:0
10,0,3800,0,0,Gal,d18:1,0:0
-10,0,3900,0,0,Gal,d18:1,0:0
-9.8,0,3900,0,0,Gal,d18:1,0:0
-9.6,0,3900,0,0,Gal,d18:1,0:0
-9.4,0,3900,0,0,Gal,d18:1,0:0
-9.2,0,3900,0,0,Gal,d18:1,0:0
-9,0,3900,0,0,Gal,d18:1,0:0
-8.8,0,3900,0,0,Gal,d18:1,0:0
-8.6,0,3900,0,0,Gal,d18:1,0:0
-8.4,0,3900,0,0,Gal,d18:1,0:0
-8.2,0,3900,0,0,Gal,d18:1,0:0
-8,0,3900,0,0,Gal,d18:1,0:0
-7.8,0,3900,0,0,Gal,d18:1,0:0
-7.6,0,3900,0,0,Gal,d18:1,0:0
-7.4,0,3900,0,0,Gal,d18:1,0:0
-7.2,0,3900,0,0,Gal,d18:1,0:0
-7,0,3900,0,0,Gal,d18:1,0:0
-6.8,0,3900,0,0,Gal,d18:1,0:0
-6.6,0,3900,0,0,Gal,d18:1,0:0
-6.4,0,3900,0,0,Gal,d18:1,0:0
-6.2,0,3900,0,0,Gal,d18:1,0:0
-6,0,3900,0,0,Gal,d18:1,0:0
-5.8,0,3900,0,0,Gal,d18:1,0:0
-5.6,0,3900,0,0,Gal,d18:1,0:0
-5.4,20,3900,0,0,Gal,d18:1,0:0
-5.2,0,3900,0,0,Gal,d18:1,0:0
-5,0,3900,0,0,Gal,d18:1,0:0
-4.8,0,3900,0,0,Gal,d18:1,0:0
-4.6,0,3900,0,0,Gal,d18:1,0:0
-4.4,0,3900,0,0,Gal,d18:1,0:0
-4.2,0,3900,0,0,Gal,d18:1,0:0
-4,0,3900,0,0,Gal,d18:1,0:0
-3.8,0,3900,0,0,Gal,d18:1,0:0
-3.6,0,3900,0,0,Gal,d18:1,0:0
-3.4,0,3900,0,0,Gal,d18:1,0:0
-3.2,0,3900,0,0,Gal,d18:1,0:0
-3,0,3900,0,0,Gal,d18:1,0:0
-2.8,0,3900,0,0,Gal,d18:1,0:0
-2.6,0,3900,0,0,Gal,d18:1,0:0
-2.4,40,3900,0,0,Gal,d18:1,0:0
-2.2,0,3900,0,0,Gal,d18:1,0:0
-2,0,3900,0,0,Gal,d18:1,0:0
-1.8,0,3900,0,0,Gal,d18:1,0:0
-1.6,0,3900,0,0,Gal,d18:1,0:0
-1.4,0,3900,0,0,Gal,d18:1,0:0
-1.2,0,3900,0,0,Gal,d18:1,0:0
-1,0,3900,0,0,Gal,d18:1,0:0
-0.8,0,3900,0,0,Gal,d18:1,0:0
-0.6,0,3900,0,0,Gal,d18:1,0:0
-0.4,0,3900,0,0,Gal,d18:1,0:0
-0.2,0,3900,0,0,Gal,d18:1,0:0
0,0,3900,0,0,Gal,d18:1,0:0
0.2,0,3900,0,0,Gal,d18:1,0:0
0.4,0,3900,0,0,Gal,d18:1,0:0
0.6,0,3900,0,0,Gal,d18:1,0:0
0.8,0,3900,0,0,Gal,d18:1,0:0
1,0,3900,0,0,Gal,d18:1,0:0
1.2,0,3900,0,0,Gal,d18:1,0:0
1.4,0,3900,0,0,Gal,d18:1,0:0
1.6,0,3900,0,0,Gal,d18:1,0:0
1.8,0,3900,0,0,Gal,d18:1,0:0
2,0,3900,0,0,Gal,d18:1,0:0
2.2,0,3900,0,0,Gal,d18:1,0:0
2.4,0,3900,0,0,Gal,d18:1,0:0
2.6,0,3900,0,0,Gal,d18:1,0:0
2.8,0,3900,0,0,Gal,d18:1,0:0
3,0,3900,0,0,Gal,d18:1,0:0
3.2,0,3900,0,0,Gal,d18:1,0:0
3.4,0,3900,0,0,Gal,d18:1,0:0
3.6,0,3900,0,0,Gal,d18:1,0:0
3.8,0,3900,0,0,Gal,d18:1,0:0
4,0,3900,0,0,Gal,d18:1,0:0
4.2,0,3900,0,0,Gal,d18:1,0:0
4.4,0,3900,0,0,Gal,d18:1,0:0
4.6,0,3900,0,0,Gal,d18:1,0:0
4.8,0,3900,0,0,Gal,d18:1,0:0
5,0,3900,0,0,Gal,d18:1,0:0
5.2,0,3900,0,0,Gal,d18:1,0:0
5.4,0,3900,0,0,Gal,d18:1,0:0
5.6,0,3900,0,0,Gal,d18:1,0:0
5.8,0,3900,0,0,Gal,d18:1,0:0
6,0,3900,0,0,Gal,d18:1,0:0
6.2,0,3900,0,0,Gal,d18:1,0:0
6.4,0,3900,0,0,Gal,d18:1,0:0
6.6,0,3900,0,0,Gal,d18:1,0:0
6.8,0,3900,0,0,Gal,d18:1,0:0
7,0,3900,0,0,Gal,d18:1,0:0
7.2,0,3900,0,0,Gal,d18:1,0:0
7.4,0,3900,0,0,Gal,d18:1,0:0
7.6,0,3900,0,0,Gal,d18:1,0:0
7.8,0,3900,0,0,Gal,d18:1,0:0
8,0,3900,0,0,Gal,d18:1,0:0
8.2,0,3900,0,0,Gal,d18:1,0:0
8.4,0,3900,0,0,Gal,d18:1,0:0
8.6,0,3900,0,0,Gal,d18:1,0:0
8.8,0,3900,0,0,Gal,d18:1,0:0
9,0,3900,0,0,Gal,d18:1,0:0
9.2,0,3900,0,0,Gal,d18:1,0:0
9.4,0,3900,0,0,Gal,d18:1,0:0
9.6,0,3900,0,0,Gal,d18:1,0:0
9.8,0,3900,0,0,Gal,d18:1,0:0
10,0,3900,0,0,Gal,d18:1,0:0
-10,0,4000,0,0,Gal,d18:1,0:0
-9.8,0,4000,0,0,Gal,d18:1,0:0
-9.6,0,4000,0,0,Gal,d18:1,0:0
-9.4,0,4000,0,0,Gal,d18:1,0:0
-9.2,0,4000,0,0,Gal,d18:1,0:0
-9,0,4000,0,0,Gal,d18:1,0:0
-8.8,0,4000,0,0,Gal,d18:1,0:0
-8.6,0,4000,0,0,Gal,d18:1,0:0
-8.4,0,4000,0,0,Gal,d18:1,0:0
-8.2,0,4000,0,0,Gal,d18:1,0:0
-8,0,4000,0,0,Gal,d18:1,0:0
-7.8,0,4000,0,0,Gal,d18:1,0:0
-7.6,0,4000,0,0,Gal,d18:1,0:0
-7.4,0,4000,0,0,Gal,d18:1,0:0
-7.2,0,4000,0,0,Gal,d18:1,0:0
-7,0,4000,0,0,Gal,d18:1,0:0
-6.8,0,4000,0,0,Gal,d18:1,0:0
-6.6,0,4000,0,0,Gal,d18:1,0:0
-6.4,0,4000,0,0,Gal,d18:1,0:0
-6.2,0,4000,0,0,Gal,d18:1,0:0
-6,0,4000,0,0,Gal,d18:1,0:0
-5.8,0,4000,0,0,Gal,d18:1,0:0
-5.6,0,4000,0,0,Gal,d18:1,0:0
-5.4,0,4000,0,0,Gal,d18:1,0:0
-5.2,0,4000,0,0,Gal,d18:1,0:0
-5,0,4000,0,0,Gal,d18:1,0:0
-4.8,0,4000,0,0,Gal,d18:1,0:0
-4.6,0,4000,0,0,Gal,d18:1,0:0
-4.4,0,4000,0,0,Gal,d18:1,0:0
-4.2,0,4000,0,0,Gal,d18:1,0:0
-4,0,4000,0,0,Gal,d18:1,0:0
-3.8,0,4000,0,0,Gal,d18:1,0:0
-3.6,0,4000,0,0,Gal,d18:1,0:0
-3.4,0,4000,0,0,Gal,d18:1,0:0
-3.2,0,4000,0,0,Gal,d18:1,0:0
-3,0,4000,0,0,Gal,d18:1,0:0
-2.8,0,4000,0,0,Gal,d18:1,0:0
-2.6,0,4000,0,0,Gal,d18:1,0:0
-2.4,0,4000,0,0,Gal,d18:1,0:0
-2.2,0,4000,0,0,Gal,d18:1,0:0
-2,0,4000,0,0,Gal,d18:1,0:0
-1.8,0,4000,0,0,Gal,d18:1,0:0
-1.6,0,4000,0,0,Gal,d18:1,0:0
-1.4,0,4000,0,0,Gal,d18:1,0:0
-1.2,0,4000,0,0,Gal,d18:1,0:0
-1,0,4000,0,0,Gal,d18:1,0:0
-0.8,0,4000,0,0,Gal,d18:1,0:0
-0.6,0,4000,0,0,Gal,d18:1,0:0
-0.4,0,4000,0,0,Gal,d18:1,0:0
-0.2,0,4000,0,0,Gal,d18:1,0:0
0,0,4000,0,0,Gal,d18:1,0:0
0.2,0,4000,0,0,Gal,d18:1,0:0
0.4,0,4000,0,0,Gal,d18:1,0:0
0.6,0,4000,0,0,Gal,d18:1,0:0
0.8,0,4000,0,0,Gal,d18:1,0:0
1,0,4000,0,0,Gal,d18:1,0:0
1.2,0,4000,0,0,Gal,d18:1,0:0
1.4,0,4000,0,0,Gal,d18:1,0:0
1.6,0,4000,0,0,Gal,d18:1,0:0
1.8,0,4000,0,0,Gal,d18:1,0:0
2,0,4000,0,0,Gal,d18:1,0:0
2.2,0,4000,0,0,Gal,d18:1,0:0
2.4,0,4000,0,0,Gal,d18:1,0:0
2.6,0,4000,0,0,Gal,d18:1,0:0
2.8,0,4000,0,0,Gal,d18:1,0:0
3,0,4000,0,0,Gal,d18:1,0:0
3.2,0,4000,0,0,Gal,d18:1,0:0
3.4,0,4000,0,0,Gal,d18:1,0:0
3.6,0,4000,0,0,Gal,d18:1,0:0
3.8,0,4000,0,0,Gal,d18:1,0:0
4,0,4000,0,0,Gal,d18:1,0:0
4.2,0,4000,0,0,Gal,d18:1,0:0
4.4,0,4000,0,0,Gal,d18:1,0:0
4.6,0,4000,0,0,Gal,d18:1,0:0
4.8,0,4000,0,0,Gal,d18:1,0:0
5,0,4000,0,0,Gal,d18:1,0:0
5.2,0,4000,0,0,Gal,d18:1,0:0
5.4,0,4000,0,0,Gal,d18:1,0:0
5.6,0,4000,0,0,Gal,d18:1,0:0
5.8,0,4000,0,0,Gal,d18:1,0:0
6,0,4000,0,0,Gal,d18:1,0:0
6.2,0,4000,0,0,Gal,d18:1,0:0
6.4,0,4000,0,0,Gal,d18:1,0:0
6.6,0,4000,0,0,Gal,d18:1,0:0
6.8,0,4000,0,0,Gal,d18:1,0:0
7,0,4000,0,0,Gal,d18:1,0:0
7.2,0,4000,0,0,Gal,d18:1,0:0
7.4,0,4000,0,0,Gal,d18:1,0:0
7.6,0,4000,0,0,Gal,d18:1,0:0
7.8,0,4000,0,0,Gal,d18:1,0:0
8,0,4000,0,0,Gal,d18:1,0:0
8.2,0,4000,0,0,Gal,d18:1,0:0
8.4,0,4000,0,0,Gal,d18:1,0:0
8.6,0,4000,0,0,Gal,d18:1,0:0
8.8,0,4000,0,0,Gal,d18:1,0:0
9,0,4000,0,0,Gal,d18:1,0:0
9.2,0,4000,0,0,Gal,d18:1,0:0
9.4,0,4000,0,0,Gal,d18:1,0:0
9.6,0,4000,0,0,Gal,d18:1,0:0
9.8,0,4000,0,0,Gal,d18:1,0:0
10,0,4000,0,0,Gal,d18:1,0:0
-10,0,4100,0,0,Gal,d18:1,0:0
-9.8,0,4100,0,0,Gal,d18:1,0:0
-9.6,0,4100,0,0,Gal,d18:1,0:0
-9.4,0,4100,0,0,Gal,d18:1,0:0
-9.2,0,4100,0,0,Gal,d18:1,0:0
-9,0,4100,0,0,Gal,d18:1,0:0
-8.8,0,4100,0,0,Gal,d18:1,0:0
-8.6,0,4100,0,0,Gal,d18:1,0:0
-8.4,0,4100,0,0,Gal,d18:1,0:0
-8.2,0,4100,0,0,Gal,d18:1,0:0
-8,0,4100,0,0,Gal,d18:1,0:0
-7.8,0,4100,0,0,Gal,d18:1,0:0
-7.6,0,4100,0,0,Gal,d18:1,0:0
-7.4,0,4100,0,0,Gal,d18:1,0:0
-7.2,0,4100,0,0,Gal,d18:1,0:0
-7,0,4100,0,0,Gal,d18:1,0:0
-6.8,0,4100,0,0,Gal,d18:1,0:0
-6.6,0,4100,0,0,Gal,d18:1,0:0
-6.4,0,4100,0,0,Gal,d18:1,0:0
-6.2,0,4100,0,0,Gal,d18:1,0:0
-6,0,4100,0,0,Gal,d18:1,0:0
-5.8,0,4100,0,0,Gal,d18:1,0:0
-5.6,0,4100,0,0,Gal,d18:1,0:0
-5.4,0,4100,0,0,Gal,d18:1,0:0
-5.2,0,4100,0,0,Gal,d18:1,0:0
-5,0,4100,0,0,Gal,d18:1,0:0
-4.8,0,4100,0,0,Gal,d18:1,0:0
-4.6,0,4100,0,0,Gal,d18:1,0:0
-4.4,0,4100,0,0,Gal,d18:1,0:0
-4.2,0,4100,0,0,Gal,d18:1,0:0
-4,0,4100,0,0,Gal,d18:1,0:0
-3.8,0,4100,0,0,Gal,d18:1,0:0
-3.6,0,4100,0,0,Gal,d18:1,0:0
-3.4,0,4100,0,0,Gal,d18:1,0:0
-3.2,0,4100,0,0,Gal,d18:1,0:0
-3,0,4100,0,0,Gal,d18:1,0:0
-2.8,0,4100,0,0,Gal,d18:1,0:0
-2.6,0,4100,0,0,Gal,d18:1,0:0
-2.4,0,4100,0,0,Gal,d18:1,0:0
-2.2,0,4100,0,0,Gal,d18:1,0:0
-2,0,4100,0,0,Gal,d18:1,0:0
-1.8,0,4100,0,0,Gal,d18:1,0:0
-1.6,0,4100,0,0,Gal,d18:1,0:0
-1.4,0,4100,0,0,Gal,d18:1,0:0
-1.2,0,4100,0,0,Gal,d18:1,0:0
-1,0,4100,0,0,Gal,d18:1,0:0
-0.8,0,4100,0,0,Gal,d18:1,0:0
-0.6,0,4100,0,0,Gal,d18:1,0:0
-0.4,0,4100,0,0,Gal,d18:1,0:0
-0.2,0,4100,0,0,Gal,d18:1,0:0
0,0,4100,0,0,Gal,d18:1,0:0
0.2,0,4100,0,0,Gal,d18:1,0:0
0.4,0,4100,0,0,Gal,d18:1,0:0
0.6,0,4100,0,0,Gal,d18:1,0:0
0.8,0,4100,0,0,Gal,d18:1,0:0
1,0,4100,0,0,Gal,d18:1,0:0
1.2,20,4100,0,0,Gal,d18:1,0:0
1.4,0,4100,0,0,Gal,d18:1,0:0
1.6,0,4100,0,0,Gal,d18:1,0:0
1.8,0,4100,0,0,Gal,d18:1,0:0
2,0,4100,0,0,Gal,d18:1,0:0
2.2,0,4100,0,0,Gal,d18:1,0:0
2.4,0,4100,0,0,Gal,d18:1,0:0
2.6,0,4100,0,0,Gal,d18:1,0:0
2.8,0,4100,0,0,Gal,d18:1,0:0
3,0,4100,0,0,Gal,d18:1,0:0
3.2,0,4100,0,0,Gal,d18:1,0:0
3.4,0,4100,0,0,Gal,d18:1,0:0
3.6,0,4100,0,0,Gal,d18:1,0:0
3.8,0,4100,0,0,Gal,d18:1,0:0
4,0,4100,0,0,Gal,d18:1,0:0
4.2,0,4100,0,0,Gal,d18:1,0:0
4.4,0,4100,0,0,Gal,d18:1,0:0
4.6,0,4100,0,0,Gal,d18:1,0:0
4.8,0,4100,0,0,Gal,d18:1,0:0
5,0,4100,0,0,Gal,d18:1,0:0
5.2,0,4100,0,0,Gal,d18:1,0:0
5.4,0,4100,0,0,Gal,d18:1,0:0
5.6,0,4100,0,0,Gal,d18:1,0:0
5.8,0,4100,0,0,Gal,d18:1,0:0
6,0,4100,0,0,Gal,d18:1,0:0
6.2,0,4100,0,0,Gal,d18:1,0:0
6.4,0,4100,0,0,Gal,d18:1,0:0
6.6,0,4100,0,0,Gal,d18:1,0:0
6.8,0,4100,0,0,Gal,d18:1,0:0
7,0,4100,0,0,Gal,d18:1,0:0
7.2,0,4100,0,0,Gal,d18:1,0:0
7.4,0,4100,0,0,Gal,d18:1,0:0
7.6,0,4100,0,0,Gal,d18:1,0:0
7.8,0,4100,0,0,Gal,d18:1,0:0
8,0,4100,0,0,Gal,d18:1,0:0
8.2,0,4100,0,0,Gal,d18:1,0:0
8.4,0,4100,0,0,Gal,d18:1,0:0
8.6,0,4100,0,0,Gal,d18:1,0:0
8.8,0,4100,0,0,Gal,d18:1,0:0
9,0,4100,0,0,Gal,d18:1,0:0
9.2,0,4100,0,0,Gal,d18:1,0:0
9.4,0,4100,0,0,Gal,d18:1,0:0
9.6,0,4100,0,0,Gal,d18:1,0:0
9.8,0,4100,0,0,Gal,d18:1,0:0
10,0,4100,0,0,Gal,d18:1,0:0
