,COV,Intensity,SV,chainLength,unsaturationUnit,isomer,sphingoidBackbone,lipidSpecies
0,-10.0,0,0,16,0,Gal,d18:1,16:0
1,-9.8,0,0,16,0,Gal,d18:1,16:0
2,-9.6,0,0,16,0,Gal,d18:1,16:0
3,-9.4,0,0,16,0,Gal,d18:1,16:0
4,-9.2,0,0,16,0,Gal,d18:1,16:0
5,-9.0,0,0,16,0,Gal,d18:1,16:0
6,-8.8,0,0,16,0,Gal,d18:1,16:0
7,-8.6,0,0,16,0,Gal,d18:1,16:0
8,-8.4,0,0,16,0,Gal,d18:1,16:0
9,-8.2,0,0,16,0,Gal,d18:1,16:0
10,-8.0,0,0,16,0,Gal,d18:1,16:0
11,-7.8,0,0,16,0,Gal,d18:1,16:0
12,-7.6,0,0,16,0,Gal,d18:1,16:0
13,-7.4,0,0,16,0,Gal,d18:1,16:0
14,-7.2,0,0,16,0,Gal,d18:1,16:0
15,-7.0,0,0,16,0,Gal,d18:1,16:0
16,-6.8,0,0,16,0,Gal,d18:1,16:0
17,-6.6,0,0,16,0,Gal,d18:1,16:0
18,-6.4,0,0,16,0,Gal,d18:1,16:0
19,-6.2,0,0,16,0,Gal,d18:1,16:0
20,-6.0,0,0,16,0,Gal,d18:1,16:0
21,-5.8,0,0,16,0,Gal,d18:1,16:0
22,-5.6,0,0,16,0,Gal,d18:1,16:0
23,-5.4,0,0,16,0,Gal,d18:1,16:0
24,-5.2,0,0,16,0,Gal,d18:1,16:0
25,-5.0,0,0,16,0,Gal,d18:1,16:0
26,-4.8,0,0,16,0,Gal,d18:1,16:0
27,-4.6,0,0,16,0,Gal,d18:1,16:0
28,-4.4,0,0,16,0,Gal,d18:1,16:0
29,-4.2,0,0,16,0,Gal,d18:1,16:0
30,-4.0,0,0,16,0,Gal,d18:1,16:0
31,-3.8,0,0,16,0,Gal,d18:1,16:0
32,-3.6,0,0,16,0,Gal,d18:1,16:0
33,-3.4,0,0,16,0,Gal,d18:1,16:0
34,-3.2,0,0,16,0,Gal,d18:1,16:0
35,-3.0,0,0,16,0,Gal,d18:1,16:0
36,-2.8,0,0,16,0,Gal,d18:1,16:0
37,-2.6,0,0,16,0,Gal,d18:1,16:0
38,-2.4,0,0,16,0,Gal,d18:1,16:0
39,-2.2,0,0,16,0,Gal,d18:1,16:0
40,-2.0,0,0,16,0,Gal,d18:1,16:0
41,-1.8,0,0,16,0,Gal,d18:1,16:0
42,-1.6,0,0,16,0,Gal,d18:1,16:0
43,-1.4,0,0,16,0,Gal,d18:1,16:0
44,-1.2,580,0,16,0,Gal,d18:1,16:0
45,-1.0,1500,0,16,0,Gal,d18:1,16:0
46,-0.8,3420,0,16,0,Gal,d18:1,16:0
47,-0.6,5200,0,16,0,Gal,d18:1,16:0
48,-0.4,5320,0,16,0,Gal,d18:1,16:0
49,-0.2,5340,0,16,0,Gal,d18:1,16:0
50,0.0,3400,0,16,0,Gal,d18:1,16:0
51,0.2,2280,0,16,0,Gal,d18:1,16:0
52,0.4,2000,0,16,0,Gal,d18:1,16:0
53,0.6,1340,0,16,0,Gal,d18:1,16:0
54,0.8,920,0,16,0,Gal,d18:1,16:0
55,1.0,400,0,16,0,Gal,d18:1,16:0
56,1.2,140,0,16,0,Gal,d18:1,16:0
57,1.4,40,0,16,0,Gal,d18:1,16:0
58,1.6,0,0,16,0,Gal,d18:1,16:0
59,1.8,0,0,16,0,Gal,d18:1,16:0
60,2.0,0,0,16,0,Gal,d18:1,16:0
61,2.2,0,0,16,0,Gal,d18:1,16:0
62,2.4,0,0,16,0,Gal,d18:1,16:0
63,2.6,0,0,16,0,Gal,d18:1,16:0
64,2.8,0,0,16,0,Gal,d18:1,16:0
65,3.0,0,0,16,0,Gal,d18:1,16:0
66,3.2,0,0,16,0,Gal,d18:1,16:0
67,3.4,0,0,16,0,Gal,d18:1,16:0
68,3.6,0,0,16,0,Gal,d18:1,16:0
69,3.8,0,0,16,0,Gal,d18:1,16:0
70,4.0,0,0,16,0,Gal,d18:1,16:0
71,4.2,0,0,16,0,Gal,d18:1,16:0
72,4.4,0,0,16,0,Gal,d18:1,16:0
73,4.6,0,0,16,0,Gal,d18:1,16:0
74,4.8,0,0,16,0,Gal,d18:1,16:0
75,5.0,0,0,16,0,Gal,d18:1,16:0
76,5.2,0,0,16,0,Gal,d18:1,16:0
77,5.4,0,0,16,0,Gal,d18:1,16:0
78,5.6,0,0,16,0,Gal,d18:1,16:0
79,5.8,0,0,16,0,Gal,d18:1,16:0
80,6.0,0,0,16,0,Gal,d18:1,16:0
81,6.2,0,0,16,0,Gal,d18:1,16:0
82,6.4,0,0,16,0,Gal,d18:1,16:0
83,6.6,0,0,16,0,Gal,d18:1,16:0
84,6.8,0,0,16,0,Gal,d18:1,16:0
85,7.0,0,0,16,0,Gal,d18:1,16:0
86,7.2,0,0,16,0,Gal,d18:1,16:0
87,7.4,0,0,16,0,Gal,d18:1,16:0
88,7.6,0,0,16,0,Gal,d18:1,16:0
89,7.8,0,0,16,0,Gal,d18:1,16:0
90,8.0,0,0,16,0,Gal,d18:1,16:0
91,8.2,0,0,16,0,Gal,d18:1,16:0
92,8.4,0,0,16,0,Gal,d18:1,16:0
93,8.6,0,0,16,0,Gal,d18:1,16:0
94,8.8,0,0,16,0,Gal,d18:1,16:0
95,9.0,0,0,16,0,Gal,d18:1,16:0
96,9.2,0,0,16,0,Gal,d18:1,16:0
97,9.4,0,0,16,0,Gal,d18:1,16:0
98,9.6,0,0,16,0,Gal,d18:1,16:0
99,9.8,0,0,16,0,Gal,d18:1,16:0
100,10.0,0,0,16,0,Gal,d18:1,16:0
101,-10.0,0,100,16,0,Gal,d18:1,16:0
102,-9.8,0,100,16,0,Gal,d18:1,16:0
103,-9.6,0,100,16,0,Gal,d18:1,16:0
104,-9.4,0,100,16,0,Gal,d18:1,16:0
105,-9.2,0,100,16,0,Gal,d18:1,16:0
106,-9.0,0,100,16,0,Gal,d18:1,16:0
107,-8.8,0,100,16,0,Gal,d18:1,16:0
108,-8.6,0,100,16,0,Gal,d18:1,16:0
109,-8.4,0,100,16,0,Gal,d18:1,16:0
110,-8.2,0,100,16,0,Gal,d18:1,16:0
111,-8.0,0,100,16,0,Gal,d18:1,16:0
112,-7.8,0,100,16,0,Gal,d18:1,16:0
113,-7.6,0,100,16,0,Gal,d18:1,16:0
114,-7.4,0,100,16,0,Gal,d18:1,16:0
115,-7.2,0,100,16,0,Gal,d18:1,16:0
116,-7.0,0,100,16,0,Gal,d18:1,16:0
117,-6.8,0,100,16,0,Gal,d18:1,16:0
118,-6.6,0,100,16,0,Gal,d18:1,16:0
119,-6.4,0,100,16,0,Gal,d18:1,16:0
120,-6.2,0,100,16,0,Gal,d18:1,16:0
121,-6.0,0,100,16,0,Gal,d18:1,16:0
122,-5.8,0,100,16,0,Gal,d18:1,16:0
123,-5.6,0,100,16,0,Gal,d18:1,16:0
124,-5.4,0,100,16,0,Gal,d18:1,16:0
125,-5.2,0,100,16,0,Gal,d18:1,16:0
126,-5.0,0,100,16,0,Gal,d18:1,16:0
127,-4.8,0,100,16,0,Gal,d18:1,16:0
128,-4.6,0,100,16,0,Gal,d18:1,16:0
129,-4.4,0,100,16,0,Gal,d18:1,16:0
130,-4.2,0,100,16,0,Gal,d18:1,16:0
131,-4.0,0,100,16,0,Gal,d18:1,16:0
132,-3.8,0,100,16,0,Gal,d18:1,16:0
133,-3.6,0,100,16,0,Gal,d18:1,16:0
134,-3.4,0,100,16,0,Gal,d18:1,16:0
135,-3.2,0,100,16,0,Gal,d18:1,16:0
136,-3.0,0,100,16,0,Gal,d18:1,16:0
137,-2.8,0,100,16,0,Gal,d18:1,16:0
138,-2.6,0,100,16,0,Gal,d18:1,16:0
139,-2.4,0,100,16,0,Gal,d18:1,16:0
140,-2.2,0,100,16,0,Gal,d18:1,16:0
141,-2.0,0,100,16,0,Gal,d18:1,16:0
142,-1.8,0,100,16,0,Gal,d18:1,16:0
143,-1.6,0,100,16,0,Gal,d18:1,16:0
144,-1.4,40,100,16,0,Gal,d18:1,16:0
145,-1.2,340,100,16,0,Gal,d18:1,16:0
146,-1.0,1680,100,16,0,Gal,d18:1,16:0
147,-0.8,3200,100,16,0,Gal,d18:1,16:0
148,-0.6,5440,100,16,0,Gal,d18:1,16:0
149,-0.4,4540,100,16,0,Gal,d18:1,16:0
150,-0.2,4340,100,16,0,Gal,d18:1,16:0
151,0.0,4020,100,16,0,Gal,d18:1,16:0
152,0.2,2260,100,16,0,Gal,d18:1,16:0
153,0.4,1700,100,16,0,Gal,d18:1,16:0
154,0.6,1460,100,16,0,Gal,d18:1,16:0
155,0.8,880,100,16,0,Gal,d18:1,16:0
156,1.0,380,100,16,0,Gal,d18:1,16:0
157,1.2,0,100,16,0,Gal,d18:1,16:0
158,1.4,40,100,16,0,Gal,d18:1,16:0
159,1.6,0,100,16,0,Gal,d18:1,16:0
160,1.8,0,100,16,0,Gal,d18:1,16:0
161,2.0,0,100,16,0,Gal,d18:1,16:0
162,2.2,0,100,16,0,Gal,d18:1,16:0
163,2.4,0,100,16,0,Gal,d18:1,16:0
164,2.6,0,100,16,0,Gal,d18:1,16:0
165,2.8,0,100,16,0,Gal,d18:1,16:0
166,3.0,0,100,16,0,Gal,d18:1,16:0
167,3.2,0,100,16,0,Gal,d18:1,16:0
168,3.4,0,100,16,0,Gal,d18:1,16:0
169,3.6,0,100,16,0,Gal,d18:1,16:0
170,3.8,0,100,16,0,Gal,d18:1,16:0
171,4.0,0,100,16,0,Gal,d18:1,16:0
172,4.2,0,100,16,0,Gal,d18:1,16:0
173,4.4,0,100,16,0,Gal,d18:1,16:0
174,4.6,0,100,16,0,Gal,d18:1,16:0
175,4.8,0,100,16,0,Gal,d18:1,16:0
176,5.0,0,100,16,0,Gal,d18:1,16:0
177,5.2,0,100,16,0,Gal,d18:1,16:0
178,5.4,0,100,16,0,Gal,d18:1,16:0
179,5.6,0,100,16,0,Gal,d18:1,16:0
180,5.8,0,100,16,0,Gal,d18:1,16:0
181,6.0,0,100,16,0,Gal,d18:1,16:0
182,6.2,0,100,16,0,Gal,d18:1,16:0
183,6.4,0,100,16,0,Gal,d18:1,16:0
184,6.6,0,100,16,0,Gal,d18:1,16:0
185,6.8,0,100,16,0,Gal,d18:1,16:0
186,7.0,0,100,16,0,Gal,d18:1,16:0
187,7.2,0,100,16,0,Gal,d18:1,16:0
188,7.4,0,100,16,0,Gal,d18:1,16:0
189,7.6,0,100,16,0,Gal,d18:1,16:0
190,7.8,0,100,16,0,Gal,d18:1,16:0
191,8.0,0,100,16,0,Gal,d18:1,16:0
192,8.2,0,100,16,0,Gal,d18:1,16:0
193,8.4,0,100,16,0,Gal,d18:1,16:0
194,8.6,0,100,16,0,Gal,d18:1,16:0
195,8.8,0,100,16,0,Gal,d18:1,16:0
196,9.0,0,100,16,0,Gal,d18:1,16:0
197,9.2,0,100,16,0,Gal,d18:1,16:0
198,9.4,0,100,16,0,Gal,d18:1,16:0
199,9.6,0,100,16,0,Gal,d18:1,16:0
200,9.8,0,100,16,0,Gal,d18:1,16:0
201,10.0,0,100,16,0,Gal,d18:1,16:0
202,-10.0,0,200,16,0,Gal,d18:1,16:0
203,-9.8,0,200,16,0,Gal,d18:1,16:0
204,-9.6,0,200,16,0,Gal,d18:1,16:0
205,-9.4,0,200,16,0,Gal,d18:1,16:0
206,-9.2,0,200,16,0,Gal,d18:1,16:0
207,-9.0,0,200,16,0,Gal,d18:1,16:0
208,-8.8,0,200,16,0,Gal,d18:1,16:0
209,-8.6,0,200,16,0,Gal,d18:1,16:0
210,-8.4,0,200,16,0,Gal,d18:1,16:0
211,-8.2,0,200,16,0,Gal,d18:1,16:0
212,-8.0,0,200,16,0,Gal,d18:1,16:0
213,-7.8,0,200,16,0,Gal,d18:1,16:0
214,-7.6,0,200,16,0,Gal,d18:1,16:0
215,-7.4,0,200,16,0,Gal,d18:1,16:0
216,-7.2,0,200,16,0,Gal,d18:1,16:0
217,-7.0,0,200,16,0,Gal,d18:1,16:0
218,-6.8,0,200,16,0,Gal,d18:1,16:0
219,-6.6,0,200,16,0,Gal,d18:1,16:0
220,-6.4,0,200,16,0,Gal,d18:1,16:0
221,-6.2,0,200,16,0,Gal,d18:1,16:0
222,-6.0,0,200,16,0,Gal,d18:1,16:0
223,-5.8,0,200,16,0,Gal,d18:1,16:0
224,-5.6,0,200,16,0,Gal,d18:1,16:0
225,-5.4,0,200,16,0,Gal,d18:1,16:0
226,-5.2,0,200,16,0,Gal,d18:1,16:0
227,-5.0,0,200,16,0,Gal,d18:1,16:0
228,-4.8,0,200,16,0,Gal,d18:1,16:0
229,-4.6,0,200,16,0,Gal,d18:1,16:0
230,-4.4,0,200,16,0,Gal,d18:1,16:0
231,-4.2,0,200,16,0,Gal,d18:1,16:0
232,-4.0,0,200,16,0,Gal,d18:1,16:0
233,-3.8,0,200,16,0,Gal,d18:1,16:0
234,-3.6,0,200,16,0,Gal,d18:1,16:0
235,-3.4,0,200,16,0,Gal,d18:1,16:0
236,-3.2,0,200,16,0,Gal,d18:1,16:0
237,-3.0,0,200,16,0,Gal,d18:1,16:0
238,-2.8,0,200,16,0,Gal,d18:1,16:0
239,-2.6,0,200,16,0,Gal,d18:1,16:0
240,-2.4,0,200,16,0,Gal,d18:1,16:0
241,-2.2,0,200,16,0,Gal,d18:1,16:0
242,-2.0,0,200,16,0,Gal,d18:1,16:0
243,-1.8,0,200,16,0,Gal,d18:1,16:0
244,-1.6,0,200,16,0,Gal,d18:1,16:0
245,-1.4,120,200,16,0,Gal,d18:1,16:0
246,-1.2,300,200,16,0,Gal,d18:1,16:0
247,-1.0,2280,200,16,0,Gal,d18:1,16:0
248,-0.8,4920,200,16,0,Gal,d18:1,16:0
249,-0.6,6260,200,16,0,Gal,d18:1,16:0
250,-0.4,6300,200,16,0,Gal,d18:1,16:0
251,-0.2,4340,200,16,0,Gal,d18:1,16:0
252,0.0,4780,200,16,0,Gal,d18:1,16:0
253,0.2,3500,200,16,0,Gal,d18:1,16:0
254,0.4,1540,200,16,0,Gal,d18:1,16:0
255,0.6,1220,200,16,0,Gal,d18:1,16:0
256,0.8,1160,200,16,0,Gal,d18:1,16:0
257,1.0,400,200,16,0,Gal,d18:1,16:0
258,1.2,180,200,16,0,Gal,d18:1,16:0
259,1.4,40,200,16,0,Gal,d18:1,16:0
260,1.6,0,200,16,0,Gal,d18:1,16:0
261,1.8,0,200,16,0,Gal,d18:1,16:0
262,2.0,0,200,16,0,Gal,d18:1,16:0
263,2.2,0,200,16,0,Gal,d18:1,16:0
264,2.4,0,200,16,0,Gal,d18:1,16:0
265,2.6,0,200,16,0,Gal,d18:1,16:0
266,2.8,0,200,16,0,Gal,d18:1,16:0
267,3.0,0,200,16,0,Gal,d18:1,16:0
268,3.2,0,200,16,0,Gal,d18:1,16:0
269,3.4,0,200,16,0,Gal,d18:1,16:0
270,3.6,0,200,16,0,Gal,d18:1,16:0
271,3.8,0,200,16,0,Gal,d18:1,16:0
272,4.0,0,200,16,0,Gal,d18:1,16:0
273,4.2,0,200,16,0,Gal,d18:1,16:0
274,4.4,0,200,16,0,Gal,d18:1,16:0
275,4.6,0,200,16,0,Gal,d18:1,16:0
276,4.8,0,200,16,0,Gal,d18:1,16:0
277,5.0,0,200,16,0,Gal,d18:1,16:0
278,5.2,0,200,16,0,Gal,d18:1,16:0
279,5.4,0,200,16,0,Gal,d18:1,16:0
280,5.6,0,200,16,0,Gal,d18:1,16:0
281,5.8,0,200,16,0,Gal,d18:1,16:0
282,6.0,0,200,16,0,Gal,d18:1,16:0
283,6.2,0,200,16,0,Gal,d18:1,16:0
284,6.4,0,200,16,0,Gal,d18:1,16:0
285,6.6,0,200,16,0,Gal,d18:1,16:0
286,6.8,0,200,16,0,Gal,d18:1,16:0
287,7.0,0,200,16,0,Gal,d18:1,16:0
288,7.2,0,200,16,0,Gal,d18:1,16:0
289,7.4,0,200,16,0,Gal,d18:1,16:0
290,7.6,0,200,16,0,Gal,d18:1,16:0
291,7.8,0,200,16,0,Gal,d18:1,16:0
292,8.0,0,200,16,0,Gal,d18:1,16:0
293,8.2,0,200,16,0,Gal,d18:1,16:0
294,8.4,0,200,16,0,Gal,d18:1,16:0
295,8.6,0,200,16,0,Gal,d18:1,16:0
296,8.8,0,200,16,0,Gal,d18:1,16:0
297,9.0,0,200,16,0,Gal,d18:1,16:0
298,9.2,0,200,16,0,Gal,d18:1,16:0
299,9.4,0,200,16,0,Gal,d18:1,16:0
300,9.6,0,200,16,0,Gal,d18:1,16:0
301,9.8,0,200,16,0,Gal,d18:1,16:0
302,10.0,0,200,16,0,Gal,d18:1,16:0
303,-10.0,0,300,16,0,Gal,d18:1,16:0
304,-9.8,0,300,16,0,Gal,d18:1,16:0
305,-9.6,0,300,16,0,Gal,d18:1,16:0
306,-9.4,0,300,16,0,Gal,d18:1,16:0
307,-9.2,0,300,16,0,Gal,d18:1,16:0
308,-9.0,0,300,16,0,Gal,d18:1,16:0
309,-8.8,0,300,16,0,Gal,d18:1,16:0
310,-8.6,0,300,16,0,Gal,d18:1,16:0
311,-8.4,0,300,16,0,Gal,d18:1,16:0
312,-8.2,0,300,16,0,Gal,d18:1,16:0
313,-8.0,0,300,16,0,Gal,d18:1,16:0
314,-7.8,0,300,16,0,Gal,d18:1,16:0
315,-7.6,0,300,16,0,Gal,d18:1,16:0
316,-7.4,0,300,16,0,Gal,d18:1,16:0
317,-7.2,0,300,16,0,Gal,d18:1,16:0
318,-7.0,0,300,16,0,Gal,d18:1,16:0
319,-6.8,0,300,16,0,Gal,d18:1,16:0
320,-6.6,0,300,16,0,Gal,d18:1,16:0
321,-6.4,0,300,16,0,Gal,d18:1,16:0
322,-6.2,0,300,16,0,Gal,d18:1,16:0
323,-6.0,0,300,16,0,Gal,d18:1,16:0
324,-5.8,0,300,16,0,Gal,d18:1,16:0
325,-5.6,0,300,16,0,Gal,d18:1,16:0
326,-5.4,0,300,16,0,Gal,d18:1,16:0
327,-5.2,0,300,16,0,Gal,d18:1,16:0
328,-5.0,0,300,16,0,Gal,d18:1,16:0
329,-4.8,0,300,16,0,Gal,d18:1,16:0
330,-4.6,0,300,16,0,Gal,d18:1,16:0
331,-4.4,0,300,16,0,Gal,d18:1,16:0
332,-4.2,0,300,16,0,Gal,d18:1,16:0
333,-4.0,0,300,16,0,Gal,d18:1,16:0
334,-3.8,0,300,16,0,Gal,d18:1,16:0
335,-3.6,0,300,16,0,Gal,d18:1,16:0
336,-3.4,0,300,16,0,Gal,d18:1,16:0
337,-3.2,0,300,16,0,Gal,d18:1,16:0
338,-3.0,0,300,16,0,Gal,d18:1,16:0
339,-2.8,0,300,16,0,Gal,d18:1,16:0
340,-2.6,0,300,16,0,Gal,d18:1,16:0
341,-2.4,0,300,16,0,Gal,d18:1,16:0
342,-2.2,0,300,16,0,Gal,d18:1,16:0
343,-2.0,0,300,16,0,Gal,d18:1,16:0
344,-1.8,0,300,16,0,Gal,d18:1,16:0
345,-1.6,0,300,16,0,Gal,d18:1,16:0
346,-1.4,160,300,16,0,Gal,d18:1,16:0
347,-1.2,100,300,16,0,Gal,d18:1,16:0
348,-1.0,1200,300,16,0,Gal,d18:1,16:0
349,-0.8,4300,300,16,0,Gal,d18:1,16:0
350,-0.6,5380,300,16,0,Gal,d18:1,16:0
351,-0.4,6240,300,16,0,Gal,d18:1,16:0
352,-0.2,5180,300,16,0,Gal,d18:1,16:0
353,0.0,3840,300,16,0,Gal,d18:1,16:0
354,0.2,2480,300,16,0,Gal,d18:1,16:0
355,0.4,1920,300,16,0,Gal,d18:1,16:0
356,0.6,2060,300,16,0,Gal,d18:1,16:0
357,0.8,1100,300,16,0,Gal,d18:1,16:0
358,1.0,480,300,16,0,Gal,d18:1,16:0
359,1.2,160,300,16,0,Gal,d18:1,16:0
360,1.4,40,300,16,0,Gal,d18:1,16:0
361,1.6,0,300,16,0,Gal,d18:1,16:0
362,1.8,0,300,16,0,Gal,d18:1,16:0
363,2.0,0,300,16,0,Gal,d18:1,16:0
364,2.2,0,300,16,0,Gal,d18:1,16:0
365,2.4,0,300,16,0,Gal,d18:1,16:0
366,2.6,0,300,16,0,Gal,d18:1,16:0
367,2.8,0,300,16,0,Gal,d18:1,16:0
368,3.0,0,300,16,0,Gal,d18:1,16:0
369,3.2,0,300,16,0,Gal,d18:1,16:0
370,3.4,0,300,16,0,Gal,d18:1,16:0
371,3.6,0,300,16,0,Gal,d18:1,16:0
372,3.8,0,300,16,0,Gal,d18:1,16:0
373,4.0,0,300,16,0,Gal,d18:1,16:0
374,4.2,0,300,16,0,Gal,d18:1,16:0
375,4.4,0,300,16,0,Gal,d18:1,16:0
376,4.6,0,300,16,0,Gal,d18:1,16:0
377,4.8,0,300,16,0,Gal,d18:1,16:0
378,5.0,0,300,16,0,Gal,d18:1,16:0
379,5.2,0,300,16,0,Gal,d18:1,16:0
380,5.4,0,300,16,0,Gal,d18:1,16:0
381,5.6,0,300,16,0,Gal,d18:1,16:0
382,5.8,0,300,16,0,Gal,d18:1,16:0
383,6.0,0,300,16,0,Gal,d18:1,16:0
384,6.2,0,300,16,0,Gal,d18:1,16:0
385,6.4,0,300,16,0,Gal,d18:1,16:0
386,6.6,0,300,16,0,Gal,d18:1,16:0
387,6.8,0,300,16,0,Gal,d18:1,16:0
388,7.0,0,300,16,0,Gal,d18:1,16:0
389,7.2,0,300,16,0,Gal,d18:1,16:0
390,7.4,0,300,16,0,Gal,d18:1,16:0
391,7.6,0,300,16,0,Gal,d18:1,16:0
392,7.8,0,300,16,0,Gal,d18:1,16:0
393,8.0,0,300,16,0,Gal,d18:1,16:0
394,8.2,0,300,16,0,Gal,d18:1,16:0
395,8.4,0,300,16,0,Gal,d18:1,16:0
396,8.6,0,300,16,0,Gal,d18:1,16:0
397,8.8,0,300,16,0,Gal,d18:1,16:0
398,9.0,0,300,16,0,Gal,d18:1,16:0
399,9.2,0,300,16,0,Gal,d18:1,16:0
400,9.4,0,300,16,0,Gal,d18:1,16:0
401,9.6,0,300,16,0,Gal,d18:1,16:0
402,9.8,0,300,16,0,Gal,d18:1,16:0
403,10.0,0,300,16,0,Gal,d18:1,16:0
404,-10.0,0,400,16,0,Gal,d18:1,16:0
405,-9.8,0,400,16,0,Gal,d18:1,16:0
406,-9.6,0,400,16,0,Gal,d18:1,16:0
407,-9.4,0,400,16,0,Gal,d18:1,16:0
408,-9.2,0,400,16,0,Gal,d18:1,16:0
409,-9.0,0,400,16,0,Gal,d18:1,16:0
410,-8.8,0,400,16,0,Gal,d18:1,16:0
411,-8.6,0,400,16,0,Gal,d18:1,16:0
412,-8.4,0,400,16,0,Gal,d18:1,16:0
413,-8.2,0,400,16,0,Gal,d18:1,16:0
414,-8.0,0,400,16,0,Gal,d18:1,16:0
415,-7.8,0,400,16,0,Gal,d18:1,16:0
416,-7.6,0,400,16,0,Gal,d18:1,16:0
417,-7.4,0,400,16,0,Gal,d18:1,16:0
418,-7.2,0,400,16,0,Gal,d18:1,16:0
419,-7.0,0,400,16,0,Gal,d18:1,16:0
420,-6.8,0,400,16,0,Gal,d18:1,16:0
421,-6.6,0,400,16,0,Gal,d18:1,16:0
422,-6.4,0,400,16,0,Gal,d18:1,16:0
423,-6.2,0,400,16,0,Gal,d18:1,16:0
424,-6.0,0,400,16,0,Gal,d18:1,16:0
425,-5.8,0,400,16,0,Gal,d18:1,16:0
426,-5.6,0,400,16,0,Gal,d18:1,16:0
427,-5.4,0,400,16,0,Gal,d18:1,16:0
428,-5.2,0,400,16,0,Gal,d18:1,16:0
429,-5.0,0,400,16,0,Gal,d18:1,16:0
430,-4.8,0,400,16,0,Gal,d18:1,16:0
431,-4.6,0,400,16,0,Gal,d18:1,16:0
432,-4.4,0,400,16,0,Gal,d18:1,16:0
433,-4.2,0,400,16,0,Gal,d18:1,16:0
434,-4.0,0,400,16,0,Gal,d18:1,16:0
435,-3.8,0,400,16,0,Gal,d18:1,16:0
436,-3.6,0,400,16,0,Gal,d18:1,16:0
437,-3.4,0,400,16,0,Gal,d18:1,16:0
438,-3.2,0,400,16,0,Gal,d18:1,16:0
439,-3.0,0,400,16,0,Gal,d18:1,16:0
440,-2.8,0,400,16,0,Gal,d18:1,16:0
441,-2.6,0,400,16,0,Gal,d18:1,16:0
442,-2.4,0,400,16,0,Gal,d18:1,16:0
443,-2.2,0,400,16,0,Gal,d18:1,16:0
444,-2.0,0,400,16,0,Gal,d18:1,16:0
445,-1.8,0,400,16,0,Gal,d18:1,16:0
446,-1.6,0,400,16,0,Gal,d18:1,16:0
447,-1.4,80,400,16,0,Gal,d18:1,16:0
448,-1.2,600,400,16,0,Gal,d18:1,16:0
449,-1.0,1940,400,16,0,Gal,d18:1,16:0
450,-0.8,3080,400,16,0,Gal,d18:1,16:0
451,-0.6,4180,400,16,0,Gal,d18:1,16:0
452,-0.4,5420,400,16,0,Gal,d18:1,16:0
453,-0.2,5700,400,16,0,Gal,d18:1,16:0
454,0.0,3700,400,16,0,Gal,d18:1,16:0
455,0.2,2920,400,16,0,Gal,d18:1,16:0
456,0.4,2020,400,16,0,Gal,d18:1,16:0
457,0.6,1740,400,16,0,Gal,d18:1,16:0
458,0.8,860,400,16,0,Gal,d18:1,16:0
459,1.0,620,400,16,0,Gal,d18:1,16:0
460,1.2,40,400,16,0,Gal,d18:1,16:0
461,1.4,0,400,16,0,Gal,d18:1,16:0
462,1.6,0,400,16,0,Gal,d18:1,16:0
463,1.8,0,400,16,0,Gal,d18:1,16:0
464,2.0,0,400,16,0,Gal,d18:1,16:0
465,2.2,0,400,16,0,Gal,d18:1,16:0
466,2.4,0,400,16,0,Gal,d18:1,16:0
467,2.6,0,400,16,0,Gal,d18:1,16:0
468,2.8,0,400,16,0,Gal,d18:1,16:0
469,3.0,0,400,16,0,Gal,d18:1,16:0
470,3.2,0,400,16,0,Gal,d18:1,16:0
471,3.4,0,400,16,0,Gal,d18:1,16:0
472,3.6,0,400,16,0,Gal,d18:1,16:0
473,3.8,0,400,16,0,Gal,d18:1,16:0
474,4.0,0,400,16,0,Gal,d18:1,16:0
475,4.2,0,400,16,0,Gal,d18:1,16:0
476,4.4,0,400,16,0,Gal,d18:1,16:0
477,4.6,0,400,16,0,Gal,d18:1,16:0
478,4.8,0,400,16,0,Gal,d18:1,16:0
479,5.0,0,400,16,0,Gal,d18:1,16:0
480,5.2,0,400,16,0,Gal,d18:1,16:0
481,5.4,0,400,16,0,Gal,d18:1,16:0
482,5.6,0,400,16,0,Gal,d18:1,16:0
483,5.8,0,400,16,0,Gal,d18:1,16:0
484,6.0,0,400,16,0,Gal,d18:1,16:0
485,6.2,0,400,16,0,Gal,d18:1,16:0
486,6.4,0,400,16,0,Gal,d18:1,16:0
487,6.6,0,400,16,0,Gal,d18:1,16:0
488,6.8,0,400,16,0,Gal,d18:1,16:0
489,7.0,0,400,16,0,Gal,d18:1,16:0
490,7.2,0,400,16,0,Gal,d18:1,16:0
491,7.4,0,400,16,0,Gal,d18:1,16:0
492,7.6,0,400,16,0,Gal,d18:1,16:0
493,7.8,0,400,16,0,Gal,d18:1,16:0
494,8.0,0,400,16,0,Gal,d18:1,16:0
495,8.2,0,400,16,0,Gal,d18:1,16:0
496,8.4,0,400,16,0,Gal,d18:1,16:0
497,8.6,0,400,16,0,Gal,d18:1,16:0
498,8.8,0,400,16,0,Gal,d18:1,16:0
499,9.0,0,400,16,0,Gal,d18:1,16:0
500,9.2,0,400,16,0,Gal,d18:1,16:0
501,9.4,0,400,16,0,Gal,d18:1,16:0
502,9.6,0,400,16,0,Gal,d18:1,16:0
503,9.8,0,400,16,0,Gal,d18:1,16:0
504,10.0,0,400,16,0,Gal,d18:1,16:0
505,-10.0,0,500,16,0,Gal,d18:1,16:0
506,-9.8,0,500,16,0,Gal,d18:1,16:0
507,-9.6,0,500,16,0,Gal,d18:1,16:0
508,-9.4,0,500,16,0,Gal,d18:1,16:0
509,-9.2,0,500,16,0,Gal,d18:1,16:0
510,-9.0,0,500,16,0,Gal,d18:1,16:0
511,-8.8,0,500,16,0,Gal,d18:1,16:0
512,-8.6,0,500,16,0,Gal,d18:1,16:0
513,-8.4,0,500,16,0,Gal,d18:1,16:0
514,-8.2,0,500,16,0,Gal,d18:1,16:0
515,-8.0,0,500,16,0,Gal,d18:1,16:0
516,-7.8,0,500,16,0,Gal,d18:1,16:0
517,-7.6,0,500,16,0,Gal,d18:1,16:0
518,-7.4,0,500,16,0,Gal,d18:1,16:0
519,-7.2,0,500,16,0,Gal,d18:1,16:0
520,-7.0,0,500,16,0,Gal,d18:1,16:0
521,-6.8,0,500,16,0,Gal,d18:1,16:0
522,-6.6,0,500,16,0,Gal,d18:1,16:0
523,-6.4,0,500,16,0,Gal,d18:1,16:0
524,-6.2,0,500,16,0,Gal,d18:1,16:0
525,-6.0,0,500,16,0,Gal,d18:1,16:0
526,-5.8,0,500,16,0,Gal,d18:1,16:0
527,-5.6,0,500,16,0,Gal,d18:1,16:0
528,-5.4,0,500,16,0,Gal,d18:1,16:0
529,-5.2,0,500,16,0,Gal,d18:1,16:0
530,-5.0,0,500,16,0,Gal,d18:1,16:0
531,-4.8,0,500,16,0,Gal,d18:1,16:0
532,-4.6,0,500,16,0,Gal,d18:1,16:0
533,-4.4,0,500,16,0,Gal,d18:1,16:0
534,-4.2,0,500,16,0,Gal,d18:1,16:0
535,-4.0,0,500,16,0,Gal,d18:1,16:0
536,-3.8,0,500,16,0,Gal,d18:1,16:0
537,-3.6,0,500,16,0,Gal,d18:1,16:0
538,-3.4,0,500,16,0,Gal,d18:1,16:0
539,-3.2,0,500,16,0,Gal,d18:1,16:0
540,-3.0,0,500,16,0,Gal,d18:1,16:0
541,-2.8,0,500,16,0,Gal,d18:1,16:0
542,-2.6,0,500,16,0,Gal,d18:1,16:0
543,-2.4,0,500,16,0,Gal,d18:1,16:0
544,-2.2,0,500,16,0,Gal,d18:1,16:0
545,-2.0,0,500,16,0,Gal,d18:1,16:0
546,-1.8,0,500,16,0,Gal,d18:1,16:0
547,-1.6,0,500,16,0,Gal,d18:1,16:0
548,-1.4,40,500,16,0,Gal,d18:1,16:0
549,-1.2,400,500,16,0,Gal,d18:1,16:0
550,-1.0,1400,500,16,0,Gal,d18:1,16:0
551,-0.8,3160,500,16,0,Gal,d18:1,16:0
552,-0.6,4780,500,16,0,Gal,d18:1,16:0
553,-0.4,4580,500,16,0,Gal,d18:1,16:0
554,-0.2,5040,500,16,0,Gal,d18:1,16:0
555,0.0,3500,500,16,0,Gal,d18:1,16:0
556,0.2,3280,500,16,0,Gal,d18:1,16:0
557,0.4,1840,500,16,0,Gal,d18:1,16:0
558,0.6,1580,500,16,0,Gal,d18:1,16:0
559,0.8,1100,500,16,0,Gal,d18:1,16:0
560,1.0,260,500,16,0,Gal,d18:1,16:0
561,1.2,140,500,16,0,Gal,d18:1,16:0
562,1.4,0,500,16,0,Gal,d18:1,16:0
563,1.6,0,500,16,0,Gal,d18:1,16:0
564,1.8,0,500,16,0,Gal,d18:1,16:0
565,2.0,0,500,16,0,Gal,d18:1,16:0
566,2.2,0,500,16,0,Gal,d18:1,16:0
567,2.4,0,500,16,0,Gal,d18:1,16:0
568,2.6,0,500,16,0,Gal,d18:1,16:0
569,2.8,0,500,16,0,Gal,d18:1,16:0
570,3.0,0,500,16,0,Gal,d18:1,16:0
571,3.2,0,500,16,0,Gal,d18:1,16:0
572,3.4,0,500,16,0,Gal,d18:1,16:0
573,3.6,0,500,16,0,Gal,d18:1,16:0
574,3.8,0,500,16,0,Gal,d18:1,16:0
575,4.0,0,500,16,0,Gal,d18:1,16:0
576,4.2,0,500,16,0,Gal,d18:1,16:0
577,4.4,0,500,16,0,Gal,d18:1,16:0
578,4.6,0,500,16,0,Gal,d18:1,16:0
579,4.8,0,500,16,0,Gal,d18:1,16:0
580,5.0,0,500,16,0,Gal,d18:1,16:0
581,5.2,0,500,16,0,Gal,d18:1,16:0
582,5.4,0,500,16,0,Gal,d18:1,16:0
583,5.6,0,500,16,0,Gal,d18:1,16:0
584,5.8,0,500,16,0,Gal,d18:1,16:0
585,6.0,0,500,16,0,Gal,d18:1,16:0
586,6.2,0,500,16,0,Gal,d18:1,16:0
587,6.4,0,500,16,0,Gal,d18:1,16:0
588,6.6,0,500,16,0,Gal,d18:1,16:0
589,6.8,0,500,16,0,Gal,d18:1,16:0
590,7.0,0,500,16,0,Gal,d18:1,16:0
591,7.2,0,500,16,0,Gal,d18:1,16:0
592,7.4,0,500,16,0,Gal,d18:1,16:0
593,7.6,0,500,16,0,Gal,d18:1,16:0
594,7.8,0,500,16,0,Gal,d18:1,16:0
595,8.0,0,500,16,0,Gal,d18:1,16:0
596,8.2,0,500,16,0,Gal,d18:1,16:0
597,8.4,0,500,16,0,Gal,d18:1,16:0
598,8.6,0,500,16,0,Gal,d18:1,16:0
599,8.8,0,500,16,0,Gal,d18:1,16:0
600,9.0,0,500,16,0,Gal,d18:1,16:0
601,9.2,0,500,16,0,Gal,d18:1,16:0
602,9.4,0,500,16,0,Gal,d18:1,16:0
603,9.6,0,500,16,0,Gal,d18:1,16:0
604,9.8,0,500,16,0,Gal,d18:1,16:0
605,10.0,0,500,16,0,Gal,d18:1,16:0
606,-10.0,0,600,16,0,Gal,d18:1,16:0
607,-9.8,0,600,16,0,Gal,d18:1,16:0
608,-9.6,0,600,16,0,Gal,d18:1,16:0
609,-9.4,0,600,16,0,Gal,d18:1,16:0
610,-9.2,0,600,16,0,Gal,d18:1,16:0
611,-9.0,0,600,16,0,Gal,d18:1,16:0
612,-8.8,0,600,16,0,Gal,d18:1,16:0
613,-8.6,0,600,16,0,Gal,d18:1,16:0
614,-8.4,0,600,16,0,Gal,d18:1,16:0
615,-8.2,0,600,16,0,Gal,d18:1,16:0
616,-8.0,0,600,16,0,Gal,d18:1,16:0
617,-7.8,0,600,16,0,Gal,d18:1,16:0
618,-7.6,0,600,16,0,Gal,d18:1,16:0
619,-7.4,0,600,16,0,Gal,d18:1,16:0
620,-7.2,0,600,16,0,Gal,d18:1,16:0
621,-7.0,0,600,16,0,Gal,d18:1,16:0
622,-6.8,0,600,16,0,Gal,d18:1,16:0
623,-6.6,0,600,16,0,Gal,d18:1,16:0
624,-6.4,0,600,16,0,Gal,d18:1,16:0
625,-6.2,0,600,16,0,Gal,d18:1,16:0
626,-6.0,0,600,16,0,Gal,d18:1,16:0
627,-5.8,0,600,16,0,Gal,d18:1,16:0
628,-5.6,0,600,16,0,Gal,d18:1,16:0
629,-5.4,0,600,16,0,Gal,d18:1,16:0
630,-5.2,0,600,16,0,Gal,d18:1,16:0
631,-5.0,0,600,16,0,Gal,d18:1,16:0
632,-4.8,0,600,16,0,Gal,d18:1,16:0
633,-4.6,0,600,16,0,Gal,d18:1,16:0
634,-4.4,0,600,16,0,Gal,d18:1,16:0
635,-4.2,0,600,16,0,Gal,d18:1,16:0
636,-4.0,0,600,16,0,Gal,d18:1,16:0
637,-3.8,0,600,16,0,Gal,d18:1,16:0
638,-3.6,0,600,16,0,Gal,d18:1,16:0
639,-3.4,0,600,16,0,Gal,d18:1,16:0
640,-3.2,0,600,16,0,Gal,d18:1,16:0
641,-3.0,0,600,16,0,Gal,d18:1,16:0
642,-2.8,0,600,16,0,Gal,d18:1,16:0
643,-2.6,0,600,16,0,Gal,d18:1,16:0
644,-2.4,0,600,16,0,Gal,d18:1,16:0
645,-2.2,0,600,16,0,Gal,d18:1,16:0
646,-2.0,0,600,16,0,Gal,d18:1,16:0
647,-1.8,0,600,16,0,Gal,d18:1,16:0
648,-1.6,0,600,16,0,Gal,d18:1,16:0
649,-1.4,140,600,16,0,Gal,d18:1,16:0
650,-1.2,660,600,16,0,Gal,d18:1,16:0
651,-1.0,2040,600,16,0,Gal,d18:1,16:0
652,-0.8,3960,600,16,0,Gal,d18:1,16:0
653,-0.6,5160,600,16,0,Gal,d18:1,16:0
654,-0.4,5700,600,16,0,Gal,d18:1,16:0
655,-0.2,5400,600,16,0,Gal,d18:1,16:0
656,0.0,3680,600,16,0,Gal,d18:1,16:0
657,0.2,3040,600,16,0,Gal,d18:1,16:0
658,0.4,2820,600,16,0,Gal,d18:1,16:0
659,0.6,2440,600,16,0,Gal,d18:1,16:0
660,0.8,1240,600,16,0,Gal,d18:1,16:0
661,1.0,520,600,16,0,Gal,d18:1,16:0
662,1.2,120,600,16,0,Gal,d18:1,16:0
663,1.4,0,600,16,0,Gal,d18:1,16:0
664,1.6,0,600,16,0,Gal,d18:1,16:0
665,1.8,0,600,16,0,Gal,d18:1,16:0
666,2.0,0,600,16,0,Gal,d18:1,16:0
667,2.2,0,600,16,0,Gal,d18:1,16:0
668,2.4,0,600,16,0,Gal,d18:1,16:0
669,2.6,0,600,16,0,Gal,d18:1,16:0
670,2.8,0,600,16,0,Gal,d18:1,16:0
671,3.0,0,600,16,0,Gal,d18:1,16:0
672,3.2,0,600,16,0,Gal,d18:1,16:0
673,3.4,0,600,16,0,Gal,d18:1,16:0
674,3.6,0,600,16,0,Gal,d18:1,16:0
675,3.8,0,600,16,0,Gal,d18:1,16:0
676,4.0,0,600,16,0,Gal,d18:1,16:0
677,4.2,0,600,16,0,Gal,d18:1,16:0
678,4.4,0,600,16,0,Gal,d18:1,16:0
679,4.6,0,600,16,0,Gal,d18:1,16:0
680,4.8,0,600,16,0,Gal,d18:1,16:0
681,5.0,0,600,16,0,Gal,d18:1,16:0
682,5.2,0,600,16,0,Gal,d18:1,16:0
683,5.4,0,600,16,0,Gal,d18:1,16:0
684,5.6,0,600,16,0,Gal,d18:1,16:0
685,5.8,0,600,16,0,Gal,d18:1,16:0
686,6.0,0,600,16,0,Gal,d18:1,16:0
687,6.2,0,600,16,0,Gal,d18:1,16:0
688,6.4,0,600,16,0,Gal,d18:1,16:0
689,6.6,0,600,16,0,Gal,d18:1,16:0
690,6.8,0,600,16,0,Gal,d18:1,16:0
691,7.0,0,600,16,0,Gal,d18:1,16:0
692,7.2,0,600,16,0,Gal,d18:1,16:0
693,7.4,0,600,16,0,Gal,d18:1,16:0
694,7.6,0,600,16,0,Gal,d18:1,16:0
695,7.8,0,600,16,0,Gal,d18:1,16:0
696,8.0,0,600,16,0,Gal,d18:1,16:0
697,8.2,0,600,16,0,Gal,d18:1,16:0
698,8.4,0,600,16,0,Gal,d18:1,16:0
699,8.6,0,600,16,0,Gal,d18:1,16:0
700,8.8,0,600,16,0,Gal,d18:1,16:0
701,9.0,0,600,16,0,Gal,d18:1,16:0
702,9.2,0,600,16,0,Gal,d18:1,16:0
703,9.4,0,600,16,0,Gal,d18:1,16:0
704,9.6,0,600,16,0,Gal,d18:1,16:0
705,9.8,0,600,16,0,Gal,d18:1,16:0
706,10.0,0,600,16,0,Gal,d18:1,16:0
707,-10.0,0,700,16,0,Gal,d18:1,16:0
708,-9.8,0,700,16,0,Gal,d18:1,16:0
709,-9.6,0,700,16,0,Gal,d18:1,16:0
710,-9.4,0,700,16,0,Gal,d18:1,16:0
711,-9.2,0,700,16,0,Gal,d18:1,16:0
712,-9.0,0,700,16,0,Gal,d18:1,16:0
713,-8.8,0,700,16,0,Gal,d18:1,16:0
714,-8.6,0,700,16,0,Gal,d18:1,16:0
715,-8.4,0,700,16,0,Gal,d18:1,16:0
716,-8.2,0,700,16,0,Gal,d18:1,16:0
717,-8.0,0,700,16,0,Gal,d18:1,16:0
718,-7.8,0,700,16,0,Gal,d18:1,16:0
719,-7.6,0,700,16,0,Gal,d18:1,16:0
720,-7.4,0,700,16,0,Gal,d18:1,16:0
721,-7.2,0,700,16,0,Gal,d18:1,16:0
722,-7.0,0,700,16,0,Gal,d18:1,16:0
723,-6.8,0,700,16,0,Gal,d18:1,16:0
724,-6.6,0,700,16,0,Gal,d18:1,16:0
725,-6.4,0,700,16,0,Gal,d18:1,16:0
726,-6.2,0,700,16,0,Gal,d18:1,16:0
727,-6.0,0,700,16,0,Gal,d18:1,16:0
728,-5.8,0,700,16,0,Gal,d18:1,16:0
729,-5.6,0,700,16,0,Gal,d18:1,16:0
730,-5.4,0,700,16,0,Gal,d18:1,16:0
731,-5.2,0,700,16,0,Gal,d18:1,16:0
732,-5.0,0,700,16,0,Gal,d18:1,16:0
733,-4.8,0,700,16,0,Gal,d18:1,16:0
734,-4.6,0,700,16,0,Gal,d18:1,16:0
735,-4.4,0,700,16,0,Gal,d18:1,16:0
736,-4.2,0,700,16,0,Gal,d18:1,16:0
737,-4.0,0,700,16,0,Gal,d18:1,16:0
738,-3.8,0,700,16,0,Gal,d18:1,16:0
739,-3.6,0,700,16,0,Gal,d18:1,16:0
740,-3.4,0,700,16,0,Gal,d18:1,16:0
741,-3.2,0,700,16,0,Gal,d18:1,16:0
742,-3.0,0,700,16,0,Gal,d18:1,16:0
743,-2.8,0,700,16,0,Gal,d18:1,16:0
744,-2.6,0,700,16,0,Gal,d18:1,16:0
745,-2.4,0,700,16,0,Gal,d18:1,16:0
746,-2.2,0,700,16,0,Gal,d18:1,16:0
747,-2.0,0,700,16,0,Gal,d18:1,16:0
748,-1.8,0,700,16,0,Gal,d18:1,16:0
749,-1.6,0,700,16,0,Gal,d18:1,16:0
750,-1.4,60,700,16,0,Gal,d18:1,16:0
751,-1.2,820,700,16,0,Gal,d18:1,16:0
752,-1.0,1980,700,16,0,Gal,d18:1,16:0
753,-0.8,3680,700,16,0,Gal,d18:1,16:0
754,-0.6,5340,700,16,0,Gal,d18:1,16:0
755,-0.4,5860,700,16,0,Gal,d18:1,16:0
756,-0.2,5660,700,16,0,Gal,d18:1,16:0
757,0.0,3700,700,16,0,Gal,d18:1,16:0
758,0.2,3280,700,16,0,Gal,d18:1,16:0
759,0.4,2740,700,16,0,Gal,d18:1,16:0
760,0.6,2120,700,16,0,Gal,d18:1,16:0
761,0.8,1560,700,16,0,Gal,d18:1,16:0
762,1.0,580,700,16,0,Gal,d18:1,16:0
763,1.2,80,700,16,0,Gal,d18:1,16:0
764,1.4,0,700,16,0,Gal,d18:1,16:0
765,1.6,0,700,16,0,Gal,d18:1,16:0
766,1.8,0,700,16,0,Gal,d18:1,16:0
767,2.0,0,700,16,0,Gal,d18:1,16:0
768,2.2,0,700,16,0,Gal,d18:1,16:0
769,2.4,0,700,16,0,Gal,d18:1,16:0
770,2.6,0,700,16,0,Gal,d18:1,16:0
771,2.8,0,700,16,0,Gal,d18:1,16:0
772,3.0,0,700,16,0,Gal,d18:1,16:0
773,3.2,0,700,16,0,Gal,d18:1,16:0
774,3.4,0,700,16,0,Gal,d18:1,16:0
775,3.6,0,700,16,0,Gal,d18:1,16:0
776,3.8,0,700,16,0,Gal,d18:1,16:0
777,4.0,0,700,16,0,Gal,d18:1,16:0
778,4.2,0,700,16,0,Gal,d18:1,16:0
779,4.4,0,700,16,0,Gal,d18:1,16:0
780,4.6,0,700,16,0,Gal,d18:1,16:0
781,4.8,0,700,16,0,Gal,d18:1,16:0
782,5.0,0,700,16,0,Gal,d18:1,16:0
783,5.2,0,700,16,0,Gal,d18:1,16:0
784,5.4,0,700,16,0,Gal,d18:1,16:0
785,5.6,0,700,16,0,Gal,d18:1,16:0
786,5.8,0,700,16,0,Gal,d18:1,16:0
787,6.0,0,700,16,0,Gal,d18:1,16:0
788,6.2,0,700,16,0,Gal,d18:1,16:0
789,6.4,0,700,16,0,Gal,d18:1,16:0
790,6.6,0,700,16,0,Gal,d18:1,16:0
791,6.8,0,700,16,0,Gal,d18:1,16:0
792,7.0,0,700,16,0,Gal,d18:1,16:0
793,7.2,0,700,16,0,Gal,d18:1,16:0
794,7.4,0,700,16,0,Gal,d18:1,16:0
795,7.6,0,700,16,0,Gal,d18:1,16:0
796,7.8,0,700,16,0,Gal,d18:1,16:0
797,8.0,0,700,16,0,Gal,d18:1,16:0
798,8.2,0,700,16,0,Gal,d18:1,16:0
799,8.4,0,700,16,0,Gal,d18:1,16:0
800,8.6,0,700,16,0,Gal,d18:1,16:0
801,8.8,0,700,16,0,Gal,d18:1,16:0
802,9.0,0,700,16,0,Gal,d18:1,16:0
803,9.2,0,700,16,0,Gal,d18:1,16:0
804,9.4,0,700,16,0,Gal,d18:1,16:0
805,9.6,0,700,16,0,Gal,d18:1,16:0
806,9.8,0,700,16,0,Gal,d18:1,16:0
807,10.0,0,700,16,0,Gal,d18:1,16:0
808,-10.0,0,800,16,0,Gal,d18:1,16:0
809,-9.8,0,800,16,0,Gal,d18:1,16:0
810,-9.6,0,800,16,0,Gal,d18:1,16:0
811,-9.4,0,800,16,0,Gal,d18:1,16:0
812,-9.2,0,800,16,0,Gal,d18:1,16:0
813,-9.0,0,800,16,0,Gal,d18:1,16:0
814,-8.8,0,800,16,0,Gal,d18:1,16:0
815,-8.6,0,800,16,0,Gal,d18:1,16:0
816,-8.4,0,800,16,0,Gal,d18:1,16:0
817,-8.2,0,800,16,0,Gal,d18:1,16:0
818,-8.0,0,800,16,0,Gal,d18:1,16:0
819,-7.8,0,800,16,0,Gal,d18:1,16:0
820,-7.6,0,800,16,0,Gal,d18:1,16:0
821,-7.4,0,800,16,0,Gal,d18:1,16:0
822,-7.2,0,800,16,0,Gal,d18:1,16:0
823,-7.0,0,800,16,0,Gal,d18:1,16:0
824,-6.8,0,800,16,0,Gal,d18:1,16:0
825,-6.6,0,800,16,0,Gal,d18:1,16:0
826,-6.4,0,800,16,0,Gal,d18:1,16:0
827,-6.2,0,800,16,0,Gal,d18:1,16:0
828,-6.0,0,800,16,0,Gal,d18:1,16:0
829,-5.8,0,800,16,0,Gal,d18:1,16:0
830,-5.6,0,800,16,0,Gal,d18:1,16:0
831,-5.4,0,800,16,0,Gal,d18:1,16:0
832,-5.2,0,800,16,0,Gal,d18:1,16:0
833,-5.0,0,800,16,0,Gal,d18:1,16:0
834,-4.8,0,800,16,0,Gal,d18:1,16:0
835,-4.6,0,800,16,0,Gal,d18:1,16:0
836,-4.4,0,800,16,0,Gal,d18:1,16:0
837,-4.2,0,800,16,0,Gal,d18:1,16:0
838,-4.0,0,800,16,0,Gal,d18:1,16:0
839,-3.8,0,800,16,0,Gal,d18:1,16:0
840,-3.6,0,800,16,0,Gal,d18:1,16:0
841,-3.4,0,800,16,0,Gal,d18:1,16:0
842,-3.2,0,800,16,0,Gal,d18:1,16:0
843,-3.0,0,800,16,0,Gal,d18:1,16:0
844,-2.8,0,800,16,0,Gal,d18:1,16:0
845,-2.6,0,800,16,0,Gal,d18:1,16:0
846,-2.4,0,800,16,0,Gal,d18:1,16:0
847,-2.2,0,800,16,0,Gal,d18:1,16:0
848,-2.0,0,800,16,0,Gal,d18:1,16:0
849,-1.8,0,800,16,0,Gal,d18:1,16:0
850,-1.6,20,800,16,0,Gal,d18:1,16:0
851,-1.4,300,800,16,0,Gal,d18:1,16:0
852,-1.2,500,800,16,0,Gal,d18:1,16:0
853,-1.0,1440,800,16,0,Gal,d18:1,16:0
854,-0.8,2960,800,16,0,Gal,d18:1,16:0
855,-0.6,5180,800,16,0,Gal,d18:1,16:0
856,-0.4,5620,800,16,0,Gal,d18:1,16:0
857,-0.2,5000,800,16,0,Gal,d18:1,16:0
858,0.0,3960,800,16,0,Gal,d18:1,16:0
859,0.2,2600,800,16,0,Gal,d18:1,16:0
860,0.4,1960,800,16,0,Gal,d18:1,16:0
861,0.6,1680,800,16,0,Gal,d18:1,16:0
862,0.8,920,800,16,0,Gal,d18:1,16:0
863,1.0,240,800,16,0,Gal,d18:1,16:0
864,1.2,0,800,16,0,Gal,d18:1,16:0
865,1.4,0,800,16,0,Gal,d18:1,16:0
866,1.6,0,800,16,0,Gal,d18:1,16:0
867,1.8,0,800,16,0,Gal,d18:1,16:0
868,2.0,0,800,16,0,Gal,d18:1,16:0
869,2.2,0,800,16,0,Gal,d18:1,16:0
870,2.4,0,800,16,0,Gal,d18:1,16:0
871,2.6,0,800,16,0,Gal,d18:1,16:0
872,2.8,0,800,16,0,Gal,d18:1,16:0
873,3.0,0,800,16,0,Gal,d18:1,16:0
874,3.2,0,800,16,0,Gal,d18:1,16:0
875,3.4,0,800,16,0,Gal,d18:1,16:0
876,3.6,0,800,16,0,Gal,d18:1,16:0
877,3.8,0,800,16,0,Gal,d18:1,16:0
878,4.0,0,800,16,0,Gal,d18:1,16:0
879,4.2,0,800,16,0,Gal,d18:1,16:0
880,4.4,0,800,16,0,Gal,d18:1,16:0
881,4.6,0,800,16,0,Gal,d18:1,16:0
882,4.8,0,800,16,0,Gal,d18:1,16:0
883,5.0,0,800,16,0,Gal,d18:1,16:0
884,5.2,0,800,16,0,Gal,d18:1,16:0
885,5.4,0,800,16,0,Gal,d18:1,16:0
886,5.6,0,800,16,0,Gal,d18:1,16:0
887,5.8,0,800,16,0,Gal,d18:1,16:0
888,6.0,0,800,16,0,Gal,d18:1,16:0
889,6.2,0,800,16,0,Gal,d18:1,16:0
890,6.4,0,800,16,0,Gal,d18:1,16:0
891,6.6,0,800,16,0,Gal,d18:1,16:0
892,6.8,0,800,16,0,Gal,d18:1,16:0
893,7.0,0,800,16,0,Gal,d18:1,16:0
894,7.2,0,800,16,0,Gal,d18:1,16:0
895,7.4,0,800,16,0,Gal,d18:1,16:0
896,7.6,0,800,16,0,Gal,d18:1,16:0
897,7.8,0,800,16,0,Gal,d18:1,16:0
898,8.0,0,800,16,0,Gal,d18:1,16:0
899,8.2,0,800,16,0,Gal,d18:1,16:0
900,8.4,0,800,16,0,Gal,d18:1,16:0
901,8.6,0,800,16,0,Gal,d18:1,16:0
902,8.8,0,800,16,0,Gal,d18:1,16:0
903,9.0,0,800,16,0,Gal,d18:1,16:0
904,9.2,0,800,16,0,Gal,d18:1,16:0
905,9.4,0,800,16,0,Gal,d18:1,16:0
906,9.6,0,800,16,0,Gal,d18:1,16:0
907,9.8,0,800,16,0,Gal,d18:1,16:0
908,10.0,0,800,16,0,Gal,d18:1,16:0
909,-10.0,0,900,16,0,Gal,d18:1,16:0
910,-9.8,0,900,16,0,Gal,d18:1,16:0
911,-9.6,0,900,16,0,Gal,d18:1,16:0
912,-9.4,0,900,16,0,Gal,d18:1,16:0
913,-9.2,0,900,16,0,Gal,d18:1,16:0
914,-9.0,0,900,16,0,Gal,d18:1,16:0
915,-8.8,0,900,16,0,Gal,d18:1,16:0
916,-8.6,0,900,16,0,Gal,d18:1,16:0
917,-8.4,0,900,16,0,Gal,d18:1,16:0
918,-8.2,0,900,16,0,Gal,d18:1,16:0
919,-8.0,0,900,16,0,Gal,d18:1,16:0
920,-7.8,0,900,16,0,Gal,d18:1,16:0
921,-7.6,0,900,16,0,Gal,d18:1,16:0
922,-7.4,0,900,16,0,Gal,d18:1,16:0
923,-7.2,0,900,16,0,Gal,d18:1,16:0
924,-7.0,0,900,16,0,Gal,d18:1,16:0
925,-6.8,0,900,16,0,Gal,d18:1,16:0
926,-6.6,0,900,16,0,Gal,d18:1,16:0
927,-6.4,0,900,16,0,Gal,d18:1,16:0
928,-6.2,0,900,16,0,Gal,d18:1,16:0
929,-6.0,0,900,16,0,Gal,d18:1,16:0
930,-5.8,0,900,16,0,Gal,d18:1,16:0
931,-5.6,0,900,16,0,Gal,d18:1,16:0
932,-5.4,0,900,16,0,Gal,d18:1,16:0
933,-5.2,0,900,16,0,Gal,d18:1,16:0
934,-5.0,0,900,16,0,Gal,d18:1,16:0
935,-4.8,0,900,16,0,Gal,d18:1,16:0
936,-4.6,0,900,16,0,Gal,d18:1,16:0
937,-4.4,0,900,16,0,Gal,d18:1,16:0
938,-4.2,0,900,16,0,Gal,d18:1,16:0
939,-4.0,0,900,16,0,Gal,d18:1,16:0
940,-3.8,0,900,16,0,Gal,d18:1,16:0
941,-3.6,0,900,16,0,Gal,d18:1,16:0
942,-3.4,0,900,16,0,Gal,d18:1,16:0
943,-3.2,0,900,16,0,Gal,d18:1,16:0
944,-3.0,0,900,16,0,Gal,d18:1,16:0
945,-2.8,0,900,16,0,Gal,d18:1,16:0
946,-2.6,0,900,16,0,Gal,d18:1,16:0
947,-2.4,0,900,16,0,Gal,d18:1,16:0
948,-2.2,0,900,16,0,Gal,d18:1,16:0
949,-2.0,0,900,16,0,Gal,d18:1,16:0
950,-1.8,0,900,16,0,Gal,d18:1,16:0
951,-1.6,0,900,16,0,Gal,d18:1,16:0
952,-1.4,260,900,16,0,Gal,d18:1,16:0
953,-1.2,420,900,16,0,Gal,d18:1,16:0
954,-1.0,1540,900,16,0,Gal,d18:1,16:0
955,-0.8,3820,900,16,0,Gal,d18:1,16:0
956,-0.6,4780,900,16,0,Gal,d18:1,16:0
957,-0.4,6700,900,16,0,Gal,d18:1,16:0
958,-0.2,5740,900,16,0,Gal,d18:1,16:0
959,0.0,5400,900,16,0,Gal,d18:1,16:0
960,0.2,3980,900,16,0,Gal,d18:1,16:0
961,0.4,2900,900,16,0,Gal,d18:1,16:0
962,0.6,1880,900,16,0,Gal,d18:1,16:0
963,0.8,800,900,16,0,Gal,d18:1,16:0
964,1.0,640,900,16,0,Gal,d18:1,16:0
965,1.2,40,900,16,0,Gal,d18:1,16:0
966,1.4,20,900,16,0,Gal,d18:1,16:0
967,1.6,0,900,16,0,Gal,d18:1,16:0
968,1.8,0,900,16,0,Gal,d18:1,16:0
969,2.0,0,900,16,0,Gal,d18:1,16:0
970,2.2,0,900,16,0,Gal,d18:1,16:0
971,2.4,0,900,16,0,Gal,d18:1,16:0
972,2.6,0,900,16,0,Gal,d18:1,16:0
973,2.8,0,900,16,0,Gal,d18:1,16:0
974,3.0,0,900,16,0,Gal,d18:1,16:0
975,3.2,0,900,16,0,Gal,d18:1,16:0
976,3.4,0,900,16,0,Gal,d18:1,16:0
977,3.6,0,900,16,0,Gal,d18:1,16:0
978,3.8,0,900,16,0,Gal,d18:1,16:0
979,4.0,0,900,16,0,Gal,d18:1,16:0
980,4.2,0,900,16,0,Gal,d18:1,16:0
981,4.4,0,900,16,0,Gal,d18:1,16:0
982,4.6,0,900,16,0,Gal,d18:1,16:0
983,4.8,0,900,16,0,Gal,d18:1,16:0
984,5.0,0,900,16,0,Gal,d18:1,16:0
985,5.2,0,900,16,0,Gal,d18:1,16:0
986,5.4,0,900,16,0,Gal,d18:1,16:0
987,5.6,0,900,16,0,Gal,d18:1,16:0
988,5.8,0,900,16,0,Gal,d18:1,16:0
989,6.0,0,900,16,0,Gal,d18:1,16:0
990,6.2,0,900,16,0,Gal,d18:1,16:0
991,6.4,0,900,16,0,Gal,d18:1,16:0
992,6.6,0,900,16,0,Gal,d18:1,16:0
993,6.8,0,900,16,0,Gal,d18:1,16:0
994,7.0,0,900,16,0,Gal,d18:1,16:0
995,7.2,0,900,16,0,Gal,d18:1,16:0
996,7.4,0,900,16,0,Gal,d18:1,16:0
997,7.6,0,900,16,0,Gal,d18:1,16:0
998,7.8,0,900,16,0,Gal,d18:1,16:0
999,8.0,0,900,16,0,Gal,d18:1,16:0
1000,8.2,0,900,16,0,Gal,d18:1,16:0
1001,8.4,0,900,16,0,Gal,d18:1,16:0
1002,8.6,0,900,16,0,Gal,d18:1,16:0
1003,8.8,0,900,16,0,Gal,d18:1,16:0
1004,9.0,0,900,16,0,Gal,d18:1,16:0
1005,9.2,0,900,16,0,Gal,d18:1,16:0
1006,9.4,0,900,16,0,Gal,d18:1,16:0
1007,9.6,0,900,16,0,Gal,d18:1,16:0
1008,9.8,0,900,16,0,Gal,d18:1,16:0
1009,10.0,0,900,16,0,Gal,d18:1,16:0
1010,-10.0,0,1000,16,0,Gal,d18:1,16:0
1011,-9.8,0,1000,16,0,Gal,d18:1,16:0
1012,-9.6,0,1000,16,0,Gal,d18:1,16:0
1013,-9.4,0,1000,16,0,Gal,d18:1,16:0
1014,-9.2,0,1000,16,0,Gal,d18:1,16:0
1015,-9.0,0,1000,16,0,Gal,d18:1,16:0
1016,-8.8,0,1000,16,0,Gal,d18:1,16:0
1017,-8.6,0,1000,16,0,Gal,d18:1,16:0
1018,-8.4,0,1000,16,0,Gal,d18:1,16:0
1019,-8.2,0,1000,16,0,Gal,d18:1,16:0
1020,-8.0,0,1000,16,0,Gal,d18:1,16:0
1021,-7.8,0,1000,16,0,Gal,d18:1,16:0
1022,-7.6,0,1000,16,0,Gal,d18:1,16:0
1023,-7.4,0,1000,16,0,Gal,d18:1,16:0
1024,-7.2,0,1000,16,0,Gal,d18:1,16:0
1025,-7.0,0,1000,16,0,Gal,d18:1,16:0
1026,-6.8,0,1000,16,0,Gal,d18:1,16:0
1027,-6.6,0,1000,16,0,Gal,d18:1,16:0
1028,-6.4,0,1000,16,0,Gal,d18:1,16:0
1029,-6.2,0,1000,16,0,Gal,d18:1,16:0
1030,-6.0,0,1000,16,0,Gal,d18:1,16:0
1031,-5.8,0,1000,16,0,Gal,d18:1,16:0
1032,-5.6,0,1000,16,0,Gal,d18:1,16:0
1033,-5.4,0,1000,16,0,Gal,d18:1,16:0
1034,-5.2,0,1000,16,0,Gal,d18:1,16:0
1035,-5.0,0,1000,16,0,Gal,d18:1,16:0
1036,-4.8,0,1000,16,0,Gal,d18:1,16:0
1037,-4.6,0,1000,16,0,Gal,d18:1,16:0
1038,-4.4,0,1000,16,0,Gal,d18:1,16:0
1039,-4.2,0,1000,16,0,Gal,d18:1,16:0
1040,-4.0,0,1000,16,0,Gal,d18:1,16:0
1041,-3.8,0,1000,16,0,Gal,d18:1,16:0
1042,-3.6,0,1000,16,0,Gal,d18:1,16:0
1043,-3.4,0,1000,16,0,Gal,d18:1,16:0
1044,-3.2,0,1000,16,0,Gal,d18:1,16:0
1045,-3.0,0,1000,16,0,Gal,d18:1,16:0
1046,-2.8,0,1000,16,0,Gal,d18:1,16:0
1047,-2.6,0,1000,16,0,Gal,d18:1,16:0
1048,-2.4,0,1000,16,0,Gal,d18:1,16:0
1049,-2.2,0,1000,16,0,Gal,d18:1,16:0
1050,-2.0,0,1000,16,0,Gal,d18:1,16:0
1051,-1.8,0,1000,16,0,Gal,d18:1,16:0
1052,-1.6,60,1000,16,0,Gal,d18:1,16:0
1053,-1.4,80,1000,16,0,Gal,d18:1,16:0
1054,-1.2,880,1000,16,0,Gal,d18:1,16:0
1055,-1.0,1740,1000,16,0,Gal,d18:1,16:0
1056,-0.8,4220,1000,16,0,Gal,d18:1,16:0
1057,-0.6,6780,1000,16,0,Gal,d18:1,16:0
1058,-0.4,7700,1000,16,0,Gal,d18:1,16:0
1059,-0.2,7100,1000,16,0,Gal,d18:1,16:0
1060,0.0,6580,1000,16,0,Gal,d18:1,16:0
1061,0.2,4620,1000,16,0,Gal,d18:1,16:0
1062,0.4,4120,1000,16,0,Gal,d18:1,16:0
1063,0.6,2180,1000,16,0,Gal,d18:1,16:0
1064,0.8,1020,1000,16,0,Gal,d18:1,16:0
1065,1.0,300,1000,16,0,Gal,d18:1,16:0
1066,1.2,60,1000,16,0,Gal,d18:1,16:0
1067,1.4,20,1000,16,0,Gal,d18:1,16:0
1068,1.6,0,1000,16,0,Gal,d18:1,16:0
1069,1.8,0,1000,16,0,Gal,d18:1,16:0
1070,2.0,0,1000,16,0,Gal,d18:1,16:0
1071,2.2,0,1000,16,0,Gal,d18:1,16:0
1072,2.4,0,1000,16,0,Gal,d18:1,16:0
1073,2.6,0,1000,16,0,Gal,d18:1,16:0
1074,2.8,0,1000,16,0,Gal,d18:1,16:0
1075,3.0,0,1000,16,0,Gal,d18:1,16:0
1076,3.2,0,1000,16,0,Gal,d18:1,16:0
1077,3.4,0,1000,16,0,Gal,d18:1,16:0
1078,3.6,0,1000,16,0,Gal,d18:1,16:0
1079,3.8,0,1000,16,0,Gal,d18:1,16:0
1080,4.0,0,1000,16,0,Gal,d18:1,16:0
1081,4.2,0,1000,16,0,Gal,d18:1,16:0
1082,4.4,0,1000,16,0,Gal,d18:1,16:0
1083,4.6,0,1000,16,0,Gal,d18:1,16:0
1084,4.8,0,1000,16,0,Gal,d18:1,16:0
1085,5.0,0,1000,16,0,Gal,d18:1,16:0
1086,5.2,0,1000,16,0,Gal,d18:1,16:0
1087,5.4,0,1000,16,0,Gal,d18:1,16:0
1088,5.6,0,1000,16,0,Gal,d18:1,16:0
1089,5.8,0,1000,16,0,Gal,d18:1,16:0
1090,6.0,0,1000,16,0,Gal,d18:1,16:0
1091,6.2,0,1000,16,0,Gal,d18:1,16:0
1092,6.4,0,1000,16,0,Gal,d18:1,16:0
1093,6.6,0,1000,16,0,Gal,d18:1,16:0
1094,6.8,0,1000,16,0,Gal,d18:1,16:0
1095,7.0,0,1000,16,0,Gal,d18:1,16:0
1096,7.2,0,1000,16,0,Gal,d18:1,16:0
1097,7.4,0,1000,16,0,Gal,d18:1,16:0
1098,7.6,0,1000,16,0,Gal,d18:1,16:0
1099,7.8,0,1000,16,0,Gal,d18:1,16:0
1100,8.0,0,1000,16,0,Gal,d18:1,16:0
1101,8.2,0,1000,16,0,Gal,d18:1,16:0
1102,8.4,0,1000,16,0,Gal,d18:1,16:0
1103,8.6,0,1000,16,0,Gal,d18:1,16:0
1104,8.8,0,1000,16,0,Gal,d18:1,16:0
1105,9.0,0,1000,16,0,Gal,d18:1,16:0
1106,9.2,0,1000,16,0,Gal,d18:1,16:0
1107,9.4,0,1000,16,0,Gal,d18:1,16:0
1108,9.6,0,1000,16,0,Gal,d18:1,16:0
1109,9.8,0,1000,16,0,Gal,d18:1,16:0
1110,10.0,0,1000,16,0,Gal,d18:1,16:0
1111,-10.0,0,1100,16,0,Gal,d18:1,16:0
1112,-9.8,0,1100,16,0,Gal,d18:1,16:0
1113,-9.6,0,1100,16,0,Gal,d18:1,16:0
1114,-9.4,0,1100,16,0,Gal,d18:1,16:0
1115,-9.2,0,1100,16,0,Gal,d18:1,16:0
1116,-9.0,0,1100,16,0,Gal,d18:1,16:0
1117,-8.8,0,1100,16,0,Gal,d18:1,16:0
1118,-8.6,0,1100,16,0,Gal,d18:1,16:0
1119,-8.4,0,1100,16,0,Gal,d18:1,16:0
1120,-8.2,0,1100,16,0,Gal,d18:1,16:0
1121,-8.0,0,1100,16,0,Gal,d18:1,16:0
1122,-7.8,0,1100,16,0,Gal,d18:1,16:0
1123,-7.6,0,1100,16,0,Gal,d18:1,16:0
1124,-7.4,0,1100,16,0,Gal,d18:1,16:0
1125,-7.2,0,1100,16,0,Gal,d18:1,16:0
1126,-7.0,0,1100,16,0,Gal,d18:1,16:0
1127,-6.8,0,1100,16,0,Gal,d18:1,16:0
1128,-6.6,0,1100,16,0,Gal,d18:1,16:0
1129,-6.4,0,1100,16,0,Gal,d18:1,16:0
1130,-6.2,0,1100,16,0,Gal,d18:1,16:0
1131,-6.0,0,1100,16,0,Gal,d18:1,16:0
1132,-5.8,0,1100,16,0,Gal,d18:1,16:0
1133,-5.6,0,1100,16,0,Gal,d18:1,16:0
1134,-5.4,0,1100,16,0,Gal,d18:1,16:0
1135,-5.2,0,1100,16,0,Gal,d18:1,16:0
1136,-5.0,0,1100,16,0,Gal,d18:1,16:0
1137,-4.8,0,1100,16,0,Gal,d18:1,16:0
1138,-4.6,0,1100,16,0,Gal,d18:1,16:0
1139,-4.4,0,1100,16,0,Gal,d18:1,16:0
1140,-4.2,0,1100,16,0,Gal,d18:1,16:0
1141,-4.0,0,1100,16,0,Gal,d18:1,16:0
1142,-3.8,0,1100,16,0,Gal,d18:1,16:0
1143,-3.6,0,1100,16,0,Gal,d18:1,16:0
1144,-3.4,0,1100,16,0,Gal,d18:1,16:0
1145,-3.2,0,1100,16,0,Gal,d18:1,16:0
1146,-3.0,0,1100,16,0,Gal,d18:1,16:0
1147,-2.8,0,1100,16,0,Gal,d18:1,16:0
1148,-2.6,0,1100,16,0,Gal,d18:1,16:0
1149,-2.4,0,1100,16,0,Gal,d18:1,16:0
1150,-2.2,0,1100,16,0,Gal,d18:1,16:0
1151,-2.0,0,1100,16,0,Gal,d18:1,16:0
1152,-1.8,0,1100,16,0,Gal,d18:1,16:0
1153,-1.6,0,1100,16,0,Gal,d18:1,16:0
1154,-1.4,120,1100,16,0,Gal,d18:1,16:0
1155,-1.2,380,1100,16,0,Gal,d18:1,16:0
1156,-1.0,2360,1100,16,0,Gal,d18:1,16:0
1157,-0.8,4200,1100,16,0,Gal,d18:1,16:0
1158,-0.6,5640,1100,16,0,Gal,d18:1,16:0
1159,-0.4,7520,1100,16,0,Gal,d18:1,16:0
1160,-0.2,5360,1100,16,0,Gal,d18:1,16:0
1161,0.0,6000,1100,16,0,Gal,d18:1,16:0
1162,0.2,3960,1100,16,0,Gal,d18:1,16:0
1163,0.4,2400,1100,16,0,Gal,d18:1,16:0
1164,0.6,2080,1100,16,0,Gal,d18:1,16:0
1165,0.8,780,1100,16,0,Gal,d18:1,16:0
1166,1.0,120,1100,16,0,Gal,d18:1,16:0
1167,1.2,60,1100,16,0,Gal,d18:1,16:0
1168,1.4,0,1100,16,0,Gal,d18:1,16:0
1169,1.6,0,1100,16,0,Gal,d18:1,16:0
1170,1.8,0,1100,16,0,Gal,d18:1,16:0
1171,2.0,0,1100,16,0,Gal,d18:1,16:0
1172,2.2,0,1100,16,0,Gal,d18:1,16:0
1173,2.4,0,1100,16,0,Gal,d18:1,16:0
1174,2.6,0,1100,16,0,Gal,d18:1,16:0
1175,2.8,0,1100,16,0,Gal,d18:1,16:0
1176,3.0,0,1100,16,0,Gal,d18:1,16:0
1177,3.2,0,1100,16,0,Gal,d18:1,16:0
1178,3.4,0,1100,16,0,Gal,d18:1,16:0
1179,3.6,0,1100,16,0,Gal,d18:1,16:0
1180,3.8,0,1100,16,0,Gal,d18:1,16:0
1181,4.0,0,1100,16,0,Gal,d18:1,16:0
1182,4.2,0,1100,16,0,Gal,d18:1,16:0
1183,4.4,0,1100,16,0,Gal,d18:1,16:0
1184,4.6,0,1100,16,0,Gal,d18:1,16:0
1185,4.8,0,1100,16,0,Gal,d18:1,16:0
1186,5.0,0,1100,16,0,Gal,d18:1,16:0
1187,5.2,0,1100,16,0,Gal,d18:1,16:0
1188,5.4,0,1100,16,0,Gal,d18:1,16:0
1189,5.6,0,1100,16,0,Gal,d18:1,16:0
1190,5.8,0,1100,16,0,Gal,d18:1,16:0
1191,6.0,0,1100,16,0,Gal,d18:1,16:0
1192,6.2,0,1100,16,0,Gal,d18:1,16:0
1193,6.4,0,1100,16,0,Gal,d18:1,16:0
1194,6.6,0,1100,16,0,Gal,d18:1,16:0
1195,6.8,0,1100,16,0,Gal,d18:1,16:0
1196,7.0,0,1100,16,0,Gal,d18:1,16:0
1197,7.2,0,1100,16,0,Gal,d18:1,16:0
1198,7.4,0,1100,16,0,Gal,d18:1,16:0
1199,7.6,0,1100,16,0,Gal,d18:1,16:0
1200,7.8,0,1100,16,0,Gal,d18:1,16:0
1201,8.0,0,1100,16,0,Gal,d18:1,16:0
1202,8.2,0,1100,16,0,Gal,d18:1,16:0
1203,8.4,0,1100,16,0,Gal,d18:1,16:0
1204,8.6,0,1100,16,0,Gal,d18:1,16:0
1205,8.8,0,1100,16,0,Gal,d18:1,16:0
1206,9.0,0,1100,16,0,Gal,d18:1,16:0
1207,9.2,0,1100,16,0,Gal,d18:1,16:0
1208,9.4,0,1100,16,0,Gal,d18:1,16:0
1209,9.6,0,1100,16,0,Gal,d18:1,16:0
1210,9.8,0,1100,16,0,Gal,d18:1,16:0
1211,10.0,0,1100,16,0,Gal,d18:1,16:0
1212,-10.0,0,1200,16,0,Gal,d18:1,16:0
1213,-9.8,0,1200,16,0,Gal,d18:1,16:0
1214,-9.6,0,1200,16,0,Gal,d18:1,16:0
1215,-9.4,0,1200,16,0,Gal,d18:1,16:0
1216,-9.2,0,1200,16,0,Gal,d18:1,16:0
1217,-9.0,0,1200,16,0,Gal,d18:1,16:0
1218,-8.8,0,1200,16,0,Gal,d18:1,16:0
1219,-8.6,0,1200,16,0,Gal,d18:1,16:0
1220,-8.4,0,1200,16,0,Gal,d18:1,16:0
1221,-8.2,0,1200,16,0,Gal,d18:1,16:0
1222,-8.0,0,1200,16,0,Gal,d18:1,16:0
1223,-7.8,0,1200,16,0,Gal,d18:1,16:0
1224,-7.6,0,1200,16,0,Gal,d18:1,16:0
1225,-7.4,0,1200,16,0,Gal,d18:1,16:0
1226,-7.2,0,1200,16,0,Gal,d18:1,16:0
1227,-7.0,0,1200,16,0,Gal,d18:1,16:0
1228,-6.8,0,1200,16,0,Gal,d18:1,16:0
1229,-6.6,0,1200,16,0,Gal,d18:1,16:0
1230,-6.4,0,1200,16,0,Gal,d18:1,16:0
1231,-6.2,0,1200,16,0,Gal,d18:1,16:0
1232,-6.0,0,1200,16,0,Gal,d18:1,16:0
1233,-5.8,0,1200,16,0,Gal,d18:1,16:0
1234,-5.6,0,1200,16,0,Gal,d18:1,16:0
1235,-5.4,0,1200,16,0,Gal,d18:1,16:0
1236,-5.2,0,1200,16,0,Gal,d18:1,16:0
1237,-5.0,0,1200,16,0,Gal,d18:1,16:0
1238,-4.8,0,1200,16,0,Gal,d18:1,16:0
1239,-4.6,0,1200,16,0,Gal,d18:1,16:0
1240,-4.4,0,1200,16,0,Gal,d18:1,16:0
1241,-4.2,0,1200,16,0,Gal,d18:1,16:0
1242,-4.0,0,1200,16,0,Gal,d18:1,16:0
1243,-3.8,0,1200,16,0,Gal,d18:1,16:0
1244,-3.6,0,1200,16,0,Gal,d18:1,16:0
1245,-3.4,0,1200,16,0,Gal,d18:1,16:0
1246,-3.2,0,1200,16,0,Gal,d18:1,16:0
1247,-3.0,0,1200,16,0,Gal,d18:1,16:0
1248,-2.8,0,1200,16,0,Gal,d18:1,16:0
1249,-2.6,0,1200,16,0,Gal,d18:1,16:0
1250,-2.4,0,1200,16,0,Gal,d18:1,16:0
1251,-2.2,0,1200,16,0,Gal,d18:1,16:0
1252,-2.0,0,1200,16,0,Gal,d18:1,16:0
1253,-1.8,0,1200,16,0,Gal,d18:1,16:0
1254,-1.6,0,1200,16,0,Gal,d18:1,16:0
1255,-1.4,140,1200,16,0,Gal,d18:1,16:0
1256,-1.2,1060,1200,16,0,Gal,d18:1,16:0
1257,-1.0,2640,1200,16,0,Gal,d18:1,16:0
1258,-0.8,5500,1200,16,0,Gal,d18:1,16:0
1259,-0.6,7480,1200,16,0,Gal,d18:1,16:0
1260,-0.4,9020,1200,16,0,Gal,d18:1,16:0
1261,-0.2,8280,1200,16,0,Gal,d18:1,16:0
1262,0.0,6640,1200,16,0,Gal,d18:1,16:0
1263,0.2,5400,1200,16,0,Gal,d18:1,16:0
1264,0.4,3480,1200,16,0,Gal,d18:1,16:0
1265,0.6,1740,1200,16,0,Gal,d18:1,16:0
1266,0.8,660,1200,16,0,Gal,d18:1,16:0
1267,1.0,180,1200,16,0,Gal,d18:1,16:0
1268,1.2,40,1200,16,0,Gal,d18:1,16:0
1269,1.4,0,1200,16,0,Gal,d18:1,16:0
1270,1.6,0,1200,16,0,Gal,d18:1,16:0
1271,1.8,0,1200,16,0,Gal,d18:1,16:0
1272,2.0,0,1200,16,0,Gal,d18:1,16:0
1273,2.2,0,1200,16,0,Gal,d18:1,16:0
1274,2.4,0,1200,16,0,Gal,d18:1,16:0
1275,2.6,0,1200,16,0,Gal,d18:1,16:0
1276,2.8,0,1200,16,0,Gal,d18:1,16:0
1277,3.0,0,1200,16,0,Gal,d18:1,16:0
1278,3.2,0,1200,16,0,Gal,d18:1,16:0
1279,3.4,0,1200,16,0,Gal,d18:1,16:0
1280,3.6,0,1200,16,0,Gal,d18:1,16:0
1281,3.8,0,1200,16,0,Gal,d18:1,16:0
1282,4.0,0,1200,16,0,Gal,d18:1,16:0
1283,4.2,0,1200,16,0,Gal,d18:1,16:0
1284,4.4,0,1200,16,0,Gal,d18:1,16:0
1285,4.6,0,1200,16,0,Gal,d18:1,16:0
1286,4.8,0,1200,16,0,Gal,d18:1,16:0
1287,5.0,0,1200,16,0,Gal,d18:1,16:0
1288,5.2,0,1200,16,0,Gal,d18:1,16:0
1289,5.4,0,1200,16,0,Gal,d18:1,16:0
1290,5.6,0,1200,16,0,Gal,d18:1,16:0
1291,5.8,0,1200,16,0,Gal,d18:1,16:0
1292,6.0,0,1200,16,0,Gal,d18:1,16:0
1293,6.2,0,1200,16,0,Gal,d18:1,16:0
1294,6.4,0,1200,16,0,Gal,d18:1,16:0
1295,6.6,0,1200,16,0,Gal,d18:1,16:0
1296,6.8,0,1200,16,0,Gal,d18:1,16:0
1297,7.0,0,1200,16,0,Gal,d18:1,16:0
1298,7.2,0,1200,16,0,Gal,d18:1,16:0
1299,7.4,0,1200,16,0,Gal,d18:1,16:0
1300,7.6,20,1200,16,0,Gal,d18:1,16:0
1301,7.8,0,1200,16,0,Gal,d18:1,16:0
1302,8.0,0,1200,16,0,Gal,d18:1,16:0
1303,8.2,0,1200,16,0,Gal,d18:1,16:0
1304,8.4,0,1200,16,0,Gal,d18:1,16:0
1305,8.6,0,1200,16,0,Gal,d18:1,16:0
1306,8.8,0,1200,16,0,Gal,d18:1,16:0
1307,9.0,0,1200,16,0,Gal,d18:1,16:0
1308,9.2,0,1200,16,0,Gal,d18:1,16:0
1309,9.4,0,1200,16,0,Gal,d18:1,16:0
1310,9.6,0,1200,16,0,Gal,d18:1,16:0
1311,9.8,0,1200,16,0,Gal,d18:1,16:0
1312,10.0,0,1200,16,0,Gal,d18:1,16:0
1313,-10.0,0,1300,16,0,Gal,d18:1,16:0
1314,-9.8,0,1300,16,0,Gal,d18:1,16:0
1315,-9.6,0,1300,16,0,Gal,d18:1,16:0
1316,-9.4,0,1300,16,0,Gal,d18:1,16:0
1317,-9.2,0,1300,16,0,Gal,d18:1,16:0
1318,-9.0,0,1300,16,0,Gal,d18:1,16:0
1319,-8.8,0,1300,16,0,Gal,d18:1,16:0
1320,-8.6,0,1300,16,0,Gal,d18:1,16:0
1321,-8.4,0,1300,16,0,Gal,d18:1,16:0
1322,-8.2,0,1300,16,0,Gal,d18:1,16:0
1323,-8.0,0,1300,16,0,Gal,d18:1,16:0
1324,-7.8,0,1300,16,0,Gal,d18:1,16:0
1325,-7.6,0,1300,16,0,Gal,d18:1,16:0
1326,-7.4,0,1300,16,0,Gal,d18:1,16:0
1327,-7.2,0,1300,16,0,Gal,d18:1,16:0
1328,-7.0,0,1300,16,0,Gal,d18:1,16:0
1329,-6.8,0,1300,16,0,Gal,d18:1,16:0
1330,-6.6,0,1300,16,0,Gal,d18:1,16:0
1331,-6.4,0,1300,16,0,Gal,d18:1,16:0
1332,-6.2,0,1300,16,0,Gal,d18:1,16:0
1333,-6.0,0,1300,16,0,Gal,d18:1,16:0
1334,-5.8,0,1300,16,0,Gal,d18:1,16:0
1335,-5.6,0,1300,16,0,Gal,d18:1,16:0
1336,-5.4,0,1300,16,0,Gal,d18:1,16:0
1337,-5.2,0,1300,16,0,Gal,d18:1,16:0
1338,-5.0,0,1300,16,0,Gal,d18:1,16:0
1339,-4.8,0,1300,16,0,Gal,d18:1,16:0
1340,-4.6,0,1300,16,0,Gal,d18:1,16:0
1341,-4.4,0,1300,16,0,Gal,d18:1,16:0
1342,-4.2,0,1300,16,0,Gal,d18:1,16:0
1343,-4.0,0,1300,16,0,Gal,d18:1,16:0
1344,-3.8,0,1300,16,0,Gal,d18:1,16:0
1345,-3.6,0,1300,16,0,Gal,d18:1,16:0
1346,-3.4,0,1300,16,0,Gal,d18:1,16:0
1347,-3.2,0,1300,16,0,Gal,d18:1,16:0
1348,-3.0,0,1300,16,0,Gal,d18:1,16:0
1349,-2.8,0,1300,16,0,Gal,d18:1,16:0
1350,-2.6,0,1300,16,0,Gal,d18:1,16:0
1351,-2.4,0,1300,16,0,Gal,d18:1,16:0
1352,-2.2,0,1300,16,0,Gal,d18:1,16:0
1353,-2.0,0,1300,16,0,Gal,d18:1,16:0
1354,-1.8,0,1300,16,0,Gal,d18:1,16:0
1355,-1.6,0,1300,16,0,Gal,d18:1,16:0
1356,-1.4,220,1300,16,0,Gal,d18:1,16:0
1357,-1.2,820,1300,16,0,Gal,d18:1,16:0
1358,-1.0,2920,1300,16,0,Gal,d18:1,16:0
1359,-0.8,5940,1300,16,0,Gal,d18:1,16:0
1360,-0.6,7800,1300,16,0,Gal,d18:1,16:0
1361,-0.4,7720,1300,16,0,Gal,d18:1,16:0
1362,-0.2,7600,1300,16,0,Gal,d18:1,16:0
1363,0.0,5520,1300,16,0,Gal,d18:1,16:0
1364,0.2,4440,1300,16,0,Gal,d18:1,16:0
1365,0.4,2660,1300,16,0,Gal,d18:1,16:0
1366,0.6,1500,1300,16,0,Gal,d18:1,16:0
1367,0.8,320,1300,16,0,Gal,d18:1,16:0
1368,1.0,140,1300,16,0,Gal,d18:1,16:0
1369,1.2,0,1300,16,0,Gal,d18:1,16:0
1370,1.4,100,1300,16,0,Gal,d18:1,16:0
1371,1.6,0,1300,16,0,Gal,d18:1,16:0
1372,1.8,0,1300,16,0,Gal,d18:1,16:0
1373,2.0,0,1300,16,0,Gal,d18:1,16:0
1374,2.2,0,1300,16,0,Gal,d18:1,16:0
1375,2.4,0,1300,16,0,Gal,d18:1,16:0
1376,2.6,0,1300,16,0,Gal,d18:1,16:0
1377,2.8,0,1300,16,0,Gal,d18:1,16:0
1378,3.0,0,1300,16,0,Gal,d18:1,16:0
1379,3.2,0,1300,16,0,Gal,d18:1,16:0
1380,3.4,0,1300,16,0,Gal,d18:1,16:0
1381,3.6,0,1300,16,0,Gal,d18:1,16:0
1382,3.8,0,1300,16,0,Gal,d18:1,16:0
1383,4.0,0,1300,16,0,Gal,d18:1,16:0
1384,4.2,0,1300,16,0,Gal,d18:1,16:0
1385,4.4,0,1300,16,0,Gal,d18:1,16:0
1386,4.6,0,1300,16,0,Gal,d18:1,16:0
1387,4.8,0,1300,16,0,Gal,d18:1,16:0
1388,5.0,0,1300,16,0,Gal,d18:1,16:0
1389,5.2,0,1300,16,0,Gal,d18:1,16:0
1390,5.4,0,1300,16,0,Gal,d18:1,16:0
1391,5.6,0,1300,16,0,Gal,d18:1,16:0
1392,5.8,0,1300,16,0,Gal,d18:1,16:0
1393,6.0,0,1300,16,0,Gal,d18:1,16:0
1394,6.2,0,1300,16,0,Gal,d18:1,16:0
1395,6.4,0,1300,16,0,Gal,d18:1,16:0
1396,6.6,0,1300,16,0,Gal,d18:1,16:0
1397,6.8,0,1300,16,0,Gal,d18:1,16:0
1398,7.0,0,1300,16,0,Gal,d18:1,16:0
1399,7.2,0,1300,16,0,Gal,d18:1,16:0
1400,7.4,0,1300,16,0,Gal,d18:1,16:0
1401,7.6,0,1300,16,0,Gal,d18:1,16:0
1402,7.8,0,1300,16,0,Gal,d18:1,16:0
1403,8.0,0,1300,16,0,Gal,d18:1,16:0
1404,8.2,0,1300,16,0,Gal,d18:1,16:0
1405,8.4,0,1300,16,0,Gal,d18:1,16:0
1406,8.6,0,1300,16,0,Gal,d18:1,16:0
1407,8.8,0,1300,16,0,Gal,d18:1,16:0
1408,9.0,0,1300,16,0,Gal,d18:1,16:0
1409,9.2,0,1300,16,0,Gal,d18:1,16:0
1410,9.4,0,1300,16,0,Gal,d18:1,16:0
1411,9.6,0,1300,16,0,Gal,d18:1,16:0
1412,9.8,0,1300,16,0,Gal,d18:1,16:0
1413,10.0,0,1300,16,0,Gal,d18:1,16:0
1414,-10.0,0,1400,16,0,Gal,d18:1,16:0
1415,-9.8,0,1400,16,0,Gal,d18:1,16:0
1416,-9.6,0,1400,16,0,Gal,d18:1,16:0
1417,-9.4,0,1400,16,0,Gal,d18:1,16:0
1418,-9.2,0,1400,16,0,Gal,d18:1,16:0
1419,-9.0,0,1400,16,0,Gal,d18:1,16:0
1420,-8.8,0,1400,16,0,Gal,d18:1,16:0
1421,-8.6,0,1400,16,0,Gal,d18:1,16:0
1422,-8.4,0,1400,16,0,Gal,d18:1,16:0
1423,-8.2,0,1400,16,0,Gal,d18:1,16:0
1424,-8.0,0,1400,16,0,Gal,d18:1,16:0
1425,-7.8,0,1400,16,0,Gal,d18:1,16:0
1426,-7.6,0,1400,16,0,Gal,d18:1,16:0
1427,-7.4,0,1400,16,0,Gal,d18:1,16:0
1428,-7.2,0,1400,16,0,Gal,d18:1,16:0
1429,-7.0,0,1400,16,0,Gal,d18:1,16:0
1430,-6.8,0,1400,16,0,Gal,d18:1,16:0
1431,-6.6,0,1400,16,0,Gal,d18:1,16:0
1432,-6.4,0,1400,16,0,Gal,d18:1,16:0
1433,-6.2,0,1400,16,0,Gal,d18:1,16:0
1434,-6.0,0,1400,16,0,Gal,d18:1,16:0
1435,-5.8,0,1400,16,0,Gal,d18:1,16:0
1436,-5.6,0,1400,16,0,Gal,d18:1,16:0
1437,-5.4,0,1400,16,0,Gal,d18:1,16:0
1438,-5.2,0,1400,16,0,Gal,d18:1,16:0
1439,-5.0,0,1400,16,0,Gal,d18:1,16:0
1440,-4.8,0,1400,16,0,Gal,d18:1,16:0
1441,-4.6,0,1400,16,0,Gal,d18:1,16:0
1442,-4.4,0,1400,16,0,Gal,d18:1,16:0
1443,-4.2,0,1400,16,0,Gal,d18:1,16:0
1444,-4.0,0,1400,16,0,Gal,d18:1,16:0
1445,-3.8,0,1400,16,0,Gal,d18:1,16:0
1446,-3.6,0,1400,16,0,Gal,d18:1,16:0
1447,-3.4,0,1400,16,0,Gal,d18:1,16:0
1448,-3.2,0,1400,16,0,Gal,d18:1,16:0
1449,-3.0,0,1400,16,0,Gal,d18:1,16:0
1450,-2.8,0,1400,16,0,Gal,d18:1,16:0
1451,-2.6,0,1400,16,0,Gal,d18:1,16:0
1452,-2.4,0,1400,16,0,Gal,d18:1,16:0
1453,-2.2,0,1400,16,0,Gal,d18:1,16:0
1454,-2.0,0,1400,16,0,Gal,d18:1,16:0
1455,-1.8,0,1400,16,0,Gal,d18:1,16:0
1456,-1.6,0,1400,16,0,Gal,d18:1,16:0
1457,-1.4,180,1400,16,0,Gal,d18:1,16:0
1458,-1.2,1140,1400,16,0,Gal,d18:1,16:0
1459,-1.0,2740,1400,16,0,Gal,d18:1,16:0
1460,-0.8,5400,1400,16,0,Gal,d18:1,16:0
1461,-0.6,8820,1400,16,0,Gal,d18:1,16:0
1462,-0.4,11320,1400,16,0,Gal,d18:1,16:0
1463,-0.2,9200,1400,16,0,Gal,d18:1,16:0
1464,0.0,6840,1400,16,0,Gal,d18:1,16:0
1465,0.2,4980,1400,16,0,Gal,d18:1,16:0
1466,0.4,2820,1400,16,0,Gal,d18:1,16:0
1467,0.6,1340,1400,16,0,Gal,d18:1,16:0
1468,0.8,420,1400,16,0,Gal,d18:1,16:0
1469,1.0,200,1400,16,0,Gal,d18:1,16:0
1470,1.2,0,1400,16,0,Gal,d18:1,16:0
1471,1.4,0,1400,16,0,Gal,d18:1,16:0
1472,1.6,0,1400,16,0,Gal,d18:1,16:0
1473,1.8,0,1400,16,0,Gal,d18:1,16:0
1474,2.0,0,1400,16,0,Gal,d18:1,16:0
1475,2.2,0,1400,16,0,Gal,d18:1,16:0
1476,2.4,0,1400,16,0,Gal,d18:1,16:0
1477,2.6,0,1400,16,0,Gal,d18:1,16:0
1478,2.8,0,1400,16,0,Gal,d18:1,16:0
1479,3.0,0,1400,16,0,Gal,d18:1,16:0
1480,3.2,0,1400,16,0,Gal,d18:1,16:0
1481,3.4,0,1400,16,0,Gal,d18:1,16:0
1482,3.6,0,1400,16,0,Gal,d18:1,16:0
1483,3.8,0,1400,16,0,Gal,d18:1,16:0
1484,4.0,0,1400,16,0,Gal,d18:1,16:0
1485,4.2,0,1400,16,0,Gal,d18:1,16:0
1486,4.4,0,1400,16,0,Gal,d18:1,16:0
1487,4.6,0,1400,16,0,Gal,d18:1,16:0
1488,4.8,0,1400,16,0,Gal,d18:1,16:0
1489,5.0,0,1400,16,0,Gal,d18:1,16:0
1490,5.2,0,1400,16,0,Gal,d18:1,16:0
1491,5.4,0,1400,16,0,Gal,d18:1,16:0
1492,5.6,0,1400,16,0,Gal,d18:1,16:0
1493,5.8,0,1400,16,0,Gal,d18:1,16:0
1494,6.0,0,1400,16,0,Gal,d18:1,16:0
1495,6.2,0,1400,16,0,Gal,d18:1,16:0
1496,6.4,0,1400,16,0,Gal,d18:1,16:0
1497,6.6,0,1400,16,0,Gal,d18:1,16:0
1498,6.8,0,1400,16,0,Gal,d18:1,16:0
1499,7.0,0,1400,16,0,Gal,d18:1,16:0
1500,7.2,0,1400,16,0,Gal,d18:1,16:0
1501,7.4,0,1400,16,0,Gal,d18:1,16:0
1502,7.6,0,1400,16,0,Gal,d18:1,16:0
1503,7.8,0,1400,16,0,Gal,d18:1,16:0
1504,8.0,0,1400,16,0,Gal,d18:1,16:0
1505,8.2,0,1400,16,0,Gal,d18:1,16:0
1506,8.4,0,1400,16,0,Gal,d18:1,16:0
1507,8.6,0,1400,16,0,Gal,d18:1,16:0
1508,8.8,0,1400,16,0,Gal,d18:1,16:0
1509,9.0,0,1400,16,0,Gal,d18:1,16:0
1510,9.2,0,1400,16,0,Gal,d18:1,16:0
1511,9.4,0,1400,16,0,Gal,d18:1,16:0
1512,9.6,0,1400,16,0,Gal,d18:1,16:0
1513,9.8,0,1400,16,0,Gal,d18:1,16:0
1514,10.0,0,1400,16,0,Gal,d18:1,16:0
1515,-10.0,0,1500,16,0,Gal,d18:1,16:0
1516,-9.8,0,1500,16,0,Gal,d18:1,16:0
1517,-9.6,0,1500,16,0,Gal,d18:1,16:0
1518,-9.4,0,1500,16,0,Gal,d18:1,16:0
1519,-9.2,0,1500,16,0,Gal,d18:1,16:0
1520,-9.0,0,1500,16,0,Gal,d18:1,16:0
1521,-8.8,0,1500,16,0,Gal,d18:1,16:0
1522,-8.6,0,1500,16,0,Gal,d18:1,16:0
1523,-8.4,0,1500,16,0,Gal,d18:1,16:0
1524,-8.2,0,1500,16,0,Gal,d18:1,16:0
1525,-8.0,0,1500,16,0,Gal,d18:1,16:0
1526,-7.8,0,1500,16,0,Gal,d18:1,16:0
1527,-7.6,0,1500,16,0,Gal,d18:1,16:0
1528,-7.4,0,1500,16,0,Gal,d18:1,16:0
1529,-7.2,0,1500,16,0,Gal,d18:1,16:0
1530,-7.0,0,1500,16,0,Gal,d18:1,16:0
1531,-6.8,0,1500,16,0,Gal,d18:1,16:0
1532,-6.6,0,1500,16,0,Gal,d18:1,16:0
1533,-6.4,0,1500,16,0,Gal,d18:1,16:0
1534,-6.2,0,1500,16,0,Gal,d18:1,16:0
1535,-6.0,0,1500,16,0,Gal,d18:1,16:0
1536,-5.8,0,1500,16,0,Gal,d18:1,16:0
1537,-5.6,0,1500,16,0,Gal,d18:1,16:0
1538,-5.4,0,1500,16,0,Gal,d18:1,16:0
1539,-5.2,0,1500,16,0,Gal,d18:1,16:0
1540,-5.0,0,1500,16,0,Gal,d18:1,16:0
1541,-4.8,0,1500,16,0,Gal,d18:1,16:0
1542,-4.6,0,1500,16,0,Gal,d18:1,16:0
1543,-4.4,0,1500,16,0,Gal,d18:1,16:0
1544,-4.2,0,1500,16,0,Gal,d18:1,16:0
1545,-4.0,0,1500,16,0,Gal,d18:1,16:0
1546,-3.8,0,1500,16,0,Gal,d18:1,16:0
1547,-3.6,0,1500,16,0,Gal,d18:1,16:0
1548,-3.4,0,1500,16,0,Gal,d18:1,16:0
1549,-3.2,0,1500,16,0,Gal,d18:1,16:0
1550,-3.0,0,1500,16,0,Gal,d18:1,16:0
1551,-2.8,0,1500,16,0,Gal,d18:1,16:0
1552,-2.6,0,1500,16,0,Gal,d18:1,16:0
1553,-2.4,0,1500,16,0,Gal,d18:1,16:0
1554,-2.2,0,1500,16,0,Gal,d18:1,16:0
1555,-2.0,0,1500,16,0,Gal,d18:1,16:0
1556,-1.8,0,1500,16,0,Gal,d18:1,16:0
1557,-1.6,100,1500,16,0,Gal,d18:1,16:0
1558,-1.4,340,1500,16,0,Gal,d18:1,16:0
1559,-1.2,1260,1500,16,0,Gal,d18:1,16:0
1560,-1.0,4460,1500,16,0,Gal,d18:1,16:0
1561,-0.8,8600,1500,16,0,Gal,d18:1,16:0
1562,-0.6,10240,1500,16,0,Gal,d18:1,16:0
1563,-0.4,10680,1500,16,0,Gal,d18:1,16:0
1564,-0.2,9320,1500,16,0,Gal,d18:1,16:0
1565,0.0,6660,1500,16,0,Gal,d18:1,16:0
1566,0.2,4800,1500,16,0,Gal,d18:1,16:0
1567,0.4,3640,1500,16,0,Gal,d18:1,16:0
1568,0.6,1400,1500,16,0,Gal,d18:1,16:0
1569,0.8,320,1500,16,0,Gal,d18:1,16:0
1570,1.0,300,1500,16,0,Gal,d18:1,16:0
1571,1.2,40,1500,16,0,Gal,d18:1,16:0
1572,1.4,0,1500,16,0,Gal,d18:1,16:0
1573,1.6,0,1500,16,0,Gal,d18:1,16:0
1574,1.8,0,1500,16,0,Gal,d18:1,16:0
1575,2.0,0,1500,16,0,Gal,d18:1,16:0
1576,2.2,0,1500,16,0,Gal,d18:1,16:0
1577,2.4,0,1500,16,0,Gal,d18:1,16:0
1578,2.6,0,1500,16,0,Gal,d18:1,16:0
1579,2.8,0,1500,16,0,Gal,d18:1,16:0
1580,3.0,0,1500,16,0,Gal,d18:1,16:0
1581,3.2,0,1500,16,0,Gal,d18:1,16:0
1582,3.4,0,1500,16,0,Gal,d18:1,16:0
1583,3.6,0,1500,16,0,Gal,d18:1,16:0
1584,3.8,0,1500,16,0,Gal,d18:1,16:0
1585,4.0,0,1500,16,0,Gal,d18:1,16:0
1586,4.2,0,1500,16,0,Gal,d18:1,16:0
1587,4.4,0,1500,16,0,Gal,d18:1,16:0
1588,4.6,0,1500,16,0,Gal,d18:1,16:0
1589,4.8,0,1500,16,0,Gal,d18:1,16:0
1590,5.0,0,1500,16,0,Gal,d18:1,16:0
1591,5.2,0,1500,16,0,Gal,d18:1,16:0
1592,5.4,0,1500,16,0,Gal,d18:1,16:0
1593,5.6,0,1500,16,0,Gal,d18:1,16:0
1594,5.8,0,1500,16,0,Gal,d18:1,16:0
1595,6.0,0,1500,16,0,Gal,d18:1,16:0
1596,6.2,0,1500,16,0,Gal,d18:1,16:0
1597,6.4,0,1500,16,0,Gal,d18:1,16:0
1598,6.6,0,1500,16,0,Gal,d18:1,16:0
1599,6.8,0,1500,16,0,Gal,d18:1,16:0
1600,7.0,0,1500,16,0,Gal,d18:1,16:0
1601,7.2,0,1500,16,0,Gal,d18:1,16:0
1602,7.4,0,1500,16,0,Gal,d18:1,16:0
1603,7.6,0,1500,16,0,Gal,d18:1,16:0
1604,7.8,0,1500,16,0,Gal,d18:1,16:0
1605,8.0,0,1500,16,0,Gal,d18:1,16:0
1606,8.2,0,1500,16,0,Gal,d18:1,16:0
1607,8.4,0,1500,16,0,Gal,d18:1,16:0
1608,8.6,0,1500,16,0,Gal,d18:1,16:0
1609,8.8,0,1500,16,0,Gal,d18:1,16:0
1610,9.0,0,1500,16,0,Gal,d18:1,16:0
1611,9.2,0,1500,16,0,Gal,d18:1,16:0
1612,9.4,0,1500,16,0,Gal,d18:1,16:0
1613,9.6,0,1500,16,0,Gal,d18:1,16:0
1614,9.8,0,1500,16,0,Gal,d18:1,16:0
1615,10.0,0,1500,16,0,Gal,d18:1,16:0
1616,-10.0,0,1600,16,0,Gal,d18:1,16:0
1617,-9.8,0,1600,16,0,Gal,d18:1,16:0
1618,-9.6,0,1600,16,0,Gal,d18:1,16:0
1619,-9.4,0,1600,16,0,Gal,d18:1,16:0
1620,-9.2,0,1600,16,0,Gal,d18:1,16:0
1621,-9.0,0,1600,16,0,Gal,d18:1,16:0
1622,-8.8,0,1600,16,0,Gal,d18:1,16:0
1623,-8.6,0,1600,16,0,Gal,d18:1,16:0
1624,-8.4,0,1600,16,0,Gal,d18:1,16:0
1625,-8.2,0,1600,16,0,Gal,d18:1,16:0
1626,-8.0,0,1600,16,0,Gal,d18:1,16:0
1627,-7.8,0,1600,16,0,Gal,d18:1,16:0
1628,-7.6,0,1600,16,0,Gal,d18:1,16:0
1629,-7.4,0,1600,16,0,Gal,d18:1,16:0
1630,-7.2,0,1600,16,0,Gal,d18:1,16:0
1631,-7.0,0,1600,16,0,Gal,d18:1,16:0
1632,-6.8,0,1600,16,0,Gal,d18:1,16:0
1633,-6.6,0,1600,16,0,Gal,d18:1,16:0
1634,-6.4,0,1600,16,0,Gal,d18:1,16:0
1635,-6.2,0,1600,16,0,Gal,d18:1,16:0
1636,-6.0,0,1600,16,0,Gal,d18:1,16:0
1637,-5.8,0,1600,16,0,Gal,d18:1,16:0
1638,-5.6,0,1600,16,0,Gal,d18:1,16:0
1639,-5.4,0,1600,16,0,Gal,d18:1,16:0
1640,-5.2,0,1600,16,0,Gal,d18:1,16:0
1641,-5.0,0,1600,16,0,Gal,d18:1,16:0
1642,-4.8,0,1600,16,0,Gal,d18:1,16:0
1643,-4.6,0,1600,16,0,Gal,d18:1,16:0
1644,-4.4,0,1600,16,0,Gal,d18:1,16:0
1645,-4.2,0,1600,16,0,Gal,d18:1,16:0
1646,-4.0,0,1600,16,0,Gal,d18:1,16:0
1647,-3.8,0,1600,16,0,Gal,d18:1,16:0
1648,-3.6,0,1600,16,0,Gal,d18:1,16:0
1649,-3.4,0,1600,16,0,Gal,d18:1,16:0
1650,-3.2,0,1600,16,0,Gal,d18:1,16:0
1651,-3.0,0,1600,16,0,Gal,d18:1,16:0
1652,-2.8,0,1600,16,0,Gal,d18:1,16:0
1653,-2.6,0,1600,16,0,Gal,d18:1,16:0
1654,-2.4,0,1600,16,0,Gal,d18:1,16:0
1655,-2.2,0,1600,16,0,Gal,d18:1,16:0
1656,-2.0,0,1600,16,0,Gal,d18:1,16:0
1657,-1.8,0,1600,16,0,Gal,d18:1,16:0
1658,-1.6,20,1600,16,0,Gal,d18:1,16:0
1659,-1.4,300,1600,16,0,Gal,d18:1,16:0
1660,-1.2,1720,1600,16,0,Gal,d18:1,16:0
1661,-1.0,4120,1600,16,0,Gal,d18:1,16:0
1662,-0.8,8440,1600,16,0,Gal,d18:1,16:0
1663,-0.6,10060,1600,16,0,Gal,d18:1,16:0
1664,-0.4,11800,1600,16,0,Gal,d18:1,16:0
1665,-0.2,10500,1600,16,0,Gal,d18:1,16:0
1666,0.0,7020,1600,16,0,Gal,d18:1,16:0
1667,0.2,5060,1600,16,0,Gal,d18:1,16:0
1668,0.4,2720,1600,16,0,Gal,d18:1,16:0
1669,0.6,1020,1600,16,0,Gal,d18:1,16:0
1670,0.8,540,1600,16,0,Gal,d18:1,16:0
1671,1.0,20,1600,16,0,Gal,d18:1,16:0
1672,1.2,40,1600,16,0,Gal,d18:1,16:0
1673,1.4,0,1600,16,0,Gal,d18:1,16:0
1674,1.6,0,1600,16,0,Gal,d18:1,16:0
1675,1.8,0,1600,16,0,Gal,d18:1,16:0
1676,2.0,0,1600,16,0,Gal,d18:1,16:0
1677,2.2,0,1600,16,0,Gal,d18:1,16:0
1678,2.4,0,1600,16,0,Gal,d18:1,16:0
1679,2.6,0,1600,16,0,Gal,d18:1,16:0
1680,2.8,0,1600,16,0,Gal,d18:1,16:0
1681,3.0,0,1600,16,0,Gal,d18:1,16:0
1682,3.2,0,1600,16,0,Gal,d18:1,16:0
1683,3.4,0,1600,16,0,Gal,d18:1,16:0
1684,3.6,0,1600,16,0,Gal,d18:1,16:0
1685,3.8,0,1600,16,0,Gal,d18:1,16:0
1686,4.0,0,1600,16,0,Gal,d18:1,16:0
1687,4.2,0,1600,16,0,Gal,d18:1,16:0
1688,4.4,0,1600,16,0,Gal,d18:1,16:0
1689,4.6,0,1600,16,0,Gal,d18:1,16:0
1690,4.8,0,1600,16,0,Gal,d18:1,16:0
1691,5.0,0,1600,16,0,Gal,d18:1,16:0
1692,5.2,0,1600,16,0,Gal,d18:1,16:0
1693,5.4,0,1600,16,0,Gal,d18:1,16:0
1694,5.6,0,1600,16,0,Gal,d18:1,16:0
1695,5.8,0,1600,16,0,Gal,d18:1,16:0
1696,6.0,0,1600,16,0,Gal,d18:1,16:0
1697,6.2,0,1600,16,0,Gal,d18:1,16:0
1698,6.4,0,1600,16,0,Gal,d18:1,16:0
1699,6.6,0,1600,16,0,Gal,d18:1,16:0
1700,6.8,0,1600,16,0,Gal,d18:1,16:0
1701,7.0,0,1600,16,0,Gal,d18:1,16:0
1702,7.2,0,1600,16,0,Gal,d18:1,16:0
1703,7.4,0,1600,16,0,Gal,d18:1,16:0
1704,7.6,0,1600,16,0,Gal,d18:1,16:0
1705,7.8,0,1600,16,0,Gal,d18:1,16:0
1706,8.0,0,1600,16,0,Gal,d18:1,16:0
1707,8.2,0,1600,16,0,Gal,d18:1,16:0
1708,8.4,0,1600,16,0,Gal,d18:1,16:0
1709,8.6,0,1600,16,0,Gal,d18:1,16:0
1710,8.8,0,1600,16,0,Gal,d18:1,16:0
1711,9.0,0,1600,16,0,Gal,d18:1,16:0
1712,9.2,0,1600,16,0,Gal,d18:1,16:0
1713,9.4,0,1600,16,0,Gal,d18:1,16:0
1714,9.6,0,1600,16,0,Gal,d18:1,16:0
1715,9.8,0,1600,16,0,Gal,d18:1,16:0
1716,10.0,0,1600,16,0,Gal,d18:1,16:0
1717,-10.0,0,1700,16,0,Gal,d18:1,16:0
1718,-9.8,0,1700,16,0,Gal,d18:1,16:0
1719,-9.6,0,1700,16,0,Gal,d18:1,16:0
1720,-9.4,0,1700,16,0,Gal,d18:1,16:0
1721,-9.2,0,1700,16,0,Gal,d18:1,16:0
1722,-9.0,0,1700,16,0,Gal,d18:1,16:0
1723,-8.8,0,1700,16,0,Gal,d18:1,16:0
1724,-8.6,0,1700,16,0,Gal,d18:1,16:0
1725,-8.4,0,1700,16,0,Gal,d18:1,16:0
1726,-8.2,0,1700,16,0,Gal,d18:1,16:0
1727,-8.0,0,1700,16,0,Gal,d18:1,16:0
1728,-7.8,0,1700,16,0,Gal,d18:1,16:0
1729,-7.6,0,1700,16,0,Gal,d18:1,16:0
1730,-7.4,0,1700,16,0,Gal,d18:1,16:0
1731,-7.2,0,1700,16,0,Gal,d18:1,16:0
1732,-7.0,0,1700,16,0,Gal,d18:1,16:0
1733,-6.8,0,1700,16,0,Gal,d18:1,16:0
1734,-6.6,0,1700,16,0,Gal,d18:1,16:0
1735,-6.4,0,1700,16,0,Gal,d18:1,16:0
1736,-6.2,0,1700,16,0,Gal,d18:1,16:0
1737,-6.0,0,1700,16,0,Gal,d18:1,16:0
1738,-5.8,0,1700,16,0,Gal,d18:1,16:0
1739,-5.6,0,1700,16,0,Gal,d18:1,16:0
1740,-5.4,0,1700,16,0,Gal,d18:1,16:0
1741,-5.2,0,1700,16,0,Gal,d18:1,16:0
1742,-5.0,0,1700,16,0,Gal,d18:1,16:0
1743,-4.8,0,1700,16,0,Gal,d18:1,16:0
1744,-4.6,0,1700,16,0,Gal,d18:1,16:0
1745,-4.4,0,1700,16,0,Gal,d18:1,16:0
1746,-4.2,0,1700,16,0,Gal,d18:1,16:0
1747,-4.0,0,1700,16,0,Gal,d18:1,16:0
1748,-3.8,0,1700,16,0,Gal,d18:1,16:0
1749,-3.6,0,1700,16,0,Gal,d18:1,16:0
1750,-3.4,0,1700,16,0,Gal,d18:1,16:0
1751,-3.2,0,1700,16,0,Gal,d18:1,16:0
1752,-3.0,0,1700,16,0,Gal,d18:1,16:0
1753,-2.8,0,1700,16,0,Gal,d18:1,16:0
1754,-2.6,0,1700,16,0,Gal,d18:1,16:0
1755,-2.4,0,1700,16,0,Gal,d18:1,16:0
1756,-2.2,0,1700,16,0,Gal,d18:1,16:0
1757,-2.0,0,1700,16,0,Gal,d18:1,16:0
1758,-1.8,0,1700,16,0,Gal,d18:1,16:0
1759,-1.6,60,1700,16,0,Gal,d18:1,16:0
1760,-1.4,300,1700,16,0,Gal,d18:1,16:0
1761,-1.2,1980,1700,16,0,Gal,d18:1,16:0
1762,-1.0,6100,1700,16,0,Gal,d18:1,16:0
1763,-0.8,11200,1700,16,0,Gal,d18:1,16:0
1764,-0.6,13880,1700,16,0,Gal,d18:1,16:0
1765,-0.4,15200,1700,16,0,Gal,d18:1,16:0
1766,-0.2,12260,1700,16,0,Gal,d18:1,16:0
1767,0.0,9800,1700,16,0,Gal,d18:1,16:0
1768,0.2,5840,1700,16,0,Gal,d18:1,16:0
1769,0.4,3220,1700,16,0,Gal,d18:1,16:0
1770,0.6,1680,1700,16,0,Gal,d18:1,16:0
1771,0.8,280,1700,16,0,Gal,d18:1,16:0
1772,1.0,160,1700,16,0,Gal,d18:1,16:0
1773,1.2,0,1700,16,0,Gal,d18:1,16:0
1774,1.4,0,1700,16,0,Gal,d18:1,16:0
1775,1.6,40,1700,16,0,Gal,d18:1,16:0
1776,1.8,0,1700,16,0,Gal,d18:1,16:0
1777,2.0,0,1700,16,0,Gal,d18:1,16:0
1778,2.2,0,1700,16,0,Gal,d18:1,16:0
1779,2.4,0,1700,16,0,Gal,d18:1,16:0
1780,2.6,0,1700,16,0,Gal,d18:1,16:0
1781,2.8,0,1700,16,0,Gal,d18:1,16:0
1782,3.0,0,1700,16,0,Gal,d18:1,16:0
1783,3.2,0,1700,16,0,Gal,d18:1,16:0
1784,3.4,0,1700,16,0,Gal,d18:1,16:0
1785,3.6,0,1700,16,0,Gal,d18:1,16:0
1786,3.8,0,1700,16,0,Gal,d18:1,16:0
1787,4.0,0,1700,16,0,Gal,d18:1,16:0
1788,4.2,0,1700,16,0,Gal,d18:1,16:0
1789,4.4,0,1700,16,0,Gal,d18:1,16:0
1790,4.6,0,1700,16,0,Gal,d18:1,16:0
1791,4.8,0,1700,16,0,Gal,d18:1,16:0
1792,5.0,0,1700,16,0,Gal,d18:1,16:0
1793,5.2,0,1700,16,0,Gal,d18:1,16:0
1794,5.4,0,1700,16,0,Gal,d18:1,16:0
1795,5.6,0,1700,16,0,Gal,d18:1,16:0
1796,5.8,0,1700,16,0,Gal,d18:1,16:0
1797,6.0,0,1700,16,0,Gal,d18:1,16:0
1798,6.2,0,1700,16,0,Gal,d18:1,16:0
1799,6.4,0,1700,16,0,Gal,d18:1,16:0
1800,6.6,0,1700,16,0,Gal,d18:1,16:0
1801,6.8,0,1700,16,0,Gal,d18:1,16:0
1802,7.0,0,1700,16,0,Gal,d18:1,16:0
1803,7.2,0,1700,16,0,Gal,d18:1,16:0
1804,7.4,0,1700,16,0,Gal,d18:1,16:0
1805,7.6,0,1700,16,0,Gal,d18:1,16:0
1806,7.8,0,1700,16,0,Gal,d18:1,16:0
1807,8.0,0,1700,16,0,Gal,d18:1,16:0
1808,8.2,0,1700,16,0,Gal,d18:1,16:0
1809,8.4,0,1700,16,0,Gal,d18:1,16:0
1810,8.6,0,1700,16,0,Gal,d18:1,16:0
1811,8.8,0,1700,16,0,Gal,d18:1,16:0
1812,9.0,0,1700,16,0,Gal,d18:1,16:0
1813,9.2,0,1700,16,0,Gal,d18:1,16:0
1814,9.4,0,1700,16,0,Gal,d18:1,16:0
1815,9.6,0,1700,16,0,Gal,d18:1,16:0
1816,9.8,0,1700,16,0,Gal,d18:1,16:0
1817,10.0,0,1700,16,0,Gal,d18:1,16:0
1818,-10.0,0,1800,16,0,Gal,d18:1,16:0
1819,-9.8,0,1800,16,0,Gal,d18:1,16:0
1820,-9.6,0,1800,16,0,Gal,d18:1,16:0
1821,-9.4,0,1800,16,0,Gal,d18:1,16:0
1822,-9.2,0,1800,16,0,Gal,d18:1,16:0
1823,-9.0,0,1800,16,0,Gal,d18:1,16:0
1824,-8.8,0,1800,16,0,Gal,d18:1,16:0
1825,-8.6,0,1800,16,0,Gal,d18:1,16:0
1826,-8.4,0,1800,16,0,Gal,d18:1,16:0
1827,-8.2,0,1800,16,0,Gal,d18:1,16:0
1828,-8.0,0,1800,16,0,Gal,d18:1,16:0
1829,-7.8,0,1800,16,0,Gal,d18:1,16:0
1830,-7.6,0,1800,16,0,Gal,d18:1,16:0
1831,-7.4,0,1800,16,0,Gal,d18:1,16:0
1832,-7.2,0,1800,16,0,Gal,d18:1,16:0
1833,-7.0,0,1800,16,0,Gal,d18:1,16:0
1834,-6.8,0,1800,16,0,Gal,d18:1,16:0
1835,-6.6,0,1800,16,0,Gal,d18:1,16:0
1836,-6.4,0,1800,16,0,Gal,d18:1,16:0
1837,-6.2,0,1800,16,0,Gal,d18:1,16:0
1838,-6.0,0,1800,16,0,Gal,d18:1,16:0
1839,-5.8,0,1800,16,0,Gal,d18:1,16:0
1840,-5.6,0,1800,16,0,Gal,d18:1,16:0
1841,-5.4,0,1800,16,0,Gal,d18:1,16:0
1842,-5.2,0,1800,16,0,Gal,d18:1,16:0
1843,-5.0,0,1800,16,0,Gal,d18:1,16:0
1844,-4.8,0,1800,16,0,Gal,d18:1,16:0
1845,-4.6,0,1800,16,0,Gal,d18:1,16:0
1846,-4.4,0,1800,16,0,Gal,d18:1,16:0
1847,-4.2,0,1800,16,0,Gal,d18:1,16:0
1848,-4.0,0,1800,16,0,Gal,d18:1,16:0
1849,-3.8,0,1800,16,0,Gal,d18:1,16:0
1850,-3.6,0,1800,16,0,Gal,d18:1,16:0
1851,-3.4,0,1800,16,0,Gal,d18:1,16:0
1852,-3.2,0,1800,16,0,Gal,d18:1,16:0
1853,-3.0,0,1800,16,0,Gal,d18:1,16:0
1854,-2.8,0,1800,16,0,Gal,d18:1,16:0
1855,-2.6,0,1800,16,0,Gal,d18:1,16:0
1856,-2.4,0,1800,16,0,Gal,d18:1,16:0
1857,-2.2,0,1800,16,0,Gal,d18:1,16:0
1858,-2.0,0,1800,16,0,Gal,d18:1,16:0
1859,-1.8,20,1800,16,0,Gal,d18:1,16:0
1860,-1.6,20,1800,16,0,Gal,d18:1,16:0
1861,-1.4,760,1800,16,0,Gal,d18:1,16:0
1862,-1.2,3000,1800,16,0,Gal,d18:1,16:0
1863,-1.0,6760,1800,16,0,Gal,d18:1,16:0
1864,-0.8,10820,1800,16,0,Gal,d18:1,16:0
1865,-0.6,12460,1800,16,0,Gal,d18:1,16:0
1866,-0.4,11600,1800,16,0,Gal,d18:1,16:0
1867,-0.2,10640,1800,16,0,Gal,d18:1,16:0
1868,0.0,6480,1800,16,0,Gal,d18:1,16:0
1869,0.2,3740,1800,16,0,Gal,d18:1,16:0
1870,0.4,2200,1800,16,0,Gal,d18:1,16:0
1871,0.6,980,1800,16,0,Gal,d18:1,16:0
1872,0.8,240,1800,16,0,Gal,d18:1,16:0
1873,1.0,180,1800,16,0,Gal,d18:1,16:0
1874,1.2,40,1800,16,0,Gal,d18:1,16:0
1875,1.4,0,1800,16,0,Gal,d18:1,16:0
1876,1.6,0,1800,16,0,Gal,d18:1,16:0
1877,1.8,0,1800,16,0,Gal,d18:1,16:0
1878,2.0,0,1800,16,0,Gal,d18:1,16:0
1879,2.2,0,1800,16,0,Gal,d18:1,16:0
1880,2.4,0,1800,16,0,Gal,d18:1,16:0
1881,2.6,0,1800,16,0,Gal,d18:1,16:0
1882,2.8,0,1800,16,0,Gal,d18:1,16:0
1883,3.0,0,1800,16,0,Gal,d18:1,16:0
1884,3.2,0,1800,16,0,Gal,d18:1,16:0
1885,3.4,0,1800,16,0,Gal,d18:1,16:0
1886,3.6,0,1800,16,0,Gal,d18:1,16:0
1887,3.8,0,1800,16,0,Gal,d18:1,16:0
1888,4.0,0,1800,16,0,Gal,d18:1,16:0
1889,4.2,0,1800,16,0,Gal,d18:1,16:0
1890,4.4,0,1800,16,0,Gal,d18:1,16:0
1891,4.6,0,1800,16,0,Gal,d18:1,16:0
1892,4.8,0,1800,16,0,Gal,d18:1,16:0
1893,5.0,0,1800,16,0,Gal,d18:1,16:0
1894,5.2,0,1800,16,0,Gal,d18:1,16:0
1895,5.4,0,1800,16,0,Gal,d18:1,16:0
1896,5.6,0,1800,16,0,Gal,d18:1,16:0
1897,5.8,0,1800,16,0,Gal,d18:1,16:0
1898,6.0,0,1800,16,0,Gal,d18:1,16:0
1899,6.2,0,1800,16,0,Gal,d18:1,16:0
1900,6.4,0,1800,16,0,Gal,d18:1,16:0
1901,6.6,0,1800,16,0,Gal,d18:1,16:0
1902,6.8,0,1800,16,0,Gal,d18:1,16:0
1903,7.0,0,1800,16,0,Gal,d18:1,16:0
1904,7.2,0,1800,16,0,Gal,d18:1,16:0
1905,7.4,0,1800,16,0,Gal,d18:1,16:0
1906,7.6,0,1800,16,0,Gal,d18:1,16:0
1907,7.8,0,1800,16,0,Gal,d18:1,16:0
1908,8.0,0,1800,16,0,Gal,d18:1,16:0
1909,8.2,0,1800,16,0,Gal,d18:1,16:0
1910,8.4,0,1800,16,0,Gal,d18:1,16:0
1911,8.6,0,1800,16,0,Gal,d18:1,16:0
1912,8.8,0,1800,16,0,Gal,d18:1,16:0
1913,9.0,0,1800,16,0,Gal,d18:1,16:0
1914,9.2,0,1800,16,0,Gal,d18:1,16:0
1915,9.4,0,1800,16,0,Gal,d18:1,16:0
1916,9.6,0,1800,16,0,Gal,d18:1,16:0
1917,9.8,0,1800,16,0,Gal,d18:1,16:0
1918,10.0,0,1800,16,0,Gal,d18:1,16:0
1919,-10.0,0,1900,16,0,Gal,d18:1,16:0
1920,-9.8,0,1900,16,0,Gal,d18:1,16:0
1921,-9.6,0,1900,16,0,Gal,d18:1,16:0
1922,-9.4,0,1900,16,0,Gal,d18:1,16:0
1923,-9.2,0,1900,16,0,Gal,d18:1,16:0
1924,-9.0,0,1900,16,0,Gal,d18:1,16:0
1925,-8.8,0,1900,16,0,Gal,d18:1,16:0
1926,-8.6,0,1900,16,0,Gal,d18:1,16:0
1927,-8.4,0,1900,16,0,Gal,d18:1,16:0
1928,-8.2,0,1900,16,0,Gal,d18:1,16:0
1929,-8.0,0,1900,16,0,Gal,d18:1,16:0
1930,-7.8,0,1900,16,0,Gal,d18:1,16:0
1931,-7.6,0,1900,16,0,Gal,d18:1,16:0
1932,-7.4,0,1900,16,0,Gal,d18:1,16:0
1933,-7.2,0,1900,16,0,Gal,d18:1,16:0
1934,-7.0,0,1900,16,0,Gal,d18:1,16:0
1935,-6.8,0,1900,16,0,Gal,d18:1,16:0
1936,-6.6,0,1900,16,0,Gal,d18:1,16:0
1937,-6.4,0,1900,16,0,Gal,d18:1,16:0
1938,-6.2,0,1900,16,0,Gal,d18:1,16:0
1939,-6.0,0,1900,16,0,Gal,d18:1,16:0
1940,-5.8,0,1900,16,0,Gal,d18:1,16:0
1941,-5.6,0,1900,16,0,Gal,d18:1,16:0
1942,-5.4,0,1900,16,0,Gal,d18:1,16:0
1943,-5.2,0,1900,16,0,Gal,d18:1,16:0
1944,-5.0,0,1900,16,0,Gal,d18:1,16:0
1945,-4.8,0,1900,16,0,Gal,d18:1,16:0
1946,-4.6,0,1900,16,0,Gal,d18:1,16:0
1947,-4.4,0,1900,16,0,Gal,d18:1,16:0
1948,-4.2,0,1900,16,0,Gal,d18:1,16:0
1949,-4.0,0,1900,16,0,Gal,d18:1,16:0
1950,-3.8,0,1900,16,0,Gal,d18:1,16:0
1951,-3.6,0,1900,16,0,Gal,d18:1,16:0
1952,-3.4,0,1900,16,0,Gal,d18:1,16:0
1953,-3.2,0,1900,16,0,Gal,d18:1,16:0
1954,-3.0,0,1900,16,0,Gal,d18:1,16:0
1955,-2.8,0,1900,16,0,Gal,d18:1,16:0
1956,-2.6,0,1900,16,0,Gal,d18:1,16:0
1957,-2.4,0,1900,16,0,Gal,d18:1,16:0
1958,-2.2,0,1900,16,0,Gal,d18:1,16:0
1959,-2.0,0,1900,16,0,Gal,d18:1,16:0
1960,-1.8,0,1900,16,0,Gal,d18:1,16:0
1961,-1.6,280,1900,16,0,Gal,d18:1,16:0
1962,-1.4,1320,1900,16,0,Gal,d18:1,16:0
1963,-1.2,4500,1900,16,0,Gal,d18:1,16:0
1964,-1.0,8520,1900,16,0,Gal,d18:1,16:0
1965,-0.8,10200,1900,16,0,Gal,d18:1,16:0
1966,-0.6,12720,1900,16,0,Gal,d18:1,16:0
1967,-0.4,9700,1900,16,0,Gal,d18:1,16:0
1968,-0.2,8840,1900,16,0,Gal,d18:1,16:0
1969,0.0,5900,1900,16,0,Gal,d18:1,16:0
1970,0.2,3200,1900,16,0,Gal,d18:1,16:0
1971,0.4,2020,1900,16,0,Gal,d18:1,16:0
1972,0.6,760,1900,16,0,Gal,d18:1,16:0
1973,0.8,160,1900,16,0,Gal,d18:1,16:0
1974,1.0,60,1900,16,0,Gal,d18:1,16:0
1975,1.2,0,1900,16,0,Gal,d18:1,16:0
1976,1.4,40,1900,16,0,Gal,d18:1,16:0
1977,1.6,0,1900,16,0,Gal,d18:1,16:0
1978,1.8,0,1900,16,0,Gal,d18:1,16:0
1979,2.0,0,1900,16,0,Gal,d18:1,16:0
1980,2.2,0,1900,16,0,Gal,d18:1,16:0
1981,2.4,0,1900,16,0,Gal,d18:1,16:0
1982,2.6,0,1900,16,0,Gal,d18:1,16:0
1983,2.8,0,1900,16,0,Gal,d18:1,16:0
1984,3.0,0,1900,16,0,Gal,d18:1,16:0
1985,3.2,0,1900,16,0,Gal,d18:1,16:0
1986,3.4,0,1900,16,0,Gal,d18:1,16:0
1987,3.6,0,1900,16,0,Gal,d18:1,16:0
1988,3.8,0,1900,16,0,Gal,d18:1,16:0
1989,4.0,0,1900,16,0,Gal,d18:1,16:0
1990,4.2,0,1900,16,0,Gal,d18:1,16:0
1991,4.4,0,1900,16,0,Gal,d18:1,16:0
1992,4.6,0,1900,16,0,Gal,d18:1,16:0
1993,4.8,0,1900,16,0,Gal,d18:1,16:0
1994,5.0,0,1900,16,0,Gal,d18:1,16:0
1995,5.2,0,1900,16,0,Gal,d18:1,16:0
1996,5.4,0,1900,16,0,Gal,d18:1,16:0
1997,5.6,0,1900,16,0,Gal,d18:1,16:0
1998,5.8,0,1900,16,0,Gal,d18:1,16:0
1999,6.0,0,1900,16,0,Gal,d18:1,16:0
2000,6.2,0,1900,16,0,Gal,d18:1,16:0
2001,6.4,0,1900,16,0,Gal,d18:1,16:0
2002,6.6,0,1900,16,0,Gal,d18:1,16:0
2003,6.8,0,1900,16,0,Gal,d18:1,16:0
2004,7.0,0,1900,16,0,Gal,d18:1,16:0
2005,7.2,0,1900,16,0,Gal,d18:1,16:0
2006,7.4,0,1900,16,0,Gal,d18:1,16:0
2007,7.6,0,1900,16,0,Gal,d18:1,16:0
2008,7.8,0,1900,16,0,Gal,d18:1,16:0
2009,8.0,0,1900,16,0,Gal,d18:1,16:0
2010,8.2,0,1900,16,0,Gal,d18:1,16:0
2011,8.4,0,1900,16,0,Gal,d18:1,16:0
2012,8.6,0,1900,16,0,Gal,d18:1,16:0
2013,8.8,0,1900,16,0,Gal,d18:1,16:0
2014,9.0,0,1900,16,0,Gal,d18:1,16:0
2015,9.2,0,1900,16,0,Gal,d18:1,16:0
2016,9.4,0,1900,16,0,Gal,d18:1,16:0
2017,9.6,0,1900,16,0,Gal,d18:1,16:0
2018,9.8,0,1900,16,0,Gal,d18:1,16:0
2019,10.0,0,1900,16,0,Gal,d18:1,16:0
2020,-10.0,0,2000,16,0,Gal,d18:1,16:0
2021,-9.8,0,2000,16,0,Gal,d18:1,16:0
2022,-9.6,0,2000,16,0,Gal,d18:1,16:0
2023,-9.4,0,2000,16,0,Gal,d18:1,16:0
2024,-9.2,0,2000,16,0,Gal,d18:1,16:0
2025,-9.0,0,2000,16,0,Gal,d18:1,16:0
2026,-8.8,0,2000,16,0,Gal,d18:1,16:0
2027,-8.6,0,2000,16,0,Gal,d18:1,16:0
2028,-8.4,0,2000,16,0,Gal,d18:1,16:0
2029,-8.2,0,2000,16,0,Gal,d18:1,16:0
2030,-8.0,0,2000,16,0,Gal,d18:1,16:0
2031,-7.8,0,2000,16,0,Gal,d18:1,16:0
2032,-7.6,0,2000,16,0,Gal,d18:1,16:0
2033,-7.4,0,2000,16,0,Gal,d18:1,16:0
2034,-7.2,0,2000,16,0,Gal,d18:1,16:0
2035,-7.0,0,2000,16,0,Gal,d18:1,16:0
2036,-6.8,0,2000,16,0,Gal,d18:1,16:0
2037,-6.6,0,2000,16,0,Gal,d18:1,16:0
2038,-6.4,0,2000,16,0,Gal,d18:1,16:0
2039,-6.2,0,2000,16,0,Gal,d18:1,16:0
2040,-6.0,0,2000,16,0,Gal,d18:1,16:0
2041,-5.8,0,2000,16,0,Gal,d18:1,16:0
2042,-5.6,0,2000,16,0,Gal,d18:1,16:0
2043,-5.4,0,2000,16,0,Gal,d18:1,16:0
2044,-5.2,0,2000,16,0,Gal,d18:1,16:0
2045,-5.0,0,2000,16,0,Gal,d18:1,16:0
2046,-4.8,0,2000,16,0,Gal,d18:1,16:0
2047,-4.6,0,2000,16,0,Gal,d18:1,16:0
2048,-4.4,0,2000,16,0,Gal,d18:1,16:0
2049,-4.2,0,2000,16,0,Gal,d18:1,16:0
2050,-4.0,0,2000,16,0,Gal,d18:1,16:0
2051,-3.8,0,2000,16,0,Gal,d18:1,16:0
2052,-3.6,0,2000,16,0,Gal,d18:1,16:0
2053,-3.4,0,2000,16,0,Gal,d18:1,16:0
2054,-3.2,0,2000,16,0,Gal,d18:1,16:0
2055,-3.0,0,2000,16,0,Gal,d18:1,16:0
2056,-2.8,0,2000,16,0,Gal,d18:1,16:0
2057,-2.6,0,2000,16,0,Gal,d18:1,16:0
2058,-2.4,0,2000,16,0,Gal,d18:1,16:0
2059,-2.2,0,2000,16,0,Gal,d18:1,16:0
2060,-2.0,40,2000,16,0,Gal,d18:1,16:0
2061,-1.8,160,2000,16,0,Gal,d18:1,16:0
2062,-1.6,620,2000,16,0,Gal,d18:1,16:0
2063,-1.4,2460,2000,16,0,Gal,d18:1,16:0
2064,-1.2,5660,2000,16,0,Gal,d18:1,16:0
2065,-1.0,9100,2000,16,0,Gal,d18:1,16:0
2066,-0.8,13040,2000,16,0,Gal,d18:1,16:0
2067,-0.6,11580,2000,16,0,Gal,d18:1,16:0
2068,-0.4,9260,2000,16,0,Gal,d18:1,16:0
2069,-0.2,7040,2000,16,0,Gal,d18:1,16:0
2070,0.0,5060,2000,16,0,Gal,d18:1,16:0
2071,0.2,2280,2000,16,0,Gal,d18:1,16:0
2072,0.4,1640,2000,16,0,Gal,d18:1,16:0
2073,0.6,320,2000,16,0,Gal,d18:1,16:0
2074,0.8,80,2000,16,0,Gal,d18:1,16:0
2075,1.0,120,2000,16,0,Gal,d18:1,16:0
2076,1.2,0,2000,16,0,Gal,d18:1,16:0
2077,1.4,0,2000,16,0,Gal,d18:1,16:0
2078,1.6,0,2000,16,0,Gal,d18:1,16:0
2079,1.8,0,2000,16,0,Gal,d18:1,16:0
2080,2.0,0,2000,16,0,Gal,d18:1,16:0
2081,2.2,0,2000,16,0,Gal,d18:1,16:0
2082,2.4,0,2000,16,0,Gal,d18:1,16:0
2083,2.6,0,2000,16,0,Gal,d18:1,16:0
2084,2.8,0,2000,16,0,Gal,d18:1,16:0
2085,3.0,0,2000,16,0,Gal,d18:1,16:0
2086,3.2,0,2000,16,0,Gal,d18:1,16:0
2087,3.4,0,2000,16,0,Gal,d18:1,16:0
2088,3.6,0,2000,16,0,Gal,d18:1,16:0
2089,3.8,0,2000,16,0,Gal,d18:1,16:0
2090,4.0,0,2000,16,0,Gal,d18:1,16:0
2091,4.2,0,2000,16,0,Gal,d18:1,16:0
2092,4.4,0,2000,16,0,Gal,d18:1,16:0
2093,4.6,0,2000,16,0,Gal,d18:1,16:0
2094,4.8,0,2000,16,0,Gal,d18:1,16:0
2095,5.0,0,2000,16,0,Gal,d18:1,16:0
2096,5.2,0,2000,16,0,Gal,d18:1,16:0
2097,5.4,0,2000,16,0,Gal,d18:1,16:0
2098,5.6,0,2000,16,0,Gal,d18:1,16:0
2099,5.8,0,2000,16,0,Gal,d18:1,16:0
2100,6.0,0,2000,16,0,Gal,d18:1,16:0
2101,6.2,0,2000,16,0,Gal,d18:1,16:0
2102,6.4,0,2000,16,0,Gal,d18:1,16:0
2103,6.6,0,2000,16,0,Gal,d18:1,16:0
2104,6.8,0,2000,16,0,Gal,d18:1,16:0
2105,7.0,0,2000,16,0,Gal,d18:1,16:0
2106,7.2,0,2000,16,0,Gal,d18:1,16:0
2107,7.4,0,2000,16,0,Gal,d18:1,16:0
2108,7.6,0,2000,16,0,Gal,d18:1,16:0
2109,7.8,0,2000,16,0,Gal,d18:1,16:0
2110,8.0,0,2000,16,0,Gal,d18:1,16:0
2111,8.2,0,2000,16,0,Gal,d18:1,16:0
2112,8.4,0,2000,16,0,Gal,d18:1,16:0
2113,8.6,0,2000,16,0,Gal,d18:1,16:0
2114,8.8,0,2000,16,0,Gal,d18:1,16:0
2115,9.0,0,2000,16,0,Gal,d18:1,16:0
2116,9.2,0,2000,16,0,Gal,d18:1,16:0
2117,9.4,0,2000,16,0,Gal,d18:1,16:0
2118,9.6,0,2000,16,0,Gal,d18:1,16:0
2119,9.8,0,2000,16,0,Gal,d18:1,16:0
2120,10.0,0,2000,16,0,Gal,d18:1,16:0
2121,-10.0,0,2100,16,0,Gal,d18:1,16:0
2122,-9.8,0,2100,16,0,Gal,d18:1,16:0
2123,-9.6,0,2100,16,0,Gal,d18:1,16:0
2124,-9.4,0,2100,16,0,Gal,d18:1,16:0
2125,-9.2,0,2100,16,0,Gal,d18:1,16:0
2126,-9.0,0,2100,16,0,Gal,d18:1,16:0
2127,-8.8,0,2100,16,0,Gal,d18:1,16:0
2128,-8.6,0,2100,16,0,Gal,d18:1,16:0
2129,-8.4,0,2100,16,0,Gal,d18:1,16:0
2130,-8.2,0,2100,16,0,Gal,d18:1,16:0
2131,-8.0,0,2100,16,0,Gal,d18:1,16:0
2132,-7.8,0,2100,16,0,Gal,d18:1,16:0
2133,-7.6,0,2100,16,0,Gal,d18:1,16:0
2134,-7.4,0,2100,16,0,Gal,d18:1,16:0
2135,-7.2,0,2100,16,0,Gal,d18:1,16:0
2136,-7.0,0,2100,16,0,Gal,d18:1,16:0
2137,-6.8,0,2100,16,0,Gal,d18:1,16:0
2138,-6.6,0,2100,16,0,Gal,d18:1,16:0
2139,-6.4,0,2100,16,0,Gal,d18:1,16:0
2140,-6.2,0,2100,16,0,Gal,d18:1,16:0
2141,-6.0,0,2100,16,0,Gal,d18:1,16:0
2142,-5.8,0,2100,16,0,Gal,d18:1,16:0
2143,-5.6,0,2100,16,0,Gal,d18:1,16:0
2144,-5.4,0,2100,16,0,Gal,d18:1,16:0
2145,-5.2,0,2100,16,0,Gal,d18:1,16:0
2146,-5.0,0,2100,16,0,Gal,d18:1,16:0
2147,-4.8,0,2100,16,0,Gal,d18:1,16:0
2148,-4.6,0,2100,16,0,Gal,d18:1,16:0
2149,-4.4,0,2100,16,0,Gal,d18:1,16:0
2150,-4.2,0,2100,16,0,Gal,d18:1,16:0
2151,-4.0,0,2100,16,0,Gal,d18:1,16:0
2152,-3.8,0,2100,16,0,Gal,d18:1,16:0
2153,-3.6,0,2100,16,0,Gal,d18:1,16:0
2154,-3.4,0,2100,16,0,Gal,d18:1,16:0
2155,-3.2,0,2100,16,0,Gal,d18:1,16:0
2156,-3.0,0,2100,16,0,Gal,d18:1,16:0
2157,-2.8,0,2100,16,0,Gal,d18:1,16:0
2158,-2.6,0,2100,16,0,Gal,d18:1,16:0
2159,-2.4,0,2100,16,0,Gal,d18:1,16:0
2160,-2.2,0,2100,16,0,Gal,d18:1,16:0
2161,-2.0,0,2100,16,0,Gal,d18:1,16:0
2162,-1.8,160,2100,16,0,Gal,d18:1,16:0
2163,-1.6,580,2100,16,0,Gal,d18:1,16:0
2164,-1.4,2900,2100,16,0,Gal,d18:1,16:0
2165,-1.2,6860,2100,16,0,Gal,d18:1,16:0
2166,-1.0,10760,2100,16,0,Gal,d18:1,16:0
2167,-0.8,14380,2100,16,0,Gal,d18:1,16:0
2168,-0.6,14540,2100,16,0,Gal,d18:1,16:0
2169,-0.4,11380,2100,16,0,Gal,d18:1,16:0
2170,-0.2,7860,2100,16,0,Gal,d18:1,16:0
2171,0.0,5580,2100,16,0,Gal,d18:1,16:0
2172,0.2,2820,2100,16,0,Gal,d18:1,16:0
2173,0.4,1540,2100,16,0,Gal,d18:1,16:0
2174,0.6,360,2100,16,0,Gal,d18:1,16:0
2175,0.8,100,2100,16,0,Gal,d18:1,16:0
2176,1.0,0,2100,16,0,Gal,d18:1,16:0
2177,1.2,0,2100,16,0,Gal,d18:1,16:0
2178,1.4,0,2100,16,0,Gal,d18:1,16:0
2179,1.6,0,2100,16,0,Gal,d18:1,16:0
2180,1.8,0,2100,16,0,Gal,d18:1,16:0
2181,2.0,0,2100,16,0,Gal,d18:1,16:0
2182,2.2,0,2100,16,0,Gal,d18:1,16:0
2183,2.4,0,2100,16,0,Gal,d18:1,16:0
2184,2.6,0,2100,16,0,Gal,d18:1,16:0
2185,2.8,0,2100,16,0,Gal,d18:1,16:0
2186,3.0,0,2100,16,0,Gal,d18:1,16:0
2187,3.2,0,2100,16,0,Gal,d18:1,16:0
2188,3.4,0,2100,16,0,Gal,d18:1,16:0
2189,3.6,0,2100,16,0,Gal,d18:1,16:0
2190,3.8,0,2100,16,0,Gal,d18:1,16:0
2191,4.0,0,2100,16,0,Gal,d18:1,16:0
2192,4.2,0,2100,16,0,Gal,d18:1,16:0
2193,4.4,0,2100,16,0,Gal,d18:1,16:0
2194,4.6,0,2100,16,0,Gal,d18:1,16:0
2195,4.8,0,2100,16,0,Gal,d18:1,16:0
2196,5.0,0,2100,16,0,Gal,d18:1,16:0
2197,5.2,0,2100,16,0,Gal,d18:1,16:0
2198,5.4,0,2100,16,0,Gal,d18:1,16:0
2199,5.6,0,2100,16,0,Gal,d18:1,16:0
2200,5.8,0,2100,16,0,Gal,d18:1,16:0
2201,6.0,0,2100,16,0,Gal,d18:1,16:0
2202,6.2,0,2100,16,0,Gal,d18:1,16:0
2203,6.4,0,2100,16,0,Gal,d18:1,16:0
2204,6.6,0,2100,16,0,Gal,d18:1,16:0
2205,6.8,0,2100,16,0,Gal,d18:1,16:0
2206,7.0,0,2100,16,0,Gal,d18:1,16:0
2207,7.2,0,2100,16,0,Gal,d18:1,16:0
2208,7.4,0,2100,16,0,Gal,d18:1,16:0
2209,7.6,0,2100,16,0,Gal,d18:1,16:0
2210,7.8,0,2100,16,0,Gal,d18:1,16:0
2211,8.0,0,2100,16,0,Gal,d18:1,16:0
2212,8.2,0,2100,16,0,Gal,d18:1,16:0
2213,8.4,0,2100,16,0,Gal,d18:1,16:0
2214,8.6,0,2100,16,0,Gal,d18:1,16:0
2215,8.8,0,2100,16,0,Gal,d18:1,16:0
2216,9.0,0,2100,16,0,Gal,d18:1,16:0
2217,9.2,0,2100,16,0,Gal,d18:1,16:0
2218,9.4,0,2100,16,0,Gal,d18:1,16:0
2219,9.6,0,2100,16,0,Gal,d18:1,16:0
2220,9.8,0,2100,16,0,Gal,d18:1,16:0
2221,10.0,0,2100,16,0,Gal,d18:1,16:0
2222,-10.0,0,2200,16,0,Gal,d18:1,16:0
2223,-9.8,0,2200,16,0,Gal,d18:1,16:0
2224,-9.6,0,2200,16,0,Gal,d18:1,16:0
2225,-9.4,0,2200,16,0,Gal,d18:1,16:0
2226,-9.2,0,2200,16,0,Gal,d18:1,16:0
2227,-9.0,0,2200,16,0,Gal,d18:1,16:0
2228,-8.8,0,2200,16,0,Gal,d18:1,16:0
2229,-8.6,0,2200,16,0,Gal,d18:1,16:0
2230,-8.4,0,2200,16,0,Gal,d18:1,16:0
2231,-8.2,0,2200,16,0,Gal,d18:1,16:0
2232,-8.0,0,2200,16,0,Gal,d18:1,16:0
2233,-7.8,0,2200,16,0,Gal,d18:1,16:0
2234,-7.6,0,2200,16,0,Gal,d18:1,16:0
2235,-7.4,0,2200,16,0,Gal,d18:1,16:0
2236,-7.2,0,2200,16,0,Gal,d18:1,16:0
2237,-7.0,0,2200,16,0,Gal,d18:1,16:0
2238,-6.8,0,2200,16,0,Gal,d18:1,16:0
2239,-6.6,0,2200,16,0,Gal,d18:1,16:0
2240,-6.4,0,2200,16,0,Gal,d18:1,16:0
2241,-6.2,0,2200,16,0,Gal,d18:1,16:0
2242,-6.0,0,2200,16,0,Gal,d18:1,16:0
2243,-5.8,0,2200,16,0,Gal,d18:1,16:0
2244,-5.6,0,2200,16,0,Gal,d18:1,16:0
2245,-5.4,0,2200,16,0,Gal,d18:1,16:0
2246,-5.2,0,2200,16,0,Gal,d18:1,16:0
2247,-5.0,0,2200,16,0,Gal,d18:1,16:0
2248,-4.8,0,2200,16,0,Gal,d18:1,16:0
2249,-4.6,0,2200,16,0,Gal,d18:1,16:0
2250,-4.4,0,2200,16,0,Gal,d18:1,16:0
2251,-4.2,0,2200,16,0,Gal,d18:1,16:0
2252,-4.0,0,2200,16,0,Gal,d18:1,16:0
2253,-3.8,0,2200,16,0,Gal,d18:1,16:0
2254,-3.6,0,2200,16,0,Gal,d18:1,16:0
2255,-3.4,0,2200,16,0,Gal,d18:1,16:0
2256,-3.2,0,2200,16,0,Gal,d18:1,16:0
2257,-3.0,0,2200,16,0,Gal,d18:1,16:0
2258,-2.8,0,2200,16,0,Gal,d18:1,16:0
2259,-2.6,0,2200,16,0,Gal,d18:1,16:0
2260,-2.4,0,2200,16,0,Gal,d18:1,16:0
2261,-2.2,0,2200,16,0,Gal,d18:1,16:0
2262,-2.0,0,2200,16,0,Gal,d18:1,16:0
2263,-1.8,280,2200,16,0,Gal,d18:1,16:0
2264,-1.6,620,2200,16,0,Gal,d18:1,16:0
2265,-1.4,2880,2200,16,0,Gal,d18:1,16:0
2266,-1.2,8560,2200,16,0,Gal,d18:1,16:0
2267,-1.0,13500,2200,16,0,Gal,d18:1,16:0
2268,-0.8,18060,2200,16,0,Gal,d18:1,16:0
2269,-0.6,16620,2200,16,0,Gal,d18:1,16:0
2270,-0.4,13260,2200,16,0,Gal,d18:1,16:0
2271,-0.2,10820,2200,16,0,Gal,d18:1,16:0
2272,0.0,5460,2200,16,0,Gal,d18:1,16:0
2273,0.2,3080,2200,16,0,Gal,d18:1,16:0
2274,0.4,2360,2200,16,0,Gal,d18:1,16:0
2275,0.6,560,2200,16,0,Gal,d18:1,16:0
2276,0.8,300,2200,16,0,Gal,d18:1,16:0
2277,1.0,160,2200,16,0,Gal,d18:1,16:0
2278,1.2,0,2200,16,0,Gal,d18:1,16:0
2279,1.4,40,2200,16,0,Gal,d18:1,16:0
2280,1.6,20,2200,16,0,Gal,d18:1,16:0
2281,1.8,0,2200,16,0,Gal,d18:1,16:0
2282,2.0,0,2200,16,0,Gal,d18:1,16:0
2283,2.2,0,2200,16,0,Gal,d18:1,16:0
2284,2.4,0,2200,16,0,Gal,d18:1,16:0
2285,2.6,0,2200,16,0,Gal,d18:1,16:0
2286,2.8,0,2200,16,0,Gal,d18:1,16:0
2287,3.0,0,2200,16,0,Gal,d18:1,16:0
2288,3.2,0,2200,16,0,Gal,d18:1,16:0
2289,3.4,0,2200,16,0,Gal,d18:1,16:0
2290,3.6,0,2200,16,0,Gal,d18:1,16:0
2291,3.8,0,2200,16,0,Gal,d18:1,16:0
2292,4.0,0,2200,16,0,Gal,d18:1,16:0
2293,4.2,0,2200,16,0,Gal,d18:1,16:0
2294,4.4,0,2200,16,0,Gal,d18:1,16:0
2295,4.6,0,2200,16,0,Gal,d18:1,16:0
2296,4.8,0,2200,16,0,Gal,d18:1,16:0
2297,5.0,0,2200,16,0,Gal,d18:1,16:0
2298,5.2,0,2200,16,0,Gal,d18:1,16:0
2299,5.4,0,2200,16,0,Gal,d18:1,16:0
2300,5.6,0,2200,16,0,Gal,d18:1,16:0
2301,5.8,0,2200,16,0,Gal,d18:1,16:0
2302,6.0,0,2200,16,0,Gal,d18:1,16:0
2303,6.2,0,2200,16,0,Gal,d18:1,16:0
2304,6.4,0,2200,16,0,Gal,d18:1,16:0
2305,6.6,0,2200,16,0,Gal,d18:1,16:0
2306,6.8,0,2200,16,0,Gal,d18:1,16:0
2307,7.0,0,2200,16,0,Gal,d18:1,16:0
2308,7.2,0,2200,16,0,Gal,d18:1,16:0
2309,7.4,0,2200,16,0,Gal,d18:1,16:0
2310,7.6,0,2200,16,0,Gal,d18:1,16:0
2311,7.8,0,2200,16,0,Gal,d18:1,16:0
2312,8.0,0,2200,16,0,Gal,d18:1,16:0
2313,8.2,0,2200,16,0,Gal,d18:1,16:0
2314,8.4,0,2200,16,0,Gal,d18:1,16:0
2315,8.6,0,2200,16,0,Gal,d18:1,16:0
2316,8.8,0,2200,16,0,Gal,d18:1,16:0
2317,9.0,0,2200,16,0,Gal,d18:1,16:0
2318,9.2,0,2200,16,0,Gal,d18:1,16:0
2319,9.4,0,2200,16,0,Gal,d18:1,16:0
2320,9.6,0,2200,16,0,Gal,d18:1,16:0
2321,9.8,0,2200,16,0,Gal,d18:1,16:0
2322,10.0,0,2200,16,0,Gal,d18:1,16:0
2323,-10.0,0,2300,16,0,Gal,d18:1,16:0
2324,-9.8,0,2300,16,0,Gal,d18:1,16:0
2325,-9.6,0,2300,16,0,Gal,d18:1,16:0
2326,-9.4,0,2300,16,0,Gal,d18:1,16:0
2327,-9.2,0,2300,16,0,Gal,d18:1,16:0
2328,-9.0,0,2300,16,0,Gal,d18:1,16:0
2329,-8.8,0,2300,16,0,Gal,d18:1,16:0
2330,-8.6,0,2300,16,0,Gal,d18:1,16:0
2331,-8.4,0,2300,16,0,Gal,d18:1,16:0
2332,-8.2,0,2300,16,0,Gal,d18:1,16:0
2333,-8.0,0,2300,16,0,Gal,d18:1,16:0
2334,-7.8,0,2300,16,0,Gal,d18:1,16:0
2335,-7.6,0,2300,16,0,Gal,d18:1,16:0
2336,-7.4,0,2300,16,0,Gal,d18:1,16:0
2337,-7.2,0,2300,16,0,Gal,d18:1,16:0
2338,-7.0,0,2300,16,0,Gal,d18:1,16:0
2339,-6.8,0,2300,16,0,Gal,d18:1,16:0
2340,-6.6,0,2300,16,0,Gal,d18:1,16:0
2341,-6.4,0,2300,16,0,Gal,d18:1,16:0
2342,-6.2,0,2300,16,0,Gal,d18:1,16:0
2343,-6.0,0,2300,16,0,Gal,d18:1,16:0
2344,-5.8,0,2300,16,0,Gal,d18:1,16:0
2345,-5.6,0,2300,16,0,Gal,d18:1,16:0
2346,-5.4,0,2300,16,0,Gal,d18:1,16:0
2347,-5.2,0,2300,16,0,Gal,d18:1,16:0
2348,-5.0,0,2300,16,0,Gal,d18:1,16:0
2349,-4.8,0,2300,16,0,Gal,d18:1,16:0
2350,-4.6,0,2300,16,0,Gal,d18:1,16:0
2351,-4.4,0,2300,16,0,Gal,d18:1,16:0
2352,-4.2,0,2300,16,0,Gal,d18:1,16:0
2353,-4.0,0,2300,16,0,Gal,d18:1,16:0
2354,-3.8,0,2300,16,0,Gal,d18:1,16:0
2355,-3.6,0,2300,16,0,Gal,d18:1,16:0
2356,-3.4,0,2300,16,0,Gal,d18:1,16:0
2357,-3.2,0,2300,16,0,Gal,d18:1,16:0
2358,-3.0,0,2300,16,0,Gal,d18:1,16:0
2359,-2.8,0,2300,16,0,Gal,d18:1,16:0
2360,-2.6,0,2300,16,0,Gal,d18:1,16:0
2361,-2.4,0,2300,16,0,Gal,d18:1,16:0
2362,-2.2,0,2300,16,0,Gal,d18:1,16:0
2363,-2.0,160,2300,16,0,Gal,d18:1,16:0
2364,-1.8,360,2300,16,0,Gal,d18:1,16:0
2365,-1.6,960,2300,16,0,Gal,d18:1,16:0
2366,-1.4,4020,2300,16,0,Gal,d18:1,16:0
2367,-1.2,8320,2300,16,0,Gal,d18:1,16:0
2368,-1.0,12700,2300,16,0,Gal,d18:1,16:0
2369,-0.8,14300,2300,16,0,Gal,d18:1,16:0
2370,-0.6,13800,2300,16,0,Gal,d18:1,16:0
2371,-0.4,10200,2300,16,0,Gal,d18:1,16:0
2372,-0.2,9140,2300,16,0,Gal,d18:1,16:0
2373,0.0,4840,2300,16,0,Gal,d18:1,16:0
2374,0.2,2760,2300,16,0,Gal,d18:1,16:0
2375,0.4,1060,2300,16,0,Gal,d18:1,16:0
2376,0.6,680,2300,16,0,Gal,d18:1,16:0
2377,0.8,120,2300,16,0,Gal,d18:1,16:0
2378,1.0,20,2300,16,0,Gal,d18:1,16:0
2379,1.2,40,2300,16,0,Gal,d18:1,16:0
2380,1.4,0,2300,16,0,Gal,d18:1,16:0
2381,1.6,0,2300,16,0,Gal,d18:1,16:0
2382,1.8,0,2300,16,0,Gal,d18:1,16:0
2383,2.0,0,2300,16,0,Gal,d18:1,16:0
2384,2.2,0,2300,16,0,Gal,d18:1,16:0
2385,2.4,0,2300,16,0,Gal,d18:1,16:0
2386,2.6,0,2300,16,0,Gal,d18:1,16:0
2387,2.8,0,2300,16,0,Gal,d18:1,16:0
2388,3.0,0,2300,16,0,Gal,d18:1,16:0
2389,3.2,0,2300,16,0,Gal,d18:1,16:0
2390,3.4,0,2300,16,0,Gal,d18:1,16:0
2391,3.6,0,2300,16,0,Gal,d18:1,16:0
2392,3.8,0,2300,16,0,Gal,d18:1,16:0
2393,4.0,0,2300,16,0,Gal,d18:1,16:0
2394,4.2,0,2300,16,0,Gal,d18:1,16:0
2395,4.4,0,2300,16,0,Gal,d18:1,16:0
2396,4.6,0,2300,16,0,Gal,d18:1,16:0
2397,4.8,0,2300,16,0,Gal,d18:1,16:0
2398,5.0,0,2300,16,0,Gal,d18:1,16:0
2399,5.2,0,2300,16,0,Gal,d18:1,16:0
2400,5.4,0,2300,16,0,Gal,d18:1,16:0
2401,5.6,0,2300,16,0,Gal,d18:1,16:0
2402,5.8,0,2300,16,0,Gal,d18:1,16:0
2403,6.0,0,2300,16,0,Gal,d18:1,16:0
2404,6.2,0,2300,16,0,Gal,d18:1,16:0
2405,6.4,0,2300,16,0,Gal,d18:1,16:0
2406,6.6,0,2300,16,0,Gal,d18:1,16:0
2407,6.8,0,2300,16,0,Gal,d18:1,16:0
2408,7.0,0,2300,16,0,Gal,d18:1,16:0
2409,7.2,0,2300,16,0,Gal,d18:1,16:0
2410,7.4,0,2300,16,0,Gal,d18:1,16:0
2411,7.6,0,2300,16,0,Gal,d18:1,16:0
2412,7.8,0,2300,16,0,Gal,d18:1,16:0
2413,8.0,0,2300,16,0,Gal,d18:1,16:0
2414,8.2,0,2300,16,0,Gal,d18:1,16:0
2415,8.4,0,2300,16,0,Gal,d18:1,16:0
2416,8.6,0,2300,16,0,Gal,d18:1,16:0
2417,8.8,0,2300,16,0,Gal,d18:1,16:0
2418,9.0,0,2300,16,0,Gal,d18:1,16:0
2419,9.2,0,2300,16,0,Gal,d18:1,16:0
2420,9.4,0,2300,16,0,Gal,d18:1,16:0
2421,9.6,0,2300,16,0,Gal,d18:1,16:0
2422,9.8,0,2300,16,0,Gal,d18:1,16:0
2423,10.0,0,2300,16,0,Gal,d18:1,16:0
2424,-10.0,0,2400,16,0,Gal,d18:1,16:0
2425,-9.8,0,2400,16,0,Gal,d18:1,16:0
2426,-9.6,0,2400,16,0,Gal,d18:1,16:0
2427,-9.4,0,2400,16,0,Gal,d18:1,16:0
2428,-9.2,0,2400,16,0,Gal,d18:1,16:0
2429,-9.0,0,2400,16,0,Gal,d18:1,16:0
2430,-8.8,0,2400,16,0,Gal,d18:1,16:0
2431,-8.6,0,2400,16,0,Gal,d18:1,16:0
2432,-8.4,0,2400,16,0,Gal,d18:1,16:0
2433,-8.2,0,2400,16,0,Gal,d18:1,16:0
2434,-8.0,0,2400,16,0,Gal,d18:1,16:0
2435,-7.8,0,2400,16,0,Gal,d18:1,16:0
2436,-7.6,0,2400,16,0,Gal,d18:1,16:0
2437,-7.4,0,2400,16,0,Gal,d18:1,16:0
2438,-7.2,0,2400,16,0,Gal,d18:1,16:0
2439,-7.0,0,2400,16,0,Gal,d18:1,16:0
2440,-6.8,0,2400,16,0,Gal,d18:1,16:0
2441,-6.6,0,2400,16,0,Gal,d18:1,16:0
2442,-6.4,0,2400,16,0,Gal,d18:1,16:0
2443,-6.2,0,2400,16,0,Gal,d18:1,16:0
2444,-6.0,0,2400,16,0,Gal,d18:1,16:0
2445,-5.8,0,2400,16,0,Gal,d18:1,16:0
2446,-5.6,0,2400,16,0,Gal,d18:1,16:0
2447,-5.4,0,2400,16,0,Gal,d18:1,16:0
2448,-5.2,0,2400,16,0,Gal,d18:1,16:0
2449,-5.0,0,2400,16,0,Gal,d18:1,16:0
2450,-4.8,0,2400,16,0,Gal,d18:1,16:0
2451,-4.6,0,2400,16,0,Gal,d18:1,16:0
2452,-4.4,0,2400,16,0,Gal,d18:1,16:0
2453,-4.2,0,2400,16,0,Gal,d18:1,16:0
2454,-4.0,0,2400,16,0,Gal,d18:1,16:0
2455,-3.8,0,2400,16,0,Gal,d18:1,16:0
2456,-3.6,0,2400,16,0,Gal,d18:1,16:0
2457,-3.4,0,2400,16,0,Gal,d18:1,16:0
2458,-3.2,0,2400,16,0,Gal,d18:1,16:0
2459,-3.0,0,2400,16,0,Gal,d18:1,16:0
2460,-2.8,0,2400,16,0,Gal,d18:1,16:0
2461,-2.6,0,2400,16,0,Gal,d18:1,16:0
2462,-2.4,0,2400,16,0,Gal,d18:1,16:0
2463,-2.2,0,2400,16,0,Gal,d18:1,16:0
2464,-2.0,0,2400,16,0,Gal,d18:1,16:0
2465,-1.8,40,2400,16,0,Gal,d18:1,16:0
2466,-1.6,40,2400,16,0,Gal,d18:1,16:0
2467,-1.4,520,2400,16,0,Gal,d18:1,16:0
2468,-1.2,1660,2400,16,0,Gal,d18:1,16:0
2469,-1.0,6460,2400,16,0,Gal,d18:1,16:0
2470,-0.8,13680,2400,16,0,Gal,d18:1,16:0
2471,-0.6,16540,2400,16,0,Gal,d18:1,16:0
2472,-0.4,16900,2400,16,0,Gal,d18:1,16:0
2473,-0.2,15120,2400,16,0,Gal,d18:1,16:0
2474,0.0,11220,2400,16,0,Gal,d18:1,16:0
2475,0.2,7940,2400,16,0,Gal,d18:1,16:0
2476,0.4,4740,2400,16,0,Gal,d18:1,16:0
2477,0.6,2340,2400,16,0,Gal,d18:1,16:0
2478,0.8,840,2400,16,0,Gal,d18:1,16:0
2479,1.0,460,2400,16,0,Gal,d18:1,16:0
2480,1.2,80,2400,16,0,Gal,d18:1,16:0
2481,1.4,0,2400,16,0,Gal,d18:1,16:0
2482,1.6,40,2400,16,0,Gal,d18:1,16:0
2483,1.8,20,2400,16,0,Gal,d18:1,16:0
2484,2.0,40,2400,16,0,Gal,d18:1,16:0
2485,2.2,0,2400,16,0,Gal,d18:1,16:0
2486,2.4,0,2400,16,0,Gal,d18:1,16:0
2487,2.6,0,2400,16,0,Gal,d18:1,16:0
2488,2.8,0,2400,16,0,Gal,d18:1,16:0
2489,3.0,0,2400,16,0,Gal,d18:1,16:0
2490,3.2,0,2400,16,0,Gal,d18:1,16:0
2491,3.4,0,2400,16,0,Gal,d18:1,16:0
2492,3.6,0,2400,16,0,Gal,d18:1,16:0
2493,3.8,0,2400,16,0,Gal,d18:1,16:0
2494,4.0,0,2400,16,0,Gal,d18:1,16:0
2495,4.2,0,2400,16,0,Gal,d18:1,16:0
2496,4.4,0,2400,16,0,Gal,d18:1,16:0
2497,4.6,0,2400,16,0,Gal,d18:1,16:0
2498,4.8,0,2400,16,0,Gal,d18:1,16:0
2499,5.0,0,2400,16,0,Gal,d18:1,16:0
2500,5.2,0,2400,16,0,Gal,d18:1,16:0
2501,5.4,0,2400,16,0,Gal,d18:1,16:0
2502,5.6,0,2400,16,0,Gal,d18:1,16:0
2503,5.8,0,2400,16,0,Gal,d18:1,16:0
2504,6.0,0,2400,16,0,Gal,d18:1,16:0
2505,6.2,0,2400,16,0,Gal,d18:1,16:0
2506,6.4,0,2400,16,0,Gal,d18:1,16:0
2507,6.6,0,2400,16,0,Gal,d18:1,16:0
2508,6.8,0,2400,16,0,Gal,d18:1,16:0
2509,7.0,0,2400,16,0,Gal,d18:1,16:0
2510,7.2,0,2400,16,0,Gal,d18:1,16:0
2511,7.4,0,2400,16,0,Gal,d18:1,16:0
2512,7.6,0,2400,16,0,Gal,d18:1,16:0
2513,7.8,0,2400,16,0,Gal,d18:1,16:0
2514,8.0,0,2400,16,0,Gal,d18:1,16:0
2515,8.2,0,2400,16,0,Gal,d18:1,16:0
2516,8.4,0,2400,16,0,Gal,d18:1,16:0
2517,8.6,0,2400,16,0,Gal,d18:1,16:0
2518,8.8,0,2400,16,0,Gal,d18:1,16:0
2519,9.0,0,2400,16,0,Gal,d18:1,16:0
2520,9.2,0,2400,16,0,Gal,d18:1,16:0
2521,9.4,0,2400,16,0,Gal,d18:1,16:0
2522,9.6,0,2400,16,0,Gal,d18:1,16:0
2523,9.8,0,2400,16,0,Gal,d18:1,16:0
2524,10.0,0,2400,16,0,Gal,d18:1,16:0
2525,-10.0,0,2500,16,0,Gal,d18:1,16:0
2526,-9.8,0,2500,16,0,Gal,d18:1,16:0
2527,-9.6,0,2500,16,0,Gal,d18:1,16:0
2528,-9.4,0,2500,16,0,Gal,d18:1,16:0
2529,-9.2,0,2500,16,0,Gal,d18:1,16:0
2530,-9.0,0,2500,16,0,Gal,d18:1,16:0
2531,-8.8,0,2500,16,0,Gal,d18:1,16:0
2532,-8.6,0,2500,16,0,Gal,d18:1,16:0
2533,-8.4,0,2500,16,0,Gal,d18:1,16:0
2534,-8.2,0,2500,16,0,Gal,d18:1,16:0
2535,-8.0,0,2500,16,0,Gal,d18:1,16:0
2536,-7.8,0,2500,16,0,Gal,d18:1,16:0
2537,-7.6,0,2500,16,0,Gal,d18:1,16:0
2538,-7.4,0,2500,16,0,Gal,d18:1,16:0
2539,-7.2,0,2500,16,0,Gal,d18:1,16:0
2540,-7.0,0,2500,16,0,Gal,d18:1,16:0
2541,-6.8,0,2500,16,0,Gal,d18:1,16:0
2542,-6.6,0,2500,16,0,Gal,d18:1,16:0
2543,-6.4,0,2500,16,0,Gal,d18:1,16:0
2544,-6.2,0,2500,16,0,Gal,d18:1,16:0
2545,-6.0,0,2500,16,0,Gal,d18:1,16:0
2546,-5.8,0,2500,16,0,Gal,d18:1,16:0
2547,-5.6,0,2500,16,0,Gal,d18:1,16:0
2548,-5.4,0,2500,16,0,Gal,d18:1,16:0
2549,-5.2,0,2500,16,0,Gal,d18:1,16:0
2550,-5.0,0,2500,16,0,Gal,d18:1,16:0
2551,-4.8,0,2500,16,0,Gal,d18:1,16:0
2552,-4.6,0,2500,16,0,Gal,d18:1,16:0
2553,-4.4,0,2500,16,0,Gal,d18:1,16:0
2554,-4.2,0,2500,16,0,Gal,d18:1,16:0
2555,-4.0,0,2500,16,0,Gal,d18:1,16:0
2556,-3.8,0,2500,16,0,Gal,d18:1,16:0
2557,-3.6,0,2500,16,0,Gal,d18:1,16:0
2558,-3.4,0,2500,16,0,Gal,d18:1,16:0
2559,-3.2,0,2500,16,0,Gal,d18:1,16:0
2560,-3.0,0,2500,16,0,Gal,d18:1,16:0
2561,-2.8,0,2500,16,0,Gal,d18:1,16:0
2562,-2.6,40,2500,16,0,Gal,d18:1,16:0
2563,-2.4,0,2500,16,0,Gal,d18:1,16:0
2564,-2.2,100,2500,16,0,Gal,d18:1,16:0
2565,-2.0,180,2500,16,0,Gal,d18:1,16:0
2566,-1.8,1160,2500,16,0,Gal,d18:1,16:0
2567,-1.6,4980,2500,16,0,Gal,d18:1,16:0
2568,-1.4,8640,2500,16,0,Gal,d18:1,16:0
2569,-1.2,10180,2500,16,0,Gal,d18:1,16:0
2570,-1.0,14120,2500,16,0,Gal,d18:1,16:0
2571,-0.8,12300,2500,16,0,Gal,d18:1,16:0
2572,-0.6,10680,2500,16,0,Gal,d18:1,16:0
2573,-0.4,6800,2500,16,0,Gal,d18:1,16:0
2574,-0.2,5020,2500,16,0,Gal,d18:1,16:0
2575,0.0,2920,2500,16,0,Gal,d18:1,16:0
2576,0.2,1500,2500,16,0,Gal,d18:1,16:0
2577,0.4,420,2500,16,0,Gal,d18:1,16:0
2578,0.6,440,2500,16,0,Gal,d18:1,16:0
2579,0.8,180,2500,16,0,Gal,d18:1,16:0
2580,1.0,0,2500,16,0,Gal,d18:1,16:0
2581,1.2,140,2500,16,0,Gal,d18:1,16:0
2582,1.4,20,2500,16,0,Gal,d18:1,16:0
2583,1.6,0,2500,16,0,Gal,d18:1,16:0
2584,1.8,0,2500,16,0,Gal,d18:1,16:0
2585,2.0,0,2500,16,0,Gal,d18:1,16:0
2586,2.2,0,2500,16,0,Gal,d18:1,16:0
2587,2.4,0,2500,16,0,Gal,d18:1,16:0
2588,2.6,0,2500,16,0,Gal,d18:1,16:0
2589,2.8,0,2500,16,0,Gal,d18:1,16:0
2590,3.0,0,2500,16,0,Gal,d18:1,16:0
2591,3.2,0,2500,16,0,Gal,d18:1,16:0
2592,3.4,0,2500,16,0,Gal,d18:1,16:0
2593,3.6,0,2500,16,0,Gal,d18:1,16:0
2594,3.8,0,2500,16,0,Gal,d18:1,16:0
2595,4.0,0,2500,16,0,Gal,d18:1,16:0
2596,4.2,0,2500,16,0,Gal,d18:1,16:0
2597,4.4,0,2500,16,0,Gal,d18:1,16:0
2598,4.6,0,2500,16,0,Gal,d18:1,16:0
2599,4.8,0,2500,16,0,Gal,d18:1,16:0
2600,5.0,0,2500,16,0,Gal,d18:1,16:0
2601,5.2,0,2500,16,0,Gal,d18:1,16:0
2602,5.4,0,2500,16,0,Gal,d18:1,16:0
2603,5.6,0,2500,16,0,Gal,d18:1,16:0
2604,5.8,0,2500,16,0,Gal,d18:1,16:0
2605,6.0,0,2500,16,0,Gal,d18:1,16:0
2606,6.2,0,2500,16,0,Gal,d18:1,16:0
2607,6.4,0,2500,16,0,Gal,d18:1,16:0
2608,6.6,0,2500,16,0,Gal,d18:1,16:0
2609,6.8,0,2500,16,0,Gal,d18:1,16:0
2610,7.0,0,2500,16,0,Gal,d18:1,16:0
2611,7.2,0,2500,16,0,Gal,d18:1,16:0
2612,7.4,0,2500,16,0,Gal,d18:1,16:0
2613,7.6,0,2500,16,0,Gal,d18:1,16:0
2614,7.8,0,2500,16,0,Gal,d18:1,16:0
2615,8.0,0,2500,16,0,Gal,d18:1,16:0
2616,8.2,0,2500,16,0,Gal,d18:1,16:0
2617,8.4,0,2500,16,0,Gal,d18:1,16:0
2618,8.6,0,2500,16,0,Gal,d18:1,16:0
2619,8.8,0,2500,16,0,Gal,d18:1,16:0
2620,9.0,0,2500,16,0,Gal,d18:1,16:0
2621,9.2,0,2500,16,0,Gal,d18:1,16:0
2622,9.4,0,2500,16,0,Gal,d18:1,16:0
2623,9.6,0,2500,16,0,Gal,d18:1,16:0
2624,9.8,0,2500,16,0,Gal,d18:1,16:0
2625,10.0,0,2500,16,0,Gal,d18:1,16:0
2626,-10.0,0,2600,16,0,Gal,d18:1,16:0
2627,-9.8,0,2600,16,0,Gal,d18:1,16:0
2628,-9.6,0,2600,16,0,Gal,d18:1,16:0
2629,-9.4,0,2600,16,0,Gal,d18:1,16:0
2630,-9.2,0,2600,16,0,Gal,d18:1,16:0
2631,-9.0,0,2600,16,0,Gal,d18:1,16:0
2632,-8.8,0,2600,16,0,Gal,d18:1,16:0
2633,-8.6,0,2600,16,0,Gal,d18:1,16:0
2634,-8.4,0,2600,16,0,Gal,d18:1,16:0
2635,-8.2,0,2600,16,0,Gal,d18:1,16:0
2636,-8.0,0,2600,16,0,Gal,d18:1,16:0
2637,-7.8,0,2600,16,0,Gal,d18:1,16:0
2638,-7.6,0,2600,16,0,Gal,d18:1,16:0
2639,-7.4,0,2600,16,0,Gal,d18:1,16:0
2640,-7.2,0,2600,16,0,Gal,d18:1,16:0
2641,-7.0,0,2600,16,0,Gal,d18:1,16:0
2642,-6.8,0,2600,16,0,Gal,d18:1,16:0
2643,-6.6,0,2600,16,0,Gal,d18:1,16:0
2644,-6.4,0,2600,16,0,Gal,d18:1,16:0
2645,-6.2,0,2600,16,0,Gal,d18:1,16:0
2646,-6.0,0,2600,16,0,Gal,d18:1,16:0
2647,-5.8,0,2600,16,0,Gal,d18:1,16:0
2648,-5.6,0,2600,16,0,Gal,d18:1,16:0
2649,-5.4,0,2600,16,0,Gal,d18:1,16:0
2650,-5.2,0,2600,16,0,Gal,d18:1,16:0
2651,-5.0,0,2600,16,0,Gal,d18:1,16:0
2652,-4.8,0,2600,16,0,Gal,d18:1,16:0
2653,-4.6,0,2600,16,0,Gal,d18:1,16:0
2654,-4.4,0,2600,16,0,Gal,d18:1,16:0
2655,-4.2,0,2600,16,0,Gal,d18:1,16:0
2656,-4.0,0,2600,16,0,Gal,d18:1,16:0
2657,-3.8,0,2600,16,0,Gal,d18:1,16:0
2658,-3.6,0,2600,16,0,Gal,d18:1,16:0
2659,-3.4,0,2600,16,0,Gal,d18:1,16:0
2660,-3.2,0,2600,16,0,Gal,d18:1,16:0
2661,-3.0,0,2600,16,0,Gal,d18:1,16:0
2662,-2.8,40,2600,16,0,Gal,d18:1,16:0
2663,-2.6,0,2600,16,0,Gal,d18:1,16:0
2664,-2.4,0,2600,16,0,Gal,d18:1,16:0
2665,-2.2,100,2600,16,0,Gal,d18:1,16:0
2666,-2.0,360,2600,16,0,Gal,d18:1,16:0
2667,-1.8,1020,2600,16,0,Gal,d18:1,16:0
2668,-1.6,4520,2600,16,0,Gal,d18:1,16:0
2669,-1.4,10460,2600,16,0,Gal,d18:1,16:0
2670,-1.2,13980,2600,16,0,Gal,d18:1,16:0
2671,-1.0,15240,2600,16,0,Gal,d18:1,16:0
2672,-0.8,12800,2600,16,0,Gal,d18:1,16:0
2673,-0.6,9720,2600,16,0,Gal,d18:1,16:0
2674,-0.4,7560,2600,16,0,Gal,d18:1,16:0
2675,-0.2,4920,2600,16,0,Gal,d18:1,16:0
2676,0.0,3180,2600,16,0,Gal,d18:1,16:0
2677,0.2,1540,2600,16,0,Gal,d18:1,16:0
2678,0.4,880,2600,16,0,Gal,d18:1,16:0
2679,0.6,320,2600,16,0,Gal,d18:1,16:0
2680,0.8,320,2600,16,0,Gal,d18:1,16:0
2681,1.0,60,2600,16,0,Gal,d18:1,16:0
2682,1.2,60,2600,16,0,Gal,d18:1,16:0
2683,1.4,0,2600,16,0,Gal,d18:1,16:0
2684,1.6,0,2600,16,0,Gal,d18:1,16:0
2685,1.8,0,2600,16,0,Gal,d18:1,16:0
2686,2.0,0,2600,16,0,Gal,d18:1,16:0
2687,2.2,0,2600,16,0,Gal,d18:1,16:0
2688,2.4,0,2600,16,0,Gal,d18:1,16:0
2689,2.6,0,2600,16,0,Gal,d18:1,16:0
2690,2.8,0,2600,16,0,Gal,d18:1,16:0
2691,3.0,0,2600,16,0,Gal,d18:1,16:0
2692,3.2,0,2600,16,0,Gal,d18:1,16:0
2693,3.4,0,2600,16,0,Gal,d18:1,16:0
2694,3.6,0,2600,16,0,Gal,d18:1,16:0
2695,3.8,0,2600,16,0,Gal,d18:1,16:0
2696,4.0,0,2600,16,0,Gal,d18:1,16:0
2697,4.2,0,2600,16,0,Gal,d18:1,16:0
2698,4.4,0,2600,16,0,Gal,d18:1,16:0
2699,4.6,0,2600,16,0,Gal,d18:1,16:0
2700,4.8,0,2600,16,0,Gal,d18:1,16:0
2701,5.0,0,2600,16,0,Gal,d18:1,16:0
2702,5.2,0,2600,16,0,Gal,d18:1,16:0
2703,5.4,0,2600,16,0,Gal,d18:1,16:0
2704,5.6,0,2600,16,0,Gal,d18:1,16:0
2705,5.8,0,2600,16,0,Gal,d18:1,16:0
2706,6.0,0,2600,16,0,Gal,d18:1,16:0
2707,6.2,0,2600,16,0,Gal,d18:1,16:0
2708,6.4,0,2600,16,0,Gal,d18:1,16:0
2709,6.6,0,2600,16,0,Gal,d18:1,16:0
2710,6.8,0,2600,16,0,Gal,d18:1,16:0
2711,7.0,0,2600,16,0,Gal,d18:1,16:0
2712,7.2,0,2600,16,0,Gal,d18:1,16:0
2713,7.4,0,2600,16,0,Gal,d18:1,16:0
2714,7.6,0,2600,16,0,Gal,d18:1,16:0
2715,7.8,0,2600,16,0,Gal,d18:1,16:0
2716,8.0,0,2600,16,0,Gal,d18:1,16:0
2717,8.2,0,2600,16,0,Gal,d18:1,16:0
2718,8.4,0,2600,16,0,Gal,d18:1,16:0
2719,8.6,0,2600,16,0,Gal,d18:1,16:0
2720,8.8,0,2600,16,0,Gal,d18:1,16:0
2721,9.0,0,2600,16,0,Gal,d18:1,16:0
2722,9.2,0,2600,16,0,Gal,d18:1,16:0
2723,9.4,0,2600,16,0,Gal,d18:1,16:0
2724,9.6,0,2600,16,0,Gal,d18:1,16:0
2725,9.8,0,2600,16,0,Gal,d18:1,16:0
2726,10.0,0,2600,16,0,Gal,d18:1,16:0
2727,-10.0,0,2700,16,0,Gal,d18:1,16:0
2728,-9.8,0,2700,16,0,Gal,d18:1,16:0
2729,-9.6,0,2700,16,0,Gal,d18:1,16:0
2730,-9.4,0,2700,16,0,Gal,d18:1,16:0
2731,-9.2,0,2700,16,0,Gal,d18:1,16:0
2732,-9.0,0,2700,16,0,Gal,d18:1,16:0
2733,-8.8,0,2700,16,0,Gal,d18:1,16:0
2734,-8.6,0,2700,16,0,Gal,d18:1,16:0
2735,-8.4,0,2700,16,0,Gal,d18:1,16:0
2736,-8.2,0,2700,16,0,Gal,d18:1,16:0
2737,-8.0,0,2700,16,0,Gal,d18:1,16:0
2738,-7.8,0,2700,16,0,Gal,d18:1,16:0
2739,-7.6,0,2700,16,0,Gal,d18:1,16:0
2740,-7.4,0,2700,16,0,Gal,d18:1,16:0
2741,-7.2,0,2700,16,0,Gal,d18:1,16:0
2742,-7.0,0,2700,16,0,Gal,d18:1,16:0
2743,-6.8,0,2700,16,0,Gal,d18:1,16:0
2744,-6.6,0,2700,16,0,Gal,d18:1,16:0
2745,-6.4,0,2700,16,0,Gal,d18:1,16:0
2746,-6.2,0,2700,16,0,Gal,d18:1,16:0
2747,-6.0,0,2700,16,0,Gal,d18:1,16:0
2748,-5.8,0,2700,16,0,Gal,d18:1,16:0
2749,-5.6,0,2700,16,0,Gal,d18:1,16:0
2750,-5.4,0,2700,16,0,Gal,d18:1,16:0
2751,-5.2,0,2700,16,0,Gal,d18:1,16:0
2752,-5.0,0,2700,16,0,Gal,d18:1,16:0
2753,-4.8,0,2700,16,0,Gal,d18:1,16:0
2754,-4.6,0,2700,16,0,Gal,d18:1,16:0
2755,-4.4,0,2700,16,0,Gal,d18:1,16:0
2756,-4.2,0,2700,16,0,Gal,d18:1,16:0
2757,-4.0,0,2700,16,0,Gal,d18:1,16:0
2758,-3.8,0,2700,16,0,Gal,d18:1,16:0
2759,-3.6,0,2700,16,0,Gal,d18:1,16:0
2760,-3.4,0,2700,16,0,Gal,d18:1,16:0
2761,-3.2,0,2700,16,0,Gal,d18:1,16:0
2762,-3.0,0,2700,16,0,Gal,d18:1,16:0
2763,-2.8,0,2700,16,0,Gal,d18:1,16:0
2764,-2.6,0,2700,16,0,Gal,d18:1,16:0
2765,-2.4,40,2700,16,0,Gal,d18:1,16:0
2766,-2.2,220,2700,16,0,Gal,d18:1,16:0
2767,-2.0,560,2700,16,0,Gal,d18:1,16:0
2768,-1.8,2100,2700,16,0,Gal,d18:1,16:0
2769,-1.6,6520,2700,16,0,Gal,d18:1,16:0
2770,-1.4,11180,2700,16,0,Gal,d18:1,16:0
2771,-1.2,16520,2700,16,0,Gal,d18:1,16:0
2772,-1.0,19160,2700,16,0,Gal,d18:1,16:0
2773,-0.8,18460,2700,16,0,Gal,d18:1,16:0
2774,-0.6,17260,2700,16,0,Gal,d18:1,16:0
2775,-0.4,12880,2700,16,0,Gal,d18:1,16:0
2776,-0.2,9020,2700,16,0,Gal,d18:1,16:0
2777,0.0,5380,2700,16,0,Gal,d18:1,16:0
2778,0.2,2820,2700,16,0,Gal,d18:1,16:0
2779,0.4,1380,2700,16,0,Gal,d18:1,16:0
2780,0.6,380,2700,16,0,Gal,d18:1,16:0
2781,0.8,400,2700,16,0,Gal,d18:1,16:0
2782,1.0,280,2700,16,0,Gal,d18:1,16:0
2783,1.2,140,2700,16,0,Gal,d18:1,16:0
2784,1.4,180,2700,16,0,Gal,d18:1,16:0
2785,1.6,0,2700,16,0,Gal,d18:1,16:0
2786,1.8,0,2700,16,0,Gal,d18:1,16:0
2787,2.0,0,2700,16,0,Gal,d18:1,16:0
2788,2.2,0,2700,16,0,Gal,d18:1,16:0
2789,2.4,20,2700,16,0,Gal,d18:1,16:0
2790,2.6,0,2700,16,0,Gal,d18:1,16:0
2791,2.8,0,2700,16,0,Gal,d18:1,16:0
2792,3.0,0,2700,16,0,Gal,d18:1,16:0
2793,3.2,0,2700,16,0,Gal,d18:1,16:0
2794,3.4,0,2700,16,0,Gal,d18:1,16:0
2795,3.6,0,2700,16,0,Gal,d18:1,16:0
2796,3.8,0,2700,16,0,Gal,d18:1,16:0
2797,4.0,0,2700,16,0,Gal,d18:1,16:0
2798,4.2,0,2700,16,0,Gal,d18:1,16:0
2799,4.4,0,2700,16,0,Gal,d18:1,16:0
2800,4.6,0,2700,16,0,Gal,d18:1,16:0
2801,4.8,0,2700,16,0,Gal,d18:1,16:0
2802,5.0,0,2700,16,0,Gal,d18:1,16:0
2803,5.2,0,2700,16,0,Gal,d18:1,16:0
2804,5.4,0,2700,16,0,Gal,d18:1,16:0
2805,5.6,0,2700,16,0,Gal,d18:1,16:0
2806,5.8,0,2700,16,0,Gal,d18:1,16:0
2807,6.0,0,2700,16,0,Gal,d18:1,16:0
2808,6.2,0,2700,16,0,Gal,d18:1,16:0
2809,6.4,0,2700,16,0,Gal,d18:1,16:0
2810,6.6,0,2700,16,0,Gal,d18:1,16:0
2811,6.8,0,2700,16,0,Gal,d18:1,16:0
2812,7.0,0,2700,16,0,Gal,d18:1,16:0
2813,7.2,0,2700,16,0,Gal,d18:1,16:0
2814,7.4,0,2700,16,0,Gal,d18:1,16:0
2815,7.6,0,2700,16,0,Gal,d18:1,16:0
2816,7.8,0,2700,16,0,Gal,d18:1,16:0
2817,8.0,0,2700,16,0,Gal,d18:1,16:0
2818,8.2,0,2700,16,0,Gal,d18:1,16:0
2819,8.4,0,2700,16,0,Gal,d18:1,16:0
2820,8.6,0,2700,16,0,Gal,d18:1,16:0
2821,8.8,0,2700,16,0,Gal,d18:1,16:0
2822,9.0,0,2700,16,0,Gal,d18:1,16:0
2823,9.2,0,2700,16,0,Gal,d18:1,16:0
2824,9.4,0,2700,16,0,Gal,d18:1,16:0
2825,9.6,0,2700,16,0,Gal,d18:1,16:0
2826,9.8,0,2700,16,0,Gal,d18:1,16:0
2827,10.0,0,2700,16,0,Gal,d18:1,16:0
2828,-10.0,0,2800,16,0,Gal,d18:1,16:0
2829,-9.8,0,2800,16,0,Gal,d18:1,16:0
2830,-9.6,0,2800,16,0,Gal,d18:1,16:0
2831,-9.4,0,2800,16,0,Gal,d18:1,16:0
2832,-9.2,0,2800,16,0,Gal,d18:1,16:0
2833,-9.0,0,2800,16,0,Gal,d18:1,16:0
2834,-8.8,0,2800,16,0,Gal,d18:1,16:0
2835,-8.6,0,2800,16,0,Gal,d18:1,16:0
2836,-8.4,0,2800,16,0,Gal,d18:1,16:0
2837,-8.2,0,2800,16,0,Gal,d18:1,16:0
2838,-8.0,0,2800,16,0,Gal,d18:1,16:0
2839,-7.8,0,2800,16,0,Gal,d18:1,16:0
2840,-7.6,0,2800,16,0,Gal,d18:1,16:0
2841,-7.4,0,2800,16,0,Gal,d18:1,16:0
2842,-7.2,0,2800,16,0,Gal,d18:1,16:0
2843,-7.0,0,2800,16,0,Gal,d18:1,16:0
2844,-6.8,0,2800,16,0,Gal,d18:1,16:0
2845,-6.6,0,2800,16,0,Gal,d18:1,16:0
2846,-6.4,0,2800,16,0,Gal,d18:1,16:0
2847,-6.2,0,2800,16,0,Gal,d18:1,16:0
2848,-6.0,0,2800,16,0,Gal,d18:1,16:0
2849,-5.8,0,2800,16,0,Gal,d18:1,16:0
2850,-5.6,0,2800,16,0,Gal,d18:1,16:0
2851,-5.4,0,2800,16,0,Gal,d18:1,16:0
2852,-5.2,0,2800,16,0,Gal,d18:1,16:0
2853,-5.0,0,2800,16,0,Gal,d18:1,16:0
2854,-4.8,0,2800,16,0,Gal,d18:1,16:0
2855,-4.6,0,2800,16,0,Gal,d18:1,16:0
2856,-4.4,0,2800,16,0,Gal,d18:1,16:0
2857,-4.2,0,2800,16,0,Gal,d18:1,16:0
2858,-4.0,0,2800,16,0,Gal,d18:1,16:0
2859,-3.8,0,2800,16,0,Gal,d18:1,16:0
2860,-3.6,0,2800,16,0,Gal,d18:1,16:0
2861,-3.4,0,2800,16,0,Gal,d18:1,16:0
2862,-3.2,0,2800,16,0,Gal,d18:1,16:0
2863,-3.0,0,2800,16,0,Gal,d18:1,16:0
2864,-2.8,20,2800,16,0,Gal,d18:1,16:0
2865,-2.6,0,2800,16,0,Gal,d18:1,16:0
2866,-2.4,20,2800,16,0,Gal,d18:1,16:0
2867,-2.2,60,2800,16,0,Gal,d18:1,16:0
2868,-2.0,280,2800,16,0,Gal,d18:1,16:0
2869,-1.8,540,2800,16,0,Gal,d18:1,16:0
2870,-1.6,2140,2800,16,0,Gal,d18:1,16:0
2871,-1.4,6560,2800,16,0,Gal,d18:1,16:0
2872,-1.2,12920,2800,16,0,Gal,d18:1,16:0
2873,-1.0,16000,2800,16,0,Gal,d18:1,16:0
2874,-0.8,14740,2800,16,0,Gal,d18:1,16:0
2875,-0.6,11320,2800,16,0,Gal,d18:1,16:0
2876,-0.4,8140,2800,16,0,Gal,d18:1,16:0
2877,-0.2,5940,2800,16,0,Gal,d18:1,16:0
2878,0.0,4060,2800,16,0,Gal,d18:1,16:0
2879,0.2,2100,2800,16,0,Gal,d18:1,16:0
2880,0.4,1020,2800,16,0,Gal,d18:1,16:0
2881,0.6,760,2800,16,0,Gal,d18:1,16:0
2882,0.8,360,2800,16,0,Gal,d18:1,16:0
2883,1.0,160,2800,16,0,Gal,d18:1,16:0
2884,1.2,60,2800,16,0,Gal,d18:1,16:0
2885,1.4,40,2800,16,0,Gal,d18:1,16:0
2886,1.6,0,2800,16,0,Gal,d18:1,16:0
2887,1.8,40,2800,16,0,Gal,d18:1,16:0
2888,2.0,100,2800,16,0,Gal,d18:1,16:0
2889,2.2,40,2800,16,0,Gal,d18:1,16:0
2890,2.4,0,2800,16,0,Gal,d18:1,16:0
2891,2.6,0,2800,16,0,Gal,d18:1,16:0
2892,2.8,0,2800,16,0,Gal,d18:1,16:0
2893,3.0,0,2800,16,0,Gal,d18:1,16:0
2894,3.2,0,2800,16,0,Gal,d18:1,16:0
2895,3.4,0,2800,16,0,Gal,d18:1,16:0
2896,3.6,0,2800,16,0,Gal,d18:1,16:0
2897,3.8,0,2800,16,0,Gal,d18:1,16:0
2898,4.0,0,2800,16,0,Gal,d18:1,16:0
2899,4.2,0,2800,16,0,Gal,d18:1,16:0
2900,4.4,0,2800,16,0,Gal,d18:1,16:0
2901,4.6,0,2800,16,0,Gal,d18:1,16:0
2902,4.8,0,2800,16,0,Gal,d18:1,16:0
2903,5.0,0,2800,16,0,Gal,d18:1,16:0
2904,5.2,0,2800,16,0,Gal,d18:1,16:0
2905,5.4,0,2800,16,0,Gal,d18:1,16:0
2906,5.6,0,2800,16,0,Gal,d18:1,16:0
2907,5.8,0,2800,16,0,Gal,d18:1,16:0
2908,6.0,0,2800,16,0,Gal,d18:1,16:0
2909,6.2,0,2800,16,0,Gal,d18:1,16:0
2910,6.4,0,2800,16,0,Gal,d18:1,16:0
2911,6.6,0,2800,16,0,Gal,d18:1,16:0
2912,6.8,0,2800,16,0,Gal,d18:1,16:0
2913,7.0,0,2800,16,0,Gal,d18:1,16:0
2914,7.2,0,2800,16,0,Gal,d18:1,16:0
2915,7.4,0,2800,16,0,Gal,d18:1,16:0
2916,7.6,0,2800,16,0,Gal,d18:1,16:0
2917,7.8,0,2800,16,0,Gal,d18:1,16:0
2918,8.0,0,2800,16,0,Gal,d18:1,16:0
2919,8.2,0,2800,16,0,Gal,d18:1,16:0
2920,8.4,0,2800,16,0,Gal,d18:1,16:0
2921,8.6,0,2800,16,0,Gal,d18:1,16:0
2922,8.8,0,2800,16,0,Gal,d18:1,16:0
2923,9.0,0,2800,16,0,Gal,d18:1,16:0
2924,9.2,0,2800,16,0,Gal,d18:1,16:0
2925,9.4,0,2800,16,0,Gal,d18:1,16:0
2926,9.6,0,2800,16,0,Gal,d18:1,16:0
2927,9.8,0,2800,16,0,Gal,d18:1,16:0
2928,10.0,0,2800,16,0,Gal,d18:1,16:0
2929,-10.0,0,2900,16,0,Gal,d18:1,16:0
2930,-9.8,0,2900,16,0,Gal,d18:1,16:0
2931,-9.6,0,2900,16,0,Gal,d18:1,16:0
2932,-9.4,0,2900,16,0,Gal,d18:1,16:0
2933,-9.2,0,2900,16,0,Gal,d18:1,16:0
2934,-9.0,0,2900,16,0,Gal,d18:1,16:0
2935,-8.8,0,2900,16,0,Gal,d18:1,16:0
2936,-8.6,0,2900,16,0,Gal,d18:1,16:0
2937,-8.4,0,2900,16,0,Gal,d18:1,16:0
2938,-8.2,0,2900,16,0,Gal,d18:1,16:0
2939,-8.0,0,2900,16,0,Gal,d18:1,16:0
2940,-7.8,0,2900,16,0,Gal,d18:1,16:0
2941,-7.6,0,2900,16,0,Gal,d18:1,16:0
2942,-7.4,0,2900,16,0,Gal,d18:1,16:0
2943,-7.2,0,2900,16,0,Gal,d18:1,16:0
2944,-7.0,0,2900,16,0,Gal,d18:1,16:0
2945,-6.8,0,2900,16,0,Gal,d18:1,16:0
2946,-6.6,0,2900,16,0,Gal,d18:1,16:0
2947,-6.4,0,2900,16,0,Gal,d18:1,16:0
2948,-6.2,0,2900,16,0,Gal,d18:1,16:0
2949,-6.0,0,2900,16,0,Gal,d18:1,16:0
2950,-5.8,0,2900,16,0,Gal,d18:1,16:0
2951,-5.6,0,2900,16,0,Gal,d18:1,16:0
2952,-5.4,0,2900,16,0,Gal,d18:1,16:0
2953,-5.2,0,2900,16,0,Gal,d18:1,16:0
2954,-5.0,0,2900,16,0,Gal,d18:1,16:0
2955,-4.8,0,2900,16,0,Gal,d18:1,16:0
2956,-4.6,0,2900,16,0,Gal,d18:1,16:0
2957,-4.4,0,2900,16,0,Gal,d18:1,16:0
2958,-4.2,0,2900,16,0,Gal,d18:1,16:0
2959,-4.0,0,2900,16,0,Gal,d18:1,16:0
2960,-3.8,0,2900,16,0,Gal,d18:1,16:0
2961,-3.6,0,2900,16,0,Gal,d18:1,16:0
2962,-3.4,0,2900,16,0,Gal,d18:1,16:0
2963,-3.2,0,2900,16,0,Gal,d18:1,16:0
2964,-3.0,0,2900,16,0,Gal,d18:1,16:0
2965,-2.8,0,2900,16,0,Gal,d18:1,16:0
2966,-2.6,20,2900,16,0,Gal,d18:1,16:0
2967,-2.4,80,2900,16,0,Gal,d18:1,16:0
2968,-2.2,160,2900,16,0,Gal,d18:1,16:0
2969,-2.0,540,2900,16,0,Gal,d18:1,16:0
2970,-1.8,1140,2900,16,0,Gal,d18:1,16:0
2971,-1.6,3960,2900,16,0,Gal,d18:1,16:0
2972,-1.4,8160,2900,16,0,Gal,d18:1,16:0
2973,-1.2,13040,2900,16,0,Gal,d18:1,16:0
2974,-1.0,17620,2900,16,0,Gal,d18:1,16:0
2975,-0.8,15200,2900,16,0,Gal,d18:1,16:0
2976,-0.6,13320,2900,16,0,Gal,d18:1,16:0
2977,-0.4,9620,2900,16,0,Gal,d18:1,16:0
2978,-0.2,6580,2900,16,0,Gal,d18:1,16:0
2979,0.0,3520,2900,16,0,Gal,d18:1,16:0
2980,0.2,1340,2900,16,0,Gal,d18:1,16:0
2981,0.4,820,2900,16,0,Gal,d18:1,16:0
2982,0.6,680,2900,16,0,Gal,d18:1,16:0
2983,0.8,340,2900,16,0,Gal,d18:1,16:0
2984,1.0,20,2900,16,0,Gal,d18:1,16:0
2985,1.2,0,2900,16,0,Gal,d18:1,16:0
2986,1.4,0,2900,16,0,Gal,d18:1,16:0
2987,1.6,20,2900,16,0,Gal,d18:1,16:0
2988,1.8,0,2900,16,0,Gal,d18:1,16:0
2989,2.0,20,2900,16,0,Gal,d18:1,16:0
2990,2.2,60,2900,16,0,Gal,d18:1,16:0
2991,2.4,20,2900,16,0,Gal,d18:1,16:0
2992,2.6,0,2900,16,0,Gal,d18:1,16:0
2993,2.8,0,2900,16,0,Gal,d18:1,16:0
2994,3.0,0,2900,16,0,Gal,d18:1,16:0
2995,3.2,0,2900,16,0,Gal,d18:1,16:0
2996,3.4,20,2900,16,0,Gal,d18:1,16:0
2997,3.6,0,2900,16,0,Gal,d18:1,16:0
2998,3.8,0,2900,16,0,Gal,d18:1,16:0
2999,4.0,0,2900,16,0,Gal,d18:1,16:0
3000,4.2,0,2900,16,0,Gal,d18:1,16:0
3001,4.4,0,2900,16,0,Gal,d18:1,16:0
3002,4.6,0,2900,16,0,Gal,d18:1,16:0
3003,4.8,0,2900,16,0,Gal,d18:1,16:0
3004,5.0,0,2900,16,0,Gal,d18:1,16:0
3005,5.2,0,2900,16,0,Gal,d18:1,16:0
3006,5.4,0,2900,16,0,Gal,d18:1,16:0
3007,5.6,0,2900,16,0,Gal,d18:1,16:0
3008,5.8,0,2900,16,0,Gal,d18:1,16:0
3009,6.0,0,2900,16,0,Gal,d18:1,16:0
3010,6.2,0,2900,16,0,Gal,d18:1,16:0
3011,6.4,0,2900,16,0,Gal,d18:1,16:0
3012,6.6,0,2900,16,0,Gal,d18:1,16:0
3013,6.8,0,2900,16,0,Gal,d18:1,16:0
3014,7.0,0,2900,16,0,Gal,d18:1,16:0
3015,7.2,0,2900,16,0,Gal,d18:1,16:0
3016,7.4,0,2900,16,0,Gal,d18:1,16:0
3017,7.6,0,2900,16,0,Gal,d18:1,16:0
3018,7.8,0,2900,16,0,Gal,d18:1,16:0
3019,8.0,0,2900,16,0,Gal,d18:1,16:0
3020,8.2,0,2900,16,0,Gal,d18:1,16:0
3021,8.4,0,2900,16,0,Gal,d18:1,16:0
3022,8.6,0,2900,16,0,Gal,d18:1,16:0
3023,8.8,0,2900,16,0,Gal,d18:1,16:0
3024,9.0,0,2900,16,0,Gal,d18:1,16:0
3025,9.2,0,2900,16,0,Gal,d18:1,16:0
3026,9.4,0,2900,16,0,Gal,d18:1,16:0
3027,9.6,0,2900,16,0,Gal,d18:1,16:0
3028,9.8,0,2900,16,0,Gal,d18:1,16:0
3029,10.0,0,2900,16,0,Gal,d18:1,16:0
3030,-10.0,0,3000,16,0,Gal,d18:1,16:0
3031,-9.8,0,3000,16,0,Gal,d18:1,16:0
3032,-9.6,0,3000,16,0,Gal,d18:1,16:0
3033,-9.4,0,3000,16,0,Gal,d18:1,16:0
3034,-9.2,0,3000,16,0,Gal,d18:1,16:0
3035,-9.0,0,3000,16,0,Gal,d18:1,16:0
3036,-8.8,0,3000,16,0,Gal,d18:1,16:0
3037,-8.6,0,3000,16,0,Gal,d18:1,16:0
3038,-8.4,0,3000,16,0,Gal,d18:1,16:0
3039,-8.2,0,3000,16,0,Gal,d18:1,16:0
3040,-8.0,0,3000,16,0,Gal,d18:1,16:0
3041,-7.8,0,3000,16,0,Gal,d18:1,16:0
3042,-7.6,0,3000,16,0,Gal,d18:1,16:0
3043,-7.4,0,3000,16,0,Gal,d18:1,16:0
3044,-7.2,0,3000,16,0,Gal,d18:1,16:0
3045,-7.0,0,3000,16,0,Gal,d18:1,16:0
3046,-6.8,0,3000,16,0,Gal,d18:1,16:0
3047,-6.6,0,3000,16,0,Gal,d18:1,16:0
3048,-6.4,0,3000,16,0,Gal,d18:1,16:0
3049,-6.2,0,3000,16,0,Gal,d18:1,16:0
3050,-6.0,0,3000,16,0,Gal,d18:1,16:0
3051,-5.8,0,3000,16,0,Gal,d18:1,16:0
3052,-5.6,0,3000,16,0,Gal,d18:1,16:0
3053,-5.4,0,3000,16,0,Gal,d18:1,16:0
3054,-5.2,0,3000,16,0,Gal,d18:1,16:0
3055,-5.0,0,3000,16,0,Gal,d18:1,16:0
3056,-4.8,0,3000,16,0,Gal,d18:1,16:0
3057,-4.6,0,3000,16,0,Gal,d18:1,16:0
3058,-4.4,0,3000,16,0,Gal,d18:1,16:0
3059,-4.2,0,3000,16,0,Gal,d18:1,16:0
3060,-4.0,0,3000,16,0,Gal,d18:1,16:0
3061,-3.8,0,3000,16,0,Gal,d18:1,16:0
3062,-3.6,0,3000,16,0,Gal,d18:1,16:0
3063,-3.4,0,3000,16,0,Gal,d18:1,16:0
3064,-3.2,0,3000,16,0,Gal,d18:1,16:0
3065,-3.0,20,3000,16,0,Gal,d18:1,16:0
3066,-2.8,20,3000,16,0,Gal,d18:1,16:0
3067,-2.6,100,3000,16,0,Gal,d18:1,16:0
3068,-2.4,500,3000,16,0,Gal,d18:1,16:0
3069,-2.2,1280,3000,16,0,Gal,d18:1,16:0
3070,-2.0,3120,3000,16,0,Gal,d18:1,16:0
3071,-1.8,8000,3000,16,0,Gal,d18:1,16:0
3072,-1.6,9900,3000,16,0,Gal,d18:1,16:0
3073,-1.4,13060,3000,16,0,Gal,d18:1,16:0
3074,-1.2,10820,3000,16,0,Gal,d18:1,16:0
3075,-1.0,9100,3000,16,0,Gal,d18:1,16:0
3076,-0.8,6720,3000,16,0,Gal,d18:1,16:0
3077,-0.6,4820,3000,16,0,Gal,d18:1,16:0
3078,-0.4,3060,3000,16,0,Gal,d18:1,16:0
3079,-0.2,2080,3000,16,0,Gal,d18:1,16:0
3080,0.0,1220,3000,16,0,Gal,d18:1,16:0
3081,0.2,1320,3000,16,0,Gal,d18:1,16:0
3082,0.4,700,3000,16,0,Gal,d18:1,16:0
3083,0.6,360,3000,16,0,Gal,d18:1,16:0
3084,0.8,340,3000,16,0,Gal,d18:1,16:0
3085,1.0,60,3000,16,0,Gal,d18:1,16:0
3086,1.2,20,3000,16,0,Gal,d18:1,16:0
3087,1.4,80,3000,16,0,Gal,d18:1,16:0
3088,1.6,60,3000,16,0,Gal,d18:1,16:0
3089,1.8,0,3000,16,0,Gal,d18:1,16:0
3090,2.0,0,3000,16,0,Gal,d18:1,16:0
3091,2.2,0,3000,16,0,Gal,d18:1,16:0
3092,2.4,0,3000,16,0,Gal,d18:1,16:0
3093,2.6,0,3000,16,0,Gal,d18:1,16:0
3094,2.8,40,3000,16,0,Gal,d18:1,16:0
3095,3.0,0,3000,16,0,Gal,d18:1,16:0
3096,3.2,0,3000,16,0,Gal,d18:1,16:0
3097,3.4,0,3000,16,0,Gal,d18:1,16:0
3098,3.6,0,3000,16,0,Gal,d18:1,16:0
3099,3.8,0,3000,16,0,Gal,d18:1,16:0
3100,4.0,0,3000,16,0,Gal,d18:1,16:0
3101,4.2,0,3000,16,0,Gal,d18:1,16:0
3102,4.4,0,3000,16,0,Gal,d18:1,16:0
3103,4.6,0,3000,16,0,Gal,d18:1,16:0
3104,4.8,0,3000,16,0,Gal,d18:1,16:0
3105,5.0,0,3000,16,0,Gal,d18:1,16:0
3106,5.2,0,3000,16,0,Gal,d18:1,16:0
3107,5.4,0,3000,16,0,Gal,d18:1,16:0
3108,5.6,0,3000,16,0,Gal,d18:1,16:0
3109,5.8,0,3000,16,0,Gal,d18:1,16:0
3110,6.0,0,3000,16,0,Gal,d18:1,16:0
3111,6.2,0,3000,16,0,Gal,d18:1,16:0
3112,6.4,0,3000,16,0,Gal,d18:1,16:0
3113,6.6,0,3000,16,0,Gal,d18:1,16:0
3114,6.8,0,3000,16,0,Gal,d18:1,16:0
3115,7.0,0,3000,16,0,Gal,d18:1,16:0
3116,7.2,0,3000,16,0,Gal,d18:1,16:0
3117,7.4,0,3000,16,0,Gal,d18:1,16:0
3118,7.6,0,3000,16,0,Gal,d18:1,16:0
3119,7.8,0,3000,16,0,Gal,d18:1,16:0
3120,8.0,0,3000,16,0,Gal,d18:1,16:0
3121,8.2,0,3000,16,0,Gal,d18:1,16:0
3122,8.4,0,3000,16,0,Gal,d18:1,16:0
3123,8.6,0,3000,16,0,Gal,d18:1,16:0
3124,8.8,0,3000,16,0,Gal,d18:1,16:0
3125,9.0,0,3000,16,0,Gal,d18:1,16:0
3126,9.2,0,3000,16,0,Gal,d18:1,16:0
3127,9.4,0,3000,16,0,Gal,d18:1,16:0
3128,9.6,0,3000,16,0,Gal,d18:1,16:0
3129,9.8,0,3000,16,0,Gal,d18:1,16:0
3130,10.0,0,3000,16,0,Gal,d18:1,16:0
3131,-10.0,0,3100,16,0,Gal,d18:1,16:0
3132,-9.8,0,3100,16,0,Gal,d18:1,16:0
3133,-9.6,0,3100,16,0,Gal,d18:1,16:0
3134,-9.4,0,3100,16,0,Gal,d18:1,16:0
3135,-9.2,0,3100,16,0,Gal,d18:1,16:0
3136,-9.0,0,3100,16,0,Gal,d18:1,16:0
3137,-8.8,0,3100,16,0,Gal,d18:1,16:0
3138,-8.6,0,3100,16,0,Gal,d18:1,16:0
3139,-8.4,0,3100,16,0,Gal,d18:1,16:0
3140,-8.2,0,3100,16,0,Gal,d18:1,16:0
3141,-8.0,0,3100,16,0,Gal,d18:1,16:0
3142,-7.8,0,3100,16,0,Gal,d18:1,16:0
3143,-7.6,0,3100,16,0,Gal,d18:1,16:0
3144,-7.4,0,3100,16,0,Gal,d18:1,16:0
3145,-7.2,0,3100,16,0,Gal,d18:1,16:0
3146,-7.0,0,3100,16,0,Gal,d18:1,16:0
3147,-6.8,0,3100,16,0,Gal,d18:1,16:0
3148,-6.6,0,3100,16,0,Gal,d18:1,16:0
3149,-6.4,0,3100,16,0,Gal,d18:1,16:0
3150,-6.2,0,3100,16,0,Gal,d18:1,16:0
3151,-6.0,0,3100,16,0,Gal,d18:1,16:0
3152,-5.8,0,3100,16,0,Gal,d18:1,16:0
3153,-5.6,0,3100,16,0,Gal,d18:1,16:0
3154,-5.4,0,3100,16,0,Gal,d18:1,16:0
3155,-5.2,0,3100,16,0,Gal,d18:1,16:0
3156,-5.0,0,3100,16,0,Gal,d18:1,16:0
3157,-4.8,0,3100,16,0,Gal,d18:1,16:0
3158,-4.6,0,3100,16,0,Gal,d18:1,16:0
3159,-4.4,0,3100,16,0,Gal,d18:1,16:0
3160,-4.2,0,3100,16,0,Gal,d18:1,16:0
3161,-4.0,0,3100,16,0,Gal,d18:1,16:0
3162,-3.8,0,3100,16,0,Gal,d18:1,16:0
3163,-3.6,0,3100,16,0,Gal,d18:1,16:0
3164,-3.4,0,3100,16,0,Gal,d18:1,16:0
3165,-3.2,0,3100,16,0,Gal,d18:1,16:0
3166,-3.0,40,3100,16,0,Gal,d18:1,16:0
3167,-2.8,0,3100,16,0,Gal,d18:1,16:0
3168,-2.6,100,3100,16,0,Gal,d18:1,16:0
3169,-2.4,140,3100,16,0,Gal,d18:1,16:0
3170,-2.2,380,3100,16,0,Gal,d18:1,16:0
3171,-2.0,440,3100,16,0,Gal,d18:1,16:0
3172,-1.8,1500,3100,16,0,Gal,d18:1,16:0
3173,-1.6,3220,3100,16,0,Gal,d18:1,16:0
3174,-1.4,7360,3100,16,0,Gal,d18:1,16:0
3175,-1.2,13400,3100,16,0,Gal,d18:1,16:0
3176,-1.0,16560,3100,16,0,Gal,d18:1,16:0
3177,-0.8,16920,3100,16,0,Gal,d18:1,16:0
3178,-0.6,19920,3100,16,0,Gal,d18:1,16:0
3179,-0.4,13840,3100,16,0,Gal,d18:1,16:0
3180,-0.2,9300,3100,16,0,Gal,d18:1,16:0
3181,0.0,5220,3100,16,0,Gal,d18:1,16:0
3182,0.2,2520,3100,16,0,Gal,d18:1,16:0
3183,0.4,1880,3100,16,0,Gal,d18:1,16:0
3184,0.6,1340,3100,16,0,Gal,d18:1,16:0
3185,0.8,660,3100,16,0,Gal,d18:1,16:0
3186,1.0,260,3100,16,0,Gal,d18:1,16:0
3187,1.2,180,3100,16,0,Gal,d18:1,16:0
3188,1.4,0,3100,16,0,Gal,d18:1,16:0
3189,1.6,0,3100,16,0,Gal,d18:1,16:0
3190,1.8,20,3100,16,0,Gal,d18:1,16:0
3191,2.0,0,3100,16,0,Gal,d18:1,16:0
3192,2.2,0,3100,16,0,Gal,d18:1,16:0
3193,2.4,0,3100,16,0,Gal,d18:1,16:0
3194,2.6,0,3100,16,0,Gal,d18:1,16:0
3195,2.8,0,3100,16,0,Gal,d18:1,16:0
3196,3.0,0,3100,16,0,Gal,d18:1,16:0
3197,3.2,0,3100,16,0,Gal,d18:1,16:0
3198,3.4,0,3100,16,0,Gal,d18:1,16:0
3199,3.6,0,3100,16,0,Gal,d18:1,16:0
3200,3.8,0,3100,16,0,Gal,d18:1,16:0
3201,4.0,0,3100,16,0,Gal,d18:1,16:0
3202,4.2,0,3100,16,0,Gal,d18:1,16:0
3203,4.4,0,3100,16,0,Gal,d18:1,16:0
3204,4.6,0,3100,16,0,Gal,d18:1,16:0
3205,4.8,0,3100,16,0,Gal,d18:1,16:0
3206,5.0,0,3100,16,0,Gal,d18:1,16:0
3207,5.2,0,3100,16,0,Gal,d18:1,16:0
3208,5.4,0,3100,16,0,Gal,d18:1,16:0
3209,5.6,0,3100,16,0,Gal,d18:1,16:0
3210,5.8,0,3100,16,0,Gal,d18:1,16:0
3211,6.0,0,3100,16,0,Gal,d18:1,16:0
3212,6.2,0,3100,16,0,Gal,d18:1,16:0
3213,6.4,0,3100,16,0,Gal,d18:1,16:0
3214,6.6,0,3100,16,0,Gal,d18:1,16:0
3215,6.8,0,3100,16,0,Gal,d18:1,16:0
3216,7.0,0,3100,16,0,Gal,d18:1,16:0
3217,7.2,0,3100,16,0,Gal,d18:1,16:0
3218,7.4,0,3100,16,0,Gal,d18:1,16:0
3219,7.6,0,3100,16,0,Gal,d18:1,16:0
3220,7.8,0,3100,16,0,Gal,d18:1,16:0
3221,8.0,0,3100,16,0,Gal,d18:1,16:0
3222,8.2,0,3100,16,0,Gal,d18:1,16:0
3223,8.4,0,3100,16,0,Gal,d18:1,16:0
3224,8.6,0,3100,16,0,Gal,d18:1,16:0
3225,8.8,0,3100,16,0,Gal,d18:1,16:0
3226,9.0,0,3100,16,0,Gal,d18:1,16:0
3227,9.2,0,3100,16,0,Gal,d18:1,16:0
3228,9.4,0,3100,16,0,Gal,d18:1,16:0
3229,9.6,0,3100,16,0,Gal,d18:1,16:0
3230,9.8,0,3100,16,0,Gal,d18:1,16:0
3231,10.0,0,3100,16,0,Gal,d18:1,16:0
3232,-10.0,0,3200,16,0,Gal,d18:1,16:0
3233,-9.8,0,3200,16,0,Gal,d18:1,16:0
3234,-9.6,0,3200,16,0,Gal,d18:1,16:0
3235,-9.4,0,3200,16,0,Gal,d18:1,16:0
3236,-9.2,0,3200,16,0,Gal,d18:1,16:0
3237,-9.0,0,3200,16,0,Gal,d18:1,16:0
3238,-8.8,0,3200,16,0,Gal,d18:1,16:0
3239,-8.6,0,3200,16,0,Gal,d18:1,16:0
3240,-8.4,0,3200,16,0,Gal,d18:1,16:0
3241,-8.2,0,3200,16,0,Gal,d18:1,16:0
3242,-8.0,0,3200,16,0,Gal,d18:1,16:0
3243,-7.8,0,3200,16,0,Gal,d18:1,16:0
3244,-7.6,0,3200,16,0,Gal,d18:1,16:0
3245,-7.4,0,3200,16,0,Gal,d18:1,16:0
3246,-7.2,0,3200,16,0,Gal,d18:1,16:0
3247,-7.0,0,3200,16,0,Gal,d18:1,16:0
3248,-6.8,0,3200,16,0,Gal,d18:1,16:0
3249,-6.6,0,3200,16,0,Gal,d18:1,16:0
3250,-6.4,0,3200,16,0,Gal,d18:1,16:0
3251,-6.2,0,3200,16,0,Gal,d18:1,16:0
3252,-6.0,0,3200,16,0,Gal,d18:1,16:0
3253,-5.8,0,3200,16,0,Gal,d18:1,16:0
3254,-5.6,0,3200,16,0,Gal,d18:1,16:0
3255,-5.4,0,3200,16,0,Gal,d18:1,16:0
3256,-5.2,0,3200,16,0,Gal,d18:1,16:0
3257,-5.0,0,3200,16,0,Gal,d18:1,16:0
3258,-4.8,0,3200,16,0,Gal,d18:1,16:0
3259,-4.6,0,3200,16,0,Gal,d18:1,16:0
3260,-4.4,0,3200,16,0,Gal,d18:1,16:0
3261,-4.2,0,3200,16,0,Gal,d18:1,16:0
3262,-4.0,0,3200,16,0,Gal,d18:1,16:0
3263,-3.8,0,3200,16,0,Gal,d18:1,16:0
3264,-3.6,0,3200,16,0,Gal,d18:1,16:0
3265,-3.4,60,3200,16,0,Gal,d18:1,16:0
3266,-3.2,20,3200,16,0,Gal,d18:1,16:0
3267,-3.0,40,3200,16,0,Gal,d18:1,16:0
3268,-2.8,80,3200,16,0,Gal,d18:1,16:0
3269,-2.6,220,3200,16,0,Gal,d18:1,16:0
3270,-2.4,320,3200,16,0,Gal,d18:1,16:0
3271,-2.2,540,3200,16,0,Gal,d18:1,16:0
3272,-2.0,440,3200,16,0,Gal,d18:1,16:0
3273,-1.8,2080,3200,16,0,Gal,d18:1,16:0
3274,-1.6,7020,3200,16,0,Gal,d18:1,16:0
3275,-1.4,15140,3200,16,0,Gal,d18:1,16:0
3276,-1.2,20440,3200,16,0,Gal,d18:1,16:0
3277,-1.0,19500,3200,16,0,Gal,d18:1,16:0
3278,-0.8,17060,3200,16,0,Gal,d18:1,16:0
3279,-0.6,13020,3200,16,0,Gal,d18:1,16:0
3280,-0.4,10760,3200,16,0,Gal,d18:1,16:0
3281,-0.2,6240,3200,16,0,Gal,d18:1,16:0
3282,0.0,4300,3200,16,0,Gal,d18:1,16:0
3283,0.2,2280,3200,16,0,Gal,d18:1,16:0
3284,0.4,1540,3200,16,0,Gal,d18:1,16:0
3285,0.6,960,3200,16,0,Gal,d18:1,16:0
3286,0.8,580,3200,16,0,Gal,d18:1,16:0
3287,1.0,280,3200,16,0,Gal,d18:1,16:0
3288,1.2,120,3200,16,0,Gal,d18:1,16:0
3289,1.4,60,3200,16,0,Gal,d18:1,16:0
3290,1.6,40,3200,16,0,Gal,d18:1,16:0
3291,1.8,20,3200,16,0,Gal,d18:1,16:0
3292,2.0,0,3200,16,0,Gal,d18:1,16:0
3293,2.2,40,3200,16,0,Gal,d18:1,16:0
3294,2.4,40,3200,16,0,Gal,d18:1,16:0
3295,2.6,20,3200,16,0,Gal,d18:1,16:0
3296,2.8,20,3200,16,0,Gal,d18:1,16:0
3297,3.0,40,3200,16,0,Gal,d18:1,16:0
3298,3.2,0,3200,16,0,Gal,d18:1,16:0
3299,3.4,0,3200,16,0,Gal,d18:1,16:0
3300,3.6,0,3200,16,0,Gal,d18:1,16:0
3301,3.8,0,3200,16,0,Gal,d18:1,16:0
3302,4.0,0,3200,16,0,Gal,d18:1,16:0
3303,4.2,0,3200,16,0,Gal,d18:1,16:0
3304,4.4,0,3200,16,0,Gal,d18:1,16:0
3305,4.6,0,3200,16,0,Gal,d18:1,16:0
3306,4.8,0,3200,16,0,Gal,d18:1,16:0
3307,5.0,0,3200,16,0,Gal,d18:1,16:0
3308,5.2,0,3200,16,0,Gal,d18:1,16:0
3309,5.4,0,3200,16,0,Gal,d18:1,16:0
3310,5.6,0,3200,16,0,Gal,d18:1,16:0
3311,5.8,0,3200,16,0,Gal,d18:1,16:0
3312,6.0,0,3200,16,0,Gal,d18:1,16:0
3313,6.2,0,3200,16,0,Gal,d18:1,16:0
3314,6.4,0,3200,16,0,Gal,d18:1,16:0
3315,6.6,0,3200,16,0,Gal,d18:1,16:0
3316,6.8,0,3200,16,0,Gal,d18:1,16:0
3317,7.0,0,3200,16,0,Gal,d18:1,16:0
3318,7.2,0,3200,16,0,Gal,d18:1,16:0
3319,7.4,0,3200,16,0,Gal,d18:1,16:0
3320,7.6,0,3200,16,0,Gal,d18:1,16:0
3321,7.8,0,3200,16,0,Gal,d18:1,16:0
3322,8.0,0,3200,16,0,Gal,d18:1,16:0
3323,8.2,0,3200,16,0,Gal,d18:1,16:0
3324,8.4,0,3200,16,0,Gal,d18:1,16:0
3325,8.6,0,3200,16,0,Gal,d18:1,16:0
3326,8.8,0,3200,16,0,Gal,d18:1,16:0
3327,9.0,0,3200,16,0,Gal,d18:1,16:0
3328,9.2,0,3200,16,0,Gal,d18:1,16:0
3329,9.4,0,3200,16,0,Gal,d18:1,16:0
3330,9.6,0,3200,16,0,Gal,d18:1,16:0
3331,9.8,0,3200,16,0,Gal,d18:1,16:0
3332,10.0,0,3200,16,0,Gal,d18:1,16:0
3333,-10.0,0,3300,16,0,Gal,d18:1,16:0
3334,-9.8,0,3300,16,0,Gal,d18:1,16:0
3335,-9.6,0,3300,16,0,Gal,d18:1,16:0
3336,-9.4,0,3300,16,0,Gal,d18:1,16:0
3337,-9.2,0,3300,16,0,Gal,d18:1,16:0
3338,-9.0,0,3300,16,0,Gal,d18:1,16:0
3339,-8.8,0,3300,16,0,Gal,d18:1,16:0
3340,-8.6,0,3300,16,0,Gal,d18:1,16:0
3341,-8.4,0,3300,16,0,Gal,d18:1,16:0
3342,-8.2,0,3300,16,0,Gal,d18:1,16:0
3343,-8.0,0,3300,16,0,Gal,d18:1,16:0
3344,-7.8,0,3300,16,0,Gal,d18:1,16:0
3345,-7.6,0,3300,16,0,Gal,d18:1,16:0
3346,-7.4,0,3300,16,0,Gal,d18:1,16:0
3347,-7.2,0,3300,16,0,Gal,d18:1,16:0
3348,-7.0,0,3300,16,0,Gal,d18:1,16:0
3349,-6.8,0,3300,16,0,Gal,d18:1,16:0
3350,-6.6,0,3300,16,0,Gal,d18:1,16:0
3351,-6.4,0,3300,16,0,Gal,d18:1,16:0
3352,-6.2,0,3300,16,0,Gal,d18:1,16:0
3353,-6.0,0,3300,16,0,Gal,d18:1,16:0
3354,-5.8,0,3300,16,0,Gal,d18:1,16:0
3355,-5.6,0,3300,16,0,Gal,d18:1,16:0
3356,-5.4,0,3300,16,0,Gal,d18:1,16:0
3357,-5.2,0,3300,16,0,Gal,d18:1,16:0
3358,-5.0,0,3300,16,0,Gal,d18:1,16:0
3359,-4.8,0,3300,16,0,Gal,d18:1,16:0
3360,-4.6,0,3300,16,0,Gal,d18:1,16:0
3361,-4.4,0,3300,16,0,Gal,d18:1,16:0
3362,-4.2,0,3300,16,0,Gal,d18:1,16:0
3363,-4.0,0,3300,16,0,Gal,d18:1,16:0
3364,-3.8,0,3300,16,0,Gal,d18:1,16:0
3365,-3.6,0,3300,16,0,Gal,d18:1,16:0
3366,-3.4,0,3300,16,0,Gal,d18:1,16:0
3367,-3.2,0,3300,16,0,Gal,d18:1,16:0
3368,-3.0,80,3300,16,0,Gal,d18:1,16:0
3369,-2.8,20,3300,16,0,Gal,d18:1,16:0
3370,-2.6,300,3300,16,0,Gal,d18:1,16:0
3371,-2.4,380,3300,16,0,Gal,d18:1,16:0
3372,-2.2,1160,3300,16,0,Gal,d18:1,16:0
3373,-2.0,2360,3300,16,0,Gal,d18:1,16:0
3374,-1.8,4600,3300,16,0,Gal,d18:1,16:0
3375,-1.6,9720,3300,16,0,Gal,d18:1,16:0
3376,-1.4,12540,3300,16,0,Gal,d18:1,16:0
3377,-1.2,13700,3300,16,0,Gal,d18:1,16:0
3378,-1.0,14680,3300,16,0,Gal,d18:1,16:0
3379,-0.8,11200,3300,16,0,Gal,d18:1,16:0
3380,-0.6,9060,3300,16,0,Gal,d18:1,16:0
3381,-0.4,5000,3300,16,0,Gal,d18:1,16:0
3382,-0.2,3140,3300,16,0,Gal,d18:1,16:0
3383,0.0,2100,3300,16,0,Gal,d18:1,16:0
3384,0.2,1960,3300,16,0,Gal,d18:1,16:0
3385,0.4,1160,3300,16,0,Gal,d18:1,16:0
3386,0.6,720,3300,16,0,Gal,d18:1,16:0
3387,0.8,640,3300,16,0,Gal,d18:1,16:0
3388,1.0,380,3300,16,0,Gal,d18:1,16:0
3389,1.2,40,3300,16,0,Gal,d18:1,16:0
3390,1.4,0,3300,16,0,Gal,d18:1,16:0
3391,1.6,20,3300,16,0,Gal,d18:1,16:0
3392,1.8,0,3300,16,0,Gal,d18:1,16:0
3393,2.0,0,3300,16,0,Gal,d18:1,16:0
3394,2.2,20,3300,16,0,Gal,d18:1,16:0
3395,2.4,0,3300,16,0,Gal,d18:1,16:0
3396,2.6,0,3300,16,0,Gal,d18:1,16:0
3397,2.8,0,3300,16,0,Gal,d18:1,16:0
3398,3.0,0,3300,16,0,Gal,d18:1,16:0
3399,3.2,120,3300,16,0,Gal,d18:1,16:0
3400,3.4,20,3300,16,0,Gal,d18:1,16:0
3401,3.6,40,3300,16,0,Gal,d18:1,16:0
3402,3.8,40,3300,16,0,Gal,d18:1,16:0
3403,4.0,0,3300,16,0,Gal,d18:1,16:0
3404,4.2,0,3300,16,0,Gal,d18:1,16:0
3405,4.4,0,3300,16,0,Gal,d18:1,16:0
3406,4.6,0,3300,16,0,Gal,d18:1,16:0
3407,4.8,0,3300,16,0,Gal,d18:1,16:0
3408,5.0,0,3300,16,0,Gal,d18:1,16:0
3409,5.2,0,3300,16,0,Gal,d18:1,16:0
3410,5.4,0,3300,16,0,Gal,d18:1,16:0
3411,5.6,0,3300,16,0,Gal,d18:1,16:0
3412,5.8,0,3300,16,0,Gal,d18:1,16:0
3413,6.0,0,3300,16,0,Gal,d18:1,16:0
3414,6.2,0,3300,16,0,Gal,d18:1,16:0
3415,6.4,0,3300,16,0,Gal,d18:1,16:0
3416,6.6,0,3300,16,0,Gal,d18:1,16:0
3417,6.8,0,3300,16,0,Gal,d18:1,16:0
3418,7.0,0,3300,16,0,Gal,d18:1,16:0
3419,7.2,0,3300,16,0,Gal,d18:1,16:0
3420,7.4,0,3300,16,0,Gal,d18:1,16:0
3421,7.6,0,3300,16,0,Gal,d18:1,16:0
3422,7.8,0,3300,16,0,Gal,d18:1,16:0
3423,8.0,0,3300,16,0,Gal,d18:1,16:0
3424,8.2,0,3300,16,0,Gal,d18:1,16:0
3425,8.4,0,3300,16,0,Gal,d18:1,16:0
3426,8.6,0,3300,16,0,Gal,d18:1,16:0
3427,8.8,0,3300,16,0,Gal,d18:1,16:0
3428,9.0,0,3300,16,0,Gal,d18:1,16:0
3429,9.2,0,3300,16,0,Gal,d18:1,16:0
3430,9.4,0,3300,16,0,Gal,d18:1,16:0
3431,9.6,0,3300,16,0,Gal,d18:1,16:0
3432,9.8,0,3300,16,0,Gal,d18:1,16:0
3433,10.0,0,3300,16,0,Gal,d18:1,16:0
3434,-10.0,0,3400,16,0,Gal,d18:1,16:0
3435,-9.8,0,3400,16,0,Gal,d18:1,16:0
3436,-9.6,0,3400,16,0,Gal,d18:1,16:0
3437,-9.4,0,3400,16,0,Gal,d18:1,16:0
3438,-9.2,0,3400,16,0,Gal,d18:1,16:0
3439,-9.0,0,3400,16,0,Gal,d18:1,16:0
3440,-8.8,0,3400,16,0,Gal,d18:1,16:0
3441,-8.6,0,3400,16,0,Gal,d18:1,16:0
3442,-8.4,0,3400,16,0,Gal,d18:1,16:0
3443,-8.2,0,3400,16,0,Gal,d18:1,16:0
3444,-8.0,0,3400,16,0,Gal,d18:1,16:0
3445,-7.8,0,3400,16,0,Gal,d18:1,16:0
3446,-7.6,0,3400,16,0,Gal,d18:1,16:0
3447,-7.4,0,3400,16,0,Gal,d18:1,16:0
3448,-7.2,0,3400,16,0,Gal,d18:1,16:0
3449,-7.0,0,3400,16,0,Gal,d18:1,16:0
3450,-6.8,0,3400,16,0,Gal,d18:1,16:0
3451,-6.6,0,3400,16,0,Gal,d18:1,16:0
3452,-6.4,0,3400,16,0,Gal,d18:1,16:0
3453,-6.2,0,3400,16,0,Gal,d18:1,16:0
3454,-6.0,0,3400,16,0,Gal,d18:1,16:0
3455,-5.8,0,3400,16,0,Gal,d18:1,16:0
3456,-5.6,0,3400,16,0,Gal,d18:1,16:0
3457,-5.4,0,3400,16,0,Gal,d18:1,16:0
3458,-5.2,0,3400,16,0,Gal,d18:1,16:0
3459,-5.0,0,3400,16,0,Gal,d18:1,16:0
3460,-4.8,0,3400,16,0,Gal,d18:1,16:0
3461,-4.6,0,3400,16,0,Gal,d18:1,16:0
3462,-4.4,0,3400,16,0,Gal,d18:1,16:0
3463,-4.2,0,3400,16,0,Gal,d18:1,16:0
3464,-4.0,0,3400,16,0,Gal,d18:1,16:0
3465,-3.8,0,3400,16,0,Gal,d18:1,16:0
3466,-3.6,0,3400,16,0,Gal,d18:1,16:0
3467,-3.4,0,3400,16,0,Gal,d18:1,16:0
3468,-3.2,40,3400,16,0,Gal,d18:1,16:0
3469,-3.0,160,3400,16,0,Gal,d18:1,16:0
3470,-2.8,40,3400,16,0,Gal,d18:1,16:0
3471,-2.6,260,3400,16,0,Gal,d18:1,16:0
3472,-2.4,280,3400,16,0,Gal,d18:1,16:0
3473,-2.2,400,3400,16,0,Gal,d18:1,16:0
3474,-2.0,320,3400,16,0,Gal,d18:1,16:0
3475,-1.8,1300,3400,16,0,Gal,d18:1,16:0
3476,-1.6,4300,3400,16,0,Gal,d18:1,16:0
3477,-1.4,8480,3400,16,0,Gal,d18:1,16:0
3478,-1.2,13220,3400,16,0,Gal,d18:1,16:0
3479,-1.0,14020,3400,16,0,Gal,d18:1,16:0
3480,-0.8,14300,3400,16,0,Gal,d18:1,16:0
3481,-0.6,13560,3400,16,0,Gal,d18:1,16:0
3482,-0.4,10280,3400,16,0,Gal,d18:1,16:0
3483,-0.2,6420,3400,16,0,Gal,d18:1,16:0
3484,0.0,4680,3400,16,0,Gal,d18:1,16:0
3485,0.2,2820,3400,16,0,Gal,d18:1,16:0
3486,0.4,1980,3400,16,0,Gal,d18:1,16:0
3487,0.6,1120,3400,16,0,Gal,d18:1,16:0
3488,0.8,440,3400,16,0,Gal,d18:1,16:0
3489,1.0,220,3400,16,0,Gal,d18:1,16:0
3490,1.2,40,3400,16,0,Gal,d18:1,16:0
3491,1.4,20,3400,16,0,Gal,d18:1,16:0
3492,1.6,0,3400,16,0,Gal,d18:1,16:0
3493,1.8,0,3400,16,0,Gal,d18:1,16:0
3494,2.0,0,3400,16,0,Gal,d18:1,16:0
3495,2.2,0,3400,16,0,Gal,d18:1,16:0
3496,2.4,0,3400,16,0,Gal,d18:1,16:0
3497,2.6,0,3400,16,0,Gal,d18:1,16:0
3498,2.8,0,3400,16,0,Gal,d18:1,16:0
3499,3.0,0,3400,16,0,Gal,d18:1,16:0
3500,3.2,0,3400,16,0,Gal,d18:1,16:0
3501,3.4,0,3400,16,0,Gal,d18:1,16:0
3502,3.6,0,3400,16,0,Gal,d18:1,16:0
3503,3.8,0,3400,16,0,Gal,d18:1,16:0
3504,4.0,20,3400,16,0,Gal,d18:1,16:0
3505,4.2,40,3400,16,0,Gal,d18:1,16:0
3506,4.4,0,3400,16,0,Gal,d18:1,16:0
3507,4.6,0,3400,16,0,Gal,d18:1,16:0
3508,4.8,0,3400,16,0,Gal,d18:1,16:0
3509,5.0,0,3400,16,0,Gal,d18:1,16:0
3510,5.2,0,3400,16,0,Gal,d18:1,16:0
3511,5.4,0,3400,16,0,Gal,d18:1,16:0
3512,5.6,0,3400,16,0,Gal,d18:1,16:0
3513,5.8,0,3400,16,0,Gal,d18:1,16:0
3514,6.0,0,3400,16,0,Gal,d18:1,16:0
3515,6.2,0,3400,16,0,Gal,d18:1,16:0
3516,6.4,0,3400,16,0,Gal,d18:1,16:0
3517,6.6,0,3400,16,0,Gal,d18:1,16:0
3518,6.8,0,3400,16,0,Gal,d18:1,16:0
3519,7.0,0,3400,16,0,Gal,d18:1,16:0
3520,7.2,0,3400,16,0,Gal,d18:1,16:0
3521,7.4,0,3400,16,0,Gal,d18:1,16:0
3522,7.6,0,3400,16,0,Gal,d18:1,16:0
3523,7.8,0,3400,16,0,Gal,d18:1,16:0
3524,8.0,0,3400,16,0,Gal,d18:1,16:0
3525,8.2,0,3400,16,0,Gal,d18:1,16:0
3526,8.4,0,3400,16,0,Gal,d18:1,16:0
3527,8.6,0,3400,16,0,Gal,d18:1,16:0
3528,8.8,0,3400,16,0,Gal,d18:1,16:0
3529,9.0,0,3400,16,0,Gal,d18:1,16:0
3530,9.2,0,3400,16,0,Gal,d18:1,16:0
3531,9.4,0,3400,16,0,Gal,d18:1,16:0
3532,9.6,0,3400,16,0,Gal,d18:1,16:0
3533,9.8,0,3400,16,0,Gal,d18:1,16:0
3534,10.0,0,3400,16,0,Gal,d18:1,16:0
3535,-10.0,0,3500,16,0,Gal,d18:1,16:0
3536,-9.8,0,3500,16,0,Gal,d18:1,16:0
3537,-9.6,0,3500,16,0,Gal,d18:1,16:0
3538,-9.4,0,3500,16,0,Gal,d18:1,16:0
3539,-9.2,0,3500,16,0,Gal,d18:1,16:0
3540,-9.0,0,3500,16,0,Gal,d18:1,16:0
3541,-8.8,0,3500,16,0,Gal,d18:1,16:0
3542,-8.6,0,3500,16,0,Gal,d18:1,16:0
3543,-8.4,0,3500,16,0,Gal,d18:1,16:0
3544,-8.2,0,3500,16,0,Gal,d18:1,16:0
3545,-8.0,0,3500,16,0,Gal,d18:1,16:0
3546,-7.8,0,3500,16,0,Gal,d18:1,16:0
3547,-7.6,0,3500,16,0,Gal,d18:1,16:0
3548,-7.4,0,3500,16,0,Gal,d18:1,16:0
3549,-7.2,0,3500,16,0,Gal,d18:1,16:0
3550,-7.0,0,3500,16,0,Gal,d18:1,16:0
3551,-6.8,0,3500,16,0,Gal,d18:1,16:0
3552,-6.6,0,3500,16,0,Gal,d18:1,16:0
3553,-6.4,0,3500,16,0,Gal,d18:1,16:0
3554,-6.2,0,3500,16,0,Gal,d18:1,16:0
3555,-6.0,0,3500,16,0,Gal,d18:1,16:0
3556,-5.8,0,3500,16,0,Gal,d18:1,16:0
3557,-5.6,0,3500,16,0,Gal,d18:1,16:0
3558,-5.4,0,3500,16,0,Gal,d18:1,16:0
3559,-5.2,0,3500,16,0,Gal,d18:1,16:0
3560,-5.0,0,3500,16,0,Gal,d18:1,16:0
3561,-4.8,0,3500,16,0,Gal,d18:1,16:0
3562,-4.6,40,3500,16,0,Gal,d18:1,16:0
3563,-4.4,0,3500,16,0,Gal,d18:1,16:0
3564,-4.2,0,3500,16,0,Gal,d18:1,16:0
3565,-4.0,20,3500,16,0,Gal,d18:1,16:0
3566,-3.8,20,3500,16,0,Gal,d18:1,16:0
3567,-3.6,0,3500,16,0,Gal,d18:1,16:0
3568,-3.4,40,3500,16,0,Gal,d18:1,16:0
3569,-3.2,60,3500,16,0,Gal,d18:1,16:0
3570,-3.0,260,3500,16,0,Gal,d18:1,16:0
3571,-2.8,360,3500,16,0,Gal,d18:1,16:0
3572,-2.6,400,3500,16,0,Gal,d18:1,16:0
3573,-2.4,240,3500,16,0,Gal,d18:1,16:0
3574,-2.2,600,3500,16,0,Gal,d18:1,16:0
3575,-2.0,1600,3500,16,0,Gal,d18:1,16:0
3576,-1.8,3760,3500,16,0,Gal,d18:1,16:0
3577,-1.6,7740,3500,16,0,Gal,d18:1,16:0
3578,-1.4,12760,3500,16,0,Gal,d18:1,16:0
3579,-1.2,13400,3500,16,0,Gal,d18:1,16:0
3580,-1.0,14620,3500,16,0,Gal,d18:1,16:0
3581,-0.8,11140,3500,16,0,Gal,d18:1,16:0
3582,-0.6,9360,3500,16,0,Gal,d18:1,16:0
3583,-0.4,5080,3500,16,0,Gal,d18:1,16:0
3584,-0.2,2320,3500,16,0,Gal,d18:1,16:0
3585,0.0,2380,3500,16,0,Gal,d18:1,16:0
3586,0.2,1580,3500,16,0,Gal,d18:1,16:0
3587,0.4,980,3500,16,0,Gal,d18:1,16:0
3588,0.6,900,3500,16,0,Gal,d18:1,16:0
3589,0.8,880,3500,16,0,Gal,d18:1,16:0
3590,1.0,280,3500,16,0,Gal,d18:1,16:0
3591,1.2,140,3500,16,0,Gal,d18:1,16:0
3592,1.4,80,3500,16,0,Gal,d18:1,16:0
3593,1.6,20,3500,16,0,Gal,d18:1,16:0
3594,1.8,0,3500,16,0,Gal,d18:1,16:0
3595,2.0,40,3500,16,0,Gal,d18:1,16:0
3596,2.2,0,3500,16,0,Gal,d18:1,16:0
3597,2.4,0,3500,16,0,Gal,d18:1,16:0
3598,2.6,0,3500,16,0,Gal,d18:1,16:0
3599,2.8,0,3500,16,0,Gal,d18:1,16:0
3600,3.0,0,3500,16,0,Gal,d18:1,16:0
3601,3.2,20,3500,16,0,Gal,d18:1,16:0
3602,3.4,40,3500,16,0,Gal,d18:1,16:0
3603,3.6,40,3500,16,0,Gal,d18:1,16:0
3604,3.8,80,3500,16,0,Gal,d18:1,16:0
3605,4.0,0,3500,16,0,Gal,d18:1,16:0
3606,4.2,0,3500,16,0,Gal,d18:1,16:0
3607,4.4,20,3500,16,0,Gal,d18:1,16:0
3608,4.6,0,3500,16,0,Gal,d18:1,16:0
3609,4.8,20,3500,16,0,Gal,d18:1,16:0
3610,5.0,0,3500,16,0,Gal,d18:1,16:0
3611,5.2,0,3500,16,0,Gal,d18:1,16:0
3612,5.4,0,3500,16,0,Gal,d18:1,16:0
3613,5.6,0,3500,16,0,Gal,d18:1,16:0
3614,5.8,0,3500,16,0,Gal,d18:1,16:0
3615,6.0,0,3500,16,0,Gal,d18:1,16:0
3616,6.2,0,3500,16,0,Gal,d18:1,16:0
3617,6.4,0,3500,16,0,Gal,d18:1,16:0
3618,6.6,0,3500,16,0,Gal,d18:1,16:0
3619,6.8,0,3500,16,0,Gal,d18:1,16:0
3620,7.0,0,3500,16,0,Gal,d18:1,16:0
3621,7.2,0,3500,16,0,Gal,d18:1,16:0
3622,7.4,0,3500,16,0,Gal,d18:1,16:0
3623,7.6,0,3500,16,0,Gal,d18:1,16:0
3624,7.8,0,3500,16,0,Gal,d18:1,16:0
3625,8.0,0,3500,16,0,Gal,d18:1,16:0
3626,8.2,0,3500,16,0,Gal,d18:1,16:0
3627,8.4,0,3500,16,0,Gal,d18:1,16:0
3628,8.6,0,3500,16,0,Gal,d18:1,16:0
3629,8.8,0,3500,16,0,Gal,d18:1,16:0
3630,9.0,0,3500,16,0,Gal,d18:1,16:0
3631,9.2,0,3500,16,0,Gal,d18:1,16:0
3632,9.4,0,3500,16,0,Gal,d18:1,16:0
3633,9.6,0,3500,16,0,Gal,d18:1,16:0
3634,9.8,0,3500,16,0,Gal,d18:1,16:0
3635,10.0,0,3500,16,0,Gal,d18:1,16:0
3636,-10.0,0,3600,16,0,Gal,d18:1,16:0
3637,-9.8,0,3600,16,0,Gal,d18:1,16:0
3638,-9.6,0,3600,16,0,Gal,d18:1,16:0
3639,-9.4,0,3600,16,0,Gal,d18:1,16:0
3640,-9.2,0,3600,16,0,Gal,d18:1,16:0
3641,-9.0,0,3600,16,0,Gal,d18:1,16:0
3642,-8.8,0,3600,16,0,Gal,d18:1,16:0
3643,-8.6,0,3600,16,0,Gal,d18:1,16:0
3644,-8.4,0,3600,16,0,Gal,d18:1,16:0
3645,-8.2,0,3600,16,0,Gal,d18:1,16:0
3646,-8.0,0,3600,16,0,Gal,d18:1,16:0
3647,-7.8,0,3600,16,0,Gal,d18:1,16:0
3648,-7.6,0,3600,16,0,Gal,d18:1,16:0
3649,-7.4,0,3600,16,0,Gal,d18:1,16:0
3650,-7.2,0,3600,16,0,Gal,d18:1,16:0
3651,-7.0,0,3600,16,0,Gal,d18:1,16:0
3652,-6.8,0,3600,16,0,Gal,d18:1,16:0
3653,-6.6,0,3600,16,0,Gal,d18:1,16:0
3654,-6.4,0,3600,16,0,Gal,d18:1,16:0
3655,-6.2,0,3600,16,0,Gal,d18:1,16:0
3656,-6.0,0,3600,16,0,Gal,d18:1,16:0
3657,-5.8,0,3600,16,0,Gal,d18:1,16:0
3658,-5.6,0,3600,16,0,Gal,d18:1,16:0
3659,-5.4,0,3600,16,0,Gal,d18:1,16:0
3660,-5.2,0,3600,16,0,Gal,d18:1,16:0
3661,-5.0,0,3600,16,0,Gal,d18:1,16:0
3662,-4.8,0,3600,16,0,Gal,d18:1,16:0
3663,-4.6,0,3600,16,0,Gal,d18:1,16:0
3664,-4.4,0,3600,16,0,Gal,d18:1,16:0
3665,-4.2,0,3600,16,0,Gal,d18:1,16:0
3666,-4.0,60,3600,16,0,Gal,d18:1,16:0
3667,-3.8,40,3600,16,0,Gal,d18:1,16:0
3668,-3.6,0,3600,16,0,Gal,d18:1,16:0
3669,-3.4,20,3600,16,0,Gal,d18:1,16:0
3670,-3.2,220,3600,16,0,Gal,d18:1,16:0
3671,-3.0,240,3600,16,0,Gal,d18:1,16:0
3672,-2.8,360,3600,16,0,Gal,d18:1,16:0
3673,-2.6,200,3600,16,0,Gal,d18:1,16:0
3674,-2.4,300,3600,16,0,Gal,d18:1,16:0
3675,-2.2,260,3600,16,0,Gal,d18:1,16:0
3676,-2.0,320,3600,16,0,Gal,d18:1,16:0
3677,-1.8,1720,3600,16,0,Gal,d18:1,16:0
3678,-1.6,6640,3600,16,0,Gal,d18:1,16:0
3679,-1.4,9960,3600,16,0,Gal,d18:1,16:0
3680,-1.2,13660,3600,16,0,Gal,d18:1,16:0
3681,-1.0,14700,3600,16,0,Gal,d18:1,16:0
3682,-0.8,11880,3600,16,0,Gal,d18:1,16:0
3683,-0.6,10900,3600,16,0,Gal,d18:1,16:0
3684,-0.4,5240,3600,16,0,Gal,d18:1,16:0
3685,-0.2,4360,3600,16,0,Gal,d18:1,16:0
3686,0.0,2680,3600,16,0,Gal,d18:1,16:0
3687,0.2,1940,3600,16,0,Gal,d18:1,16:0
3688,0.4,1420,3600,16,0,Gal,d18:1,16:0
3689,0.6,1340,3600,16,0,Gal,d18:1,16:0
3690,0.8,1360,3600,16,0,Gal,d18:1,16:0
3691,1.0,340,3600,16,0,Gal,d18:1,16:0
3692,1.2,300,3600,16,0,Gal,d18:1,16:0
3693,1.4,40,3600,16,0,Gal,d18:1,16:0
3694,1.6,20,3600,16,0,Gal,d18:1,16:0
3695,1.8,0,3600,16,0,Gal,d18:1,16:0
3696,2.0,20,3600,16,0,Gal,d18:1,16:0
3697,2.2,20,3600,16,0,Gal,d18:1,16:0
3698,2.4,0,3600,16,0,Gal,d18:1,16:0
3699,2.6,0,3600,16,0,Gal,d18:1,16:0
3700,2.8,0,3600,16,0,Gal,d18:1,16:0
3701,3.0,0,3600,16,0,Gal,d18:1,16:0
3702,3.2,0,3600,16,0,Gal,d18:1,16:0
3703,3.4,0,3600,16,0,Gal,d18:1,16:0
3704,3.6,0,3600,16,0,Gal,d18:1,16:0
3705,3.8,60,3600,16,0,Gal,d18:1,16:0
3706,4.0,100,3600,16,0,Gal,d18:1,16:0
3707,4.2,0,3600,16,0,Gal,d18:1,16:0
3708,4.4,80,3600,16,0,Gal,d18:1,16:0
3709,4.6,0,3600,16,0,Gal,d18:1,16:0
3710,4.8,0,3600,16,0,Gal,d18:1,16:0
3711,5.0,0,3600,16,0,Gal,d18:1,16:0
3712,5.2,40,3600,16,0,Gal,d18:1,16:0
3713,5.4,0,3600,16,0,Gal,d18:1,16:0
3714,5.6,0,3600,16,0,Gal,d18:1,16:0
3715,5.8,0,3600,16,0,Gal,d18:1,16:0
3716,6.0,0,3600,16,0,Gal,d18:1,16:0
3717,6.2,0,3600,16,0,Gal,d18:1,16:0
3718,6.4,0,3600,16,0,Gal,d18:1,16:0
3719,6.6,0,3600,16,0,Gal,d18:1,16:0
3720,6.8,0,3600,16,0,Gal,d18:1,16:0
3721,7.0,0,3600,16,0,Gal,d18:1,16:0
3722,7.2,0,3600,16,0,Gal,d18:1,16:0
3723,7.4,0,3600,16,0,Gal,d18:1,16:0
3724,7.6,0,3600,16,0,Gal,d18:1,16:0
3725,7.8,0,3600,16,0,Gal,d18:1,16:0
3726,8.0,0,3600,16,0,Gal,d18:1,16:0
3727,8.2,0,3600,16,0,Gal,d18:1,16:0
3728,8.4,0,3600,16,0,Gal,d18:1,16:0
3729,8.6,0,3600,16,0,Gal,d18:1,16:0
3730,8.8,0,3600,16,0,Gal,d18:1,16:0
3731,9.0,0,3600,16,0,Gal,d18:1,16:0
3732,9.2,0,3600,16,0,Gal,d18:1,16:0
3733,9.4,0,3600,16,0,Gal,d18:1,16:0
3734,9.6,0,3600,16,0,Gal,d18:1,16:0
3735,9.8,0,3600,16,0,Gal,d18:1,16:0
3736,10.0,0,3600,16,0,Gal,d18:1,16:0
3737,-10.0,0,3700,16,0,Gal,d18:1,16:0
3738,-9.8,0,3700,16,0,Gal,d18:1,16:0
3739,-9.6,0,3700,16,0,Gal,d18:1,16:0
3740,-9.4,0,3700,16,0,Gal,d18:1,16:0
3741,-9.2,0,3700,16,0,Gal,d18:1,16:0
3742,-9.0,0,3700,16,0,Gal,d18:1,16:0
3743,-8.8,0,3700,16,0,Gal,d18:1,16:0
3744,-8.6,0,3700,16,0,Gal,d18:1,16:0
3745,-8.4,0,3700,16,0,Gal,d18:1,16:0
3746,-8.2,0,3700,16,0,Gal,d18:1,16:0
3747,-8.0,0,3700,16,0,Gal,d18:1,16:0
3748,-7.8,0,3700,16,0,Gal,d18:1,16:0
3749,-7.6,0,3700,16,0,Gal,d18:1,16:0
3750,-7.4,0,3700,16,0,Gal,d18:1,16:0
3751,-7.2,0,3700,16,0,Gal,d18:1,16:0
3752,-7.0,0,3700,16,0,Gal,d18:1,16:0
3753,-6.8,0,3700,16,0,Gal,d18:1,16:0
3754,-6.6,0,3700,16,0,Gal,d18:1,16:0
3755,-6.4,0,3700,16,0,Gal,d18:1,16:0
3756,-6.2,0,3700,16,0,Gal,d18:1,16:0
3757,-6.0,0,3700,16,0,Gal,d18:1,16:0
3758,-5.8,0,3700,16,0,Gal,d18:1,16:0
3759,-5.6,0,3700,16,0,Gal,d18:1,16:0
3760,-5.4,0,3700,16,0,Gal,d18:1,16:0
3761,-5.2,0,3700,16,0,Gal,d18:1,16:0
3762,-5.0,0,3700,16,0,Gal,d18:1,16:0
3763,-4.8,0,3700,16,0,Gal,d18:1,16:0
3764,-4.6,20,3700,16,0,Gal,d18:1,16:0
3765,-4.4,20,3700,16,0,Gal,d18:1,16:0
3766,-4.2,20,3700,16,0,Gal,d18:1,16:0
3767,-4.0,20,3700,16,0,Gal,d18:1,16:0
3768,-3.8,20,3700,16,0,Gal,d18:1,16:0
3769,-3.6,0,3700,16,0,Gal,d18:1,16:0
3770,-3.4,80,3700,16,0,Gal,d18:1,16:0
3771,-3.2,100,3700,16,0,Gal,d18:1,16:0
3772,-3.0,380,3700,16,0,Gal,d18:1,16:0
3773,-2.8,300,3700,16,0,Gal,d18:1,16:0
3774,-2.6,220,3700,16,0,Gal,d18:1,16:0
3775,-2.4,200,3700,16,0,Gal,d18:1,16:0
3776,-2.2,380,3700,16,0,Gal,d18:1,16:0
3777,-2.0,1060,3700,16,0,Gal,d18:1,16:0
3778,-1.8,3300,3700,16,0,Gal,d18:1,16:0
3779,-1.6,5880,3700,16,0,Gal,d18:1,16:0
3780,-1.4,11260,3700,16,0,Gal,d18:1,16:0
3781,-1.2,16800,3700,16,0,Gal,d18:1,16:0
3782,-1.0,21400,3700,16,0,Gal,d18:1,16:0
3783,-0.8,19540,3700,16,0,Gal,d18:1,16:0
3784,-0.6,14320,3700,16,0,Gal,d18:1,16:0
3785,-0.4,7900,3700,16,0,Gal,d18:1,16:0
3786,-0.2,3820,3700,16,0,Gal,d18:1,16:0
3787,0.0,3020,3700,16,0,Gal,d18:1,16:0
3788,0.2,1980,3700,16,0,Gal,d18:1,16:0
3789,0.4,1980,3700,16,0,Gal,d18:1,16:0
3790,0.6,1460,3700,16,0,Gal,d18:1,16:0
3791,0.8,840,3700,16,0,Gal,d18:1,16:0
3792,1.0,580,3700,16,0,Gal,d18:1,16:0
3793,1.2,240,3700,16,0,Gal,d18:1,16:0
3794,1.4,120,3700,16,0,Gal,d18:1,16:0
3795,1.6,100,3700,16,0,Gal,d18:1,16:0
3796,1.8,20,3700,16,0,Gal,d18:1,16:0
3797,2.0,0,3700,16,0,Gal,d18:1,16:0
3798,2.2,20,3700,16,0,Gal,d18:1,16:0
3799,2.4,0,3700,16,0,Gal,d18:1,16:0
3800,2.6,0,3700,16,0,Gal,d18:1,16:0
3801,2.8,0,3700,16,0,Gal,d18:1,16:0
3802,3.0,0,3700,16,0,Gal,d18:1,16:0
3803,3.2,0,3700,16,0,Gal,d18:1,16:0
3804,3.4,0,3700,16,0,Gal,d18:1,16:0
3805,3.6,0,3700,16,0,Gal,d18:1,16:0
3806,3.8,0,3700,16,0,Gal,d18:1,16:0
3807,4.0,0,3700,16,0,Gal,d18:1,16:0
3808,4.2,0,3700,16,0,Gal,d18:1,16:0
3809,4.4,20,3700,16,0,Gal,d18:1,16:0
3810,4.6,100,3700,16,0,Gal,d18:1,16:0
3811,4.8,0,3700,16,0,Gal,d18:1,16:0
3812,5.0,0,3700,16,0,Gal,d18:1,16:0
3813,5.2,20,3700,16,0,Gal,d18:1,16:0
3814,5.4,0,3700,16,0,Gal,d18:1,16:0
3815,5.6,40,3700,16,0,Gal,d18:1,16:0
3816,5.8,0,3700,16,0,Gal,d18:1,16:0
3817,6.0,0,3700,16,0,Gal,d18:1,16:0
3818,6.2,0,3700,16,0,Gal,d18:1,16:0
3819,6.4,0,3700,16,0,Gal,d18:1,16:0
3820,6.6,0,3700,16,0,Gal,d18:1,16:0
3821,6.8,0,3700,16,0,Gal,d18:1,16:0
3822,7.0,0,3700,16,0,Gal,d18:1,16:0
3823,7.2,0,3700,16,0,Gal,d18:1,16:0
3824,7.4,0,3700,16,0,Gal,d18:1,16:0
3825,7.6,0,3700,16,0,Gal,d18:1,16:0
3826,7.8,0,3700,16,0,Gal,d18:1,16:0
3827,8.0,0,3700,16,0,Gal,d18:1,16:0
3828,8.2,0,3700,16,0,Gal,d18:1,16:0
3829,8.4,0,3700,16,0,Gal,d18:1,16:0
3830,8.6,0,3700,16,0,Gal,d18:1,16:0
3831,8.8,0,3700,16,0,Gal,d18:1,16:0
3832,9.0,0,3700,16,0,Gal,d18:1,16:0
3833,9.2,0,3700,16,0,Gal,d18:1,16:0
3834,9.4,0,3700,16,0,Gal,d18:1,16:0
3835,9.6,0,3700,16,0,Gal,d18:1,16:0
3836,9.8,0,3700,16,0,Gal,d18:1,16:0
3837,10.0,0,3700,16,0,Gal,d18:1,16:0
3838,-10.0,0,3800,16,0,Gal,d18:1,16:0
3839,-9.8,0,3800,16,0,Gal,d18:1,16:0
3840,-9.6,0,3800,16,0,Gal,d18:1,16:0
3841,-9.4,0,3800,16,0,Gal,d18:1,16:0
3842,-9.2,0,3800,16,0,Gal,d18:1,16:0
3843,-9.0,0,3800,16,0,Gal,d18:1,16:0
3844,-8.8,0,3800,16,0,Gal,d18:1,16:0
3845,-8.6,0,3800,16,0,Gal,d18:1,16:0
3846,-8.4,0,3800,16,0,Gal,d18:1,16:0
3847,-8.2,0,3800,16,0,Gal,d18:1,16:0
3848,-8.0,0,3800,16,0,Gal,d18:1,16:0
3849,-7.8,0,3800,16,0,Gal,d18:1,16:0
3850,-7.6,0,3800,16,0,Gal,d18:1,16:0
3851,-7.4,0,3800,16,0,Gal,d18:1,16:0
3852,-7.2,0,3800,16,0,Gal,d18:1,16:0
3853,-7.0,0,3800,16,0,Gal,d18:1,16:0
3854,-6.8,0,3800,16,0,Gal,d18:1,16:0
3855,-6.6,0,3800,16,0,Gal,d18:1,16:0
3856,-6.4,0,3800,16,0,Gal,d18:1,16:0
3857,-6.2,0,3800,16,0,Gal,d18:1,16:0
3858,-6.0,0,3800,16,0,Gal,d18:1,16:0
3859,-5.8,0,3800,16,0,Gal,d18:1,16:0
3860,-5.6,0,3800,16,0,Gal,d18:1,16:0
3861,-5.4,0,3800,16,0,Gal,d18:1,16:0
3862,-5.2,0,3800,16,0,Gal,d18:1,16:0
3863,-5.0,0,3800,16,0,Gal,d18:1,16:0
3864,-4.8,0,3800,16,0,Gal,d18:1,16:0
3865,-4.6,0,3800,16,0,Gal,d18:1,16:0
3866,-4.4,0,3800,16,0,Gal,d18:1,16:0
3867,-4.2,0,3800,16,0,Gal,d18:1,16:0
3868,-4.0,0,3800,16,0,Gal,d18:1,16:0
3869,-3.8,80,3800,16,0,Gal,d18:1,16:0
3870,-3.6,20,3800,16,0,Gal,d18:1,16:0
3871,-3.4,80,3800,16,0,Gal,d18:1,16:0
3872,-3.2,560,3800,16,0,Gal,d18:1,16:0
3873,-3.0,340,3800,16,0,Gal,d18:1,16:0
3874,-2.8,200,3800,16,0,Gal,d18:1,16:0
3875,-2.6,120,3800,16,0,Gal,d18:1,16:0
3876,-2.4,160,3800,16,0,Gal,d18:1,16:0
3877,-2.2,100,3800,16,0,Gal,d18:1,16:0
3878,-2.0,320,3800,16,0,Gal,d18:1,16:0
3879,-1.8,1560,3800,16,0,Gal,d18:1,16:0
3880,-1.6,5520,3800,16,0,Gal,d18:1,16:0
3881,-1.4,8980,3800,16,0,Gal,d18:1,16:0
3882,-1.2,13720,3800,16,0,Gal,d18:1,16:0
3883,-1.0,13560,3800,16,0,Gal,d18:1,16:0
3884,-0.8,13540,3800,16,0,Gal,d18:1,16:0
3885,-0.6,13460,3800,16,0,Gal,d18:1,16:0
3886,-0.4,10460,3800,16,0,Gal,d18:1,16:0
3887,-0.2,5740,3800,16,0,Gal,d18:1,16:0
3888,0.0,4120,3800,16,0,Gal,d18:1,16:0
3889,0.2,2380,3800,16,0,Gal,d18:1,16:0
3890,0.4,2220,3800,16,0,Gal,d18:1,16:0
3891,0.6,1540,3800,16,0,Gal,d18:1,16:0
3892,0.8,1300,3800,16,0,Gal,d18:1,16:0
3893,1.0,960,3800,16,0,Gal,d18:1,16:0
3894,1.2,660,3800,16,0,Gal,d18:1,16:0
3895,1.4,340,3800,16,0,Gal,d18:1,16:0
3896,1.6,80,3800,16,0,Gal,d18:1,16:0
3897,1.8,80,3800,16,0,Gal,d18:1,16:0
3898,2.0,0,3800,16,0,Gal,d18:1,16:0
3899,2.2,0,3800,16,0,Gal,d18:1,16:0
3900,2.4,0,3800,16,0,Gal,d18:1,16:0
3901,2.6,20,3800,16,0,Gal,d18:1,16:0
3902,2.8,0,3800,16,0,Gal,d18:1,16:0
3903,3.0,0,3800,16,0,Gal,d18:1,16:0
3904,3.2,0,3800,16,0,Gal,d18:1,16:0
3905,3.4,0,3800,16,0,Gal,d18:1,16:0
3906,3.6,0,3800,16,0,Gal,d18:1,16:0
3907,3.8,0,3800,16,0,Gal,d18:1,16:0
3908,4.0,0,3800,16,0,Gal,d18:1,16:0
3909,4.2,0,3800,16,0,Gal,d18:1,16:0
3910,4.4,0,3800,16,0,Gal,d18:1,16:0
3911,4.6,0,3800,16,0,Gal,d18:1,16:0
3912,4.8,0,3800,16,0,Gal,d18:1,16:0
3913,5.0,0,3800,16,0,Gal,d18:1,16:0
3914,5.2,20,3800,16,0,Gal,d18:1,16:0
3915,5.4,40,3800,16,0,Gal,d18:1,16:0
3916,5.6,0,3800,16,0,Gal,d18:1,16:0
3917,5.8,20,3800,16,0,Gal,d18:1,16:0
3918,6.0,140,3800,16,0,Gal,d18:1,16:0
3919,6.2,0,3800,16,0,Gal,d18:1,16:0
3920,6.4,0,3800,16,0,Gal,d18:1,16:0
3921,6.6,0,3800,16,0,Gal,d18:1,16:0
3922,6.8,0,3800,16,0,Gal,d18:1,16:0
3923,7.0,0,3800,16,0,Gal,d18:1,16:0
3924,7.2,0,3800,16,0,Gal,d18:1,16:0
3925,7.4,0,3800,16,0,Gal,d18:1,16:0
3926,7.6,0,3800,16,0,Gal,d18:1,16:0
3927,7.8,0,3800,16,0,Gal,d18:1,16:0
3928,8.0,0,3800,16,0,Gal,d18:1,16:0
3929,8.2,0,3800,16,0,Gal,d18:1,16:0
3930,8.4,0,3800,16,0,Gal,d18:1,16:0
3931,8.6,0,3800,16,0,Gal,d18:1,16:0
3932,8.8,0,3800,16,0,Gal,d18:1,16:0
3933,9.0,0,3800,16,0,Gal,d18:1,16:0
3934,9.2,0,3800,16,0,Gal,d18:1,16:0
3935,9.4,0,3800,16,0,Gal,d18:1,16:0
3936,9.6,0,3800,16,0,Gal,d18:1,16:0
3937,9.8,0,3800,16,0,Gal,d18:1,16:0
3938,10.0,0,3800,16,0,Gal,d18:1,16:0
3939,-10.0,0,3900,16,0,Gal,d18:1,16:0
3940,-9.8,0,3900,16,0,Gal,d18:1,16:0
3941,-9.6,0,3900,16,0,Gal,d18:1,16:0
3942,-9.4,0,3900,16,0,Gal,d18:1,16:0
3943,-9.2,0,3900,16,0,Gal,d18:1,16:0
3944,-9.0,0,3900,16,0,Gal,d18:1,16:0
3945,-8.8,0,3900,16,0,Gal,d18:1,16:0
3946,-8.6,0,3900,16,0,Gal,d18:1,16:0
3947,-8.4,0,3900,16,0,Gal,d18:1,16:0
3948,-8.2,0,3900,16,0,Gal,d18:1,16:0
3949,-8.0,0,3900,16,0,Gal,d18:1,16:0
3950,-7.8,0,3900,16,0,Gal,d18:1,16:0
3951,-7.6,0,3900,16,0,Gal,d18:1,16:0
3952,-7.4,0,3900,16,0,Gal,d18:1,16:0
3953,-7.2,40,3900,16,0,Gal,d18:1,16:0
3954,-7.0,0,3900,16,0,Gal,d18:1,16:0
3955,-6.8,0,3900,16,0,Gal,d18:1,16:0
3956,-6.6,0,3900,16,0,Gal,d18:1,16:0
3957,-6.4,0,3900,16,0,Gal,d18:1,16:0
3958,-6.2,0,3900,16,0,Gal,d18:1,16:0
3959,-6.0,0,3900,16,0,Gal,d18:1,16:0
3960,-5.8,0,3900,16,0,Gal,d18:1,16:0
3961,-5.6,0,3900,16,0,Gal,d18:1,16:0
3962,-5.4,0,3900,16,0,Gal,d18:1,16:0
3963,-5.2,0,3900,16,0,Gal,d18:1,16:0
3964,-5.0,0,3900,16,0,Gal,d18:1,16:0
3965,-4.8,0,3900,16,0,Gal,d18:1,16:0
3966,-4.6,20,3900,16,0,Gal,d18:1,16:0
3967,-4.4,0,3900,16,0,Gal,d18:1,16:0
3968,-4.2,0,3900,16,0,Gal,d18:1,16:0
3969,-4.0,0,3900,16,0,Gal,d18:1,16:0
3970,-3.8,0,3900,16,0,Gal,d18:1,16:0
3971,-3.6,100,3900,16,0,Gal,d18:1,16:0
3972,-3.4,40,3900,16,0,Gal,d18:1,16:0
3973,-3.2,180,3900,16,0,Gal,d18:1,16:0
3974,-3.0,400,3900,16,0,Gal,d18:1,16:0
3975,-2.8,160,3900,16,0,Gal,d18:1,16:0
3976,-2.6,140,3900,16,0,Gal,d18:1,16:0
3977,-2.4,200,3900,16,0,Gal,d18:1,16:0
3978,-2.2,20,3900,16,0,Gal,d18:1,16:0
3979,-2.0,80,3900,16,0,Gal,d18:1,16:0
3980,-1.8,340,3900,16,0,Gal,d18:1,16:0
3981,-1.6,2400,3900,16,0,Gal,d18:1,16:0
3982,-1.4,5500,3900,16,0,Gal,d18:1,16:0
3983,-1.2,9900,3900,16,0,Gal,d18:1,16:0
3984,-1.0,13540,3900,16,0,Gal,d18:1,16:0
3985,-0.8,14260,3900,16,0,Gal,d18:1,16:0
3986,-0.6,12000,3900,16,0,Gal,d18:1,16:0
3987,-0.4,7980,3900,16,0,Gal,d18:1,16:0
3988,-0.2,2760,3900,16,0,Gal,d18:1,16:0
3989,0.0,2540,3900,16,0,Gal,d18:1,16:0
3990,0.2,1920,3900,16,0,Gal,d18:1,16:0
3991,0.4,1700,3900,16,0,Gal,d18:1,16:0
3992,0.6,1480,3900,16,0,Gal,d18:1,16:0
3993,0.8,1140,3900,16,0,Gal,d18:1,16:0
3994,1.0,660,3900,16,0,Gal,d18:1,16:0
3995,1.2,800,3900,16,0,Gal,d18:1,16:0
3996,1.4,300,3900,16,0,Gal,d18:1,16:0
3997,1.6,20,3900,16,0,Gal,d18:1,16:0
3998,1.8,60,3900,16,0,Gal,d18:1,16:0
3999,2.0,0,3900,16,0,Gal,d18:1,16:0
4000,2.2,0,3900,16,0,Gal,d18:1,16:0
4001,2.4,0,3900,16,0,Gal,d18:1,16:0
4002,2.6,0,3900,16,0,Gal,d18:1,16:0
4003,2.8,0,3900,16,0,Gal,d18:1,16:0
4004,3.0,0,3900,16,0,Gal,d18:1,16:0
4005,3.2,0,3900,16,0,Gal,d18:1,16:0
4006,3.4,0,3900,16,0,Gal,d18:1,16:0
4007,3.6,0,3900,16,0,Gal,d18:1,16:0
4008,3.8,0,3900,16,0,Gal,d18:1,16:0
4009,4.0,0,3900,16,0,Gal,d18:1,16:0
4010,4.2,0,3900,16,0,Gal,d18:1,16:0
4011,4.4,0,3900,16,0,Gal,d18:1,16:0
4012,4.6,0,3900,16,0,Gal,d18:1,16:0
4013,4.8,0,3900,16,0,Gal,d18:1,16:0
4014,5.0,0,3900,16,0,Gal,d18:1,16:0
4015,5.2,0,3900,16,0,Gal,d18:1,16:0
4016,5.4,0,3900,16,0,Gal,d18:1,16:0
4017,5.6,0,3900,16,0,Gal,d18:1,16:0
4018,5.8,0,3900,16,0,Gal,d18:1,16:0
4019,6.0,20,3900,16,0,Gal,d18:1,16:0
4020,6.2,0,3900,16,0,Gal,d18:1,16:0
4021,6.4,40,3900,16,0,Gal,d18:1,16:0
4022,6.6,20,3900,16,0,Gal,d18:1,16:0
4023,6.8,0,3900,16,0,Gal,d18:1,16:0
4024,7.0,40,3900,16,0,Gal,d18:1,16:0
4025,7.2,0,3900,16,0,Gal,d18:1,16:0
4026,7.4,0,3900,16,0,Gal,d18:1,16:0
4027,7.6,0,3900,16,0,Gal,d18:1,16:0
4028,7.8,0,3900,16,0,Gal,d18:1,16:0
4029,8.0,0,3900,16,0,Gal,d18:1,16:0
4030,8.2,0,3900,16,0,Gal,d18:1,16:0
4031,8.4,0,3900,16,0,Gal,d18:1,16:0
4032,8.6,0,3900,16,0,Gal,d18:1,16:0
4033,8.8,0,3900,16,0,Gal,d18:1,16:0
4034,9.0,0,3900,16,0,Gal,d18:1,16:0
4035,9.2,0,3900,16,0,Gal,d18:1,16:0
4036,9.4,0,3900,16,0,Gal,d18:1,16:0
4037,9.6,0,3900,16,0,Gal,d18:1,16:0
4038,9.8,0,3900,16,0,Gal,d18:1,16:0
4039,10.0,0,3900,16,0,Gal,d18:1,16:0
4040,-10.0,0,4000,16,0,Gal,d18:1,16:0
4041,-9.8,0,4000,16,0,Gal,d18:1,16:0
4042,-9.6,0,4000,16,0,Gal,d18:1,16:0
4043,-9.4,0,4000,16,0,Gal,d18:1,16:0
4044,-9.2,0,4000,16,0,Gal,d18:1,16:0
4045,-9.0,0,4000,16,0,Gal,d18:1,16:0
4046,-8.8,0,4000,16,0,Gal,d18:1,16:0
4047,-8.6,0,4000,16,0,Gal,d18:1,16:0
4048,-8.4,0,4000,16,0,Gal,d18:1,16:0
4049,-8.2,0,4000,16,0,Gal,d18:1,16:0
4050,-8.0,0,4000,16,0,Gal,d18:1,16:0
4051,-7.8,0,4000,16,0,Gal,d18:1,16:0
4052,-7.6,0,4000,16,0,Gal,d18:1,16:0
4053,-7.4,0,4000,16,0,Gal,d18:1,16:0
4054,-7.2,0,4000,16,0,Gal,d18:1,16:0
4055,-7.0,0,4000,16,0,Gal,d18:1,16:0
4056,-6.8,0,4000,16,0,Gal,d18:1,16:0
4057,-6.6,0,4000,16,0,Gal,d18:1,16:0
4058,-6.4,0,4000,16,0,Gal,d18:1,16:0
4059,-6.2,0,4000,16,0,Gal,d18:1,16:0
4060,-6.0,0,4000,16,0,Gal,d18:1,16:0
4061,-5.8,0,4000,16,0,Gal,d18:1,16:0
4062,-5.6,0,4000,16,0,Gal,d18:1,16:0
4063,-5.4,0,4000,16,0,Gal,d18:1,16:0
4064,-5.2,0,4000,16,0,Gal,d18:1,16:0
4065,-5.0,100,4000,16,0,Gal,d18:1,16:0
4066,-4.8,0,4000,16,0,Gal,d18:1,16:0
4067,-4.6,20,4000,16,0,Gal,d18:1,16:0
4068,-4.4,0,4000,16,0,Gal,d18:1,16:0
4069,-4.2,0,4000,16,0,Gal,d18:1,16:0
4070,-4.0,20,4000,16,0,Gal,d18:1,16:0
4071,-3.8,140,4000,16,0,Gal,d18:1,16:0
4072,-3.6,300,4000,16,0,Gal,d18:1,16:0
4073,-3.4,180,4000,16,0,Gal,d18:1,16:0
4074,-3.2,260,4000,16,0,Gal,d18:1,16:0
4075,-3.0,120,4000,16,0,Gal,d18:1,16:0
4076,-2.8,320,4000,16,0,Gal,d18:1,16:0
4077,-2.6,140,4000,16,0,Gal,d18:1,16:0
4078,-2.4,180,4000,16,0,Gal,d18:1,16:0
4079,-2.2,0,4000,16,0,Gal,d18:1,16:0
4080,-2.0,0,4000,16,0,Gal,d18:1,16:0
4081,-1.8,1020,4000,16,0,Gal,d18:1,16:0
4082,-1.6,2300,4000,16,0,Gal,d18:1,16:0
4083,-1.4,6000,4000,16,0,Gal,d18:1,16:0
4084,-1.2,9440,4000,16,0,Gal,d18:1,16:0
4085,-1.0,13700,4000,16,0,Gal,d18:1,16:0
4086,-0.8,15620,4000,16,0,Gal,d18:1,16:0
4087,-0.6,15920,4000,16,0,Gal,d18:1,16:0
4088,-0.4,16360,4000,16,0,Gal,d18:1,16:0
4089,-0.2,12580,4000,16,0,Gal,d18:1,16:0
4090,0.0,10000,4000,16,0,Gal,d18:1,16:0
4091,0.2,4980,4000,16,0,Gal,d18:1,16:0
4092,0.4,2860,4000,16,0,Gal,d18:1,16:0
4093,0.6,1980,4000,16,0,Gal,d18:1,16:0
4094,0.8,2320,4000,16,0,Gal,d18:1,16:0
4095,1.0,2060,4000,16,0,Gal,d18:1,16:0
4096,1.2,1200,4000,16,0,Gal,d18:1,16:0
4097,1.4,1000,4000,16,0,Gal,d18:1,16:0
4098,1.6,320,4000,16,0,Gal,d18:1,16:0
4099,1.8,540,4000,16,0,Gal,d18:1,16:0
4100,2.0,140,4000,16,0,Gal,d18:1,16:0
4101,2.2,0,4000,16,0,Gal,d18:1,16:0
4102,2.4,0,4000,16,0,Gal,d18:1,16:0
4103,2.6,0,4000,16,0,Gal,d18:1,16:0
4104,2.8,0,4000,16,0,Gal,d18:1,16:0
4105,3.0,0,4000,16,0,Gal,d18:1,16:0
4106,3.2,0,4000,16,0,Gal,d18:1,16:0
4107,3.4,0,4000,16,0,Gal,d18:1,16:0
4108,3.6,0,4000,16,0,Gal,d18:1,16:0
4109,3.8,0,4000,16,0,Gal,d18:1,16:0
4110,4.0,60,4000,16,0,Gal,d18:1,16:0
4111,4.2,0,4000,16,0,Gal,d18:1,16:0
4112,4.4,20,4000,16,0,Gal,d18:1,16:0
4113,4.6,0,4000,16,0,Gal,d18:1,16:0
4114,4.8,0,4000,16,0,Gal,d18:1,16:0
4115,5.0,0,4000,16,0,Gal,d18:1,16:0
4116,5.2,0,4000,16,0,Gal,d18:1,16:0
4117,5.4,0,4000,16,0,Gal,d18:1,16:0
4118,5.6,0,4000,16,0,Gal,d18:1,16:0
4119,5.8,0,4000,16,0,Gal,d18:1,16:0
4120,6.0,0,4000,16,0,Gal,d18:1,16:0
4121,6.2,0,4000,16,0,Gal,d18:1,16:0
4122,6.4,0,4000,16,0,Gal,d18:1,16:0
4123,6.6,20,4000,16,0,Gal,d18:1,16:0
4124,6.8,20,4000,16,0,Gal,d18:1,16:0
4125,7.0,20,4000,16,0,Gal,d18:1,16:0
4126,7.2,140,4000,16,0,Gal,d18:1,16:0
4127,7.4,0,4000,16,0,Gal,d18:1,16:0
4128,7.6,0,4000,16,0,Gal,d18:1,16:0
4129,7.8,0,4000,16,0,Gal,d18:1,16:0
4130,8.0,0,4000,16,0,Gal,d18:1,16:0
4131,8.2,0,4000,16,0,Gal,d18:1,16:0
4132,8.4,0,4000,16,0,Gal,d18:1,16:0
4133,8.6,0,4000,16,0,Gal,d18:1,16:0
4134,8.8,0,4000,16,0,Gal,d18:1,16:0
4135,9.0,0,4000,16,0,Gal,d18:1,16:0
4136,9.2,0,4000,16,0,Gal,d18:1,16:0
4137,9.4,0,4000,16,0,Gal,d18:1,16:0
4138,9.6,0,4000,16,0,Gal,d18:1,16:0
4139,9.8,0,4000,16,0,Gal,d18:1,16:0
4140,10.0,0,4000,16,0,Gal,d18:1,16:0
4141,-10.0,0,4100,16,0,Gal,d18:1,16:0
4142,-9.8,0,4100,16,0,Gal,d18:1,16:0
4143,-9.6,0,4100,16,0,Gal,d18:1,16:0
4144,-9.4,0,4100,16,0,Gal,d18:1,16:0
4145,-9.2,0,4100,16,0,Gal,d18:1,16:0
4146,-9.0,0,4100,16,0,Gal,d18:1,16:0
4147,-8.8,0,4100,16,0,Gal,d18:1,16:0
4148,-8.6,0,4100,16,0,Gal,d18:1,16:0
4149,-8.4,0,4100,16,0,Gal,d18:1,16:0
4150,-8.2,0,4100,16,0,Gal,d18:1,16:0
4151,-8.0,0,4100,16,0,Gal,d18:1,16:0
4152,-7.8,0,4100,16,0,Gal,d18:1,16:0
4153,-7.6,0,4100,16,0,Gal,d18:1,16:0
4154,-7.4,0,4100,16,0,Gal,d18:1,16:0
4155,-7.2,0,4100,16,0,Gal,d18:1,16:0
4156,-7.0,0,4100,16,0,Gal,d18:1,16:0
4157,-6.8,0,4100,16,0,Gal,d18:1,16:0
4158,-6.6,0,4100,16,0,Gal,d18:1,16:0
4159,-6.4,0,4100,16,0,Gal,d18:1,16:0
4160,-6.2,0,4100,16,0,Gal,d18:1,16:0
4161,-6.0,0,4100,16,0,Gal,d18:1,16:0
4162,-5.8,0,4100,16,0,Gal,d18:1,16:0
4163,-5.6,0,4100,16,0,Gal,d18:1,16:0
4164,-5.4,0,4100,16,0,Gal,d18:1,16:0
4165,-5.2,40,4100,16,0,Gal,d18:1,16:0
4166,-5.0,0,4100,16,0,Gal,d18:1,16:0
4167,-4.8,0,4100,16,0,Gal,d18:1,16:0
4168,-4.6,0,4100,16,0,Gal,d18:1,16:0
4169,-4.4,0,4100,16,0,Gal,d18:1,16:0
4170,-4.2,20,4100,16,0,Gal,d18:1,16:0
4171,-4.0,20,4100,16,0,Gal,d18:1,16:0
4172,-3.8,100,4100,16,0,Gal,d18:1,16:0
4173,-3.6,180,4100,16,0,Gal,d18:1,16:0
4174,-3.4,220,4100,16,0,Gal,d18:1,16:0
4175,-3.2,220,4100,16,0,Gal,d18:1,16:0
4176,-3.0,120,4100,16,0,Gal,d18:1,16:0
4177,-2.8,60,4100,16,0,Gal,d18:1,16:0
4178,-2.6,140,4100,16,0,Gal,d18:1,16:0
4179,-2.4,0,4100,16,0,Gal,d18:1,16:0
4180,-2.2,40,4100,16,0,Gal,d18:1,16:0
4181,-2.0,160,4100,16,0,Gal,d18:1,16:0
4182,-1.8,520,4100,16,0,Gal,d18:1,16:0
4183,-1.6,2120,4100,16,0,Gal,d18:1,16:0
4184,-1.4,5760,4100,16,0,Gal,d18:1,16:0
4185,-1.2,9280,4100,16,0,Gal,d18:1,16:0
4186,-1.0,14560,4100,16,0,Gal,d18:1,16:0
4187,-0.8,14340,4100,16,0,Gal,d18:1,16:0
4188,-0.6,13560,4100,16,0,Gal,d18:1,16:0
4189,-0.4,8060,4100,16,0,Gal,d18:1,16:0
4190,-0.2,5120,4100,16,0,Gal,d18:1,16:0
4191,0.0,3780,4100,16,0,Gal,d18:1,16:0
4192,0.2,2500,4100,16,0,Gal,d18:1,16:0
4193,0.4,1640,4100,16,0,Gal,d18:1,16:0
4194,0.6,1680,4100,16,0,Gal,d18:1,16:0
4195,0.8,1360,4100,16,0,Gal,d18:1,16:0
4196,1.0,1360,4100,16,0,Gal,d18:1,16:0
4197,1.2,1240,4100,16,0,Gal,d18:1,16:0
4198,1.4,900,4100,16,0,Gal,d18:1,16:0
4199,1.6,340,4100,16,0,Gal,d18:1,16:0
4200,1.8,80,4100,16,0,Gal,d18:1,16:0
4201,2.0,40,4100,16,0,Gal,d18:1,16:0
4202,2.2,20,4100,16,0,Gal,d18:1,16:0
4203,2.4,0,4100,16,0,Gal,d18:1,16:0
4204,2.6,0,4100,16,0,Gal,d18:1,16:0
4205,2.8,0,4100,16,0,Gal,d18:1,16:0
4206,3.0,0,4100,16,0,Gal,d18:1,16:0
4207,3.2,0,4100,16,0,Gal,d18:1,16:0
4208,3.4,0,4100,16,0,Gal,d18:1,16:0
4209,3.6,0,4100,16,0,Gal,d18:1,16:0
4210,3.8,0,4100,16,0,Gal,d18:1,16:0
4211,4.0,0,4100,16,0,Gal,d18:1,16:0
4212,4.2,0,4100,16,0,Gal,d18:1,16:0
4213,4.4,0,4100,16,0,Gal,d18:1,16:0
4214,4.6,0,4100,16,0,Gal,d18:1,16:0
4215,4.8,0,4100,16,0,Gal,d18:1,16:0
4216,5.0,0,4100,16,0,Gal,d18:1,16:0
4217,5.2,0,4100,16,0,Gal,d18:1,16:0
4218,5.4,0,4100,16,0,Gal,d18:1,16:0
4219,5.6,0,4100,16,0,Gal,d18:1,16:0
4220,5.8,0,4100,16,0,Gal,d18:1,16:0
4221,6.0,0,4100,16,0,Gal,d18:1,16:0
4222,6.2,20,4100,16,0,Gal,d18:1,16:0
4223,6.4,0,4100,16,0,Gal,d18:1,16:0
4224,6.6,0,4100,16,0,Gal,d18:1,16:0
4225,6.8,0,4100,16,0,Gal,d18:1,16:0
4226,7.0,60,4100,16,0,Gal,d18:1,16:0
4227,7.2,20,4100,16,0,Gal,d18:1,16:0
4228,7.4,0,4100,16,0,Gal,d18:1,16:0
4229,7.6,0,4100,16,0,Gal,d18:1,16:0
4230,7.8,0,4100,16,0,Gal,d18:1,16:0
4231,8.0,0,4100,16,0,Gal,d18:1,16:0
4232,8.2,0,4100,16,0,Gal,d18:1,16:0
4233,8.4,0,4100,16,0,Gal,d18:1,16:0
4234,8.6,0,4100,16,0,Gal,d18:1,16:0
4235,8.8,0,4100,16,0,Gal,d18:1,16:0
4236,9.0,0,4100,16,0,Gal,d18:1,16:0
4237,9.2,0,4100,16,0,Gal,d18:1,16:0
4238,9.4,0,4100,16,0,Gal,d18:1,16:0
4239,9.6,0,4100,16,0,Gal,d18:1,16:0
4240,9.8,0,4100,16,0,Gal,d18:1,16:0
4241,10.0,0,4100,16,0,Gal,d18:1,16:0
4242,-10.0,0,0,20,0,Gal,d18:1,20:0
4243,-9.8,0,0,20,0,Gal,d18:1,20:0
4244,-9.6,0,0,20,0,Gal,d18:1,20:0
4245,-9.4,0,0,20,0,Gal,d18:1,20:0
4246,-9.2,0,0,20,0,Gal,d18:1,20:0
4247,-9.0,0,0,20,0,Gal,d18:1,20:0
4248,-8.8,0,0,20,0,Gal,d18:1,20:0
4249,-8.6,0,0,20,0,Gal,d18:1,20:0
4250,-8.4,0,0,20,0,Gal,d18:1,20:0
4251,-8.2,0,0,20,0,Gal,d18:1,20:0
4252,-8.0,0,0,20,0,Gal,d18:1,20:0
4253,-7.8,0,0,20,0,Gal,d18:1,20:0
4254,-7.6,0,0,20,0,Gal,d18:1,20:0
4255,-7.4,0,0,20,0,Gal,d18:1,20:0
4256,-7.2,0,0,20,0,Gal,d18:1,20:0
4257,-7.0,0,0,20,0,Gal,d18:1,20:0
4258,-6.8,0,0,20,0,Gal,d18:1,20:0
4259,-6.6,0,0,20,0,Gal,d18:1,20:0
4260,-6.4,0,0,20,0,Gal,d18:1,20:0
4261,-6.2,0,0,20,0,Gal,d18:1,20:0
4262,-6.0,0,0,20,0,Gal,d18:1,20:0
4263,-5.8,0,0,20,0,Gal,d18:1,20:0
4264,-5.6,0,0,20,0,Gal,d18:1,20:0
4265,-5.4,0,0,20,0,Gal,d18:1,20:0
4266,-5.2,0,0,20,0,Gal,d18:1,20:0
4267,-5.0,0,0,20,0,Gal,d18:1,20:0
4268,-4.8,0,0,20,0,Gal,d18:1,20:0
4269,-4.6,0,0,20,0,Gal,d18:1,20:0
4270,-4.4,0,0,20,0,Gal,d18:1,20:0
4271,-4.2,0,0,20,0,Gal,d18:1,20:0
4272,-4.0,0,0,20,0,Gal,d18:1,20:0
4273,-3.8,0,0,20,0,Gal,d18:1,20:0
4274,-3.6,0,0,20,0,Gal,d18:1,20:0
4275,-3.4,0,0,20,0,Gal,d18:1,20:0
4276,-3.2,0,0,20,0,Gal,d18:1,20:0
4277,-3.0,0,0,20,0,Gal,d18:1,20:0
4278,-2.8,0,0,20,0,Gal,d18:1,20:0
4279,-2.6,0,0,20,0,Gal,d18:1,20:0
4280,-2.4,0,0,20,0,Gal,d18:1,20:0
4281,-2.2,0,0,20,0,Gal,d18:1,20:0
4282,-2.0,0,0,20,0,Gal,d18:1,20:0
4283,-1.8,0,0,20,0,Gal,d18:1,20:0
4284,-1.6,0,0,20,0,Gal,d18:1,20:0
4285,-1.4,60,0,20,0,Gal,d18:1,20:0
4286,-1.2,80,0,20,0,Gal,d18:1,20:0
4287,-1.0,680,0,20,0,Gal,d18:1,20:0
4288,-0.8,1680,0,20,0,Gal,d18:1,20:0
4289,-0.6,1400,0,20,0,Gal,d18:1,20:0
4290,-0.4,980,0,20,0,Gal,d18:1,20:0
4291,-0.2,1340,0,20,0,Gal,d18:1,20:0
4292,0.0,860,0,20,0,Gal,d18:1,20:0
4293,0.2,540,0,20,0,Gal,d18:1,20:0
4294,0.4,680,0,20,0,Gal,d18:1,20:0
4295,0.6,480,0,20,0,Gal,d18:1,20:0
4296,0.8,560,0,20,0,Gal,d18:1,20:0
4297,1.0,200,0,20,0,Gal,d18:1,20:0
4298,1.2,60,0,20,0,Gal,d18:1,20:0
4299,1.4,20,0,20,0,Gal,d18:1,20:0
4300,1.6,0,0,20,0,Gal,d18:1,20:0
4301,1.8,0,0,20,0,Gal,d18:1,20:0
4302,2.0,0,0,20,0,Gal,d18:1,20:0
4303,2.2,0,0,20,0,Gal,d18:1,20:0
4304,2.4,0,0,20,0,Gal,d18:1,20:0
4305,2.6,0,0,20,0,Gal,d18:1,20:0
4306,2.8,0,0,20,0,Gal,d18:1,20:0
4307,3.0,0,0,20,0,Gal,d18:1,20:0
4308,3.2,0,0,20,0,Gal,d18:1,20:0
4309,3.4,0,0,20,0,Gal,d18:1,20:0
4310,3.6,0,0,20,0,Gal,d18:1,20:0
4311,3.8,0,0,20,0,Gal,d18:1,20:0
4312,4.0,0,0,20,0,Gal,d18:1,20:0
4313,4.2,0,0,20,0,Gal,d18:1,20:0
4314,4.4,0,0,20,0,Gal,d18:1,20:0
4315,4.6,0,0,20,0,Gal,d18:1,20:0
4316,4.8,0,0,20,0,Gal,d18:1,20:0
4317,5.0,0,0,20,0,Gal,d18:1,20:0
4318,5.2,0,0,20,0,Gal,d18:1,20:0
4319,5.4,0,0,20,0,Gal,d18:1,20:0
4320,5.6,0,0,20,0,Gal,d18:1,20:0
4321,5.8,0,0,20,0,Gal,d18:1,20:0
4322,6.0,0,0,20,0,Gal,d18:1,20:0
4323,6.2,0,0,20,0,Gal,d18:1,20:0
4324,6.4,0,0,20,0,Gal,d18:1,20:0
4325,6.6,0,0,20,0,Gal,d18:1,20:0
4326,6.8,0,0,20,0,Gal,d18:1,20:0
4327,7.0,0,0,20,0,Gal,d18:1,20:0
4328,7.2,0,0,20,0,Gal,d18:1,20:0
4329,7.4,0,0,20,0,Gal,d18:1,20:0
4330,7.6,0,0,20,0,Gal,d18:1,20:0
4331,7.8,0,0,20,0,Gal,d18:1,20:0
4332,8.0,0,0,20,0,Gal,d18:1,20:0
4333,8.2,0,0,20,0,Gal,d18:1,20:0
4334,8.4,0,0,20,0,Gal,d18:1,20:0
4335,8.6,0,0,20,0,Gal,d18:1,20:0
4336,8.8,0,0,20,0,Gal,d18:1,20:0
4337,9.0,0,0,20,0,Gal,d18:1,20:0
4338,9.2,0,0,20,0,Gal,d18:1,20:0
4339,9.4,0,0,20,0,Gal,d18:1,20:0
4340,9.6,0,0,20,0,Gal,d18:1,20:0
4341,9.8,0,0,20,0,Gal,d18:1,20:0
4342,10.0,0,0,20,0,Gal,d18:1,20:0
4343,-10.0,0,100,20,0,Gal,d18:1,20:0
4344,-9.8,0,100,20,0,Gal,d18:1,20:0
4345,-9.6,0,100,20,0,Gal,d18:1,20:0
4346,-9.4,0,100,20,0,Gal,d18:1,20:0
4347,-9.2,0,100,20,0,Gal,d18:1,20:0
4348,-9.0,0,100,20,0,Gal,d18:1,20:0
4349,-8.8,0,100,20,0,Gal,d18:1,20:0
4350,-8.6,0,100,20,0,Gal,d18:1,20:0
4351,-8.4,0,100,20,0,Gal,d18:1,20:0
4352,-8.2,0,100,20,0,Gal,d18:1,20:0
4353,-8.0,0,100,20,0,Gal,d18:1,20:0
4354,-7.8,0,100,20,0,Gal,d18:1,20:0
4355,-7.6,0,100,20,0,Gal,d18:1,20:0
4356,-7.4,0,100,20,0,Gal,d18:1,20:0
4357,-7.2,0,100,20,0,Gal,d18:1,20:0
4358,-7.0,0,100,20,0,Gal,d18:1,20:0
4359,-6.8,0,100,20,0,Gal,d18:1,20:0
4360,-6.6,0,100,20,0,Gal,d18:1,20:0
4361,-6.4,0,100,20,0,Gal,d18:1,20:0
4362,-6.2,0,100,20,0,Gal,d18:1,20:0
4363,-6.0,0,100,20,0,Gal,d18:1,20:0
4364,-5.8,0,100,20,0,Gal,d18:1,20:0
4365,-5.6,0,100,20,0,Gal,d18:1,20:0
4366,-5.4,0,100,20,0,Gal,d18:1,20:0
4367,-5.2,0,100,20,0,Gal,d18:1,20:0
4368,-5.0,0,100,20,0,Gal,d18:1,20:0
4369,-4.8,0,100,20,0,Gal,d18:1,20:0
4370,-4.6,0,100,20,0,Gal,d18:1,20:0
4371,-4.4,0,100,20,0,Gal,d18:1,20:0
4372,-4.2,0,100,20,0,Gal,d18:1,20:0
4373,-4.0,0,100,20,0,Gal,d18:1,20:0
4374,-3.8,0,100,20,0,Gal,d18:1,20:0
4375,-3.6,0,100,20,0,Gal,d18:1,20:0
4376,-3.4,0,100,20,0,Gal,d18:1,20:0
4377,-3.2,0,100,20,0,Gal,d18:1,20:0
4378,-3.0,0,100,20,0,Gal,d18:1,20:0
4379,-2.8,0,100,20,0,Gal,d18:1,20:0
4380,-2.6,0,100,20,0,Gal,d18:1,20:0
4381,-2.4,0,100,20,0,Gal,d18:1,20:0
4382,-2.2,0,100,20,0,Gal,d18:1,20:0
4383,-2.0,0,100,20,0,Gal,d18:1,20:0
4384,-1.8,0,100,20,0,Gal,d18:1,20:0
4385,-1.6,0,100,20,0,Gal,d18:1,20:0
4386,-1.4,20,100,20,0,Gal,d18:1,20:0
4387,-1.2,200,100,20,0,Gal,d18:1,20:0
4388,-1.0,760,100,20,0,Gal,d18:1,20:0
4389,-0.8,1340,100,20,0,Gal,d18:1,20:0
4390,-0.6,2020,100,20,0,Gal,d18:1,20:0
4391,-0.4,1600,100,20,0,Gal,d18:1,20:0
4392,-0.2,1700,100,20,0,Gal,d18:1,20:0
4393,0.0,1100,100,20,0,Gal,d18:1,20:0
4394,0.2,640,100,20,0,Gal,d18:1,20:0
4395,0.4,800,100,20,0,Gal,d18:1,20:0
4396,0.6,660,100,20,0,Gal,d18:1,20:0
4397,0.8,660,100,20,0,Gal,d18:1,20:0
4398,1.0,400,100,20,0,Gal,d18:1,20:0
4399,1.2,100,100,20,0,Gal,d18:1,20:0
4400,1.4,100,100,20,0,Gal,d18:1,20:0
4401,1.6,0,100,20,0,Gal,d18:1,20:0
4402,1.8,0,100,20,0,Gal,d18:1,20:0
4403,2.0,0,100,20,0,Gal,d18:1,20:0
4404,2.2,0,100,20,0,Gal,d18:1,20:0
4405,2.4,0,100,20,0,Gal,d18:1,20:0
4406,2.6,0,100,20,0,Gal,d18:1,20:0
4407,2.8,0,100,20,0,Gal,d18:1,20:0
4408,3.0,0,100,20,0,Gal,d18:1,20:0
4409,3.2,0,100,20,0,Gal,d18:1,20:0
4410,3.4,0,100,20,0,Gal,d18:1,20:0
4411,3.6,0,100,20,0,Gal,d18:1,20:0
4412,3.8,0,100,20,0,Gal,d18:1,20:0
4413,4.0,0,100,20,0,Gal,d18:1,20:0
4414,4.2,0,100,20,0,Gal,d18:1,20:0
4415,4.4,0,100,20,0,Gal,d18:1,20:0
4416,4.6,0,100,20,0,Gal,d18:1,20:0
4417,4.8,0,100,20,0,Gal,d18:1,20:0
4418,5.0,0,100,20,0,Gal,d18:1,20:0
4419,5.2,0,100,20,0,Gal,d18:1,20:0
4420,5.4,0,100,20,0,Gal,d18:1,20:0
4421,5.6,0,100,20,0,Gal,d18:1,20:0
4422,5.8,0,100,20,0,Gal,d18:1,20:0
4423,6.0,0,100,20,0,Gal,d18:1,20:0
4424,6.2,0,100,20,0,Gal,d18:1,20:0
4425,6.4,0,100,20,0,Gal,d18:1,20:0
4426,6.6,0,100,20,0,Gal,d18:1,20:0
4427,6.8,0,100,20,0,Gal,d18:1,20:0
4428,7.0,0,100,20,0,Gal,d18:1,20:0
4429,7.2,0,100,20,0,Gal,d18:1,20:0
4430,7.4,0,100,20,0,Gal,d18:1,20:0
4431,7.6,0,100,20,0,Gal,d18:1,20:0
4432,7.8,0,100,20,0,Gal,d18:1,20:0
4433,8.0,0,100,20,0,Gal,d18:1,20:0
4434,8.2,0,100,20,0,Gal,d18:1,20:0
4435,8.4,0,100,20,0,Gal,d18:1,20:0
4436,8.6,0,100,20,0,Gal,d18:1,20:0
4437,8.8,0,100,20,0,Gal,d18:1,20:0
4438,9.0,0,100,20,0,Gal,d18:1,20:0
4439,9.2,0,100,20,0,Gal,d18:1,20:0
4440,9.4,0,100,20,0,Gal,d18:1,20:0
4441,9.6,0,100,20,0,Gal,d18:1,20:0
4442,9.8,0,100,20,0,Gal,d18:1,20:0
4443,10.0,0,100,20,0,Gal,d18:1,20:0
4444,-10.0,0,200,20,0,Gal,d18:1,20:0
4445,-9.8,0,200,20,0,Gal,d18:1,20:0
4446,-9.6,0,200,20,0,Gal,d18:1,20:0
4447,-9.4,0,200,20,0,Gal,d18:1,20:0
4448,-9.2,0,200,20,0,Gal,d18:1,20:0
4449,-9.0,0,200,20,0,Gal,d18:1,20:0
4450,-8.8,0,200,20,0,Gal,d18:1,20:0
4451,-8.6,0,200,20,0,Gal,d18:1,20:0
4452,-8.4,0,200,20,0,Gal,d18:1,20:0
4453,-8.2,0,200,20,0,Gal,d18:1,20:0
4454,-8.0,0,200,20,0,Gal,d18:1,20:0
4455,-7.8,0,200,20,0,Gal,d18:1,20:0
4456,-7.6,0,200,20,0,Gal,d18:1,20:0
4457,-7.4,0,200,20,0,Gal,d18:1,20:0
4458,-7.2,0,200,20,0,Gal,d18:1,20:0
4459,-7.0,0,200,20,0,Gal,d18:1,20:0
4460,-6.8,0,200,20,0,Gal,d18:1,20:0
4461,-6.6,0,200,20,0,Gal,d18:1,20:0
4462,-6.4,0,200,20,0,Gal,d18:1,20:0
4463,-6.2,0,200,20,0,Gal,d18:1,20:0
4464,-6.0,0,200,20,0,Gal,d18:1,20:0
4465,-5.8,0,200,20,0,Gal,d18:1,20:0
4466,-5.6,0,200,20,0,Gal,d18:1,20:0
4467,-5.4,0,200,20,0,Gal,d18:1,20:0
4468,-5.2,0,200,20,0,Gal,d18:1,20:0
4469,-5.0,0,200,20,0,Gal,d18:1,20:0
4470,-4.8,0,200,20,0,Gal,d18:1,20:0
4471,-4.6,0,200,20,0,Gal,d18:1,20:0
4472,-4.4,0,200,20,0,Gal,d18:1,20:0
4473,-4.2,0,200,20,0,Gal,d18:1,20:0
4474,-4.0,0,200,20,0,Gal,d18:1,20:0
4475,-3.8,0,200,20,0,Gal,d18:1,20:0
4476,-3.6,0,200,20,0,Gal,d18:1,20:0
4477,-3.4,0,200,20,0,Gal,d18:1,20:0
4478,-3.2,0,200,20,0,Gal,d18:1,20:0
4479,-3.0,0,200,20,0,Gal,d18:1,20:0
4480,-2.8,0,200,20,0,Gal,d18:1,20:0
4481,-2.6,0,200,20,0,Gal,d18:1,20:0
4482,-2.4,0,200,20,0,Gal,d18:1,20:0
4483,-2.2,0,200,20,0,Gal,d18:1,20:0
4484,-2.0,0,200,20,0,Gal,d18:1,20:0
4485,-1.8,0,200,20,0,Gal,d18:1,20:0
4486,-1.6,0,200,20,0,Gal,d18:1,20:0
4487,-1.4,20,200,20,0,Gal,d18:1,20:0
4488,-1.2,120,200,20,0,Gal,d18:1,20:0
4489,-1.0,640,200,20,0,Gal,d18:1,20:0
4490,-0.8,980,200,20,0,Gal,d18:1,20:0
4491,-0.6,1840,200,20,0,Gal,d18:1,20:0
4492,-0.4,1820,200,20,0,Gal,d18:1,20:0
4493,-0.2,1400,200,20,0,Gal,d18:1,20:0
4494,0.0,900,200,20,0,Gal,d18:1,20:0
4495,0.2,860,200,20,0,Gal,d18:1,20:0
4496,0.4,780,200,20,0,Gal,d18:1,20:0
4497,0.6,600,200,20,0,Gal,d18:1,20:0
4498,0.8,700,200,20,0,Gal,d18:1,20:0
4499,1.0,260,200,20,0,Gal,d18:1,20:0
4500,1.2,40,200,20,0,Gal,d18:1,20:0
4501,1.4,0,200,20,0,Gal,d18:1,20:0
4502,1.6,0,200,20,0,Gal,d18:1,20:0
4503,1.8,0,200,20,0,Gal,d18:1,20:0
4504,2.0,0,200,20,0,Gal,d18:1,20:0
4505,2.2,0,200,20,0,Gal,d18:1,20:0
4506,2.4,0,200,20,0,Gal,d18:1,20:0
4507,2.6,0,200,20,0,Gal,d18:1,20:0
4508,2.8,0,200,20,0,Gal,d18:1,20:0
4509,3.0,0,200,20,0,Gal,d18:1,20:0
4510,3.2,0,200,20,0,Gal,d18:1,20:0
4511,3.4,0,200,20,0,Gal,d18:1,20:0
4512,3.6,0,200,20,0,Gal,d18:1,20:0
4513,3.8,0,200,20,0,Gal,d18:1,20:0
4514,4.0,0,200,20,0,Gal,d18:1,20:0
4515,4.2,0,200,20,0,Gal,d18:1,20:0
4516,4.4,0,200,20,0,Gal,d18:1,20:0
4517,4.6,0,200,20,0,Gal,d18:1,20:0
4518,4.8,0,200,20,0,Gal,d18:1,20:0
4519,5.0,0,200,20,0,Gal,d18:1,20:0
4520,5.2,0,200,20,0,Gal,d18:1,20:0
4521,5.4,0,200,20,0,Gal,d18:1,20:0
4522,5.6,0,200,20,0,Gal,d18:1,20:0
4523,5.8,0,200,20,0,Gal,d18:1,20:0
4524,6.0,0,200,20,0,Gal,d18:1,20:0
4525,6.2,0,200,20,0,Gal,d18:1,20:0
4526,6.4,0,200,20,0,Gal,d18:1,20:0
4527,6.6,0,200,20,0,Gal,d18:1,20:0
4528,6.8,0,200,20,0,Gal,d18:1,20:0
4529,7.0,0,200,20,0,Gal,d18:1,20:0
4530,7.2,0,200,20,0,Gal,d18:1,20:0
4531,7.4,0,200,20,0,Gal,d18:1,20:0
4532,7.6,0,200,20,0,Gal,d18:1,20:0
4533,7.8,0,200,20,0,Gal,d18:1,20:0
4534,8.0,0,200,20,0,Gal,d18:1,20:0
4535,8.2,0,200,20,0,Gal,d18:1,20:0
4536,8.4,0,200,20,0,Gal,d18:1,20:0
4537,8.6,0,200,20,0,Gal,d18:1,20:0
4538,8.8,0,200,20,0,Gal,d18:1,20:0
4539,9.0,0,200,20,0,Gal,d18:1,20:0
4540,9.2,0,200,20,0,Gal,d18:1,20:0
4541,9.4,0,200,20,0,Gal,d18:1,20:0
4542,9.6,0,200,20,0,Gal,d18:1,20:0
4543,9.8,0,200,20,0,Gal,d18:1,20:0
4544,10.0,0,200,20,0,Gal,d18:1,20:0
4545,-10.0,0,300,20,0,Gal,d18:1,20:0
4546,-9.8,0,300,20,0,Gal,d18:1,20:0
4547,-9.6,0,300,20,0,Gal,d18:1,20:0
4548,-9.4,0,300,20,0,Gal,d18:1,20:0
4549,-9.2,0,300,20,0,Gal,d18:1,20:0
4550,-9.0,0,300,20,0,Gal,d18:1,20:0
4551,-8.8,0,300,20,0,Gal,d18:1,20:0
4552,-8.6,0,300,20,0,Gal,d18:1,20:0
4553,-8.4,0,300,20,0,Gal,d18:1,20:0
4554,-8.2,0,300,20,0,Gal,d18:1,20:0
4555,-8.0,0,300,20,0,Gal,d18:1,20:0
4556,-7.8,0,300,20,0,Gal,d18:1,20:0
4557,-7.6,0,300,20,0,Gal,d18:1,20:0
4558,-7.4,0,300,20,0,Gal,d18:1,20:0
4559,-7.2,0,300,20,0,Gal,d18:1,20:0
4560,-7.0,0,300,20,0,Gal,d18:1,20:0
4561,-6.8,0,300,20,0,Gal,d18:1,20:0
4562,-6.6,0,300,20,0,Gal,d18:1,20:0
4563,-6.4,0,300,20,0,Gal,d18:1,20:0
4564,-6.2,0,300,20,0,Gal,d18:1,20:0
4565,-6.0,0,300,20,0,Gal,d18:1,20:0
4566,-5.8,0,300,20,0,Gal,d18:1,20:0
4567,-5.6,0,300,20,0,Gal,d18:1,20:0
4568,-5.4,0,300,20,0,Gal,d18:1,20:0
4569,-5.2,0,300,20,0,Gal,d18:1,20:0
4570,-5.0,0,300,20,0,Gal,d18:1,20:0
4571,-4.8,0,300,20,0,Gal,d18:1,20:0
4572,-4.6,0,300,20,0,Gal,d18:1,20:0
4573,-4.4,0,300,20,0,Gal,d18:1,20:0
4574,-4.2,0,300,20,0,Gal,d18:1,20:0
4575,-4.0,0,300,20,0,Gal,d18:1,20:0
4576,-3.8,0,300,20,0,Gal,d18:1,20:0
4577,-3.6,0,300,20,0,Gal,d18:1,20:0
4578,-3.4,0,300,20,0,Gal,d18:1,20:0
4579,-3.2,0,300,20,0,Gal,d18:1,20:0
4580,-3.0,0,300,20,0,Gal,d18:1,20:0
4581,-2.8,0,300,20,0,Gal,d18:1,20:0
4582,-2.6,0,300,20,0,Gal,d18:1,20:0
4583,-2.4,0,300,20,0,Gal,d18:1,20:0
4584,-2.2,0,300,20,0,Gal,d18:1,20:0
4585,-2.0,0,300,20,0,Gal,d18:1,20:0
4586,-1.8,0,300,20,0,Gal,d18:1,20:0
4587,-1.6,0,300,20,0,Gal,d18:1,20:0
4588,-1.4,0,300,20,0,Gal,d18:1,20:0
4589,-1.2,160,300,20,0,Gal,d18:1,20:0
4590,-1.0,740,300,20,0,Gal,d18:1,20:0
4591,-0.8,1400,300,20,0,Gal,d18:1,20:0
4592,-0.6,2520,300,20,0,Gal,d18:1,20:0
4593,-0.4,1800,300,20,0,Gal,d18:1,20:0
4594,-0.2,1360,300,20,0,Gal,d18:1,20:0
4595,0.0,960,300,20,0,Gal,d18:1,20:0
4596,0.2,960,300,20,0,Gal,d18:1,20:0
4597,0.4,920,300,20,0,Gal,d18:1,20:0
4598,0.6,700,300,20,0,Gal,d18:1,20:0
4599,0.8,700,300,20,0,Gal,d18:1,20:0
4600,1.0,240,300,20,0,Gal,d18:1,20:0
4601,1.2,80,300,20,0,Gal,d18:1,20:0
4602,1.4,0,300,20,0,Gal,d18:1,20:0
4603,1.6,0,300,20,0,Gal,d18:1,20:0
4604,1.8,0,300,20,0,Gal,d18:1,20:0
4605,2.0,0,300,20,0,Gal,d18:1,20:0
4606,2.2,0,300,20,0,Gal,d18:1,20:0
4607,2.4,0,300,20,0,Gal,d18:1,20:0
4608,2.6,0,300,20,0,Gal,d18:1,20:0
4609,2.8,0,300,20,0,Gal,d18:1,20:0
4610,3.0,0,300,20,0,Gal,d18:1,20:0
4611,3.2,0,300,20,0,Gal,d18:1,20:0
4612,3.4,0,300,20,0,Gal,d18:1,20:0
4613,3.6,0,300,20,0,Gal,d18:1,20:0
4614,3.8,0,300,20,0,Gal,d18:1,20:0
4615,4.0,0,300,20,0,Gal,d18:1,20:0
4616,4.2,0,300,20,0,Gal,d18:1,20:0
4617,4.4,0,300,20,0,Gal,d18:1,20:0
4618,4.6,0,300,20,0,Gal,d18:1,20:0
4619,4.8,0,300,20,0,Gal,d18:1,20:0
4620,5.0,0,300,20,0,Gal,d18:1,20:0
4621,5.2,0,300,20,0,Gal,d18:1,20:0
4622,5.4,0,300,20,0,Gal,d18:1,20:0
4623,5.6,0,300,20,0,Gal,d18:1,20:0
4624,5.8,0,300,20,0,Gal,d18:1,20:0
4625,6.0,0,300,20,0,Gal,d18:1,20:0
4626,6.2,0,300,20,0,Gal,d18:1,20:0
4627,6.4,0,300,20,0,Gal,d18:1,20:0
4628,6.6,0,300,20,0,Gal,d18:1,20:0
4629,6.8,0,300,20,0,Gal,d18:1,20:0
4630,7.0,0,300,20,0,Gal,d18:1,20:0
4631,7.2,0,300,20,0,Gal,d18:1,20:0
4632,7.4,0,300,20,0,Gal,d18:1,20:0
4633,7.6,0,300,20,0,Gal,d18:1,20:0
4634,7.8,0,300,20,0,Gal,d18:1,20:0
4635,8.0,0,300,20,0,Gal,d18:1,20:0
4636,8.2,0,300,20,0,Gal,d18:1,20:0
4637,8.4,0,300,20,0,Gal,d18:1,20:0
4638,8.6,0,300,20,0,Gal,d18:1,20:0
4639,8.8,0,300,20,0,Gal,d18:1,20:0
4640,9.0,0,300,20,0,Gal,d18:1,20:0
4641,9.2,0,300,20,0,Gal,d18:1,20:0
4642,9.4,0,300,20,0,Gal,d18:1,20:0
4643,9.6,0,300,20,0,Gal,d18:1,20:0
4644,9.8,0,300,20,0,Gal,d18:1,20:0
4645,10.0,0,300,20,0,Gal,d18:1,20:0
4646,-10.0,0,400,20,0,Gal,d18:1,20:0
4647,-9.8,0,400,20,0,Gal,d18:1,20:0
4648,-9.6,0,400,20,0,Gal,d18:1,20:0
4649,-9.4,0,400,20,0,Gal,d18:1,20:0
4650,-9.2,0,400,20,0,Gal,d18:1,20:0
4651,-9.0,0,400,20,0,Gal,d18:1,20:0
4652,-8.8,0,400,20,0,Gal,d18:1,20:0
4653,-8.6,0,400,20,0,Gal,d18:1,20:0
4654,-8.4,0,400,20,0,Gal,d18:1,20:0
4655,-8.2,0,400,20,0,Gal,d18:1,20:0
4656,-8.0,0,400,20,0,Gal,d18:1,20:0
4657,-7.8,0,400,20,0,Gal,d18:1,20:0
4658,-7.6,0,400,20,0,Gal,d18:1,20:0
4659,-7.4,0,400,20,0,Gal,d18:1,20:0
4660,-7.2,0,400,20,0,Gal,d18:1,20:0
4661,-7.0,0,400,20,0,Gal,d18:1,20:0
4662,-6.8,0,400,20,0,Gal,d18:1,20:0
4663,-6.6,0,400,20,0,Gal,d18:1,20:0
4664,-6.4,0,400,20,0,Gal,d18:1,20:0
4665,-6.2,0,400,20,0,Gal,d18:1,20:0
4666,-6.0,0,400,20,0,Gal,d18:1,20:0
4667,-5.8,0,400,20,0,Gal,d18:1,20:0
4668,-5.6,0,400,20,0,Gal,d18:1,20:0
4669,-5.4,0,400,20,0,Gal,d18:1,20:0
4670,-5.2,0,400,20,0,Gal,d18:1,20:0
4671,-5.0,0,400,20,0,Gal,d18:1,20:0
4672,-4.8,0,400,20,0,Gal,d18:1,20:0
4673,-4.6,0,400,20,0,Gal,d18:1,20:0
4674,-4.4,0,400,20,0,Gal,d18:1,20:0
4675,-4.2,0,400,20,0,Gal,d18:1,20:0
4676,-4.0,0,400,20,0,Gal,d18:1,20:0
4677,-3.8,0,400,20,0,Gal,d18:1,20:0
4678,-3.6,0,400,20,0,Gal,d18:1,20:0
4679,-3.4,0,400,20,0,Gal,d18:1,20:0
4680,-3.2,0,400,20,0,Gal,d18:1,20:0
4681,-3.0,0,400,20,0,Gal,d18:1,20:0
4682,-2.8,0,400,20,0,Gal,d18:1,20:0
4683,-2.6,0,400,20,0,Gal,d18:1,20:0
4684,-2.4,0,400,20,0,Gal,d18:1,20:0
4685,-2.2,0,400,20,0,Gal,d18:1,20:0
4686,-2.0,0,400,20,0,Gal,d18:1,20:0
4687,-1.8,0,400,20,0,Gal,d18:1,20:0
4688,-1.6,0,400,20,0,Gal,d18:1,20:0
4689,-1.4,60,400,20,0,Gal,d18:1,20:0
4690,-1.2,80,400,20,0,Gal,d18:1,20:0
4691,-1.0,1180,400,20,0,Gal,d18:1,20:0
4692,-0.8,1540,400,20,0,Gal,d18:1,20:0
4693,-0.6,1740,400,20,0,Gal,d18:1,20:0
4694,-0.4,2040,400,20,0,Gal,d18:1,20:0
4695,-0.2,1740,400,20,0,Gal,d18:1,20:0
4696,0.0,1160,400,20,0,Gal,d18:1,20:0
4697,0.2,1360,400,20,0,Gal,d18:1,20:0
4698,0.4,920,400,20,0,Gal,d18:1,20:0
4699,0.6,1300,400,20,0,Gal,d18:1,20:0
4700,0.8,340,400,20,0,Gal,d18:1,20:0
4701,1.0,280,400,20,0,Gal,d18:1,20:0
4702,1.2,80,400,20,0,Gal,d18:1,20:0
4703,1.4,0,400,20,0,Gal,d18:1,20:0
4704,1.6,0,400,20,0,Gal,d18:1,20:0
4705,1.8,0,400,20,0,Gal,d18:1,20:0
4706,2.0,0,400,20,0,Gal,d18:1,20:0
4707,2.2,0,400,20,0,Gal,d18:1,20:0
4708,2.4,0,400,20,0,Gal,d18:1,20:0
4709,2.6,0,400,20,0,Gal,d18:1,20:0
4710,2.8,0,400,20,0,Gal,d18:1,20:0
4711,3.0,0,400,20,0,Gal,d18:1,20:0
4712,3.2,0,400,20,0,Gal,d18:1,20:0
4713,3.4,0,400,20,0,Gal,d18:1,20:0
4714,3.6,0,400,20,0,Gal,d18:1,20:0
4715,3.8,0,400,20,0,Gal,d18:1,20:0
4716,4.0,0,400,20,0,Gal,d18:1,20:0
4717,4.2,0,400,20,0,Gal,d18:1,20:0
4718,4.4,0,400,20,0,Gal,d18:1,20:0
4719,4.6,0,400,20,0,Gal,d18:1,20:0
4720,4.8,0,400,20,0,Gal,d18:1,20:0
4721,5.0,0,400,20,0,Gal,d18:1,20:0
4722,5.2,0,400,20,0,Gal,d18:1,20:0
4723,5.4,0,400,20,0,Gal,d18:1,20:0
4724,5.6,0,400,20,0,Gal,d18:1,20:0
4725,5.8,0,400,20,0,Gal,d18:1,20:0
4726,6.0,0,400,20,0,Gal,d18:1,20:0
4727,6.2,0,400,20,0,Gal,d18:1,20:0
4728,6.4,0,400,20,0,Gal,d18:1,20:0
4729,6.6,0,400,20,0,Gal,d18:1,20:0
4730,6.8,0,400,20,0,Gal,d18:1,20:0
4731,7.0,0,400,20,0,Gal,d18:1,20:0
4732,7.2,0,400,20,0,Gal,d18:1,20:0
4733,7.4,0,400,20,0,Gal,d18:1,20:0
4734,7.6,0,400,20,0,Gal,d18:1,20:0
4735,7.8,0,400,20,0,Gal,d18:1,20:0
4736,8.0,0,400,20,0,Gal,d18:1,20:0
4737,8.2,0,400,20,0,Gal,d18:1,20:0
4738,8.4,0,400,20,0,Gal,d18:1,20:0
4739,8.6,0,400,20,0,Gal,d18:1,20:0
4740,8.8,0,400,20,0,Gal,d18:1,20:0
4741,9.0,0,400,20,0,Gal,d18:1,20:0
4742,9.2,0,400,20,0,Gal,d18:1,20:0
4743,9.4,0,400,20,0,Gal,d18:1,20:0
4744,9.6,0,400,20,0,Gal,d18:1,20:0
4745,9.8,0,400,20,0,Gal,d18:1,20:0
4746,10.0,0,400,20,0,Gal,d18:1,20:0
4747,-10.0,0,500,20,0,Gal,d18:1,20:0
4748,-9.8,0,500,20,0,Gal,d18:1,20:0
4749,-9.6,0,500,20,0,Gal,d18:1,20:0
4750,-9.4,0,500,20,0,Gal,d18:1,20:0
4751,-9.2,0,500,20,0,Gal,d18:1,20:0
4752,-9.0,0,500,20,0,Gal,d18:1,20:0
4753,-8.8,0,500,20,0,Gal,d18:1,20:0
4754,-8.6,0,500,20,0,Gal,d18:1,20:0
4755,-8.4,0,500,20,0,Gal,d18:1,20:0
4756,-8.2,0,500,20,0,Gal,d18:1,20:0
4757,-8.0,0,500,20,0,Gal,d18:1,20:0
4758,-7.8,0,500,20,0,Gal,d18:1,20:0
4759,-7.6,0,500,20,0,Gal,d18:1,20:0
4760,-7.4,0,500,20,0,Gal,d18:1,20:0
4761,-7.2,0,500,20,0,Gal,d18:1,20:0
4762,-7.0,0,500,20,0,Gal,d18:1,20:0
4763,-6.8,0,500,20,0,Gal,d18:1,20:0
4764,-6.6,0,500,20,0,Gal,d18:1,20:0
4765,-6.4,0,500,20,0,Gal,d18:1,20:0
4766,-6.2,0,500,20,0,Gal,d18:1,20:0
4767,-6.0,0,500,20,0,Gal,d18:1,20:0
4768,-5.8,0,500,20,0,Gal,d18:1,20:0
4769,-5.6,0,500,20,0,Gal,d18:1,20:0
4770,-5.4,0,500,20,0,Gal,d18:1,20:0
4771,-5.2,0,500,20,0,Gal,d18:1,20:0
4772,-5.0,0,500,20,0,Gal,d18:1,20:0
4773,-4.8,0,500,20,0,Gal,d18:1,20:0
4774,-4.6,0,500,20,0,Gal,d18:1,20:0
4775,-4.4,0,500,20,0,Gal,d18:1,20:0
4776,-4.2,0,500,20,0,Gal,d18:1,20:0
4777,-4.0,0,500,20,0,Gal,d18:1,20:0
4778,-3.8,0,500,20,0,Gal,d18:1,20:0
4779,-3.6,0,500,20,0,Gal,d18:1,20:0
4780,-3.4,0,500,20,0,Gal,d18:1,20:0
4781,-3.2,0,500,20,0,Gal,d18:1,20:0
4782,-3.0,0,500,20,0,Gal,d18:1,20:0
4783,-2.8,0,500,20,0,Gal,d18:1,20:0
4784,-2.6,0,500,20,0,Gal,d18:1,20:0
4785,-2.4,0,500,20,0,Gal,d18:1,20:0
4786,-2.2,0,500,20,0,Gal,d18:1,20:0
4787,-2.0,0,500,20,0,Gal,d18:1,20:0
4788,-1.8,0,500,20,0,Gal,d18:1,20:0
4789,-1.6,0,500,20,0,Gal,d18:1,20:0
4790,-1.4,60,500,20,0,Gal,d18:1,20:0
4791,-1.2,360,500,20,0,Gal,d18:1,20:0
4792,-1.0,380,500,20,0,Gal,d18:1,20:0
4793,-0.8,1040,500,20,0,Gal,d18:1,20:0
4794,-0.6,1760,500,20,0,Gal,d18:1,20:0
4795,-0.4,1400,500,20,0,Gal,d18:1,20:0
4796,-0.2,1440,500,20,0,Gal,d18:1,20:0
4797,0.0,980,500,20,0,Gal,d18:1,20:0
4798,0.2,720,500,20,0,Gal,d18:1,20:0
4799,0.4,820,500,20,0,Gal,d18:1,20:0
4800,0.6,500,500,20,0,Gal,d18:1,20:0
4801,0.8,500,500,20,0,Gal,d18:1,20:0
4802,1.0,460,500,20,0,Gal,d18:1,20:0
4803,1.2,60,500,20,0,Gal,d18:1,20:0
4804,1.4,0,500,20,0,Gal,d18:1,20:0
4805,1.6,0,500,20,0,Gal,d18:1,20:0
4806,1.8,0,500,20,0,Gal,d18:1,20:0
4807,2.0,0,500,20,0,Gal,d18:1,20:0
4808,2.2,0,500,20,0,Gal,d18:1,20:0
4809,2.4,0,500,20,0,Gal,d18:1,20:0
4810,2.6,0,500,20,0,Gal,d18:1,20:0
4811,2.8,0,500,20,0,Gal,d18:1,20:0
4812,3.0,0,500,20,0,Gal,d18:1,20:0
4813,3.2,0,500,20,0,Gal,d18:1,20:0
4814,3.4,0,500,20,0,Gal,d18:1,20:0
4815,3.6,0,500,20,0,Gal,d18:1,20:0
4816,3.8,0,500,20,0,Gal,d18:1,20:0
4817,4.0,0,500,20,0,Gal,d18:1,20:0
4818,4.2,0,500,20,0,Gal,d18:1,20:0
4819,4.4,0,500,20,0,Gal,d18:1,20:0
4820,4.6,0,500,20,0,Gal,d18:1,20:0
4821,4.8,0,500,20,0,Gal,d18:1,20:0
4822,5.0,0,500,20,0,Gal,d18:1,20:0
4823,5.2,0,500,20,0,Gal,d18:1,20:0
4824,5.4,0,500,20,0,Gal,d18:1,20:0
4825,5.6,0,500,20,0,Gal,d18:1,20:0
4826,5.8,0,500,20,0,Gal,d18:1,20:0
4827,6.0,0,500,20,0,Gal,d18:1,20:0
4828,6.2,0,500,20,0,Gal,d18:1,20:0
4829,6.4,0,500,20,0,Gal,d18:1,20:0
4830,6.6,0,500,20,0,Gal,d18:1,20:0
4831,6.8,0,500,20,0,Gal,d18:1,20:0
4832,7.0,0,500,20,0,Gal,d18:1,20:0
4833,7.2,0,500,20,0,Gal,d18:1,20:0
4834,7.4,0,500,20,0,Gal,d18:1,20:0
4835,7.6,0,500,20,0,Gal,d18:1,20:0
4836,7.8,0,500,20,0,Gal,d18:1,20:0
4837,8.0,0,500,20,0,Gal,d18:1,20:0
4838,8.2,0,500,20,0,Gal,d18:1,20:0
4839,8.4,0,500,20,0,Gal,d18:1,20:0
4840,8.6,0,500,20,0,Gal,d18:1,20:0
4841,8.8,0,500,20,0,Gal,d18:1,20:0
4842,9.0,0,500,20,0,Gal,d18:1,20:0
4843,9.2,0,500,20,0,Gal,d18:1,20:0
4844,9.4,0,500,20,0,Gal,d18:1,20:0
4845,9.6,0,500,20,0,Gal,d18:1,20:0
4846,9.8,0,500,20,0,Gal,d18:1,20:0
4847,10.0,0,500,20,0,Gal,d18:1,20:0
4848,-10.0,0,600,20,0,Gal,d18:1,20:0
4849,-9.8,0,600,20,0,Gal,d18:1,20:0
4850,-9.6,0,600,20,0,Gal,d18:1,20:0
4851,-9.4,0,600,20,0,Gal,d18:1,20:0
4852,-9.2,0,600,20,0,Gal,d18:1,20:0
4853,-9.0,0,600,20,0,Gal,d18:1,20:0
4854,-8.8,0,600,20,0,Gal,d18:1,20:0
4855,-8.6,0,600,20,0,Gal,d18:1,20:0
4856,-8.4,0,600,20,0,Gal,d18:1,20:0
4857,-8.2,0,600,20,0,Gal,d18:1,20:0
4858,-8.0,0,600,20,0,Gal,d18:1,20:0
4859,-7.8,0,600,20,0,Gal,d18:1,20:0
4860,-7.6,0,600,20,0,Gal,d18:1,20:0
4861,-7.4,0,600,20,0,Gal,d18:1,20:0
4862,-7.2,0,600,20,0,Gal,d18:1,20:0
4863,-7.0,0,600,20,0,Gal,d18:1,20:0
4864,-6.8,0,600,20,0,Gal,d18:1,20:0
4865,-6.6,0,600,20,0,Gal,d18:1,20:0
4866,-6.4,0,600,20,0,Gal,d18:1,20:0
4867,-6.2,0,600,20,0,Gal,d18:1,20:0
4868,-6.0,0,600,20,0,Gal,d18:1,20:0
4869,-5.8,0,600,20,0,Gal,d18:1,20:0
4870,-5.6,0,600,20,0,Gal,d18:1,20:0
4871,-5.4,0,600,20,0,Gal,d18:1,20:0
4872,-5.2,0,600,20,0,Gal,d18:1,20:0
4873,-5.0,0,600,20,0,Gal,d18:1,20:0
4874,-4.8,0,600,20,0,Gal,d18:1,20:0
4875,-4.6,0,600,20,0,Gal,d18:1,20:0
4876,-4.4,0,600,20,0,Gal,d18:1,20:0
4877,-4.2,0,600,20,0,Gal,d18:1,20:0
4878,-4.0,0,600,20,0,Gal,d18:1,20:0
4879,-3.8,0,600,20,0,Gal,d18:1,20:0
4880,-3.6,0,600,20,0,Gal,d18:1,20:0
4881,-3.4,0,600,20,0,Gal,d18:1,20:0
4882,-3.2,0,600,20,0,Gal,d18:1,20:0
4883,-3.0,0,600,20,0,Gal,d18:1,20:0
4884,-2.8,0,600,20,0,Gal,d18:1,20:0
4885,-2.6,0,600,20,0,Gal,d18:1,20:0
4886,-2.4,0,600,20,0,Gal,d18:1,20:0
4887,-2.2,0,600,20,0,Gal,d18:1,20:0
4888,-2.0,0,600,20,0,Gal,d18:1,20:0
4889,-1.8,0,600,20,0,Gal,d18:1,20:0
4890,-1.6,0,600,20,0,Gal,d18:1,20:0
4891,-1.4,60,600,20,0,Gal,d18:1,20:0
4892,-1.2,220,600,20,0,Gal,d18:1,20:0
4893,-1.0,840,600,20,0,Gal,d18:1,20:0
4894,-0.8,1680,600,20,0,Gal,d18:1,20:0
4895,-0.6,1860,600,20,0,Gal,d18:1,20:0
4896,-0.4,1960,600,20,0,Gal,d18:1,20:0
4897,-0.2,1520,600,20,0,Gal,d18:1,20:0
4898,0.0,1360,600,20,0,Gal,d18:1,20:0
4899,0.2,1100,600,20,0,Gal,d18:1,20:0
4900,0.4,800,600,20,0,Gal,d18:1,20:0
4901,0.6,840,600,20,0,Gal,d18:1,20:0
4902,0.8,400,600,20,0,Gal,d18:1,20:0
4903,1.0,200,600,20,0,Gal,d18:1,20:0
4904,1.2,60,600,20,0,Gal,d18:1,20:0
4905,1.4,0,600,20,0,Gal,d18:1,20:0
4906,1.6,20,600,20,0,Gal,d18:1,20:0
4907,1.8,0,600,20,0,Gal,d18:1,20:0
4908,2.0,0,600,20,0,Gal,d18:1,20:0
4909,2.2,0,600,20,0,Gal,d18:1,20:0
4910,2.4,0,600,20,0,Gal,d18:1,20:0
4911,2.6,0,600,20,0,Gal,d18:1,20:0
4912,2.8,0,600,20,0,Gal,d18:1,20:0
4913,3.0,0,600,20,0,Gal,d18:1,20:0
4914,3.2,0,600,20,0,Gal,d18:1,20:0
4915,3.4,0,600,20,0,Gal,d18:1,20:0
4916,3.6,0,600,20,0,Gal,d18:1,20:0
4917,3.8,0,600,20,0,Gal,d18:1,20:0
4918,4.0,0,600,20,0,Gal,d18:1,20:0
4919,4.2,0,600,20,0,Gal,d18:1,20:0
4920,4.4,0,600,20,0,Gal,d18:1,20:0
4921,4.6,0,600,20,0,Gal,d18:1,20:0
4922,4.8,0,600,20,0,Gal,d18:1,20:0
4923,5.0,0,600,20,0,Gal,d18:1,20:0
4924,5.2,0,600,20,0,Gal,d18:1,20:0
4925,5.4,0,600,20,0,Gal,d18:1,20:0
4926,5.6,0,600,20,0,Gal,d18:1,20:0
4927,5.8,0,600,20,0,Gal,d18:1,20:0
4928,6.0,0,600,20,0,Gal,d18:1,20:0
4929,6.2,0,600,20,0,Gal,d18:1,20:0
4930,6.4,0,600,20,0,Gal,d18:1,20:0
4931,6.6,0,600,20,0,Gal,d18:1,20:0
4932,6.8,0,600,20,0,Gal,d18:1,20:0
4933,7.0,0,600,20,0,Gal,d18:1,20:0
4934,7.2,0,600,20,0,Gal,d18:1,20:0
4935,7.4,0,600,20,0,Gal,d18:1,20:0
4936,7.6,0,600,20,0,Gal,d18:1,20:0
4937,7.8,0,600,20,0,Gal,d18:1,20:0
4938,8.0,0,600,20,0,Gal,d18:1,20:0
4939,8.2,0,600,20,0,Gal,d18:1,20:0
4940,8.4,0,600,20,0,Gal,d18:1,20:0
4941,8.6,0,600,20,0,Gal,d18:1,20:0
4942,8.8,0,600,20,0,Gal,d18:1,20:0
4943,9.0,0,600,20,0,Gal,d18:1,20:0
4944,9.2,0,600,20,0,Gal,d18:1,20:0
4945,9.4,0,600,20,0,Gal,d18:1,20:0
4946,9.6,0,600,20,0,Gal,d18:1,20:0
4947,9.8,0,600,20,0,Gal,d18:1,20:0
4948,10.0,0,600,20,0,Gal,d18:1,20:0
4949,-10.0,0,700,20,0,Gal,d18:1,20:0
4950,-9.8,0,700,20,0,Gal,d18:1,20:0
4951,-9.6,0,700,20,0,Gal,d18:1,20:0
4952,-9.4,0,700,20,0,Gal,d18:1,20:0
4953,-9.2,0,700,20,0,Gal,d18:1,20:0
4954,-9.0,0,700,20,0,Gal,d18:1,20:0
4955,-8.8,0,700,20,0,Gal,d18:1,20:0
4956,-8.6,0,700,20,0,Gal,d18:1,20:0
4957,-8.4,0,700,20,0,Gal,d18:1,20:0
4958,-8.2,0,700,20,0,Gal,d18:1,20:0
4959,-8.0,0,700,20,0,Gal,d18:1,20:0
4960,-7.8,0,700,20,0,Gal,d18:1,20:0
4961,-7.6,0,700,20,0,Gal,d18:1,20:0
4962,-7.4,0,700,20,0,Gal,d18:1,20:0
4963,-7.2,0,700,20,0,Gal,d18:1,20:0
4964,-7.0,0,700,20,0,Gal,d18:1,20:0
4965,-6.8,0,700,20,0,Gal,d18:1,20:0
4966,-6.6,0,700,20,0,Gal,d18:1,20:0
4967,-6.4,0,700,20,0,Gal,d18:1,20:0
4968,-6.2,0,700,20,0,Gal,d18:1,20:0
4969,-6.0,0,700,20,0,Gal,d18:1,20:0
4970,-5.8,0,700,20,0,Gal,d18:1,20:0
4971,-5.6,0,700,20,0,Gal,d18:1,20:0
4972,-5.4,0,700,20,0,Gal,d18:1,20:0
4973,-5.2,0,700,20,0,Gal,d18:1,20:0
4974,-5.0,0,700,20,0,Gal,d18:1,20:0
4975,-4.8,0,700,20,0,Gal,d18:1,20:0
4976,-4.6,0,700,20,0,Gal,d18:1,20:0
4977,-4.4,0,700,20,0,Gal,d18:1,20:0
4978,-4.2,0,700,20,0,Gal,d18:1,20:0
4979,-4.0,0,700,20,0,Gal,d18:1,20:0
4980,-3.8,0,700,20,0,Gal,d18:1,20:0
4981,-3.6,0,700,20,0,Gal,d18:1,20:0
4982,-3.4,0,700,20,0,Gal,d18:1,20:0
4983,-3.2,0,700,20,0,Gal,d18:1,20:0
4984,-3.0,0,700,20,0,Gal,d18:1,20:0
4985,-2.8,0,700,20,0,Gal,d18:1,20:0
4986,-2.6,0,700,20,0,Gal,d18:1,20:0
4987,-2.4,0,700,20,0,Gal,d18:1,20:0
4988,-2.2,0,700,20,0,Gal,d18:1,20:0
4989,-2.0,0,700,20,0,Gal,d18:1,20:0
4990,-1.8,0,700,20,0,Gal,d18:1,20:0
4991,-1.6,0,700,20,0,Gal,d18:1,20:0
4992,-1.4,180,700,20,0,Gal,d18:1,20:0
4993,-1.2,240,700,20,0,Gal,d18:1,20:0
4994,-1.0,500,700,20,0,Gal,d18:1,20:0
4995,-0.8,1120,700,20,0,Gal,d18:1,20:0
4996,-0.6,1340,700,20,0,Gal,d18:1,20:0
4997,-0.4,1660,700,20,0,Gal,d18:1,20:0
4998,-0.2,1280,700,20,0,Gal,d18:1,20:0
4999,0.0,820,700,20,0,Gal,d18:1,20:0
5000,0.2,820,700,20,0,Gal,d18:1,20:0
5001,0.4,1040,700,20,0,Gal,d18:1,20:0
5002,0.6,780,700,20,0,Gal,d18:1,20:0
5003,0.8,440,700,20,0,Gal,d18:1,20:0
5004,1.0,60,700,20,0,Gal,d18:1,20:0
5005,1.2,0,700,20,0,Gal,d18:1,20:0
5006,1.4,0,700,20,0,Gal,d18:1,20:0
5007,1.6,0,700,20,0,Gal,d18:1,20:0
5008,1.8,0,700,20,0,Gal,d18:1,20:0
5009,2.0,0,700,20,0,Gal,d18:1,20:0
5010,2.2,0,700,20,0,Gal,d18:1,20:0
5011,2.4,0,700,20,0,Gal,d18:1,20:0
5012,2.6,0,700,20,0,Gal,d18:1,20:0
5013,2.8,0,700,20,0,Gal,d18:1,20:0
5014,3.0,0,700,20,0,Gal,d18:1,20:0
5015,3.2,0,700,20,0,Gal,d18:1,20:0
5016,3.4,0,700,20,0,Gal,d18:1,20:0
5017,3.6,0,700,20,0,Gal,d18:1,20:0
5018,3.8,0,700,20,0,Gal,d18:1,20:0
5019,4.0,0,700,20,0,Gal,d18:1,20:0
5020,4.2,0,700,20,0,Gal,d18:1,20:0
5021,4.4,0,700,20,0,Gal,d18:1,20:0
5022,4.6,0,700,20,0,Gal,d18:1,20:0
5023,4.8,0,700,20,0,Gal,d18:1,20:0
5024,5.0,0,700,20,0,Gal,d18:1,20:0
5025,5.2,0,700,20,0,Gal,d18:1,20:0
5026,5.4,0,700,20,0,Gal,d18:1,20:0
5027,5.6,0,700,20,0,Gal,d18:1,20:0
5028,5.8,0,700,20,0,Gal,d18:1,20:0
5029,6.0,0,700,20,0,Gal,d18:1,20:0
5030,6.2,0,700,20,0,Gal,d18:1,20:0
5031,6.4,0,700,20,0,Gal,d18:1,20:0
5032,6.6,0,700,20,0,Gal,d18:1,20:0
5033,6.8,0,700,20,0,Gal,d18:1,20:0
5034,7.0,0,700,20,0,Gal,d18:1,20:0
5035,7.2,0,700,20,0,Gal,d18:1,20:0
5036,7.4,0,700,20,0,Gal,d18:1,20:0
5037,7.6,0,700,20,0,Gal,d18:1,20:0
5038,7.8,0,700,20,0,Gal,d18:1,20:0
5039,8.0,0,700,20,0,Gal,d18:1,20:0
5040,8.2,0,700,20,0,Gal,d18:1,20:0
5041,8.4,0,700,20,0,Gal,d18:1,20:0
5042,8.6,0,700,20,0,Gal,d18:1,20:0
5043,8.8,0,700,20,0,Gal,d18:1,20:0
5044,9.0,0,700,20,0,Gal,d18:1,20:0
5045,9.2,0,700,20,0,Gal,d18:1,20:0
5046,9.4,0,700,20,0,Gal,d18:1,20:0
5047,9.6,0,700,20,0,Gal,d18:1,20:0
5048,9.8,0,700,20,0,Gal,d18:1,20:0
5049,10.0,0,700,20,0,Gal,d18:1,20:0
5050,-10.0,0,800,20,0,Gal,d18:1,20:0
5051,-9.8,0,800,20,0,Gal,d18:1,20:0
5052,-9.6,0,800,20,0,Gal,d18:1,20:0
5053,-9.4,0,800,20,0,Gal,d18:1,20:0
5054,-9.2,0,800,20,0,Gal,d18:1,20:0
5055,-9.0,0,800,20,0,Gal,d18:1,20:0
5056,-8.8,0,800,20,0,Gal,d18:1,20:0
5057,-8.6,0,800,20,0,Gal,d18:1,20:0
5058,-8.4,0,800,20,0,Gal,d18:1,20:0
5059,-8.2,0,800,20,0,Gal,d18:1,20:0
5060,-8.0,0,800,20,0,Gal,d18:1,20:0
5061,-7.8,0,800,20,0,Gal,d18:1,20:0
5062,-7.6,0,800,20,0,Gal,d18:1,20:0
5063,-7.4,0,800,20,0,Gal,d18:1,20:0
5064,-7.2,0,800,20,0,Gal,d18:1,20:0
5065,-7.0,0,800,20,0,Gal,d18:1,20:0
5066,-6.8,0,800,20,0,Gal,d18:1,20:0
5067,-6.6,0,800,20,0,Gal,d18:1,20:0
5068,-6.4,0,800,20,0,Gal,d18:1,20:0
5069,-6.2,0,800,20,0,Gal,d18:1,20:0
5070,-6.0,0,800,20,0,Gal,d18:1,20:0
5071,-5.8,0,800,20,0,Gal,d18:1,20:0
5072,-5.6,0,800,20,0,Gal,d18:1,20:0
5073,-5.4,0,800,20,0,Gal,d18:1,20:0
5074,-5.2,0,800,20,0,Gal,d18:1,20:0
5075,-5.0,0,800,20,0,Gal,d18:1,20:0
5076,-4.8,0,800,20,0,Gal,d18:1,20:0
5077,-4.6,0,800,20,0,Gal,d18:1,20:0
5078,-4.4,0,800,20,0,Gal,d18:1,20:0
5079,-4.2,0,800,20,0,Gal,d18:1,20:0
5080,-4.0,0,800,20,0,Gal,d18:1,20:0
5081,-3.8,0,800,20,0,Gal,d18:1,20:0
5082,-3.6,0,800,20,0,Gal,d18:1,20:0
5083,-3.4,0,800,20,0,Gal,d18:1,20:0
5084,-3.2,0,800,20,0,Gal,d18:1,20:0
5085,-3.0,0,800,20,0,Gal,d18:1,20:0
5086,-2.8,0,800,20,0,Gal,d18:1,20:0
5087,-2.6,0,800,20,0,Gal,d18:1,20:0
5088,-2.4,0,800,20,0,Gal,d18:1,20:0
5089,-2.2,0,800,20,0,Gal,d18:1,20:0
5090,-2.0,0,800,20,0,Gal,d18:1,20:0
5091,-1.8,0,800,20,0,Gal,d18:1,20:0
5092,-1.6,0,800,20,0,Gal,d18:1,20:0
5093,-1.4,0,800,20,0,Gal,d18:1,20:0
5094,-1.2,140,800,20,0,Gal,d18:1,20:0
5095,-1.0,680,800,20,0,Gal,d18:1,20:0
5096,-0.8,1760,800,20,0,Gal,d18:1,20:0
5097,-0.6,1980,800,20,0,Gal,d18:1,20:0
5098,-0.4,2300,800,20,0,Gal,d18:1,20:0
5099,-0.2,1980,800,20,0,Gal,d18:1,20:0
5100,0.0,1380,800,20,0,Gal,d18:1,20:0
5101,0.2,1220,800,20,0,Gal,d18:1,20:0
5102,0.4,1360,800,20,0,Gal,d18:1,20:0
5103,0.6,820,800,20,0,Gal,d18:1,20:0
5104,0.8,660,800,20,0,Gal,d18:1,20:0
5105,1.0,160,800,20,0,Gal,d18:1,20:0
5106,1.2,40,800,20,0,Gal,d18:1,20:0
5107,1.4,0,800,20,0,Gal,d18:1,20:0
5108,1.6,0,800,20,0,Gal,d18:1,20:0
5109,1.8,0,800,20,0,Gal,d18:1,20:0
5110,2.0,0,800,20,0,Gal,d18:1,20:0
5111,2.2,0,800,20,0,Gal,d18:1,20:0
5112,2.4,0,800,20,0,Gal,d18:1,20:0
5113,2.6,0,800,20,0,Gal,d18:1,20:0
5114,2.8,0,800,20,0,Gal,d18:1,20:0
5115,3.0,0,800,20,0,Gal,d18:1,20:0
5116,3.2,0,800,20,0,Gal,d18:1,20:0
5117,3.4,0,800,20,0,Gal,d18:1,20:0
5118,3.6,0,800,20,0,Gal,d18:1,20:0
5119,3.8,0,800,20,0,Gal,d18:1,20:0
5120,4.0,0,800,20,0,Gal,d18:1,20:0
5121,4.2,0,800,20,0,Gal,d18:1,20:0
5122,4.4,0,800,20,0,Gal,d18:1,20:0
5123,4.6,0,800,20,0,Gal,d18:1,20:0
5124,4.8,0,800,20,0,Gal,d18:1,20:0
5125,5.0,0,800,20,0,Gal,d18:1,20:0
5126,5.2,0,800,20,0,Gal,d18:1,20:0
5127,5.4,0,800,20,0,Gal,d18:1,20:0
5128,5.6,0,800,20,0,Gal,d18:1,20:0
5129,5.8,0,800,20,0,Gal,d18:1,20:0
5130,6.0,0,800,20,0,Gal,d18:1,20:0
5131,6.2,0,800,20,0,Gal,d18:1,20:0
5132,6.4,0,800,20,0,Gal,d18:1,20:0
5133,6.6,0,800,20,0,Gal,d18:1,20:0
5134,6.8,0,800,20,0,Gal,d18:1,20:0
5135,7.0,0,800,20,0,Gal,d18:1,20:0
5136,7.2,0,800,20,0,Gal,d18:1,20:0
5137,7.4,0,800,20,0,Gal,d18:1,20:0
5138,7.6,0,800,20,0,Gal,d18:1,20:0
5139,7.8,0,800,20,0,Gal,d18:1,20:0
5140,8.0,0,800,20,0,Gal,d18:1,20:0
5141,8.2,0,800,20,0,Gal,d18:1,20:0
5142,8.4,0,800,20,0,Gal,d18:1,20:0
5143,8.6,0,800,20,0,Gal,d18:1,20:0
5144,8.8,0,800,20,0,Gal,d18:1,20:0
5145,9.0,0,800,20,0,Gal,d18:1,20:0
5146,9.2,0,800,20,0,Gal,d18:1,20:0
5147,9.4,0,800,20,0,Gal,d18:1,20:0
5148,9.6,0,800,20,0,Gal,d18:1,20:0
5149,9.8,0,800,20,0,Gal,d18:1,20:0
5150,10.0,0,800,20,0,Gal,d18:1,20:0
5151,-10.0,0,900,20,0,Gal,d18:1,20:0
5152,-9.8,0,900,20,0,Gal,d18:1,20:0
5153,-9.6,0,900,20,0,Gal,d18:1,20:0
5154,-9.4,0,900,20,0,Gal,d18:1,20:0
5155,-9.2,0,900,20,0,Gal,d18:1,20:0
5156,-9.0,0,900,20,0,Gal,d18:1,20:0
5157,-8.8,0,900,20,0,Gal,d18:1,20:0
5158,-8.6,0,900,20,0,Gal,d18:1,20:0
5159,-8.4,0,900,20,0,Gal,d18:1,20:0
5160,-8.2,0,900,20,0,Gal,d18:1,20:0
5161,-8.0,0,900,20,0,Gal,d18:1,20:0
5162,-7.8,0,900,20,0,Gal,d18:1,20:0
5163,-7.6,0,900,20,0,Gal,d18:1,20:0
5164,-7.4,0,900,20,0,Gal,d18:1,20:0
5165,-7.2,0,900,20,0,Gal,d18:1,20:0
5166,-7.0,0,900,20,0,Gal,d18:1,20:0
5167,-6.8,0,900,20,0,Gal,d18:1,20:0
5168,-6.6,0,900,20,0,Gal,d18:1,20:0
5169,-6.4,0,900,20,0,Gal,d18:1,20:0
5170,-6.2,0,900,20,0,Gal,d18:1,20:0
5171,-6.0,0,900,20,0,Gal,d18:1,20:0
5172,-5.8,0,900,20,0,Gal,d18:1,20:0
5173,-5.6,0,900,20,0,Gal,d18:1,20:0
5174,-5.4,0,900,20,0,Gal,d18:1,20:0
5175,-5.2,0,900,20,0,Gal,d18:1,20:0
5176,-5.0,0,900,20,0,Gal,d18:1,20:0
5177,-4.8,0,900,20,0,Gal,d18:1,20:0
5178,-4.6,0,900,20,0,Gal,d18:1,20:0
5179,-4.4,0,900,20,0,Gal,d18:1,20:0
5180,-4.2,0,900,20,0,Gal,d18:1,20:0
5181,-4.0,0,900,20,0,Gal,d18:1,20:0
5182,-3.8,0,900,20,0,Gal,d18:1,20:0
5183,-3.6,0,900,20,0,Gal,d18:1,20:0
5184,-3.4,0,900,20,0,Gal,d18:1,20:0
5185,-3.2,0,900,20,0,Gal,d18:1,20:0
5186,-3.0,0,900,20,0,Gal,d18:1,20:0
5187,-2.8,0,900,20,0,Gal,d18:1,20:0
5188,-2.6,0,900,20,0,Gal,d18:1,20:0
5189,-2.4,0,900,20,0,Gal,d18:1,20:0
5190,-2.2,0,900,20,0,Gal,d18:1,20:0
5191,-2.0,0,900,20,0,Gal,d18:1,20:0
5192,-1.8,0,900,20,0,Gal,d18:1,20:0
5193,-1.6,0,900,20,0,Gal,d18:1,20:0
5194,-1.4,0,900,20,0,Gal,d18:1,20:0
5195,-1.2,300,900,20,0,Gal,d18:1,20:0
5196,-1.0,740,900,20,0,Gal,d18:1,20:0
5197,-0.8,1840,900,20,0,Gal,d18:1,20:0
5198,-0.6,2220,900,20,0,Gal,d18:1,20:0
5199,-0.4,1720,900,20,0,Gal,d18:1,20:0
5200,-0.2,2140,900,20,0,Gal,d18:1,20:0
5201,0.0,1700,900,20,0,Gal,d18:1,20:0
5202,0.2,1380,900,20,0,Gal,d18:1,20:0
5203,0.4,1680,900,20,0,Gal,d18:1,20:0
5204,0.6,980,900,20,0,Gal,d18:1,20:0
5205,0.8,560,900,20,0,Gal,d18:1,20:0
5206,1.0,140,900,20,0,Gal,d18:1,20:0
5207,1.2,40,900,20,0,Gal,d18:1,20:0
5208,1.4,0,900,20,0,Gal,d18:1,20:0
5209,1.6,0,900,20,0,Gal,d18:1,20:0
5210,1.8,0,900,20,0,Gal,d18:1,20:0
5211,2.0,0,900,20,0,Gal,d18:1,20:0
5212,2.2,0,900,20,0,Gal,d18:1,20:0
5213,2.4,0,900,20,0,Gal,d18:1,20:0
5214,2.6,0,900,20,0,Gal,d18:1,20:0
5215,2.8,0,900,20,0,Gal,d18:1,20:0
5216,3.0,0,900,20,0,Gal,d18:1,20:0
5217,3.2,0,900,20,0,Gal,d18:1,20:0
5218,3.4,0,900,20,0,Gal,d18:1,20:0
5219,3.6,0,900,20,0,Gal,d18:1,20:0
5220,3.8,0,900,20,0,Gal,d18:1,20:0
5221,4.0,0,900,20,0,Gal,d18:1,20:0
5222,4.2,0,900,20,0,Gal,d18:1,20:0
5223,4.4,0,900,20,0,Gal,d18:1,20:0
5224,4.6,0,900,20,0,Gal,d18:1,20:0
5225,4.8,0,900,20,0,Gal,d18:1,20:0
5226,5.0,0,900,20,0,Gal,d18:1,20:0
5227,5.2,0,900,20,0,Gal,d18:1,20:0
5228,5.4,0,900,20,0,Gal,d18:1,20:0
5229,5.6,0,900,20,0,Gal,d18:1,20:0
5230,5.8,0,900,20,0,Gal,d18:1,20:0
5231,6.0,0,900,20,0,Gal,d18:1,20:0
5232,6.2,0,900,20,0,Gal,d18:1,20:0
5233,6.4,0,900,20,0,Gal,d18:1,20:0
5234,6.6,0,900,20,0,Gal,d18:1,20:0
5235,6.8,0,900,20,0,Gal,d18:1,20:0
5236,7.0,0,900,20,0,Gal,d18:1,20:0
5237,7.2,0,900,20,0,Gal,d18:1,20:0
5238,7.4,0,900,20,0,Gal,d18:1,20:0
5239,7.6,0,900,20,0,Gal,d18:1,20:0
5240,7.8,0,900,20,0,Gal,d18:1,20:0
5241,8.0,0,900,20,0,Gal,d18:1,20:0
5242,8.2,0,900,20,0,Gal,d18:1,20:0
5243,8.4,0,900,20,0,Gal,d18:1,20:0
5244,8.6,0,900,20,0,Gal,d18:1,20:0
5245,8.8,0,900,20,0,Gal,d18:1,20:0
5246,9.0,0,900,20,0,Gal,d18:1,20:0
5247,9.2,0,900,20,0,Gal,d18:1,20:0
5248,9.4,0,900,20,0,Gal,d18:1,20:0
5249,9.6,0,900,20,0,Gal,d18:1,20:0
5250,9.8,0,900,20,0,Gal,d18:1,20:0
5251,10.0,0,900,20,0,Gal,d18:1,20:0
5252,-10.0,0,1000,20,0,Gal,d18:1,20:0
5253,-9.8,0,1000,20,0,Gal,d18:1,20:0
5254,-9.6,0,1000,20,0,Gal,d18:1,20:0
5255,-9.4,0,1000,20,0,Gal,d18:1,20:0
5256,-9.2,0,1000,20,0,Gal,d18:1,20:0
5257,-9.0,0,1000,20,0,Gal,d18:1,20:0
5258,-8.8,0,1000,20,0,Gal,d18:1,20:0
5259,-8.6,0,1000,20,0,Gal,d18:1,20:0
5260,-8.4,0,1000,20,0,Gal,d18:1,20:0
5261,-8.2,0,1000,20,0,Gal,d18:1,20:0
5262,-8.0,0,1000,20,0,Gal,d18:1,20:0
5263,-7.8,0,1000,20,0,Gal,d18:1,20:0
5264,-7.6,0,1000,20,0,Gal,d18:1,20:0
5265,-7.4,0,1000,20,0,Gal,d18:1,20:0
5266,-7.2,0,1000,20,0,Gal,d18:1,20:0
5267,-7.0,0,1000,20,0,Gal,d18:1,20:0
5268,-6.8,0,1000,20,0,Gal,d18:1,20:0
5269,-6.6,0,1000,20,0,Gal,d18:1,20:0
5270,-6.4,0,1000,20,0,Gal,d18:1,20:0
5271,-6.2,0,1000,20,0,Gal,d18:1,20:0
5272,-6.0,0,1000,20,0,Gal,d18:1,20:0
5273,-5.8,0,1000,20,0,Gal,d18:1,20:0
5274,-5.6,0,1000,20,0,Gal,d18:1,20:0
5275,-5.4,0,1000,20,0,Gal,d18:1,20:0
5276,-5.2,0,1000,20,0,Gal,d18:1,20:0
5277,-5.0,0,1000,20,0,Gal,d18:1,20:0
5278,-4.8,0,1000,20,0,Gal,d18:1,20:0
5279,-4.6,0,1000,20,0,Gal,d18:1,20:0
5280,-4.4,0,1000,20,0,Gal,d18:1,20:0
5281,-4.2,0,1000,20,0,Gal,d18:1,20:0
5282,-4.0,0,1000,20,0,Gal,d18:1,20:0
5283,-3.8,0,1000,20,0,Gal,d18:1,20:0
5284,-3.6,0,1000,20,0,Gal,d18:1,20:0
5285,-3.4,0,1000,20,0,Gal,d18:1,20:0
5286,-3.2,0,1000,20,0,Gal,d18:1,20:0
5287,-3.0,0,1000,20,0,Gal,d18:1,20:0
5288,-2.8,0,1000,20,0,Gal,d18:1,20:0
5289,-2.6,0,1000,20,0,Gal,d18:1,20:0
5290,-2.4,0,1000,20,0,Gal,d18:1,20:0
5291,-2.2,0,1000,20,0,Gal,d18:1,20:0
5292,-2.0,0,1000,20,0,Gal,d18:1,20:0
5293,-1.8,0,1000,20,0,Gal,d18:1,20:0
5294,-1.6,0,1000,20,0,Gal,d18:1,20:0
5295,-1.4,40,1000,20,0,Gal,d18:1,20:0
5296,-1.2,180,1000,20,0,Gal,d18:1,20:0
5297,-1.0,680,1000,20,0,Gal,d18:1,20:0
5298,-0.8,1260,1000,20,0,Gal,d18:1,20:0
5299,-0.6,2360,1000,20,0,Gal,d18:1,20:0
5300,-0.4,2340,1000,20,0,Gal,d18:1,20:0
5301,-0.2,1960,1000,20,0,Gal,d18:1,20:0
5302,0.0,2380,1000,20,0,Gal,d18:1,20:0
5303,0.2,2720,1000,20,0,Gal,d18:1,20:0
5304,0.4,1800,1000,20,0,Gal,d18:1,20:0
5305,0.6,1440,1000,20,0,Gal,d18:1,20:0
5306,0.8,320,1000,20,0,Gal,d18:1,20:0
5307,1.0,300,1000,20,0,Gal,d18:1,20:0
5308,1.2,0,1000,20,0,Gal,d18:1,20:0
5309,1.4,0,1000,20,0,Gal,d18:1,20:0
5310,1.6,20,1000,20,0,Gal,d18:1,20:0
5311,1.8,0,1000,20,0,Gal,d18:1,20:0
5312,2.0,0,1000,20,0,Gal,d18:1,20:0
5313,2.2,0,1000,20,0,Gal,d18:1,20:0
5314,2.4,0,1000,20,0,Gal,d18:1,20:0
5315,2.6,0,1000,20,0,Gal,d18:1,20:0
5316,2.8,0,1000,20,0,Gal,d18:1,20:0
5317,3.0,0,1000,20,0,Gal,d18:1,20:0
5318,3.2,0,1000,20,0,Gal,d18:1,20:0
5319,3.4,0,1000,20,0,Gal,d18:1,20:0
5320,3.6,0,1000,20,0,Gal,d18:1,20:0
5321,3.8,0,1000,20,0,Gal,d18:1,20:0
5322,4.0,0,1000,20,0,Gal,d18:1,20:0
5323,4.2,0,1000,20,0,Gal,d18:1,20:0
5324,4.4,0,1000,20,0,Gal,d18:1,20:0
5325,4.6,0,1000,20,0,Gal,d18:1,20:0
5326,4.8,0,1000,20,0,Gal,d18:1,20:0
5327,5.0,0,1000,20,0,Gal,d18:1,20:0
5328,5.2,0,1000,20,0,Gal,d18:1,20:0
5329,5.4,0,1000,20,0,Gal,d18:1,20:0
5330,5.6,0,1000,20,0,Gal,d18:1,20:0
5331,5.8,0,1000,20,0,Gal,d18:1,20:0
5332,6.0,0,1000,20,0,Gal,d18:1,20:0
5333,6.2,0,1000,20,0,Gal,d18:1,20:0
5334,6.4,0,1000,20,0,Gal,d18:1,20:0
5335,6.6,0,1000,20,0,Gal,d18:1,20:0
5336,6.8,0,1000,20,0,Gal,d18:1,20:0
5337,7.0,0,1000,20,0,Gal,d18:1,20:0
5338,7.2,0,1000,20,0,Gal,d18:1,20:0
5339,7.4,0,1000,20,0,Gal,d18:1,20:0
5340,7.6,0,1000,20,0,Gal,d18:1,20:0
5341,7.8,0,1000,20,0,Gal,d18:1,20:0
5342,8.0,0,1000,20,0,Gal,d18:1,20:0
5343,8.2,0,1000,20,0,Gal,d18:1,20:0
5344,8.4,0,1000,20,0,Gal,d18:1,20:0
5345,8.6,0,1000,20,0,Gal,d18:1,20:0
5346,8.8,0,1000,20,0,Gal,d18:1,20:0
5347,9.0,0,1000,20,0,Gal,d18:1,20:0
5348,9.2,0,1000,20,0,Gal,d18:1,20:0
5349,9.4,0,1000,20,0,Gal,d18:1,20:0
5350,9.6,0,1000,20,0,Gal,d18:1,20:0
5351,9.8,0,1000,20,0,Gal,d18:1,20:0
5352,10.0,0,1000,20,0,Gal,d18:1,20:0
5353,-10.0,0,1100,20,0,Gal,d18:1,20:0
5354,-9.8,0,1100,20,0,Gal,d18:1,20:0
5355,-9.6,0,1100,20,0,Gal,d18:1,20:0
5356,-9.4,0,1100,20,0,Gal,d18:1,20:0
5357,-9.2,0,1100,20,0,Gal,d18:1,20:0
5358,-9.0,0,1100,20,0,Gal,d18:1,20:0
5359,-8.8,0,1100,20,0,Gal,d18:1,20:0
5360,-8.6,0,1100,20,0,Gal,d18:1,20:0
5361,-8.4,0,1100,20,0,Gal,d18:1,20:0
5362,-8.2,0,1100,20,0,Gal,d18:1,20:0
5363,-8.0,0,1100,20,0,Gal,d18:1,20:0
5364,-7.8,0,1100,20,0,Gal,d18:1,20:0
5365,-7.6,0,1100,20,0,Gal,d18:1,20:0
5366,-7.4,0,1100,20,0,Gal,d18:1,20:0
5367,-7.2,0,1100,20,0,Gal,d18:1,20:0
5368,-7.0,0,1100,20,0,Gal,d18:1,20:0
5369,-6.8,0,1100,20,0,Gal,d18:1,20:0
5370,-6.6,0,1100,20,0,Gal,d18:1,20:0
5371,-6.4,0,1100,20,0,Gal,d18:1,20:0
5372,-6.2,0,1100,20,0,Gal,d18:1,20:0
5373,-6.0,0,1100,20,0,Gal,d18:1,20:0
5374,-5.8,0,1100,20,0,Gal,d18:1,20:0
5375,-5.6,0,1100,20,0,Gal,d18:1,20:0
5376,-5.4,0,1100,20,0,Gal,d18:1,20:0
5377,-5.2,0,1100,20,0,Gal,d18:1,20:0
5378,-5.0,0,1100,20,0,Gal,d18:1,20:0
5379,-4.8,0,1100,20,0,Gal,d18:1,20:0
5380,-4.6,0,1100,20,0,Gal,d18:1,20:0
5381,-4.4,0,1100,20,0,Gal,d18:1,20:0
5382,-4.2,0,1100,20,0,Gal,d18:1,20:0
5383,-4.0,0,1100,20,0,Gal,d18:1,20:0
5384,-3.8,0,1100,20,0,Gal,d18:1,20:0
5385,-3.6,0,1100,20,0,Gal,d18:1,20:0
5386,-3.4,0,1100,20,0,Gal,d18:1,20:0
5387,-3.2,0,1100,20,0,Gal,d18:1,20:0
5388,-3.0,0,1100,20,0,Gal,d18:1,20:0
5389,-2.8,0,1100,20,0,Gal,d18:1,20:0
5390,-2.6,0,1100,20,0,Gal,d18:1,20:0
5391,-2.4,0,1100,20,0,Gal,d18:1,20:0
5392,-2.2,0,1100,20,0,Gal,d18:1,20:0
5393,-2.0,0,1100,20,0,Gal,d18:1,20:0
5394,-1.8,0,1100,20,0,Gal,d18:1,20:0
5395,-1.6,0,1100,20,0,Gal,d18:1,20:0
5396,-1.4,80,1100,20,0,Gal,d18:1,20:0
5397,-1.2,100,1100,20,0,Gal,d18:1,20:0
5398,-1.0,900,1100,20,0,Gal,d18:1,20:0
5399,-0.8,1480,1100,20,0,Gal,d18:1,20:0
5400,-0.6,2160,1100,20,0,Gal,d18:1,20:0
5401,-0.4,3060,1100,20,0,Gal,d18:1,20:0
5402,-0.2,2260,1100,20,0,Gal,d18:1,20:0
5403,0.0,1800,1100,20,0,Gal,d18:1,20:0
5404,0.2,1740,1100,20,0,Gal,d18:1,20:0
5405,0.4,1580,1100,20,0,Gal,d18:1,20:0
5406,0.6,1060,1100,20,0,Gal,d18:1,20:0
5407,0.8,620,1100,20,0,Gal,d18:1,20:0
5408,1.0,160,1100,20,0,Gal,d18:1,20:0
5409,1.2,0,1100,20,0,Gal,d18:1,20:0
5410,1.4,0,1100,20,0,Gal,d18:1,20:0
5411,1.6,0,1100,20,0,Gal,d18:1,20:0
5412,1.8,0,1100,20,0,Gal,d18:1,20:0
5413,2.0,0,1100,20,0,Gal,d18:1,20:0
5414,2.2,0,1100,20,0,Gal,d18:1,20:0
5415,2.4,0,1100,20,0,Gal,d18:1,20:0
5416,2.6,0,1100,20,0,Gal,d18:1,20:0
5417,2.8,0,1100,20,0,Gal,d18:1,20:0
5418,3.0,0,1100,20,0,Gal,d18:1,20:0
5419,3.2,0,1100,20,0,Gal,d18:1,20:0
5420,3.4,0,1100,20,0,Gal,d18:1,20:0
5421,3.6,0,1100,20,0,Gal,d18:1,20:0
5422,3.8,0,1100,20,0,Gal,d18:1,20:0
5423,4.0,0,1100,20,0,Gal,d18:1,20:0
5424,4.2,0,1100,20,0,Gal,d18:1,20:0
5425,4.4,0,1100,20,0,Gal,d18:1,20:0
5426,4.6,0,1100,20,0,Gal,d18:1,20:0
5427,4.8,0,1100,20,0,Gal,d18:1,20:0
5428,5.0,0,1100,20,0,Gal,d18:1,20:0
5429,5.2,0,1100,20,0,Gal,d18:1,20:0
5430,5.4,0,1100,20,0,Gal,d18:1,20:0
5431,5.6,0,1100,20,0,Gal,d18:1,20:0
5432,5.8,0,1100,20,0,Gal,d18:1,20:0
5433,6.0,0,1100,20,0,Gal,d18:1,20:0
5434,6.2,0,1100,20,0,Gal,d18:1,20:0
5435,6.4,0,1100,20,0,Gal,d18:1,20:0
5436,6.6,0,1100,20,0,Gal,d18:1,20:0
5437,6.8,0,1100,20,0,Gal,d18:1,20:0
5438,7.0,0,1100,20,0,Gal,d18:1,20:0
5439,7.2,0,1100,20,0,Gal,d18:1,20:0
5440,7.4,0,1100,20,0,Gal,d18:1,20:0
5441,7.6,0,1100,20,0,Gal,d18:1,20:0
5442,7.8,0,1100,20,0,Gal,d18:1,20:0
5443,8.0,0,1100,20,0,Gal,d18:1,20:0
5444,8.2,0,1100,20,0,Gal,d18:1,20:0
5445,8.4,0,1100,20,0,Gal,d18:1,20:0
5446,8.6,0,1100,20,0,Gal,d18:1,20:0
5447,8.8,0,1100,20,0,Gal,d18:1,20:0
5448,9.0,0,1100,20,0,Gal,d18:1,20:0
5449,9.2,0,1100,20,0,Gal,d18:1,20:0
5450,9.4,0,1100,20,0,Gal,d18:1,20:0
5451,9.6,0,1100,20,0,Gal,d18:1,20:0
5452,9.8,0,1100,20,0,Gal,d18:1,20:0
5453,10.0,0,1100,20,0,Gal,d18:1,20:0
5454,-10.0,0,1200,20,0,Gal,d18:1,20:0
5455,-9.8,0,1200,20,0,Gal,d18:1,20:0
5456,-9.6,0,1200,20,0,Gal,d18:1,20:0
5457,-9.4,0,1200,20,0,Gal,d18:1,20:0
5458,-9.2,0,1200,20,0,Gal,d18:1,20:0
5459,-9.0,0,1200,20,0,Gal,d18:1,20:0
5460,-8.8,0,1200,20,0,Gal,d18:1,20:0
5461,-8.6,0,1200,20,0,Gal,d18:1,20:0
5462,-8.4,0,1200,20,0,Gal,d18:1,20:0
5463,-8.2,0,1200,20,0,Gal,d18:1,20:0
5464,-8.0,0,1200,20,0,Gal,d18:1,20:0
5465,-7.8,0,1200,20,0,Gal,d18:1,20:0
5466,-7.6,0,1200,20,0,Gal,d18:1,20:0
5467,-7.4,0,1200,20,0,Gal,d18:1,20:0
5468,-7.2,0,1200,20,0,Gal,d18:1,20:0
5469,-7.0,0,1200,20,0,Gal,d18:1,20:0
5470,-6.8,0,1200,20,0,Gal,d18:1,20:0
5471,-6.6,0,1200,20,0,Gal,d18:1,20:0
5472,-6.4,0,1200,20,0,Gal,d18:1,20:0
5473,-6.2,0,1200,20,0,Gal,d18:1,20:0
5474,-6.0,0,1200,20,0,Gal,d18:1,20:0
5475,-5.8,0,1200,20,0,Gal,d18:1,20:0
5476,-5.6,0,1200,20,0,Gal,d18:1,20:0
5477,-5.4,0,1200,20,0,Gal,d18:1,20:0
5478,-5.2,0,1200,20,0,Gal,d18:1,20:0
5479,-5.0,0,1200,20,0,Gal,d18:1,20:0
5480,-4.8,0,1200,20,0,Gal,d18:1,20:0
5481,-4.6,0,1200,20,0,Gal,d18:1,20:0
5482,-4.4,0,1200,20,0,Gal,d18:1,20:0
5483,-4.2,0,1200,20,0,Gal,d18:1,20:0
5484,-4.0,0,1200,20,0,Gal,d18:1,20:0
5485,-3.8,0,1200,20,0,Gal,d18:1,20:0
5486,-3.6,0,1200,20,0,Gal,d18:1,20:0
5487,-3.4,0,1200,20,0,Gal,d18:1,20:0
5488,-3.2,0,1200,20,0,Gal,d18:1,20:0
5489,-3.0,0,1200,20,0,Gal,d18:1,20:0
5490,-2.8,0,1200,20,0,Gal,d18:1,20:0
5491,-2.6,0,1200,20,0,Gal,d18:1,20:0
5492,-2.4,0,1200,20,0,Gal,d18:1,20:0
5493,-2.2,0,1200,20,0,Gal,d18:1,20:0
5494,-2.0,0,1200,20,0,Gal,d18:1,20:0
5495,-1.8,0,1200,20,0,Gal,d18:1,20:0
5496,-1.6,0,1200,20,0,Gal,d18:1,20:0
5497,-1.4,40,1200,20,0,Gal,d18:1,20:0
5498,-1.2,160,1200,20,0,Gal,d18:1,20:0
5499,-1.0,920,1200,20,0,Gal,d18:1,20:0
5500,-0.8,1520,1200,20,0,Gal,d18:1,20:0
5501,-0.6,2080,1200,20,0,Gal,d18:1,20:0
5502,-0.4,2960,1200,20,0,Gal,d18:1,20:0
5503,-0.2,2520,1200,20,0,Gal,d18:1,20:0
5504,0.0,2320,1200,20,0,Gal,d18:1,20:0
5505,0.2,1480,1200,20,0,Gal,d18:1,20:0
5506,0.4,1160,1200,20,0,Gal,d18:1,20:0
5507,0.6,600,1200,20,0,Gal,d18:1,20:0
5508,0.8,440,1200,20,0,Gal,d18:1,20:0
5509,1.0,40,1200,20,0,Gal,d18:1,20:0
5510,1.2,20,1200,20,0,Gal,d18:1,20:0
5511,1.4,0,1200,20,0,Gal,d18:1,20:0
5512,1.6,0,1200,20,0,Gal,d18:1,20:0
5513,1.8,0,1200,20,0,Gal,d18:1,20:0
5514,2.0,0,1200,20,0,Gal,d18:1,20:0
5515,2.2,0,1200,20,0,Gal,d18:1,20:0
5516,2.4,0,1200,20,0,Gal,d18:1,20:0
5517,2.6,0,1200,20,0,Gal,d18:1,20:0
5518,2.8,0,1200,20,0,Gal,d18:1,20:0
5519,3.0,0,1200,20,0,Gal,d18:1,20:0
5520,3.2,0,1200,20,0,Gal,d18:1,20:0
5521,3.4,0,1200,20,0,Gal,d18:1,20:0
5522,3.6,0,1200,20,0,Gal,d18:1,20:0
5523,3.8,0,1200,20,0,Gal,d18:1,20:0
5524,4.0,0,1200,20,0,Gal,d18:1,20:0
5525,4.2,0,1200,20,0,Gal,d18:1,20:0
5526,4.4,0,1200,20,0,Gal,d18:1,20:0
5527,4.6,0,1200,20,0,Gal,d18:1,20:0
5528,4.8,0,1200,20,0,Gal,d18:1,20:0
5529,5.0,0,1200,20,0,Gal,d18:1,20:0
5530,5.2,0,1200,20,0,Gal,d18:1,20:0
5531,5.4,0,1200,20,0,Gal,d18:1,20:0
5532,5.6,0,1200,20,0,Gal,d18:1,20:0
5533,5.8,0,1200,20,0,Gal,d18:1,20:0
5534,6.0,0,1200,20,0,Gal,d18:1,20:0
5535,6.2,0,1200,20,0,Gal,d18:1,20:0
5536,6.4,0,1200,20,0,Gal,d18:1,20:0
5537,6.6,0,1200,20,0,Gal,d18:1,20:0
5538,6.8,0,1200,20,0,Gal,d18:1,20:0
5539,7.0,0,1200,20,0,Gal,d18:1,20:0
5540,7.2,0,1200,20,0,Gal,d18:1,20:0
5541,7.4,0,1200,20,0,Gal,d18:1,20:0
5542,7.6,0,1200,20,0,Gal,d18:1,20:0
5543,7.8,0,1200,20,0,Gal,d18:1,20:0
5544,8.0,0,1200,20,0,Gal,d18:1,20:0
5545,8.2,0,1200,20,0,Gal,d18:1,20:0
5546,8.4,0,1200,20,0,Gal,d18:1,20:0
5547,8.6,0,1200,20,0,Gal,d18:1,20:0
5548,8.8,0,1200,20,0,Gal,d18:1,20:0
5549,9.0,0,1200,20,0,Gal,d18:1,20:0
5550,9.2,0,1200,20,0,Gal,d18:1,20:0
5551,9.4,0,1200,20,0,Gal,d18:1,20:0
5552,9.6,0,1200,20,0,Gal,d18:1,20:0
5553,9.8,0,1200,20,0,Gal,d18:1,20:0
5554,10.0,0,1200,20,0,Gal,d18:1,20:0
5555,-10.0,0,1300,20,0,Gal,d18:1,20:0
5556,-9.8,0,1300,20,0,Gal,d18:1,20:0
5557,-9.6,0,1300,20,0,Gal,d18:1,20:0
5558,-9.4,0,1300,20,0,Gal,d18:1,20:0
5559,-9.2,0,1300,20,0,Gal,d18:1,20:0
5560,-9.0,0,1300,20,0,Gal,d18:1,20:0
5561,-8.8,0,1300,20,0,Gal,d18:1,20:0
5562,-8.6,0,1300,20,0,Gal,d18:1,20:0
5563,-8.4,0,1300,20,0,Gal,d18:1,20:0
5564,-8.2,0,1300,20,0,Gal,d18:1,20:0
5565,-8.0,0,1300,20,0,Gal,d18:1,20:0
5566,-7.8,0,1300,20,0,Gal,d18:1,20:0
5567,-7.6,0,1300,20,0,Gal,d18:1,20:0
5568,-7.4,0,1300,20,0,Gal,d18:1,20:0
5569,-7.2,0,1300,20,0,Gal,d18:1,20:0
5570,-7.0,0,1300,20,0,Gal,d18:1,20:0
5571,-6.8,0,1300,20,0,Gal,d18:1,20:0
5572,-6.6,0,1300,20,0,Gal,d18:1,20:0
5573,-6.4,0,1300,20,0,Gal,d18:1,20:0
5574,-6.2,0,1300,20,0,Gal,d18:1,20:0
5575,-6.0,0,1300,20,0,Gal,d18:1,20:0
5576,-5.8,0,1300,20,0,Gal,d18:1,20:0
5577,-5.6,0,1300,20,0,Gal,d18:1,20:0
5578,-5.4,0,1300,20,0,Gal,d18:1,20:0
5579,-5.2,0,1300,20,0,Gal,d18:1,20:0
5580,-5.0,0,1300,20,0,Gal,d18:1,20:0
5581,-4.8,0,1300,20,0,Gal,d18:1,20:0
5582,-4.6,0,1300,20,0,Gal,d18:1,20:0
5583,-4.4,0,1300,20,0,Gal,d18:1,20:0
5584,-4.2,0,1300,20,0,Gal,d18:1,20:0
5585,-4.0,0,1300,20,0,Gal,d18:1,20:0
5586,-3.8,0,1300,20,0,Gal,d18:1,20:0
5587,-3.6,0,1300,20,0,Gal,d18:1,20:0
5588,-3.4,0,1300,20,0,Gal,d18:1,20:0
5589,-3.2,0,1300,20,0,Gal,d18:1,20:0
5590,-3.0,0,1300,20,0,Gal,d18:1,20:0
5591,-2.8,0,1300,20,0,Gal,d18:1,20:0
5592,-2.6,0,1300,20,0,Gal,d18:1,20:0
5593,-2.4,0,1300,20,0,Gal,d18:1,20:0
5594,-2.2,0,1300,20,0,Gal,d18:1,20:0
5595,-2.0,0,1300,20,0,Gal,d18:1,20:0
5596,-1.8,0,1300,20,0,Gal,d18:1,20:0
5597,-1.6,0,1300,20,0,Gal,d18:1,20:0
5598,-1.4,20,1300,20,0,Gal,d18:1,20:0
5599,-1.2,140,1300,20,0,Gal,d18:1,20:0
5600,-1.0,820,1300,20,0,Gal,d18:1,20:0
5601,-0.8,1300,1300,20,0,Gal,d18:1,20:0
5602,-0.6,3060,1300,20,0,Gal,d18:1,20:0
5603,-0.4,3480,1300,20,0,Gal,d18:1,20:0
5604,-0.2,3340,1300,20,0,Gal,d18:1,20:0
5605,0.0,2480,1300,20,0,Gal,d18:1,20:0
5606,0.2,2380,1300,20,0,Gal,d18:1,20:0
5607,0.4,1800,1300,20,0,Gal,d18:1,20:0
5608,0.6,1240,1300,20,0,Gal,d18:1,20:0
5609,0.8,880,1300,20,0,Gal,d18:1,20:0
5610,1.0,160,1300,20,0,Gal,d18:1,20:0
5611,1.2,120,1300,20,0,Gal,d18:1,20:0
5612,1.4,0,1300,20,0,Gal,d18:1,20:0
5613,1.6,0,1300,20,0,Gal,d18:1,20:0
5614,1.8,0,1300,20,0,Gal,d18:1,20:0
5615,2.0,0,1300,20,0,Gal,d18:1,20:0
5616,2.2,0,1300,20,0,Gal,d18:1,20:0
5617,2.4,0,1300,20,0,Gal,d18:1,20:0
5618,2.6,0,1300,20,0,Gal,d18:1,20:0
5619,2.8,0,1300,20,0,Gal,d18:1,20:0
5620,3.0,0,1300,20,0,Gal,d18:1,20:0
5621,3.2,0,1300,20,0,Gal,d18:1,20:0
5622,3.4,0,1300,20,0,Gal,d18:1,20:0
5623,3.6,0,1300,20,0,Gal,d18:1,20:0
5624,3.8,0,1300,20,0,Gal,d18:1,20:0
5625,4.0,0,1300,20,0,Gal,d18:1,20:0
5626,4.2,0,1300,20,0,Gal,d18:1,20:0
5627,4.4,0,1300,20,0,Gal,d18:1,20:0
5628,4.6,0,1300,20,0,Gal,d18:1,20:0
5629,4.8,0,1300,20,0,Gal,d18:1,20:0
5630,5.0,0,1300,20,0,Gal,d18:1,20:0
5631,5.2,0,1300,20,0,Gal,d18:1,20:0
5632,5.4,0,1300,20,0,Gal,d18:1,20:0
5633,5.6,0,1300,20,0,Gal,d18:1,20:0
5634,5.8,0,1300,20,0,Gal,d18:1,20:0
5635,6.0,0,1300,20,0,Gal,d18:1,20:0
5636,6.2,0,1300,20,0,Gal,d18:1,20:0
5637,6.4,0,1300,20,0,Gal,d18:1,20:0
5638,6.6,0,1300,20,0,Gal,d18:1,20:0
5639,6.8,0,1300,20,0,Gal,d18:1,20:0
5640,7.0,0,1300,20,0,Gal,d18:1,20:0
5641,7.2,0,1300,20,0,Gal,d18:1,20:0
5642,7.4,0,1300,20,0,Gal,d18:1,20:0
5643,7.6,0,1300,20,0,Gal,d18:1,20:0
5644,7.8,0,1300,20,0,Gal,d18:1,20:0
5645,8.0,0,1300,20,0,Gal,d18:1,20:0
5646,8.2,0,1300,20,0,Gal,d18:1,20:0
5647,8.4,0,1300,20,0,Gal,d18:1,20:0
5648,8.6,0,1300,20,0,Gal,d18:1,20:0
5649,8.8,0,1300,20,0,Gal,d18:1,20:0
5650,9.0,0,1300,20,0,Gal,d18:1,20:0
5651,9.2,0,1300,20,0,Gal,d18:1,20:0
5652,9.4,0,1300,20,0,Gal,d18:1,20:0
5653,9.6,0,1300,20,0,Gal,d18:1,20:0
5654,9.8,0,1300,20,0,Gal,d18:1,20:0
5655,10.0,0,1300,20,0,Gal,d18:1,20:0
5656,-10.0,0,1400,20,0,Gal,d18:1,20:0
5657,-9.8,0,1400,20,0,Gal,d18:1,20:0
5658,-9.6,0,1400,20,0,Gal,d18:1,20:0
5659,-9.4,0,1400,20,0,Gal,d18:1,20:0
5660,-9.2,0,1400,20,0,Gal,d18:1,20:0
5661,-9.0,0,1400,20,0,Gal,d18:1,20:0
5662,-8.8,0,1400,20,0,Gal,d18:1,20:0
5663,-8.6,0,1400,20,0,Gal,d18:1,20:0
5664,-8.4,0,1400,20,0,Gal,d18:1,20:0
5665,-8.2,0,1400,20,0,Gal,d18:1,20:0
5666,-8.0,0,1400,20,0,Gal,d18:1,20:0
5667,-7.8,0,1400,20,0,Gal,d18:1,20:0
5668,-7.6,0,1400,20,0,Gal,d18:1,20:0
5669,-7.4,0,1400,20,0,Gal,d18:1,20:0
5670,-7.2,0,1400,20,0,Gal,d18:1,20:0
5671,-7.0,0,1400,20,0,Gal,d18:1,20:0
5672,-6.8,0,1400,20,0,Gal,d18:1,20:0
5673,-6.6,0,1400,20,0,Gal,d18:1,20:0
5674,-6.4,0,1400,20,0,Gal,d18:1,20:0
5675,-6.2,0,1400,20,0,Gal,d18:1,20:0
5676,-6.0,0,1400,20,0,Gal,d18:1,20:0
5677,-5.8,0,1400,20,0,Gal,d18:1,20:0
5678,-5.6,0,1400,20,0,Gal,d18:1,20:0
5679,-5.4,0,1400,20,0,Gal,d18:1,20:0
5680,-5.2,0,1400,20,0,Gal,d18:1,20:0
5681,-5.0,0,1400,20,0,Gal,d18:1,20:0
5682,-4.8,0,1400,20,0,Gal,d18:1,20:0
5683,-4.6,0,1400,20,0,Gal,d18:1,20:0
5684,-4.4,0,1400,20,0,Gal,d18:1,20:0
5685,-4.2,0,1400,20,0,Gal,d18:1,20:0
5686,-4.0,0,1400,20,0,Gal,d18:1,20:0
5687,-3.8,0,1400,20,0,Gal,d18:1,20:0
5688,-3.6,0,1400,20,0,Gal,d18:1,20:0
5689,-3.4,0,1400,20,0,Gal,d18:1,20:0
5690,-3.2,0,1400,20,0,Gal,d18:1,20:0
5691,-3.0,0,1400,20,0,Gal,d18:1,20:0
5692,-2.8,0,1400,20,0,Gal,d18:1,20:0
5693,-2.6,0,1400,20,0,Gal,d18:1,20:0
5694,-2.4,0,1400,20,0,Gal,d18:1,20:0
5695,-2.2,0,1400,20,0,Gal,d18:1,20:0
5696,-2.0,0,1400,20,0,Gal,d18:1,20:0
5697,-1.8,0,1400,20,0,Gal,d18:1,20:0
5698,-1.6,40,1400,20,0,Gal,d18:1,20:0
5699,-1.4,140,1400,20,0,Gal,d18:1,20:0
5700,-1.2,300,1400,20,0,Gal,d18:1,20:0
5701,-1.0,900,1400,20,0,Gal,d18:1,20:0
5702,-0.8,2540,1400,20,0,Gal,d18:1,20:0
5703,-0.6,3280,1400,20,0,Gal,d18:1,20:0
5704,-0.4,2760,1400,20,0,Gal,d18:1,20:0
5705,-0.2,3440,1400,20,0,Gal,d18:1,20:0
5706,0.0,3180,1400,20,0,Gal,d18:1,20:0
5707,0.2,1760,1400,20,0,Gal,d18:1,20:0
5708,0.4,1260,1400,20,0,Gal,d18:1,20:0
5709,0.6,960,1400,20,0,Gal,d18:1,20:0
5710,0.8,240,1400,20,0,Gal,d18:1,20:0
5711,1.0,20,1400,20,0,Gal,d18:1,20:0
5712,1.2,60,1400,20,0,Gal,d18:1,20:0
5713,1.4,0,1400,20,0,Gal,d18:1,20:0
5714,1.6,0,1400,20,0,Gal,d18:1,20:0
5715,1.8,0,1400,20,0,Gal,d18:1,20:0
5716,2.0,0,1400,20,0,Gal,d18:1,20:0
5717,2.2,0,1400,20,0,Gal,d18:1,20:0
5718,2.4,0,1400,20,0,Gal,d18:1,20:0
5719,2.6,0,1400,20,0,Gal,d18:1,20:0
5720,2.8,0,1400,20,0,Gal,d18:1,20:0
5721,3.0,0,1400,20,0,Gal,d18:1,20:0
5722,3.2,0,1400,20,0,Gal,d18:1,20:0
5723,3.4,0,1400,20,0,Gal,d18:1,20:0
5724,3.6,0,1400,20,0,Gal,d18:1,20:0
5725,3.8,0,1400,20,0,Gal,d18:1,20:0
5726,4.0,0,1400,20,0,Gal,d18:1,20:0
5727,4.2,0,1400,20,0,Gal,d18:1,20:0
5728,4.4,0,1400,20,0,Gal,d18:1,20:0
5729,4.6,0,1400,20,0,Gal,d18:1,20:0
5730,4.8,0,1400,20,0,Gal,d18:1,20:0
5731,5.0,0,1400,20,0,Gal,d18:1,20:0
5732,5.2,0,1400,20,0,Gal,d18:1,20:0
5733,5.4,0,1400,20,0,Gal,d18:1,20:0
5734,5.6,0,1400,20,0,Gal,d18:1,20:0
5735,5.8,0,1400,20,0,Gal,d18:1,20:0
5736,6.0,0,1400,20,0,Gal,d18:1,20:0
5737,6.2,0,1400,20,0,Gal,d18:1,20:0
5738,6.4,0,1400,20,0,Gal,d18:1,20:0
5739,6.6,0,1400,20,0,Gal,d18:1,20:0
5740,6.8,0,1400,20,0,Gal,d18:1,20:0
5741,7.0,0,1400,20,0,Gal,d18:1,20:0
5742,7.2,0,1400,20,0,Gal,d18:1,20:0
5743,7.4,0,1400,20,0,Gal,d18:1,20:0
5744,7.6,0,1400,20,0,Gal,d18:1,20:0
5745,7.8,0,1400,20,0,Gal,d18:1,20:0
5746,8.0,0,1400,20,0,Gal,d18:1,20:0
5747,8.2,0,1400,20,0,Gal,d18:1,20:0
5748,8.4,0,1400,20,0,Gal,d18:1,20:0
5749,8.6,0,1400,20,0,Gal,d18:1,20:0
5750,8.8,0,1400,20,0,Gal,d18:1,20:0
5751,9.0,0,1400,20,0,Gal,d18:1,20:0
5752,9.2,0,1400,20,0,Gal,d18:1,20:0
5753,9.4,0,1400,20,0,Gal,d18:1,20:0
5754,9.6,0,1400,20,0,Gal,d18:1,20:0
5755,9.8,0,1400,20,0,Gal,d18:1,20:0
5756,10.0,0,1400,20,0,Gal,d18:1,20:0
5757,-10.0,0,1500,20,0,Gal,d18:1,20:0
5758,-9.8,0,1500,20,0,Gal,d18:1,20:0
5759,-9.6,0,1500,20,0,Gal,d18:1,20:0
5760,-9.4,0,1500,20,0,Gal,d18:1,20:0
5761,-9.2,0,1500,20,0,Gal,d18:1,20:0
5762,-9.0,0,1500,20,0,Gal,d18:1,20:0
5763,-8.8,0,1500,20,0,Gal,d18:1,20:0
5764,-8.6,0,1500,20,0,Gal,d18:1,20:0
5765,-8.4,0,1500,20,0,Gal,d18:1,20:0
5766,-8.2,0,1500,20,0,Gal,d18:1,20:0
5767,-8.0,20,1500,20,0,Gal,d18:1,20:0
5768,-7.8,0,1500,20,0,Gal,d18:1,20:0
5769,-7.6,0,1500,20,0,Gal,d18:1,20:0
5770,-7.4,0,1500,20,0,Gal,d18:1,20:0
5771,-7.2,0,1500,20,0,Gal,d18:1,20:0
5772,-7.0,0,1500,20,0,Gal,d18:1,20:0
5773,-6.8,0,1500,20,0,Gal,d18:1,20:0
5774,-6.6,0,1500,20,0,Gal,d18:1,20:0
5775,-6.4,0,1500,20,0,Gal,d18:1,20:0
5776,-6.2,0,1500,20,0,Gal,d18:1,20:0
5777,-6.0,0,1500,20,0,Gal,d18:1,20:0
5778,-5.8,0,1500,20,0,Gal,d18:1,20:0
5779,-5.6,0,1500,20,0,Gal,d18:1,20:0
5780,-5.4,0,1500,20,0,Gal,d18:1,20:0
5781,-5.2,0,1500,20,0,Gal,d18:1,20:0
5782,-5.0,0,1500,20,0,Gal,d18:1,20:0
5783,-4.8,0,1500,20,0,Gal,d18:1,20:0
5784,-4.6,0,1500,20,0,Gal,d18:1,20:0
5785,-4.4,0,1500,20,0,Gal,d18:1,20:0
5786,-4.2,0,1500,20,0,Gal,d18:1,20:0
5787,-4.0,0,1500,20,0,Gal,d18:1,20:0
5788,-3.8,0,1500,20,0,Gal,d18:1,20:0
5789,-3.6,0,1500,20,0,Gal,d18:1,20:0
5790,-3.4,0,1500,20,0,Gal,d18:1,20:0
5791,-3.2,0,1500,20,0,Gal,d18:1,20:0
5792,-3.0,0,1500,20,0,Gal,d18:1,20:0
5793,-2.8,0,1500,20,0,Gal,d18:1,20:0
5794,-2.6,0,1500,20,0,Gal,d18:1,20:0
5795,-2.4,0,1500,20,0,Gal,d18:1,20:0
5796,-2.2,0,1500,20,0,Gal,d18:1,20:0
5797,-2.0,0,1500,20,0,Gal,d18:1,20:0
5798,-1.8,0,1500,20,0,Gal,d18:1,20:0
5799,-1.6,20,1500,20,0,Gal,d18:1,20:0
5800,-1.4,0,1500,20,0,Gal,d18:1,20:0
5801,-1.2,220,1500,20,0,Gal,d18:1,20:0
5802,-1.0,720,1500,20,0,Gal,d18:1,20:0
5803,-0.8,1820,1500,20,0,Gal,d18:1,20:0
5804,-0.6,3540,1500,20,0,Gal,d18:1,20:0
5805,-0.4,4160,1500,20,0,Gal,d18:1,20:0
5806,-0.2,3680,1500,20,0,Gal,d18:1,20:0
5807,0.0,2960,1500,20,0,Gal,d18:1,20:0
5808,0.2,2020,1500,20,0,Gal,d18:1,20:0
5809,0.4,1760,1500,20,0,Gal,d18:1,20:0
5810,0.6,780,1500,20,0,Gal,d18:1,20:0
5811,0.8,740,1500,20,0,Gal,d18:1,20:0
5812,1.0,160,1500,20,0,Gal,d18:1,20:0
5813,1.2,20,1500,20,0,Gal,d18:1,20:0
5814,1.4,0,1500,20,0,Gal,d18:1,20:0
5815,1.6,0,1500,20,0,Gal,d18:1,20:0
5816,1.8,0,1500,20,0,Gal,d18:1,20:0
5817,2.0,0,1500,20,0,Gal,d18:1,20:0
5818,2.2,0,1500,20,0,Gal,d18:1,20:0
5819,2.4,0,1500,20,0,Gal,d18:1,20:0
5820,2.6,0,1500,20,0,Gal,d18:1,20:0
5821,2.8,0,1500,20,0,Gal,d18:1,20:0
5822,3.0,0,1500,20,0,Gal,d18:1,20:0
5823,3.2,0,1500,20,0,Gal,d18:1,20:0
5824,3.4,0,1500,20,0,Gal,d18:1,20:0
5825,3.6,0,1500,20,0,Gal,d18:1,20:0
5826,3.8,0,1500,20,0,Gal,d18:1,20:0
5827,4.0,0,1500,20,0,Gal,d18:1,20:0
5828,4.2,0,1500,20,0,Gal,d18:1,20:0
5829,4.4,0,1500,20,0,Gal,d18:1,20:0
5830,4.6,0,1500,20,0,Gal,d18:1,20:0
5831,4.8,0,1500,20,0,Gal,d18:1,20:0
5832,5.0,0,1500,20,0,Gal,d18:1,20:0
5833,5.2,0,1500,20,0,Gal,d18:1,20:0
5834,5.4,0,1500,20,0,Gal,d18:1,20:0
5835,5.6,0,1500,20,0,Gal,d18:1,20:0
5836,5.8,0,1500,20,0,Gal,d18:1,20:0
5837,6.0,0,1500,20,0,Gal,d18:1,20:0
5838,6.2,0,1500,20,0,Gal,d18:1,20:0
5839,6.4,0,1500,20,0,Gal,d18:1,20:0
5840,6.6,0,1500,20,0,Gal,d18:1,20:0
5841,6.8,0,1500,20,0,Gal,d18:1,20:0
5842,7.0,0,1500,20,0,Gal,d18:1,20:0
5843,7.2,0,1500,20,0,Gal,d18:1,20:0
5844,7.4,0,1500,20,0,Gal,d18:1,20:0
5845,7.6,0,1500,20,0,Gal,d18:1,20:0
5846,7.8,0,1500,20,0,Gal,d18:1,20:0
5847,8.0,0,1500,20,0,Gal,d18:1,20:0
5848,8.2,0,1500,20,0,Gal,d18:1,20:0
5849,8.4,0,1500,20,0,Gal,d18:1,20:0
5850,8.6,0,1500,20,0,Gal,d18:1,20:0
5851,8.8,0,1500,20,0,Gal,d18:1,20:0
5852,9.0,0,1500,20,0,Gal,d18:1,20:0
5853,9.2,0,1500,20,0,Gal,d18:1,20:0
5854,9.4,0,1500,20,0,Gal,d18:1,20:0
5855,9.6,0,1500,20,0,Gal,d18:1,20:0
5856,9.8,0,1500,20,0,Gal,d18:1,20:0
5857,10.0,0,1500,20,0,Gal,d18:1,20:0
5858,-10.0,0,1600,20,0,Gal,d18:1,20:0
5859,-9.8,0,1600,20,0,Gal,d18:1,20:0
5860,-9.6,0,1600,20,0,Gal,d18:1,20:0
5861,-9.4,0,1600,20,0,Gal,d18:1,20:0
5862,-9.2,0,1600,20,0,Gal,d18:1,20:0
5863,-9.0,0,1600,20,0,Gal,d18:1,20:0
5864,-8.8,0,1600,20,0,Gal,d18:1,20:0
5865,-8.6,0,1600,20,0,Gal,d18:1,20:0
5866,-8.4,0,1600,20,0,Gal,d18:1,20:0
5867,-8.2,0,1600,20,0,Gal,d18:1,20:0
5868,-8.0,0,1600,20,0,Gal,d18:1,20:0
5869,-7.8,0,1600,20,0,Gal,d18:1,20:0
5870,-7.6,0,1600,20,0,Gal,d18:1,20:0
5871,-7.4,0,1600,20,0,Gal,d18:1,20:0
5872,-7.2,0,1600,20,0,Gal,d18:1,20:0
5873,-7.0,0,1600,20,0,Gal,d18:1,20:0
5874,-6.8,0,1600,20,0,Gal,d18:1,20:0
5875,-6.6,0,1600,20,0,Gal,d18:1,20:0
5876,-6.4,0,1600,20,0,Gal,d18:1,20:0
5877,-6.2,0,1600,20,0,Gal,d18:1,20:0
5878,-6.0,0,1600,20,0,Gal,d18:1,20:0
5879,-5.8,0,1600,20,0,Gal,d18:1,20:0
5880,-5.6,0,1600,20,0,Gal,d18:1,20:0
5881,-5.4,0,1600,20,0,Gal,d18:1,20:0
5882,-5.2,0,1600,20,0,Gal,d18:1,20:0
5883,-5.0,0,1600,20,0,Gal,d18:1,20:0
5884,-4.8,0,1600,20,0,Gal,d18:1,20:0
5885,-4.6,0,1600,20,0,Gal,d18:1,20:0
5886,-4.4,0,1600,20,0,Gal,d18:1,20:0
5887,-4.2,0,1600,20,0,Gal,d18:1,20:0
5888,-4.0,0,1600,20,0,Gal,d18:1,20:0
5889,-3.8,0,1600,20,0,Gal,d18:1,20:0
5890,-3.6,0,1600,20,0,Gal,d18:1,20:0
5891,-3.4,0,1600,20,0,Gal,d18:1,20:0
5892,-3.2,0,1600,20,0,Gal,d18:1,20:0
5893,-3.0,0,1600,20,0,Gal,d18:1,20:0
5894,-2.8,0,1600,20,0,Gal,d18:1,20:0
5895,-2.6,0,1600,20,0,Gal,d18:1,20:0
5896,-2.4,0,1600,20,0,Gal,d18:1,20:0
5897,-2.2,0,1600,20,0,Gal,d18:1,20:0
5898,-2.0,0,1600,20,0,Gal,d18:1,20:0
5899,-1.8,0,1600,20,0,Gal,d18:1,20:0
5900,-1.6,0,1600,20,0,Gal,d18:1,20:0
5901,-1.4,0,1600,20,0,Gal,d18:1,20:0
5902,-1.2,180,1600,20,0,Gal,d18:1,20:0
5903,-1.0,760,1600,20,0,Gal,d18:1,20:0
5904,-0.8,2200,1600,20,0,Gal,d18:1,20:0
5905,-0.6,3600,1600,20,0,Gal,d18:1,20:0
5906,-0.4,4140,1600,20,0,Gal,d18:1,20:0
5907,-0.2,3300,1600,20,0,Gal,d18:1,20:0
5908,0.0,2720,1600,20,0,Gal,d18:1,20:0
5909,0.2,2000,1600,20,0,Gal,d18:1,20:0
5910,0.4,1960,1600,20,0,Gal,d18:1,20:0
5911,0.6,1220,1600,20,0,Gal,d18:1,20:0
5912,0.8,240,1600,20,0,Gal,d18:1,20:0
5913,1.0,0,1600,20,0,Gal,d18:1,20:0
5914,1.2,60,1600,20,0,Gal,d18:1,20:0
5915,1.4,0,1600,20,0,Gal,d18:1,20:0
5916,1.6,0,1600,20,0,Gal,d18:1,20:0
5917,1.8,0,1600,20,0,Gal,d18:1,20:0
5918,2.0,0,1600,20,0,Gal,d18:1,20:0
5919,2.2,0,1600,20,0,Gal,d18:1,20:0
5920,2.4,0,1600,20,0,Gal,d18:1,20:0
5921,2.6,0,1600,20,0,Gal,d18:1,20:0
5922,2.8,0,1600,20,0,Gal,d18:1,20:0
5923,3.0,0,1600,20,0,Gal,d18:1,20:0
5924,3.2,0,1600,20,0,Gal,d18:1,20:0
5925,3.4,0,1600,20,0,Gal,d18:1,20:0
5926,3.6,0,1600,20,0,Gal,d18:1,20:0
5927,3.8,0,1600,20,0,Gal,d18:1,20:0
5928,4.0,0,1600,20,0,Gal,d18:1,20:0
5929,4.2,0,1600,20,0,Gal,d18:1,20:0
5930,4.4,0,1600,20,0,Gal,d18:1,20:0
5931,4.6,0,1600,20,0,Gal,d18:1,20:0
5932,4.8,0,1600,20,0,Gal,d18:1,20:0
5933,5.0,0,1600,20,0,Gal,d18:1,20:0
5934,5.2,0,1600,20,0,Gal,d18:1,20:0
5935,5.4,0,1600,20,0,Gal,d18:1,20:0
5936,5.6,0,1600,20,0,Gal,d18:1,20:0
5937,5.8,0,1600,20,0,Gal,d18:1,20:0
5938,6.0,0,1600,20,0,Gal,d18:1,20:0
5939,6.2,0,1600,20,0,Gal,d18:1,20:0
5940,6.4,0,1600,20,0,Gal,d18:1,20:0
5941,6.6,0,1600,20,0,Gal,d18:1,20:0
5942,6.8,0,1600,20,0,Gal,d18:1,20:0
5943,7.0,0,1600,20,0,Gal,d18:1,20:0
5944,7.2,0,1600,20,0,Gal,d18:1,20:0
5945,7.4,0,1600,20,0,Gal,d18:1,20:0
5946,7.6,0,1600,20,0,Gal,d18:1,20:0
5947,7.8,0,1600,20,0,Gal,d18:1,20:0
5948,8.0,0,1600,20,0,Gal,d18:1,20:0
5949,8.2,0,1600,20,0,Gal,d18:1,20:0
5950,8.4,0,1600,20,0,Gal,d18:1,20:0
5951,8.6,0,1600,20,0,Gal,d18:1,20:0
5952,8.8,0,1600,20,0,Gal,d18:1,20:0
5953,9.0,0,1600,20,0,Gal,d18:1,20:0
5954,9.2,0,1600,20,0,Gal,d18:1,20:0
5955,9.4,0,1600,20,0,Gal,d18:1,20:0
5956,9.6,0,1600,20,0,Gal,d18:1,20:0
5957,9.8,0,1600,20,0,Gal,d18:1,20:0
5958,10.0,0,1600,20,0,Gal,d18:1,20:0
5959,-10.0,0,1700,20,0,Gal,d18:1,20:0
5960,-9.8,0,1700,20,0,Gal,d18:1,20:0
5961,-9.6,0,1700,20,0,Gal,d18:1,20:0
5962,-9.4,0,1700,20,0,Gal,d18:1,20:0
5963,-9.2,0,1700,20,0,Gal,d18:1,20:0
5964,-9.0,0,1700,20,0,Gal,d18:1,20:0
5965,-8.8,0,1700,20,0,Gal,d18:1,20:0
5966,-8.6,0,1700,20,0,Gal,d18:1,20:0
5967,-8.4,0,1700,20,0,Gal,d18:1,20:0
5968,-8.2,0,1700,20,0,Gal,d18:1,20:0
5969,-8.0,0,1700,20,0,Gal,d18:1,20:0
5970,-7.8,0,1700,20,0,Gal,d18:1,20:0
5971,-7.6,0,1700,20,0,Gal,d18:1,20:0
5972,-7.4,0,1700,20,0,Gal,d18:1,20:0
5973,-7.2,0,1700,20,0,Gal,d18:1,20:0
5974,-7.0,0,1700,20,0,Gal,d18:1,20:0
5975,-6.8,0,1700,20,0,Gal,d18:1,20:0
5976,-6.6,0,1700,20,0,Gal,d18:1,20:0
5977,-6.4,0,1700,20,0,Gal,d18:1,20:0
5978,-6.2,0,1700,20,0,Gal,d18:1,20:0
5979,-6.0,0,1700,20,0,Gal,d18:1,20:0
5980,-5.8,0,1700,20,0,Gal,d18:1,20:0
5981,-5.6,0,1700,20,0,Gal,d18:1,20:0
5982,-5.4,0,1700,20,0,Gal,d18:1,20:0
5983,-5.2,0,1700,20,0,Gal,d18:1,20:0
5984,-5.0,0,1700,20,0,Gal,d18:1,20:0
5985,-4.8,0,1700,20,0,Gal,d18:1,20:0
5986,-4.6,0,1700,20,0,Gal,d18:1,20:0
5987,-4.4,0,1700,20,0,Gal,d18:1,20:0
5988,-4.2,0,1700,20,0,Gal,d18:1,20:0
5989,-4.0,0,1700,20,0,Gal,d18:1,20:0
5990,-3.8,0,1700,20,0,Gal,d18:1,20:0
5991,-3.6,0,1700,20,0,Gal,d18:1,20:0
5992,-3.4,0,1700,20,0,Gal,d18:1,20:0
5993,-3.2,0,1700,20,0,Gal,d18:1,20:0
5994,-3.0,0,1700,20,0,Gal,d18:1,20:0
5995,-2.8,0,1700,20,0,Gal,d18:1,20:0
5996,-2.6,0,1700,20,0,Gal,d18:1,20:0
5997,-2.4,0,1700,20,0,Gal,d18:1,20:0
5998,-2.2,0,1700,20,0,Gal,d18:1,20:0
5999,-2.0,0,1700,20,0,Gal,d18:1,20:0
6000,-1.8,0,1700,20,0,Gal,d18:1,20:0
6001,-1.6,0,1700,20,0,Gal,d18:1,20:0
6002,-1.4,60,1700,20,0,Gal,d18:1,20:0
6003,-1.2,300,1700,20,0,Gal,d18:1,20:0
6004,-1.0,980,1700,20,0,Gal,d18:1,20:0
6005,-0.8,2100,1700,20,0,Gal,d18:1,20:0
6006,-0.6,3640,1700,20,0,Gal,d18:1,20:0
6007,-0.4,4360,1700,20,0,Gal,d18:1,20:0
6008,-0.2,5340,1700,20,0,Gal,d18:1,20:0
6009,0.0,3920,1700,20,0,Gal,d18:1,20:0
6010,0.2,2700,1700,20,0,Gal,d18:1,20:0
6011,0.4,2440,1700,20,0,Gal,d18:1,20:0
6012,0.6,1400,1700,20,0,Gal,d18:1,20:0
6013,0.8,700,1700,20,0,Gal,d18:1,20:0
6014,1.0,300,1700,20,0,Gal,d18:1,20:0
6015,1.2,60,1700,20,0,Gal,d18:1,20:0
6016,1.4,0,1700,20,0,Gal,d18:1,20:0
6017,1.6,0,1700,20,0,Gal,d18:1,20:0
6018,1.8,0,1700,20,0,Gal,d18:1,20:0
6019,2.0,0,1700,20,0,Gal,d18:1,20:0
6020,2.2,0,1700,20,0,Gal,d18:1,20:0
6021,2.4,0,1700,20,0,Gal,d18:1,20:0
6022,2.6,0,1700,20,0,Gal,d18:1,20:0
6023,2.8,0,1700,20,0,Gal,d18:1,20:0
6024,3.0,0,1700,20,0,Gal,d18:1,20:0
6025,3.2,0,1700,20,0,Gal,d18:1,20:0
6026,3.4,0,1700,20,0,Gal,d18:1,20:0
6027,3.6,0,1700,20,0,Gal,d18:1,20:0
6028,3.8,0,1700,20,0,Gal,d18:1,20:0
6029,4.0,0,1700,20,0,Gal,d18:1,20:0
6030,4.2,0,1700,20,0,Gal,d18:1,20:0
6031,4.4,0,1700,20,0,Gal,d18:1,20:0
6032,4.6,0,1700,20,0,Gal,d18:1,20:0
6033,4.8,0,1700,20,0,Gal,d18:1,20:0
6034,5.0,0,1700,20,0,Gal,d18:1,20:0
6035,5.2,0,1700,20,0,Gal,d18:1,20:0
6036,5.4,0,1700,20,0,Gal,d18:1,20:0
6037,5.6,0,1700,20,0,Gal,d18:1,20:0
6038,5.8,0,1700,20,0,Gal,d18:1,20:0
6039,6.0,0,1700,20,0,Gal,d18:1,20:0
6040,6.2,0,1700,20,0,Gal,d18:1,20:0
6041,6.4,0,1700,20,0,Gal,d18:1,20:0
6042,6.6,0,1700,20,0,Gal,d18:1,20:0
6043,6.8,0,1700,20,0,Gal,d18:1,20:0
6044,7.0,0,1700,20,0,Gal,d18:1,20:0
6045,7.2,0,1700,20,0,Gal,d18:1,20:0
6046,7.4,0,1700,20,0,Gal,d18:1,20:0
6047,7.6,0,1700,20,0,Gal,d18:1,20:0
6048,7.8,0,1700,20,0,Gal,d18:1,20:0
6049,8.0,0,1700,20,0,Gal,d18:1,20:0
6050,8.2,0,1700,20,0,Gal,d18:1,20:0
6051,8.4,0,1700,20,0,Gal,d18:1,20:0
6052,8.6,0,1700,20,0,Gal,d18:1,20:0
6053,8.8,0,1700,20,0,Gal,d18:1,20:0
6054,9.0,0,1700,20,0,Gal,d18:1,20:0
6055,9.2,0,1700,20,0,Gal,d18:1,20:0
6056,9.4,0,1700,20,0,Gal,d18:1,20:0
6057,9.6,0,1700,20,0,Gal,d18:1,20:0
6058,9.8,0,1700,20,0,Gal,d18:1,20:0
6059,10.0,0,1700,20,0,Gal,d18:1,20:0
6060,-10.0,0,1800,20,0,Gal,d18:1,20:0
6061,-9.8,0,1800,20,0,Gal,d18:1,20:0
6062,-9.6,0,1800,20,0,Gal,d18:1,20:0
6063,-9.4,0,1800,20,0,Gal,d18:1,20:0
6064,-9.2,0,1800,20,0,Gal,d18:1,20:0
6065,-9.0,0,1800,20,0,Gal,d18:1,20:0
6066,-8.8,0,1800,20,0,Gal,d18:1,20:0
6067,-8.6,0,1800,20,0,Gal,d18:1,20:0
6068,-8.4,0,1800,20,0,Gal,d18:1,20:0
6069,-8.2,0,1800,20,0,Gal,d18:1,20:0
6070,-8.0,0,1800,20,0,Gal,d18:1,20:0
6071,-7.8,0,1800,20,0,Gal,d18:1,20:0
6072,-7.6,0,1800,20,0,Gal,d18:1,20:0
6073,-7.4,0,1800,20,0,Gal,d18:1,20:0
6074,-7.2,0,1800,20,0,Gal,d18:1,20:0
6075,-7.0,0,1800,20,0,Gal,d18:1,20:0
6076,-6.8,0,1800,20,0,Gal,d18:1,20:0
6077,-6.6,0,1800,20,0,Gal,d18:1,20:0
6078,-6.4,0,1800,20,0,Gal,d18:1,20:0
6079,-6.2,0,1800,20,0,Gal,d18:1,20:0
6080,-6.0,0,1800,20,0,Gal,d18:1,20:0
6081,-5.8,0,1800,20,0,Gal,d18:1,20:0
6082,-5.6,0,1800,20,0,Gal,d18:1,20:0
6083,-5.4,0,1800,20,0,Gal,d18:1,20:0
6084,-5.2,0,1800,20,0,Gal,d18:1,20:0
6085,-5.0,0,1800,20,0,Gal,d18:1,20:0
6086,-4.8,0,1800,20,0,Gal,d18:1,20:0
6087,-4.6,0,1800,20,0,Gal,d18:1,20:0
6088,-4.4,0,1800,20,0,Gal,d18:1,20:0
6089,-4.2,0,1800,20,0,Gal,d18:1,20:0
6090,-4.0,0,1800,20,0,Gal,d18:1,20:0
6091,-3.8,0,1800,20,0,Gal,d18:1,20:0
6092,-3.6,0,1800,20,0,Gal,d18:1,20:0
6093,-3.4,0,1800,20,0,Gal,d18:1,20:0
6094,-3.2,0,1800,20,0,Gal,d18:1,20:0
6095,-3.0,0,1800,20,0,Gal,d18:1,20:0
6096,-2.8,0,1800,20,0,Gal,d18:1,20:0
6097,-2.6,0,1800,20,0,Gal,d18:1,20:0
6098,-2.4,0,1800,20,0,Gal,d18:1,20:0
6099,-2.2,0,1800,20,0,Gal,d18:1,20:0
6100,-2.0,0,1800,20,0,Gal,d18:1,20:0
6101,-1.8,0,1800,20,0,Gal,d18:1,20:0
6102,-1.6,0,1800,20,0,Gal,d18:1,20:0
6103,-1.4,20,1800,20,0,Gal,d18:1,20:0
6104,-1.2,300,1800,20,0,Gal,d18:1,20:0
6105,-1.0,1140,1800,20,0,Gal,d18:1,20:0
6106,-0.8,2280,1800,20,0,Gal,d18:1,20:0
6107,-0.6,3600,1800,20,0,Gal,d18:1,20:0
6108,-0.4,4420,1800,20,0,Gal,d18:1,20:0
6109,-0.2,5540,1800,20,0,Gal,d18:1,20:0
6110,0.0,3600,1800,20,0,Gal,d18:1,20:0
6111,0.2,2700,1800,20,0,Gal,d18:1,20:0
6112,0.4,2560,1800,20,0,Gal,d18:1,20:0
6113,0.6,860,1800,20,0,Gal,d18:1,20:0
6114,0.8,940,1800,20,0,Gal,d18:1,20:0
6115,1.0,200,1800,20,0,Gal,d18:1,20:0
6116,1.2,0,1800,20,0,Gal,d18:1,20:0
6117,1.4,20,1800,20,0,Gal,d18:1,20:0
6118,1.6,0,1800,20,0,Gal,d18:1,20:0
6119,1.8,0,1800,20,0,Gal,d18:1,20:0
6120,2.0,0,1800,20,0,Gal,d18:1,20:0
6121,2.2,0,1800,20,0,Gal,d18:1,20:0
6122,2.4,0,1800,20,0,Gal,d18:1,20:0
6123,2.6,0,1800,20,0,Gal,d18:1,20:0
6124,2.8,0,1800,20,0,Gal,d18:1,20:0
6125,3.0,0,1800,20,0,Gal,d18:1,20:0
6126,3.2,0,1800,20,0,Gal,d18:1,20:0
6127,3.4,0,1800,20,0,Gal,d18:1,20:0
6128,3.6,0,1800,20,0,Gal,d18:1,20:0
6129,3.8,0,1800,20,0,Gal,d18:1,20:0
6130,4.0,0,1800,20,0,Gal,d18:1,20:0
6131,4.2,0,1800,20,0,Gal,d18:1,20:0
6132,4.4,0,1800,20,0,Gal,d18:1,20:0
6133,4.6,0,1800,20,0,Gal,d18:1,20:0
6134,4.8,0,1800,20,0,Gal,d18:1,20:0
6135,5.0,0,1800,20,0,Gal,d18:1,20:0
6136,5.2,0,1800,20,0,Gal,d18:1,20:0
6137,5.4,0,1800,20,0,Gal,d18:1,20:0
6138,5.6,0,1800,20,0,Gal,d18:1,20:0
6139,5.8,0,1800,20,0,Gal,d18:1,20:0
6140,6.0,0,1800,20,0,Gal,d18:1,20:0
6141,6.2,0,1800,20,0,Gal,d18:1,20:0
6142,6.4,0,1800,20,0,Gal,d18:1,20:0
6143,6.6,0,1800,20,0,Gal,d18:1,20:0
6144,6.8,0,1800,20,0,Gal,d18:1,20:0
6145,7.0,0,1800,20,0,Gal,d18:1,20:0
6146,7.2,0,1800,20,0,Gal,d18:1,20:0
6147,7.4,0,1800,20,0,Gal,d18:1,20:0
6148,7.6,0,1800,20,0,Gal,d18:1,20:0
6149,7.8,0,1800,20,0,Gal,d18:1,20:0
6150,8.0,0,1800,20,0,Gal,d18:1,20:0
6151,8.2,0,1800,20,0,Gal,d18:1,20:0
6152,8.4,0,1800,20,0,Gal,d18:1,20:0
6153,8.6,0,1800,20,0,Gal,d18:1,20:0
6154,8.8,0,1800,20,0,Gal,d18:1,20:0
6155,9.0,0,1800,20,0,Gal,d18:1,20:0
6156,9.2,0,1800,20,0,Gal,d18:1,20:0
6157,9.4,0,1800,20,0,Gal,d18:1,20:0
6158,9.6,0,1800,20,0,Gal,d18:1,20:0
6159,9.8,0,1800,20,0,Gal,d18:1,20:0
6160,10.0,0,1800,20,0,Gal,d18:1,20:0
6161,-10.0,0,1900,20,0,Gal,d18:1,20:0
6162,-9.8,0,1900,20,0,Gal,d18:1,20:0
6163,-9.6,0,1900,20,0,Gal,d18:1,20:0
6164,-9.4,0,1900,20,0,Gal,d18:1,20:0
6165,-9.2,0,1900,20,0,Gal,d18:1,20:0
6166,-9.0,0,1900,20,0,Gal,d18:1,20:0
6167,-8.8,0,1900,20,0,Gal,d18:1,20:0
6168,-8.6,0,1900,20,0,Gal,d18:1,20:0
6169,-8.4,0,1900,20,0,Gal,d18:1,20:0
6170,-8.2,0,1900,20,0,Gal,d18:1,20:0
6171,-8.0,0,1900,20,0,Gal,d18:1,20:0
6172,-7.8,0,1900,20,0,Gal,d18:1,20:0
6173,-7.6,0,1900,20,0,Gal,d18:1,20:0
6174,-7.4,0,1900,20,0,Gal,d18:1,20:0
6175,-7.2,0,1900,20,0,Gal,d18:1,20:0
6176,-7.0,0,1900,20,0,Gal,d18:1,20:0
6177,-6.8,0,1900,20,0,Gal,d18:1,20:0
6178,-6.6,0,1900,20,0,Gal,d18:1,20:0
6179,-6.4,0,1900,20,0,Gal,d18:1,20:0
6180,-6.2,0,1900,20,0,Gal,d18:1,20:0
6181,-6.0,0,1900,20,0,Gal,d18:1,20:0
6182,-5.8,0,1900,20,0,Gal,d18:1,20:0
6183,-5.6,0,1900,20,0,Gal,d18:1,20:0
6184,-5.4,0,1900,20,0,Gal,d18:1,20:0
6185,-5.2,0,1900,20,0,Gal,d18:1,20:0
6186,-5.0,0,1900,20,0,Gal,d18:1,20:0
6187,-4.8,0,1900,20,0,Gal,d18:1,20:0
6188,-4.6,0,1900,20,0,Gal,d18:1,20:0
6189,-4.4,0,1900,20,0,Gal,d18:1,20:0
6190,-4.2,0,1900,20,0,Gal,d18:1,20:0
6191,-4.0,0,1900,20,0,Gal,d18:1,20:0
6192,-3.8,0,1900,20,0,Gal,d18:1,20:0
6193,-3.6,0,1900,20,0,Gal,d18:1,20:0
6194,-3.4,0,1900,20,0,Gal,d18:1,20:0
6195,-3.2,0,1900,20,0,Gal,d18:1,20:0
6196,-3.0,0,1900,20,0,Gal,d18:1,20:0
6197,-2.8,0,1900,20,0,Gal,d18:1,20:0
6198,-2.6,0,1900,20,0,Gal,d18:1,20:0
6199,-2.4,0,1900,20,0,Gal,d18:1,20:0
6200,-2.2,0,1900,20,0,Gal,d18:1,20:0
6201,-2.0,0,1900,20,0,Gal,d18:1,20:0
6202,-1.8,0,1900,20,0,Gal,d18:1,20:0
6203,-1.6,0,1900,20,0,Gal,d18:1,20:0
6204,-1.4,100,1900,20,0,Gal,d18:1,20:0
6205,-1.2,460,1900,20,0,Gal,d18:1,20:0
6206,-1.0,1380,1900,20,0,Gal,d18:1,20:0
6207,-0.8,3180,1900,20,0,Gal,d18:1,20:0
6208,-0.6,5660,1900,20,0,Gal,d18:1,20:0
6209,-0.4,5580,1900,20,0,Gal,d18:1,20:0
6210,-0.2,5820,1900,20,0,Gal,d18:1,20:0
6211,0.0,5940,1900,20,0,Gal,d18:1,20:0
6212,0.2,4340,1900,20,0,Gal,d18:1,20:0
6213,0.4,2680,1900,20,0,Gal,d18:1,20:0
6214,0.6,1720,1900,20,0,Gal,d18:1,20:0
6215,0.8,640,1900,20,0,Gal,d18:1,20:0
6216,1.0,240,1900,20,0,Gal,d18:1,20:0
6217,1.2,40,1900,20,0,Gal,d18:1,20:0
6218,1.4,20,1900,20,0,Gal,d18:1,20:0
6219,1.6,0,1900,20,0,Gal,d18:1,20:0
6220,1.8,0,1900,20,0,Gal,d18:1,20:0
6221,2.0,0,1900,20,0,Gal,d18:1,20:0
6222,2.2,0,1900,20,0,Gal,d18:1,20:0
6223,2.4,0,1900,20,0,Gal,d18:1,20:0
6224,2.6,0,1900,20,0,Gal,d18:1,20:0
6225,2.8,0,1900,20,0,Gal,d18:1,20:0
6226,3.0,0,1900,20,0,Gal,d18:1,20:0
6227,3.2,0,1900,20,0,Gal,d18:1,20:0
6228,3.4,0,1900,20,0,Gal,d18:1,20:0
6229,3.6,0,1900,20,0,Gal,d18:1,20:0
6230,3.8,0,1900,20,0,Gal,d18:1,20:0
6231,4.0,0,1900,20,0,Gal,d18:1,20:0
6232,4.2,0,1900,20,0,Gal,d18:1,20:0
6233,4.4,0,1900,20,0,Gal,d18:1,20:0
6234,4.6,0,1900,20,0,Gal,d18:1,20:0
6235,4.8,0,1900,20,0,Gal,d18:1,20:0
6236,5.0,0,1900,20,0,Gal,d18:1,20:0
6237,5.2,0,1900,20,0,Gal,d18:1,20:0
6238,5.4,0,1900,20,0,Gal,d18:1,20:0
6239,5.6,0,1900,20,0,Gal,d18:1,20:0
6240,5.8,0,1900,20,0,Gal,d18:1,20:0
6241,6.0,0,1900,20,0,Gal,d18:1,20:0
6242,6.2,0,1900,20,0,Gal,d18:1,20:0
6243,6.4,0,1900,20,0,Gal,d18:1,20:0
6244,6.6,0,1900,20,0,Gal,d18:1,20:0
6245,6.8,0,1900,20,0,Gal,d18:1,20:0
6246,7.0,0,1900,20,0,Gal,d18:1,20:0
6247,7.2,0,1900,20,0,Gal,d18:1,20:0
6248,7.4,0,1900,20,0,Gal,d18:1,20:0
6249,7.6,0,1900,20,0,Gal,d18:1,20:0
6250,7.8,0,1900,20,0,Gal,d18:1,20:0
6251,8.0,0,1900,20,0,Gal,d18:1,20:0
6252,8.2,0,1900,20,0,Gal,d18:1,20:0
6253,8.4,0,1900,20,0,Gal,d18:1,20:0
6254,8.6,0,1900,20,0,Gal,d18:1,20:0
6255,8.8,0,1900,20,0,Gal,d18:1,20:0
6256,9.0,0,1900,20,0,Gal,d18:1,20:0
6257,9.2,0,1900,20,0,Gal,d18:1,20:0
6258,9.4,0,1900,20,0,Gal,d18:1,20:0
6259,9.6,0,1900,20,0,Gal,d18:1,20:0
6260,9.8,0,1900,20,0,Gal,d18:1,20:0
6261,10.0,0,1900,20,0,Gal,d18:1,20:0
6262,-10.0,0,2000,20,0,Gal,d18:1,20:0
6263,-9.8,0,2000,20,0,Gal,d18:1,20:0
6264,-9.6,0,2000,20,0,Gal,d18:1,20:0
6265,-9.4,0,2000,20,0,Gal,d18:1,20:0
6266,-9.2,0,2000,20,0,Gal,d18:1,20:0
6267,-9.0,0,2000,20,0,Gal,d18:1,20:0
6268,-8.8,0,2000,20,0,Gal,d18:1,20:0
6269,-8.6,0,2000,20,0,Gal,d18:1,20:0
6270,-8.4,0,2000,20,0,Gal,d18:1,20:0
6271,-8.2,0,2000,20,0,Gal,d18:1,20:0
6272,-8.0,0,2000,20,0,Gal,d18:1,20:0
6273,-7.8,0,2000,20,0,Gal,d18:1,20:0
6274,-7.6,0,2000,20,0,Gal,d18:1,20:0
6275,-7.4,0,2000,20,0,Gal,d18:1,20:0
6276,-7.2,0,2000,20,0,Gal,d18:1,20:0
6277,-7.0,0,2000,20,0,Gal,d18:1,20:0
6278,-6.8,0,2000,20,0,Gal,d18:1,20:0
6279,-6.6,0,2000,20,0,Gal,d18:1,20:0
6280,-6.4,0,2000,20,0,Gal,d18:1,20:0
6281,-6.2,0,2000,20,0,Gal,d18:1,20:0
6282,-6.0,0,2000,20,0,Gal,d18:1,20:0
6283,-5.8,0,2000,20,0,Gal,d18:1,20:0
6284,-5.6,0,2000,20,0,Gal,d18:1,20:0
6285,-5.4,0,2000,20,0,Gal,d18:1,20:0
6286,-5.2,0,2000,20,0,Gal,d18:1,20:0
6287,-5.0,0,2000,20,0,Gal,d18:1,20:0
6288,-4.8,0,2000,20,0,Gal,d18:1,20:0
6289,-4.6,0,2000,20,0,Gal,d18:1,20:0
6290,-4.4,0,2000,20,0,Gal,d18:1,20:0
6291,-4.2,0,2000,20,0,Gal,d18:1,20:0
6292,-4.0,0,2000,20,0,Gal,d18:1,20:0
6293,-3.8,0,2000,20,0,Gal,d18:1,20:0
6294,-3.6,0,2000,20,0,Gal,d18:1,20:0
6295,-3.4,0,2000,20,0,Gal,d18:1,20:0
6296,-3.2,0,2000,20,0,Gal,d18:1,20:0
6297,-3.0,0,2000,20,0,Gal,d18:1,20:0
6298,-2.8,0,2000,20,0,Gal,d18:1,20:0
6299,-2.6,0,2000,20,0,Gal,d18:1,20:0
6300,-2.4,0,2000,20,0,Gal,d18:1,20:0
6301,-2.2,0,2000,20,0,Gal,d18:1,20:0
6302,-2.0,0,2000,20,0,Gal,d18:1,20:0
6303,-1.8,0,2000,20,0,Gal,d18:1,20:0
6304,-1.6,0,2000,20,0,Gal,d18:1,20:0
6305,-1.4,0,2000,20,0,Gal,d18:1,20:0
6306,-1.2,140,2000,20,0,Gal,d18:1,20:0
6307,-1.0,580,2000,20,0,Gal,d18:1,20:0
6308,-0.8,1780,2000,20,0,Gal,d18:1,20:0
6309,-0.6,5420,2000,20,0,Gal,d18:1,20:0
6310,-0.4,6000,2000,20,0,Gal,d18:1,20:0
6311,-0.2,6180,2000,20,0,Gal,d18:1,20:0
6312,0.0,4900,2000,20,0,Gal,d18:1,20:0
6313,0.2,3620,2000,20,0,Gal,d18:1,20:0
6314,0.4,2400,2000,20,0,Gal,d18:1,20:0
6315,0.6,1460,2000,20,0,Gal,d18:1,20:0
6316,0.8,940,2000,20,0,Gal,d18:1,20:0
6317,1.0,300,2000,20,0,Gal,d18:1,20:0
6318,1.2,180,2000,20,0,Gal,d18:1,20:0
6319,1.4,40,2000,20,0,Gal,d18:1,20:0
6320,1.6,0,2000,20,0,Gal,d18:1,20:0
6321,1.8,0,2000,20,0,Gal,d18:1,20:0
6322,2.0,0,2000,20,0,Gal,d18:1,20:0
6323,2.2,0,2000,20,0,Gal,d18:1,20:0
6324,2.4,0,2000,20,0,Gal,d18:1,20:0
6325,2.6,0,2000,20,0,Gal,d18:1,20:0
6326,2.8,0,2000,20,0,Gal,d18:1,20:0
6327,3.0,0,2000,20,0,Gal,d18:1,20:0
6328,3.2,0,2000,20,0,Gal,d18:1,20:0
6329,3.4,0,2000,20,0,Gal,d18:1,20:0
6330,3.6,0,2000,20,0,Gal,d18:1,20:0
6331,3.8,0,2000,20,0,Gal,d18:1,20:0
6332,4.0,0,2000,20,0,Gal,d18:1,20:0
6333,4.2,0,2000,20,0,Gal,d18:1,20:0
6334,4.4,0,2000,20,0,Gal,d18:1,20:0
6335,4.6,0,2000,20,0,Gal,d18:1,20:0
6336,4.8,0,2000,20,0,Gal,d18:1,20:0
6337,5.0,0,2000,20,0,Gal,d18:1,20:0
6338,5.2,0,2000,20,0,Gal,d18:1,20:0
6339,5.4,0,2000,20,0,Gal,d18:1,20:0
6340,5.6,0,2000,20,0,Gal,d18:1,20:0
6341,5.8,0,2000,20,0,Gal,d18:1,20:0
6342,6.0,0,2000,20,0,Gal,d18:1,20:0
6343,6.2,0,2000,20,0,Gal,d18:1,20:0
6344,6.4,0,2000,20,0,Gal,d18:1,20:0
6345,6.6,0,2000,20,0,Gal,d18:1,20:0
6346,6.8,0,2000,20,0,Gal,d18:1,20:0
6347,7.0,0,2000,20,0,Gal,d18:1,20:0
6348,7.2,0,2000,20,0,Gal,d18:1,20:0
6349,7.4,0,2000,20,0,Gal,d18:1,20:0
6350,7.6,0,2000,20,0,Gal,d18:1,20:0
6351,7.8,0,2000,20,0,Gal,d18:1,20:0
6352,8.0,0,2000,20,0,Gal,d18:1,20:0
6353,8.2,0,2000,20,0,Gal,d18:1,20:0
6354,8.4,0,2000,20,0,Gal,d18:1,20:0
6355,8.6,0,2000,20,0,Gal,d18:1,20:0
6356,8.8,0,2000,20,0,Gal,d18:1,20:0
6357,9.0,0,2000,20,0,Gal,d18:1,20:0
6358,9.2,0,2000,20,0,Gal,d18:1,20:0
6359,9.4,0,2000,20,0,Gal,d18:1,20:0
6360,9.6,0,2000,20,0,Gal,d18:1,20:0
6361,9.8,0,2000,20,0,Gal,d18:1,20:0
6362,10.0,0,2000,20,0,Gal,d18:1,20:0
6363,-10.0,0,2100,20,0,Gal,d18:1,20:0
6364,-9.8,0,2100,20,0,Gal,d18:1,20:0
6365,-9.6,0,2100,20,0,Gal,d18:1,20:0
6366,-9.4,0,2100,20,0,Gal,d18:1,20:0
6367,-9.2,0,2100,20,0,Gal,d18:1,20:0
6368,-9.0,0,2100,20,0,Gal,d18:1,20:0
6369,-8.8,0,2100,20,0,Gal,d18:1,20:0
6370,-8.6,0,2100,20,0,Gal,d18:1,20:0
6371,-8.4,0,2100,20,0,Gal,d18:1,20:0
6372,-8.2,0,2100,20,0,Gal,d18:1,20:0
6373,-8.0,0,2100,20,0,Gal,d18:1,20:0
6374,-7.8,0,2100,20,0,Gal,d18:1,20:0
6375,-7.6,0,2100,20,0,Gal,d18:1,20:0
6376,-7.4,0,2100,20,0,Gal,d18:1,20:0
6377,-7.2,0,2100,20,0,Gal,d18:1,20:0
6378,-7.0,0,2100,20,0,Gal,d18:1,20:0
6379,-6.8,0,2100,20,0,Gal,d18:1,20:0
6380,-6.6,0,2100,20,0,Gal,d18:1,20:0
6381,-6.4,0,2100,20,0,Gal,d18:1,20:0
6382,-6.2,0,2100,20,0,Gal,d18:1,20:0
6383,-6.0,0,2100,20,0,Gal,d18:1,20:0
6384,-5.8,0,2100,20,0,Gal,d18:1,20:0
6385,-5.6,0,2100,20,0,Gal,d18:1,20:0
6386,-5.4,0,2100,20,0,Gal,d18:1,20:0
6387,-5.2,0,2100,20,0,Gal,d18:1,20:0
6388,-5.0,0,2100,20,0,Gal,d18:1,20:0
6389,-4.8,0,2100,20,0,Gal,d18:1,20:0
6390,-4.6,0,2100,20,0,Gal,d18:1,20:0
6391,-4.4,0,2100,20,0,Gal,d18:1,20:0
6392,-4.2,0,2100,20,0,Gal,d18:1,20:0
6393,-4.0,0,2100,20,0,Gal,d18:1,20:0
6394,-3.8,0,2100,20,0,Gal,d18:1,20:0
6395,-3.6,0,2100,20,0,Gal,d18:1,20:0
6396,-3.4,0,2100,20,0,Gal,d18:1,20:0
6397,-3.2,0,2100,20,0,Gal,d18:1,20:0
6398,-3.0,0,2100,20,0,Gal,d18:1,20:0
6399,-2.8,0,2100,20,0,Gal,d18:1,20:0
6400,-2.6,0,2100,20,0,Gal,d18:1,20:0
6401,-2.4,0,2100,20,0,Gal,d18:1,20:0
6402,-2.2,0,2100,20,0,Gal,d18:1,20:0
6403,-2.0,0,2100,20,0,Gal,d18:1,20:0
6404,-1.8,0,2100,20,0,Gal,d18:1,20:0
6405,-1.6,0,2100,20,0,Gal,d18:1,20:0
6406,-1.4,120,2100,20,0,Gal,d18:1,20:0
6407,-1.2,160,2100,20,0,Gal,d18:1,20:0
6408,-1.0,1140,2100,20,0,Gal,d18:1,20:0
6409,-0.8,2900,2100,20,0,Gal,d18:1,20:0
6410,-0.6,4240,2100,20,0,Gal,d18:1,20:0
6411,-0.4,5020,2100,20,0,Gal,d18:1,20:0
6412,-0.2,4860,2100,20,0,Gal,d18:1,20:0
6413,0.0,5200,2100,20,0,Gal,d18:1,20:0
6414,0.2,3280,2100,20,0,Gal,d18:1,20:0
6415,0.4,2860,2100,20,0,Gal,d18:1,20:0
6416,0.6,1780,2100,20,0,Gal,d18:1,20:0
6417,0.8,700,2100,20,0,Gal,d18:1,20:0
6418,1.0,220,2100,20,0,Gal,d18:1,20:0
6419,1.2,80,2100,20,0,Gal,d18:1,20:0
6420,1.4,0,2100,20,0,Gal,d18:1,20:0
6421,1.6,0,2100,20,0,Gal,d18:1,20:0
6422,1.8,0,2100,20,0,Gal,d18:1,20:0
6423,2.0,0,2100,20,0,Gal,d18:1,20:0
6424,2.2,40,2100,20,0,Gal,d18:1,20:0
6425,2.4,0,2100,20,0,Gal,d18:1,20:0
6426,2.6,0,2100,20,0,Gal,d18:1,20:0
6427,2.8,0,2100,20,0,Gal,d18:1,20:0
6428,3.0,0,2100,20,0,Gal,d18:1,20:0
6429,3.2,0,2100,20,0,Gal,d18:1,20:0
6430,3.4,0,2100,20,0,Gal,d18:1,20:0
6431,3.6,0,2100,20,0,Gal,d18:1,20:0
6432,3.8,0,2100,20,0,Gal,d18:1,20:0
6433,4.0,0,2100,20,0,Gal,d18:1,20:0
6434,4.2,0,2100,20,0,Gal,d18:1,20:0
6435,4.4,0,2100,20,0,Gal,d18:1,20:0
6436,4.6,0,2100,20,0,Gal,d18:1,20:0
6437,4.8,0,2100,20,0,Gal,d18:1,20:0
6438,5.0,0,2100,20,0,Gal,d18:1,20:0
6439,5.2,0,2100,20,0,Gal,d18:1,20:0
6440,5.4,0,2100,20,0,Gal,d18:1,20:0
6441,5.6,0,2100,20,0,Gal,d18:1,20:0
6442,5.8,0,2100,20,0,Gal,d18:1,20:0
6443,6.0,0,2100,20,0,Gal,d18:1,20:0
6444,6.2,0,2100,20,0,Gal,d18:1,20:0
6445,6.4,0,2100,20,0,Gal,d18:1,20:0
6446,6.6,0,2100,20,0,Gal,d18:1,20:0
6447,6.8,0,2100,20,0,Gal,d18:1,20:0
6448,7.0,0,2100,20,0,Gal,d18:1,20:0
6449,7.2,0,2100,20,0,Gal,d18:1,20:0
6450,7.4,0,2100,20,0,Gal,d18:1,20:0
6451,7.6,0,2100,20,0,Gal,d18:1,20:0
6452,7.8,0,2100,20,0,Gal,d18:1,20:0
6453,8.0,0,2100,20,0,Gal,d18:1,20:0
6454,8.2,0,2100,20,0,Gal,d18:1,20:0
6455,8.4,0,2100,20,0,Gal,d18:1,20:0
6456,8.6,0,2100,20,0,Gal,d18:1,20:0
6457,8.8,0,2100,20,0,Gal,d18:1,20:0
6458,9.0,0,2100,20,0,Gal,d18:1,20:0
6459,9.2,0,2100,20,0,Gal,d18:1,20:0
6460,9.4,0,2100,20,0,Gal,d18:1,20:0
6461,9.6,0,2100,20,0,Gal,d18:1,20:0
6462,9.8,0,2100,20,0,Gal,d18:1,20:0
6463,10.0,0,2100,20,0,Gal,d18:1,20:0
6464,-10.0,0,2200,20,0,Gal,d18:1,20:0
6465,-9.8,0,2200,20,0,Gal,d18:1,20:0
6466,-9.6,0,2200,20,0,Gal,d18:1,20:0
6467,-9.4,0,2200,20,0,Gal,d18:1,20:0
6468,-9.2,0,2200,20,0,Gal,d18:1,20:0
6469,-9.0,0,2200,20,0,Gal,d18:1,20:0
6470,-8.8,0,2200,20,0,Gal,d18:1,20:0
6471,-8.6,0,2200,20,0,Gal,d18:1,20:0
6472,-8.4,0,2200,20,0,Gal,d18:1,20:0
6473,-8.2,0,2200,20,0,Gal,d18:1,20:0
6474,-8.0,0,2200,20,0,Gal,d18:1,20:0
6475,-7.8,0,2200,20,0,Gal,d18:1,20:0
6476,-7.6,0,2200,20,0,Gal,d18:1,20:0
6477,-7.4,0,2200,20,0,Gal,d18:1,20:0
6478,-7.2,0,2200,20,0,Gal,d18:1,20:0
6479,-7.0,0,2200,20,0,Gal,d18:1,20:0
6480,-6.8,0,2200,20,0,Gal,d18:1,20:0
6481,-6.6,0,2200,20,0,Gal,d18:1,20:0
6482,-6.4,0,2200,20,0,Gal,d18:1,20:0
6483,-6.2,0,2200,20,0,Gal,d18:1,20:0
6484,-6.0,0,2200,20,0,Gal,d18:1,20:0
6485,-5.8,0,2200,20,0,Gal,d18:1,20:0
6486,-5.6,0,2200,20,0,Gal,d18:1,20:0
6487,-5.4,0,2200,20,0,Gal,d18:1,20:0
6488,-5.2,0,2200,20,0,Gal,d18:1,20:0
6489,-5.0,0,2200,20,0,Gal,d18:1,20:0
6490,-4.8,0,2200,20,0,Gal,d18:1,20:0
6491,-4.6,0,2200,20,0,Gal,d18:1,20:0
6492,-4.4,0,2200,20,0,Gal,d18:1,20:0
6493,-4.2,0,2200,20,0,Gal,d18:1,20:0
6494,-4.0,0,2200,20,0,Gal,d18:1,20:0
6495,-3.8,0,2200,20,0,Gal,d18:1,20:0
6496,-3.6,0,2200,20,0,Gal,d18:1,20:0
6497,-3.4,0,2200,20,0,Gal,d18:1,20:0
6498,-3.2,0,2200,20,0,Gal,d18:1,20:0
6499,-3.0,0,2200,20,0,Gal,d18:1,20:0
6500,-2.8,0,2200,20,0,Gal,d18:1,20:0
6501,-2.6,0,2200,20,0,Gal,d18:1,20:0
6502,-2.4,0,2200,20,0,Gal,d18:1,20:0
6503,-2.2,0,2200,20,0,Gal,d18:1,20:0
6504,-2.0,0,2200,20,0,Gal,d18:1,20:0
6505,-1.8,20,2200,20,0,Gal,d18:1,20:0
6506,-1.6,40,2200,20,0,Gal,d18:1,20:0
6507,-1.4,200,2200,20,0,Gal,d18:1,20:0
6508,-1.2,520,2200,20,0,Gal,d18:1,20:0
6509,-1.0,1460,2200,20,0,Gal,d18:1,20:0
6510,-0.8,4400,2200,20,0,Gal,d18:1,20:0
6511,-0.6,4480,2200,20,0,Gal,d18:1,20:0
6512,-0.4,5660,2200,20,0,Gal,d18:1,20:0
6513,-0.2,3260,2200,20,0,Gal,d18:1,20:0
6514,0.0,3280,2200,20,0,Gal,d18:1,20:0
6515,0.2,2360,2200,20,0,Gal,d18:1,20:0
6516,0.4,1800,2200,20,0,Gal,d18:1,20:0
6517,0.6,620,2200,20,0,Gal,d18:1,20:0
6518,0.8,240,2200,20,0,Gal,d18:1,20:0
6519,1.0,200,2200,20,0,Gal,d18:1,20:0
6520,1.2,40,2200,20,0,Gal,d18:1,20:0
6521,1.4,0,2200,20,0,Gal,d18:1,20:0
6522,1.6,0,2200,20,0,Gal,d18:1,20:0
6523,1.8,0,2200,20,0,Gal,d18:1,20:0
6524,2.0,0,2200,20,0,Gal,d18:1,20:0
6525,2.2,0,2200,20,0,Gal,d18:1,20:0
6526,2.4,0,2200,20,0,Gal,d18:1,20:0
6527,2.6,0,2200,20,0,Gal,d18:1,20:0
6528,2.8,0,2200,20,0,Gal,d18:1,20:0
6529,3.0,0,2200,20,0,Gal,d18:1,20:0
6530,3.2,0,2200,20,0,Gal,d18:1,20:0
6531,3.4,0,2200,20,0,Gal,d18:1,20:0
6532,3.6,0,2200,20,0,Gal,d18:1,20:0
6533,3.8,0,2200,20,0,Gal,d18:1,20:0
6534,4.0,0,2200,20,0,Gal,d18:1,20:0
6535,4.2,0,2200,20,0,Gal,d18:1,20:0
6536,4.4,0,2200,20,0,Gal,d18:1,20:0
6537,4.6,0,2200,20,0,Gal,d18:1,20:0
6538,4.8,0,2200,20,0,Gal,d18:1,20:0
6539,5.0,0,2200,20,0,Gal,d18:1,20:0
6540,5.2,0,2200,20,0,Gal,d18:1,20:0
6541,5.4,0,2200,20,0,Gal,d18:1,20:0
6542,5.6,0,2200,20,0,Gal,d18:1,20:0
6543,5.8,0,2200,20,0,Gal,d18:1,20:0
6544,6.0,0,2200,20,0,Gal,d18:1,20:0
6545,6.2,0,2200,20,0,Gal,d18:1,20:0
6546,6.4,0,2200,20,0,Gal,d18:1,20:0
6547,6.6,0,2200,20,0,Gal,d18:1,20:0
6548,6.8,0,2200,20,0,Gal,d18:1,20:0
6549,7.0,0,2200,20,0,Gal,d18:1,20:0
6550,7.2,0,2200,20,0,Gal,d18:1,20:0
6551,7.4,0,2200,20,0,Gal,d18:1,20:0
6552,7.6,0,2200,20,0,Gal,d18:1,20:0
6553,7.8,0,2200,20,0,Gal,d18:1,20:0
6554,8.0,0,2200,20,0,Gal,d18:1,20:0
6555,8.2,0,2200,20,0,Gal,d18:1,20:0
6556,8.4,0,2200,20,0,Gal,d18:1,20:0
6557,8.6,0,2200,20,0,Gal,d18:1,20:0
6558,8.8,0,2200,20,0,Gal,d18:1,20:0
6559,9.0,0,2200,20,0,Gal,d18:1,20:0
6560,9.2,0,2200,20,0,Gal,d18:1,20:0
6561,9.4,0,2200,20,0,Gal,d18:1,20:0
6562,9.6,0,2200,20,0,Gal,d18:1,20:0
6563,9.8,0,2200,20,0,Gal,d18:1,20:0
6564,10.0,0,2200,20,0,Gal,d18:1,20:0
6565,-10.0,0,2300,20,0,Gal,d18:1,20:0
6566,-9.8,0,2300,20,0,Gal,d18:1,20:0
6567,-9.6,0,2300,20,0,Gal,d18:1,20:0
6568,-9.4,0,2300,20,0,Gal,d18:1,20:0
6569,-9.2,0,2300,20,0,Gal,d18:1,20:0
6570,-9.0,0,2300,20,0,Gal,d18:1,20:0
6571,-8.8,0,2300,20,0,Gal,d18:1,20:0
6572,-8.6,0,2300,20,0,Gal,d18:1,20:0
6573,-8.4,0,2300,20,0,Gal,d18:1,20:0
6574,-8.2,0,2300,20,0,Gal,d18:1,20:0
6575,-8.0,0,2300,20,0,Gal,d18:1,20:0
6576,-7.8,0,2300,20,0,Gal,d18:1,20:0
6577,-7.6,0,2300,20,0,Gal,d18:1,20:0
6578,-7.4,0,2300,20,0,Gal,d18:1,20:0
6579,-7.2,0,2300,20,0,Gal,d18:1,20:0
6580,-7.0,0,2300,20,0,Gal,d18:1,20:0
6581,-6.8,0,2300,20,0,Gal,d18:1,20:0
6582,-6.6,0,2300,20,0,Gal,d18:1,20:0
6583,-6.4,0,2300,20,0,Gal,d18:1,20:0
6584,-6.2,0,2300,20,0,Gal,d18:1,20:0
6585,-6.0,0,2300,20,0,Gal,d18:1,20:0
6586,-5.8,0,2300,20,0,Gal,d18:1,20:0
6587,-5.6,0,2300,20,0,Gal,d18:1,20:0
6588,-5.4,0,2300,20,0,Gal,d18:1,20:0
6589,-5.2,0,2300,20,0,Gal,d18:1,20:0
6590,-5.0,0,2300,20,0,Gal,d18:1,20:0
6591,-4.8,0,2300,20,0,Gal,d18:1,20:0
6592,-4.6,0,2300,20,0,Gal,d18:1,20:0
6593,-4.4,0,2300,20,0,Gal,d18:1,20:0
6594,-4.2,0,2300,20,0,Gal,d18:1,20:0
6595,-4.0,0,2300,20,0,Gal,d18:1,20:0
6596,-3.8,0,2300,20,0,Gal,d18:1,20:0
6597,-3.6,0,2300,20,0,Gal,d18:1,20:0
6598,-3.4,0,2300,20,0,Gal,d18:1,20:0
6599,-3.2,0,2300,20,0,Gal,d18:1,20:0
6600,-3.0,0,2300,20,0,Gal,d18:1,20:0
6601,-2.8,0,2300,20,0,Gal,d18:1,20:0
6602,-2.6,0,2300,20,0,Gal,d18:1,20:0
6603,-2.4,0,2300,20,0,Gal,d18:1,20:0
6604,-2.2,0,2300,20,0,Gal,d18:1,20:0
6605,-2.0,0,2300,20,0,Gal,d18:1,20:0
6606,-1.8,0,2300,20,0,Gal,d18:1,20:0
6607,-1.6,20,2300,20,0,Gal,d18:1,20:0
6608,-1.4,140,2300,20,0,Gal,d18:1,20:0
6609,-1.2,740,2300,20,0,Gal,d18:1,20:0
6610,-1.0,2180,2300,20,0,Gal,d18:1,20:0
6611,-0.8,3200,2300,20,0,Gal,d18:1,20:0
6612,-0.6,5200,2300,20,0,Gal,d18:1,20:0
6613,-0.4,4920,2300,20,0,Gal,d18:1,20:0
6614,-0.2,4200,2300,20,0,Gal,d18:1,20:0
6615,0.0,3420,2300,20,0,Gal,d18:1,20:0
6616,0.2,2600,2300,20,0,Gal,d18:1,20:0
6617,0.4,1820,2300,20,0,Gal,d18:1,20:0
6618,0.6,1040,2300,20,0,Gal,d18:1,20:0
6619,0.8,360,2300,20,0,Gal,d18:1,20:0
6620,1.0,60,2300,20,0,Gal,d18:1,20:0
6621,1.2,0,2300,20,0,Gal,d18:1,20:0
6622,1.4,0,2300,20,0,Gal,d18:1,20:0
6623,1.6,60,2300,20,0,Gal,d18:1,20:0
6624,1.8,0,2300,20,0,Gal,d18:1,20:0
6625,2.0,0,2300,20,0,Gal,d18:1,20:0
6626,2.2,0,2300,20,0,Gal,d18:1,20:0
6627,2.4,0,2300,20,0,Gal,d18:1,20:0
6628,2.6,0,2300,20,0,Gal,d18:1,20:0
6629,2.8,0,2300,20,0,Gal,d18:1,20:0
6630,3.0,0,2300,20,0,Gal,d18:1,20:0
6631,3.2,0,2300,20,0,Gal,d18:1,20:0
6632,3.4,0,2300,20,0,Gal,d18:1,20:0
6633,3.6,0,2300,20,0,Gal,d18:1,20:0
6634,3.8,0,2300,20,0,Gal,d18:1,20:0
6635,4.0,0,2300,20,0,Gal,d18:1,20:0
6636,4.2,0,2300,20,0,Gal,d18:1,20:0
6637,4.4,0,2300,20,0,Gal,d18:1,20:0
6638,4.6,0,2300,20,0,Gal,d18:1,20:0
6639,4.8,0,2300,20,0,Gal,d18:1,20:0
6640,5.0,0,2300,20,0,Gal,d18:1,20:0
6641,5.2,0,2300,20,0,Gal,d18:1,20:0
6642,5.4,0,2300,20,0,Gal,d18:1,20:0
6643,5.6,0,2300,20,0,Gal,d18:1,20:0
6644,5.8,0,2300,20,0,Gal,d18:1,20:0
6645,6.0,0,2300,20,0,Gal,d18:1,20:0
6646,6.2,0,2300,20,0,Gal,d18:1,20:0
6647,6.4,0,2300,20,0,Gal,d18:1,20:0
6648,6.6,0,2300,20,0,Gal,d18:1,20:0
6649,6.8,0,2300,20,0,Gal,d18:1,20:0
6650,7.0,0,2300,20,0,Gal,d18:1,20:0
6651,7.2,0,2300,20,0,Gal,d18:1,20:0
6652,7.4,0,2300,20,0,Gal,d18:1,20:0
6653,7.6,0,2300,20,0,Gal,d18:1,20:0
6654,7.8,0,2300,20,0,Gal,d18:1,20:0
6655,8.0,0,2300,20,0,Gal,d18:1,20:0
6656,8.2,0,2300,20,0,Gal,d18:1,20:0
6657,8.4,0,2300,20,0,Gal,d18:1,20:0
6658,8.6,0,2300,20,0,Gal,d18:1,20:0
6659,8.8,0,2300,20,0,Gal,d18:1,20:0
6660,9.0,0,2300,20,0,Gal,d18:1,20:0
6661,9.2,0,2300,20,0,Gal,d18:1,20:0
6662,9.4,0,2300,20,0,Gal,d18:1,20:0
6663,9.6,0,2300,20,0,Gal,d18:1,20:0
6664,9.8,0,2300,20,0,Gal,d18:1,20:0
6665,10.0,0,2300,20,0,Gal,d18:1,20:0
6666,-10.0,0,2400,20,0,Gal,d18:1,20:0
6667,-9.8,0,2400,20,0,Gal,d18:1,20:0
6668,-9.6,0,2400,20,0,Gal,d18:1,20:0
6669,-9.4,0,2400,20,0,Gal,d18:1,20:0
6670,-9.2,0,2400,20,0,Gal,d18:1,20:0
6671,-9.0,0,2400,20,0,Gal,d18:1,20:0
6672,-8.8,0,2400,20,0,Gal,d18:1,20:0
6673,-8.6,0,2400,20,0,Gal,d18:1,20:0
6674,-8.4,0,2400,20,0,Gal,d18:1,20:0
6675,-8.2,0,2400,20,0,Gal,d18:1,20:0
6676,-8.0,0,2400,20,0,Gal,d18:1,20:0
6677,-7.8,0,2400,20,0,Gal,d18:1,20:0
6678,-7.6,0,2400,20,0,Gal,d18:1,20:0
6679,-7.4,0,2400,20,0,Gal,d18:1,20:0
6680,-7.2,0,2400,20,0,Gal,d18:1,20:0
6681,-7.0,0,2400,20,0,Gal,d18:1,20:0
6682,-6.8,0,2400,20,0,Gal,d18:1,20:0
6683,-6.6,0,2400,20,0,Gal,d18:1,20:0
6684,-6.4,0,2400,20,0,Gal,d18:1,20:0
6685,-6.2,0,2400,20,0,Gal,d18:1,20:0
6686,-6.0,0,2400,20,0,Gal,d18:1,20:0
6687,-5.8,0,2400,20,0,Gal,d18:1,20:0
6688,-5.6,0,2400,20,0,Gal,d18:1,20:0
6689,-5.4,0,2400,20,0,Gal,d18:1,20:0
6690,-5.2,0,2400,20,0,Gal,d18:1,20:0
6691,-5.0,0,2400,20,0,Gal,d18:1,20:0
6692,-4.8,0,2400,20,0,Gal,d18:1,20:0
6693,-4.6,0,2400,20,0,Gal,d18:1,20:0
6694,-4.4,0,2400,20,0,Gal,d18:1,20:0
6695,-4.2,0,2400,20,0,Gal,d18:1,20:0
6696,-4.0,0,2400,20,0,Gal,d18:1,20:0
6697,-3.8,0,2400,20,0,Gal,d18:1,20:0
6698,-3.6,0,2400,20,0,Gal,d18:1,20:0
6699,-3.4,0,2400,20,0,Gal,d18:1,20:0
6700,-3.2,0,2400,20,0,Gal,d18:1,20:0
6701,-3.0,0,2400,20,0,Gal,d18:1,20:0
6702,-2.8,0,2400,20,0,Gal,d18:1,20:0
6703,-2.6,0,2400,20,0,Gal,d18:1,20:0
6704,-2.4,0,2400,20,0,Gal,d18:1,20:0
6705,-2.2,0,2400,20,0,Gal,d18:1,20:0
6706,-2.0,0,2400,20,0,Gal,d18:1,20:0
6707,-1.8,0,2400,20,0,Gal,d18:1,20:0
6708,-1.6,0,2400,20,0,Gal,d18:1,20:0
6709,-1.4,160,2400,20,0,Gal,d18:1,20:0
6710,-1.2,480,2400,20,0,Gal,d18:1,20:0
6711,-1.0,1480,2400,20,0,Gal,d18:1,20:0
6712,-0.8,3620,2400,20,0,Gal,d18:1,20:0
6713,-0.6,6360,2400,20,0,Gal,d18:1,20:0
6714,-0.4,5700,2400,20,0,Gal,d18:1,20:0
6715,-0.2,6800,2400,20,0,Gal,d18:1,20:0
6716,0.0,4320,2400,20,0,Gal,d18:1,20:0
6717,0.2,3800,2400,20,0,Gal,d18:1,20:0
6718,0.4,2920,2400,20,0,Gal,d18:1,20:0
6719,0.6,1900,2400,20,0,Gal,d18:1,20:0
6720,0.8,780,2400,20,0,Gal,d18:1,20:0
6721,1.0,380,2400,20,0,Gal,d18:1,20:0
6722,1.2,260,2400,20,0,Gal,d18:1,20:0
6723,1.4,40,2400,20,0,Gal,d18:1,20:0
6724,1.6,0,2400,20,0,Gal,d18:1,20:0
6725,1.8,40,2400,20,0,Gal,d18:1,20:0
6726,2.0,0,2400,20,0,Gal,d18:1,20:0
6727,2.2,0,2400,20,0,Gal,d18:1,20:0
6728,2.4,0,2400,20,0,Gal,d18:1,20:0
6729,2.6,0,2400,20,0,Gal,d18:1,20:0
6730,2.8,0,2400,20,0,Gal,d18:1,20:0
6731,3.0,0,2400,20,0,Gal,d18:1,20:0
6732,3.2,0,2400,20,0,Gal,d18:1,20:0
6733,3.4,0,2400,20,0,Gal,d18:1,20:0
6734,3.6,0,2400,20,0,Gal,d18:1,20:0
6735,3.8,0,2400,20,0,Gal,d18:1,20:0
6736,4.0,0,2400,20,0,Gal,d18:1,20:0
6737,4.2,0,2400,20,0,Gal,d18:1,20:0
6738,4.4,0,2400,20,0,Gal,d18:1,20:0
6739,4.6,0,2400,20,0,Gal,d18:1,20:0
6740,4.8,0,2400,20,0,Gal,d18:1,20:0
6741,5.0,0,2400,20,0,Gal,d18:1,20:0
6742,5.2,0,2400,20,0,Gal,d18:1,20:0
6743,5.4,0,2400,20,0,Gal,d18:1,20:0
6744,5.6,0,2400,20,0,Gal,d18:1,20:0
6745,5.8,0,2400,20,0,Gal,d18:1,20:0
6746,6.0,0,2400,20,0,Gal,d18:1,20:0
6747,6.2,0,2400,20,0,Gal,d18:1,20:0
6748,6.4,0,2400,20,0,Gal,d18:1,20:0
6749,6.6,0,2400,20,0,Gal,d18:1,20:0
6750,6.8,0,2400,20,0,Gal,d18:1,20:0
6751,7.0,0,2400,20,0,Gal,d18:1,20:0
6752,7.2,0,2400,20,0,Gal,d18:1,20:0
6753,7.4,0,2400,20,0,Gal,d18:1,20:0
6754,7.6,0,2400,20,0,Gal,d18:1,20:0
6755,7.8,0,2400,20,0,Gal,d18:1,20:0
6756,8.0,0,2400,20,0,Gal,d18:1,20:0
6757,8.2,0,2400,20,0,Gal,d18:1,20:0
6758,8.4,0,2400,20,0,Gal,d18:1,20:0
6759,8.6,0,2400,20,0,Gal,d18:1,20:0
6760,8.8,0,2400,20,0,Gal,d18:1,20:0
6761,9.0,0,2400,20,0,Gal,d18:1,20:0
6762,9.2,0,2400,20,0,Gal,d18:1,20:0
6763,9.4,0,2400,20,0,Gal,d18:1,20:0
6764,9.6,0,2400,20,0,Gal,d18:1,20:0
6765,9.8,0,2400,20,0,Gal,d18:1,20:0
6766,10.0,0,2400,20,0,Gal,d18:1,20:0
6767,-10.0,0,2500,20,0,Gal,d18:1,20:0
6768,-9.8,0,2500,20,0,Gal,d18:1,20:0
6769,-9.6,0,2500,20,0,Gal,d18:1,20:0
6770,-9.4,0,2500,20,0,Gal,d18:1,20:0
6771,-9.2,0,2500,20,0,Gal,d18:1,20:0
6772,-9.0,0,2500,20,0,Gal,d18:1,20:0
6773,-8.8,0,2500,20,0,Gal,d18:1,20:0
6774,-8.6,0,2500,20,0,Gal,d18:1,20:0
6775,-8.4,0,2500,20,0,Gal,d18:1,20:0
6776,-8.2,0,2500,20,0,Gal,d18:1,20:0
6777,-8.0,0,2500,20,0,Gal,d18:1,20:0
6778,-7.8,0,2500,20,0,Gal,d18:1,20:0
6779,-7.6,0,2500,20,0,Gal,d18:1,20:0
6780,-7.4,0,2500,20,0,Gal,d18:1,20:0
6781,-7.2,0,2500,20,0,Gal,d18:1,20:0
6782,-7.0,0,2500,20,0,Gal,d18:1,20:0
6783,-6.8,0,2500,20,0,Gal,d18:1,20:0
6784,-6.6,0,2500,20,0,Gal,d18:1,20:0
6785,-6.4,0,2500,20,0,Gal,d18:1,20:0
6786,-6.2,0,2500,20,0,Gal,d18:1,20:0
6787,-6.0,0,2500,20,0,Gal,d18:1,20:0
6788,-5.8,0,2500,20,0,Gal,d18:1,20:0
6789,-5.6,0,2500,20,0,Gal,d18:1,20:0
6790,-5.4,0,2500,20,0,Gal,d18:1,20:0
6791,-5.2,0,2500,20,0,Gal,d18:1,20:0
6792,-5.0,0,2500,20,0,Gal,d18:1,20:0
6793,-4.8,0,2500,20,0,Gal,d18:1,20:0
6794,-4.6,0,2500,20,0,Gal,d18:1,20:0
6795,-4.4,0,2500,20,0,Gal,d18:1,20:0
6796,-4.2,0,2500,20,0,Gal,d18:1,20:0
6797,-4.0,0,2500,20,0,Gal,d18:1,20:0
6798,-3.8,0,2500,20,0,Gal,d18:1,20:0
6799,-3.6,0,2500,20,0,Gal,d18:1,20:0
6800,-3.4,0,2500,20,0,Gal,d18:1,20:0
6801,-3.2,0,2500,20,0,Gal,d18:1,20:0
6802,-3.0,0,2500,20,0,Gal,d18:1,20:0
6803,-2.8,0,2500,20,0,Gal,d18:1,20:0
6804,-2.6,0,2500,20,0,Gal,d18:1,20:0
6805,-2.4,0,2500,20,0,Gal,d18:1,20:0
6806,-2.2,0,2500,20,0,Gal,d18:1,20:0
6807,-2.0,0,2500,20,0,Gal,d18:1,20:0
6808,-1.8,0,2500,20,0,Gal,d18:1,20:0
6809,-1.6,0,2500,20,0,Gal,d18:1,20:0
6810,-1.4,100,2500,20,0,Gal,d18:1,20:0
6811,-1.2,740,2500,20,0,Gal,d18:1,20:0
6812,-1.0,1700,2500,20,0,Gal,d18:1,20:0
6813,-0.8,4180,2500,20,0,Gal,d18:1,20:0
6814,-0.6,5360,2500,20,0,Gal,d18:1,20:0
6815,-0.4,5220,2500,20,0,Gal,d18:1,20:0
6816,-0.2,5180,2500,20,0,Gal,d18:1,20:0
6817,0.0,4040,2500,20,0,Gal,d18:1,20:0
6818,0.2,3740,2500,20,0,Gal,d18:1,20:0
6819,0.4,3140,2500,20,0,Gal,d18:1,20:0
6820,0.6,1700,2500,20,0,Gal,d18:1,20:0
6821,0.8,960,2500,20,0,Gal,d18:1,20:0
6822,1.0,360,2500,20,0,Gal,d18:1,20:0
6823,1.2,60,2500,20,0,Gal,d18:1,20:0
6824,1.4,40,2500,20,0,Gal,d18:1,20:0
6825,1.6,0,2500,20,0,Gal,d18:1,20:0
6826,1.8,0,2500,20,0,Gal,d18:1,20:0
6827,2.0,0,2500,20,0,Gal,d18:1,20:0
6828,2.2,0,2500,20,0,Gal,d18:1,20:0
6829,2.4,0,2500,20,0,Gal,d18:1,20:0
6830,2.6,0,2500,20,0,Gal,d18:1,20:0
6831,2.8,0,2500,20,0,Gal,d18:1,20:0
6832,3.0,0,2500,20,0,Gal,d18:1,20:0
6833,3.2,0,2500,20,0,Gal,d18:1,20:0
6834,3.4,0,2500,20,0,Gal,d18:1,20:0
6835,3.6,0,2500,20,0,Gal,d18:1,20:0
6836,3.8,0,2500,20,0,Gal,d18:1,20:0
6837,4.0,0,2500,20,0,Gal,d18:1,20:0
6838,4.2,0,2500,20,0,Gal,d18:1,20:0
6839,4.4,0,2500,20,0,Gal,d18:1,20:0
6840,4.6,0,2500,20,0,Gal,d18:1,20:0
6841,4.8,0,2500,20,0,Gal,d18:1,20:0
6842,5.0,0,2500,20,0,Gal,d18:1,20:0
6843,5.2,0,2500,20,0,Gal,d18:1,20:0
6844,5.4,0,2500,20,0,Gal,d18:1,20:0
6845,5.6,0,2500,20,0,Gal,d18:1,20:0
6846,5.8,0,2500,20,0,Gal,d18:1,20:0
6847,6.0,0,2500,20,0,Gal,d18:1,20:0
6848,6.2,0,2500,20,0,Gal,d18:1,20:0
6849,6.4,0,2500,20,0,Gal,d18:1,20:0
6850,6.6,0,2500,20,0,Gal,d18:1,20:0
6851,6.8,0,2500,20,0,Gal,d18:1,20:0
6852,7.0,0,2500,20,0,Gal,d18:1,20:0
6853,7.2,0,2500,20,0,Gal,d18:1,20:0
6854,7.4,0,2500,20,0,Gal,d18:1,20:0
6855,7.6,0,2500,20,0,Gal,d18:1,20:0
6856,7.8,0,2500,20,0,Gal,d18:1,20:0
6857,8.0,0,2500,20,0,Gal,d18:1,20:0
6858,8.2,0,2500,20,0,Gal,d18:1,20:0
6859,8.4,0,2500,20,0,Gal,d18:1,20:0
6860,8.6,0,2500,20,0,Gal,d18:1,20:0
6861,8.8,0,2500,20,0,Gal,d18:1,20:0
6862,9.0,0,2500,20,0,Gal,d18:1,20:0
6863,9.2,0,2500,20,0,Gal,d18:1,20:0
6864,9.4,0,2500,20,0,Gal,d18:1,20:0
6865,9.6,0,2500,20,0,Gal,d18:1,20:0
6866,9.8,0,2500,20,0,Gal,d18:1,20:0
6867,10.0,0,2500,20,0,Gal,d18:1,20:0
6868,-10.0,0,2600,20,0,Gal,d18:1,20:0
6869,-9.8,0,2600,20,0,Gal,d18:1,20:0
6870,-9.6,0,2600,20,0,Gal,d18:1,20:0
6871,-9.4,0,2600,20,0,Gal,d18:1,20:0
6872,-9.2,0,2600,20,0,Gal,d18:1,20:0
6873,-9.0,0,2600,20,0,Gal,d18:1,20:0
6874,-8.8,0,2600,20,0,Gal,d18:1,20:0
6875,-8.6,0,2600,20,0,Gal,d18:1,20:0
6876,-8.4,0,2600,20,0,Gal,d18:1,20:0
6877,-8.2,0,2600,20,0,Gal,d18:1,20:0
6878,-8.0,0,2600,20,0,Gal,d18:1,20:0
6879,-7.8,0,2600,20,0,Gal,d18:1,20:0
6880,-7.6,0,2600,20,0,Gal,d18:1,20:0
6881,-7.4,0,2600,20,0,Gal,d18:1,20:0
6882,-7.2,0,2600,20,0,Gal,d18:1,20:0
6883,-7.0,0,2600,20,0,Gal,d18:1,20:0
6884,-6.8,0,2600,20,0,Gal,d18:1,20:0
6885,-6.6,0,2600,20,0,Gal,d18:1,20:0
6886,-6.4,0,2600,20,0,Gal,d18:1,20:0
6887,-6.2,0,2600,20,0,Gal,d18:1,20:0
6888,-6.0,0,2600,20,0,Gal,d18:1,20:0
6889,-5.8,0,2600,20,0,Gal,d18:1,20:0
6890,-5.6,0,2600,20,0,Gal,d18:1,20:0
6891,-5.4,0,2600,20,0,Gal,d18:1,20:0
6892,-5.2,0,2600,20,0,Gal,d18:1,20:0
6893,-5.0,0,2600,20,0,Gal,d18:1,20:0
6894,-4.8,0,2600,20,0,Gal,d18:1,20:0
6895,-4.6,0,2600,20,0,Gal,d18:1,20:0
6896,-4.4,0,2600,20,0,Gal,d18:1,20:0
6897,-4.2,0,2600,20,0,Gal,d18:1,20:0
6898,-4.0,0,2600,20,0,Gal,d18:1,20:0
6899,-3.8,0,2600,20,0,Gal,d18:1,20:0
6900,-3.6,0,2600,20,0,Gal,d18:1,20:0
6901,-3.4,0,2600,20,0,Gal,d18:1,20:0
6902,-3.2,0,2600,20,0,Gal,d18:1,20:0
6903,-3.0,0,2600,20,0,Gal,d18:1,20:0
6904,-2.8,0,2600,20,0,Gal,d18:1,20:0
6905,-2.6,0,2600,20,0,Gal,d18:1,20:0
6906,-2.4,0,2600,20,0,Gal,d18:1,20:0
6907,-2.2,0,2600,20,0,Gal,d18:1,20:0
6908,-2.0,0,2600,20,0,Gal,d18:1,20:0
6909,-1.8,0,2600,20,0,Gal,d18:1,20:0
6910,-1.6,0,2600,20,0,Gal,d18:1,20:0
6911,-1.4,40,2600,20,0,Gal,d18:1,20:0
6912,-1.2,120,2600,20,0,Gal,d18:1,20:0
6913,-1.0,800,2600,20,0,Gal,d18:1,20:0
6914,-0.8,1980,2600,20,0,Gal,d18:1,20:0
6915,-0.6,4700,2600,20,0,Gal,d18:1,20:0
6916,-0.4,7000,2600,20,0,Gal,d18:1,20:0
6917,-0.2,5900,2600,20,0,Gal,d18:1,20:0
6918,0.0,4760,2600,20,0,Gal,d18:1,20:0
6919,0.2,4880,2600,20,0,Gal,d18:1,20:0
6920,0.4,2600,2600,20,0,Gal,d18:1,20:0
6921,0.6,1940,2600,20,0,Gal,d18:1,20:0
6922,0.8,1200,2600,20,0,Gal,d18:1,20:0
6923,1.0,540,2600,20,0,Gal,d18:1,20:0
6924,1.2,160,2600,20,0,Gal,d18:1,20:0
6925,1.4,20,2600,20,0,Gal,d18:1,20:0
6926,1.6,40,2600,20,0,Gal,d18:1,20:0
6927,1.8,0,2600,20,0,Gal,d18:1,20:0
6928,2.0,0,2600,20,0,Gal,d18:1,20:0
6929,2.2,0,2600,20,0,Gal,d18:1,20:0
6930,2.4,0,2600,20,0,Gal,d18:1,20:0
6931,2.6,0,2600,20,0,Gal,d18:1,20:0
6932,2.8,0,2600,20,0,Gal,d18:1,20:0
6933,3.0,0,2600,20,0,Gal,d18:1,20:0
6934,3.2,0,2600,20,0,Gal,d18:1,20:0
6935,3.4,0,2600,20,0,Gal,d18:1,20:0
6936,3.6,0,2600,20,0,Gal,d18:1,20:0
6937,3.8,0,2600,20,0,Gal,d18:1,20:0
6938,4.0,0,2600,20,0,Gal,d18:1,20:0
6939,4.2,0,2600,20,0,Gal,d18:1,20:0
6940,4.4,0,2600,20,0,Gal,d18:1,20:0
6941,4.6,0,2600,20,0,Gal,d18:1,20:0
6942,4.8,0,2600,20,0,Gal,d18:1,20:0
6943,5.0,0,2600,20,0,Gal,d18:1,20:0
6944,5.2,0,2600,20,0,Gal,d18:1,20:0
6945,5.4,0,2600,20,0,Gal,d18:1,20:0
6946,5.6,0,2600,20,0,Gal,d18:1,20:0
6947,5.8,0,2600,20,0,Gal,d18:1,20:0
6948,6.0,0,2600,20,0,Gal,d18:1,20:0
6949,6.2,0,2600,20,0,Gal,d18:1,20:0
6950,6.4,0,2600,20,0,Gal,d18:1,20:0
6951,6.6,0,2600,20,0,Gal,d18:1,20:0
6952,6.8,0,2600,20,0,Gal,d18:1,20:0
6953,7.0,0,2600,20,0,Gal,d18:1,20:0
6954,7.2,0,2600,20,0,Gal,d18:1,20:0
6955,7.4,0,2600,20,0,Gal,d18:1,20:0
6956,7.6,0,2600,20,0,Gal,d18:1,20:0
6957,7.8,0,2600,20,0,Gal,d18:1,20:0
6958,8.0,0,2600,20,0,Gal,d18:1,20:0
6959,8.2,0,2600,20,0,Gal,d18:1,20:0
6960,8.4,0,2600,20,0,Gal,d18:1,20:0
6961,8.6,0,2600,20,0,Gal,d18:1,20:0
6962,8.8,0,2600,20,0,Gal,d18:1,20:0
6963,9.0,0,2600,20,0,Gal,d18:1,20:0
6964,9.2,0,2600,20,0,Gal,d18:1,20:0
6965,9.4,0,2600,20,0,Gal,d18:1,20:0
6966,9.6,0,2600,20,0,Gal,d18:1,20:0
6967,9.8,0,2600,20,0,Gal,d18:1,20:0
6968,10.0,0,2600,20,0,Gal,d18:1,20:0
6969,-10.0,0,2700,20,0,Gal,d18:1,20:0
6970,-9.8,0,2700,20,0,Gal,d18:1,20:0
6971,-9.6,0,2700,20,0,Gal,d18:1,20:0
6972,-9.4,0,2700,20,0,Gal,d18:1,20:0
6973,-9.2,0,2700,20,0,Gal,d18:1,20:0
6974,-9.0,0,2700,20,0,Gal,d18:1,20:0
6975,-8.8,0,2700,20,0,Gal,d18:1,20:0
6976,-8.6,0,2700,20,0,Gal,d18:1,20:0
6977,-8.4,0,2700,20,0,Gal,d18:1,20:0
6978,-8.2,0,2700,20,0,Gal,d18:1,20:0
6979,-8.0,0,2700,20,0,Gal,d18:1,20:0
6980,-7.8,0,2700,20,0,Gal,d18:1,20:0
6981,-7.6,0,2700,20,0,Gal,d18:1,20:0
6982,-7.4,0,2700,20,0,Gal,d18:1,20:0
6983,-7.2,0,2700,20,0,Gal,d18:1,20:0
6984,-7.0,0,2700,20,0,Gal,d18:1,20:0
6985,-6.8,0,2700,20,0,Gal,d18:1,20:0
6986,-6.6,0,2700,20,0,Gal,d18:1,20:0
6987,-6.4,0,2700,20,0,Gal,d18:1,20:0
6988,-6.2,0,2700,20,0,Gal,d18:1,20:0
6989,-6.0,0,2700,20,0,Gal,d18:1,20:0
6990,-5.8,0,2700,20,0,Gal,d18:1,20:0
6991,-5.6,0,2700,20,0,Gal,d18:1,20:0
6992,-5.4,0,2700,20,0,Gal,d18:1,20:0
6993,-5.2,0,2700,20,0,Gal,d18:1,20:0
6994,-5.0,0,2700,20,0,Gal,d18:1,20:0
6995,-4.8,0,2700,20,0,Gal,d18:1,20:0
6996,-4.6,0,2700,20,0,Gal,d18:1,20:0
6997,-4.4,0,2700,20,0,Gal,d18:1,20:0
6998,-4.2,0,2700,20,0,Gal,d18:1,20:0
6999,-4.0,0,2700,20,0,Gal,d18:1,20:0
7000,-3.8,0,2700,20,0,Gal,d18:1,20:0
7001,-3.6,0,2700,20,0,Gal,d18:1,20:0
7002,-3.4,0,2700,20,0,Gal,d18:1,20:0
7003,-3.2,0,2700,20,0,Gal,d18:1,20:0
7004,-3.0,0,2700,20,0,Gal,d18:1,20:0
7005,-2.8,0,2700,20,0,Gal,d18:1,20:0
7006,-2.6,0,2700,20,0,Gal,d18:1,20:0
7007,-2.4,0,2700,20,0,Gal,d18:1,20:0
7008,-2.2,0,2700,20,0,Gal,d18:1,20:0
7009,-2.0,0,2700,20,0,Gal,d18:1,20:0
7010,-1.8,0,2700,20,0,Gal,d18:1,20:0
7011,-1.6,20,2700,20,0,Gal,d18:1,20:0
7012,-1.4,80,2700,20,0,Gal,d18:1,20:0
7013,-1.2,200,2700,20,0,Gal,d18:1,20:0
7014,-1.0,1400,2700,20,0,Gal,d18:1,20:0
7015,-0.8,2440,2700,20,0,Gal,d18:1,20:0
7016,-0.6,4540,2700,20,0,Gal,d18:1,20:0
7017,-0.4,6740,2700,20,0,Gal,d18:1,20:0
7018,-0.2,5820,2700,20,0,Gal,d18:1,20:0
7019,0.0,5860,2700,20,0,Gal,d18:1,20:0
7020,0.2,5400,2700,20,0,Gal,d18:1,20:0
7021,0.4,3380,2700,20,0,Gal,d18:1,20:0
7022,0.6,2280,2700,20,0,Gal,d18:1,20:0
7023,0.8,1020,2700,20,0,Gal,d18:1,20:0
7024,1.0,360,2700,20,0,Gal,d18:1,20:0
7025,1.2,400,2700,20,0,Gal,d18:1,20:0
7026,1.4,60,2700,20,0,Gal,d18:1,20:0
7027,1.6,100,2700,20,0,Gal,d18:1,20:0
7028,1.8,60,2700,20,0,Gal,d18:1,20:0
7029,2.0,80,2700,20,0,Gal,d18:1,20:0
7030,2.2,0,2700,20,0,Gal,d18:1,20:0
7031,2.4,0,2700,20,0,Gal,d18:1,20:0
7032,2.6,0,2700,20,0,Gal,d18:1,20:0
7033,2.8,0,2700,20,0,Gal,d18:1,20:0
7034,3.0,0,2700,20,0,Gal,d18:1,20:0
7035,3.2,0,2700,20,0,Gal,d18:1,20:0
7036,3.4,0,2700,20,0,Gal,d18:1,20:0
7037,3.6,0,2700,20,0,Gal,d18:1,20:0
7038,3.8,0,2700,20,0,Gal,d18:1,20:0
7039,4.0,0,2700,20,0,Gal,d18:1,20:0
7040,4.2,0,2700,20,0,Gal,d18:1,20:0
7041,4.4,0,2700,20,0,Gal,d18:1,20:0
7042,4.6,0,2700,20,0,Gal,d18:1,20:0
7043,4.8,0,2700,20,0,Gal,d18:1,20:0
7044,5.0,0,2700,20,0,Gal,d18:1,20:0
7045,5.2,0,2700,20,0,Gal,d18:1,20:0
7046,5.4,0,2700,20,0,Gal,d18:1,20:0
7047,5.6,0,2700,20,0,Gal,d18:1,20:0
7048,5.8,0,2700,20,0,Gal,d18:1,20:0
7049,6.0,0,2700,20,0,Gal,d18:1,20:0
7050,6.2,0,2700,20,0,Gal,d18:1,20:0
7051,6.4,0,2700,20,0,Gal,d18:1,20:0
7052,6.6,0,2700,20,0,Gal,d18:1,20:0
7053,6.8,0,2700,20,0,Gal,d18:1,20:0
7054,7.0,0,2700,20,0,Gal,d18:1,20:0
7055,7.2,0,2700,20,0,Gal,d18:1,20:0
7056,7.4,0,2700,20,0,Gal,d18:1,20:0
7057,7.6,0,2700,20,0,Gal,d18:1,20:0
7058,7.8,0,2700,20,0,Gal,d18:1,20:0
7059,8.0,0,2700,20,0,Gal,d18:1,20:0
7060,8.2,0,2700,20,0,Gal,d18:1,20:0
7061,8.4,0,2700,20,0,Gal,d18:1,20:0
7062,8.6,0,2700,20,0,Gal,d18:1,20:0
7063,8.8,0,2700,20,0,Gal,d18:1,20:0
7064,9.0,0,2700,20,0,Gal,d18:1,20:0
7065,9.2,0,2700,20,0,Gal,d18:1,20:0
7066,9.4,0,2700,20,0,Gal,d18:1,20:0
7067,9.6,0,2700,20,0,Gal,d18:1,20:0
7068,9.8,0,2700,20,0,Gal,d18:1,20:0
7069,10.0,0,2700,20,0,Gal,d18:1,20:0
7070,-10.0,0,2800,20,0,Gal,d18:1,20:0
7071,-9.8,0,2800,20,0,Gal,d18:1,20:0
7072,-9.6,0,2800,20,0,Gal,d18:1,20:0
7073,-9.4,0,2800,20,0,Gal,d18:1,20:0
7074,-9.2,0,2800,20,0,Gal,d18:1,20:0
7075,-9.0,0,2800,20,0,Gal,d18:1,20:0
7076,-8.8,0,2800,20,0,Gal,d18:1,20:0
7077,-8.6,0,2800,20,0,Gal,d18:1,20:0
7078,-8.4,0,2800,20,0,Gal,d18:1,20:0
7079,-8.2,0,2800,20,0,Gal,d18:1,20:0
7080,-8.0,0,2800,20,0,Gal,d18:1,20:0
7081,-7.8,0,2800,20,0,Gal,d18:1,20:0
7082,-7.6,0,2800,20,0,Gal,d18:1,20:0
7083,-7.4,0,2800,20,0,Gal,d18:1,20:0
7084,-7.2,0,2800,20,0,Gal,d18:1,20:0
7085,-7.0,0,2800,20,0,Gal,d18:1,20:0
7086,-6.8,0,2800,20,0,Gal,d18:1,20:0
7087,-6.6,0,2800,20,0,Gal,d18:1,20:0
7088,-6.4,0,2800,20,0,Gal,d18:1,20:0
7089,-6.2,0,2800,20,0,Gal,d18:1,20:0
7090,-6.0,0,2800,20,0,Gal,d18:1,20:0
7091,-5.8,0,2800,20,0,Gal,d18:1,20:0
7092,-5.6,0,2800,20,0,Gal,d18:1,20:0
7093,-5.4,0,2800,20,0,Gal,d18:1,20:0
7094,-5.2,0,2800,20,0,Gal,d18:1,20:0
7095,-5.0,0,2800,20,0,Gal,d18:1,20:0
7096,-4.8,0,2800,20,0,Gal,d18:1,20:0
7097,-4.6,0,2800,20,0,Gal,d18:1,20:0
7098,-4.4,0,2800,20,0,Gal,d18:1,20:0
7099,-4.2,0,2800,20,0,Gal,d18:1,20:0
7100,-4.0,0,2800,20,0,Gal,d18:1,20:0
7101,-3.8,0,2800,20,0,Gal,d18:1,20:0
7102,-3.6,0,2800,20,0,Gal,d18:1,20:0
7103,-3.4,0,2800,20,0,Gal,d18:1,20:0
7104,-3.2,0,2800,20,0,Gal,d18:1,20:0
7105,-3.0,0,2800,20,0,Gal,d18:1,20:0
7106,-2.8,0,2800,20,0,Gal,d18:1,20:0
7107,-2.6,0,2800,20,0,Gal,d18:1,20:0
7108,-2.4,0,2800,20,0,Gal,d18:1,20:0
7109,-2.2,0,2800,20,0,Gal,d18:1,20:0
7110,-2.0,0,2800,20,0,Gal,d18:1,20:0
7111,-1.8,0,2800,20,0,Gal,d18:1,20:0
7112,-1.6,0,2800,20,0,Gal,d18:1,20:0
7113,-1.4,60,2800,20,0,Gal,d18:1,20:0
7114,-1.2,160,2800,20,0,Gal,d18:1,20:0
7115,-1.0,340,2800,20,0,Gal,d18:1,20:0
7116,-0.8,1760,2800,20,0,Gal,d18:1,20:0
7117,-0.6,4600,2800,20,0,Gal,d18:1,20:0
7118,-0.4,5560,2800,20,0,Gal,d18:1,20:0
7119,-0.2,7480,2800,20,0,Gal,d18:1,20:0
7120,0.0,5380,2800,20,0,Gal,d18:1,20:0
7121,0.2,6160,2800,20,0,Gal,d18:1,20:0
7122,0.4,4820,2800,20,0,Gal,d18:1,20:0
7123,0.6,3860,2800,20,0,Gal,d18:1,20:0
7124,0.8,2240,2800,20,0,Gal,d18:1,20:0
7125,1.0,1300,2800,20,0,Gal,d18:1,20:0
7126,1.2,620,2800,20,0,Gal,d18:1,20:0
7127,1.4,300,2800,20,0,Gal,d18:1,20:0
7128,1.6,280,2800,20,0,Gal,d18:1,20:0
7129,1.8,40,2800,20,0,Gal,d18:1,20:0
7130,2.0,0,2800,20,0,Gal,d18:1,20:0
7131,2.2,0,2800,20,0,Gal,d18:1,20:0
7132,2.4,0,2800,20,0,Gal,d18:1,20:0
7133,2.6,0,2800,20,0,Gal,d18:1,20:0
7134,2.8,0,2800,20,0,Gal,d18:1,20:0
7135,3.0,40,2800,20,0,Gal,d18:1,20:0
7136,3.2,0,2800,20,0,Gal,d18:1,20:0
7137,3.4,0,2800,20,0,Gal,d18:1,20:0
7138,3.6,0,2800,20,0,Gal,d18:1,20:0
7139,3.8,0,2800,20,0,Gal,d18:1,20:0
7140,4.0,0,2800,20,0,Gal,d18:1,20:0
7141,4.2,0,2800,20,0,Gal,d18:1,20:0
7142,4.4,0,2800,20,0,Gal,d18:1,20:0
7143,4.6,0,2800,20,0,Gal,d18:1,20:0
7144,4.8,0,2800,20,0,Gal,d18:1,20:0
7145,5.0,0,2800,20,0,Gal,d18:1,20:0
7146,5.2,0,2800,20,0,Gal,d18:1,20:0
7147,5.4,0,2800,20,0,Gal,d18:1,20:0
7148,5.6,0,2800,20,0,Gal,d18:1,20:0
7149,5.8,0,2800,20,0,Gal,d18:1,20:0
7150,6.0,0,2800,20,0,Gal,d18:1,20:0
7151,6.2,0,2800,20,0,Gal,d18:1,20:0
7152,6.4,0,2800,20,0,Gal,d18:1,20:0
7153,6.6,0,2800,20,0,Gal,d18:1,20:0
7154,6.8,0,2800,20,0,Gal,d18:1,20:0
7155,7.0,0,2800,20,0,Gal,d18:1,20:0
7156,7.2,0,2800,20,0,Gal,d18:1,20:0
7157,7.4,0,2800,20,0,Gal,d18:1,20:0
7158,7.6,0,2800,20,0,Gal,d18:1,20:0
7159,7.8,0,2800,20,0,Gal,d18:1,20:0
7160,8.0,0,2800,20,0,Gal,d18:1,20:0
7161,8.2,0,2800,20,0,Gal,d18:1,20:0
7162,8.4,0,2800,20,0,Gal,d18:1,20:0
7163,8.6,0,2800,20,0,Gal,d18:1,20:0
7164,8.8,0,2800,20,0,Gal,d18:1,20:0
7165,9.0,0,2800,20,0,Gal,d18:1,20:0
7166,9.2,0,2800,20,0,Gal,d18:1,20:0
7167,9.4,0,2800,20,0,Gal,d18:1,20:0
7168,9.6,0,2800,20,0,Gal,d18:1,20:0
7169,9.8,0,2800,20,0,Gal,d18:1,20:0
7170,10.0,0,2800,20,0,Gal,d18:1,20:0
7171,-10.0,0,2900,20,0,Gal,d18:1,20:0
7172,-9.8,0,2900,20,0,Gal,d18:1,20:0
7173,-9.6,0,2900,20,0,Gal,d18:1,20:0
7174,-9.4,0,2900,20,0,Gal,d18:1,20:0
7175,-9.2,0,2900,20,0,Gal,d18:1,20:0
7176,-9.0,0,2900,20,0,Gal,d18:1,20:0
7177,-8.8,0,2900,20,0,Gal,d18:1,20:0
7178,-8.6,0,2900,20,0,Gal,d18:1,20:0
7179,-8.4,0,2900,20,0,Gal,d18:1,20:0
7180,-8.2,0,2900,20,0,Gal,d18:1,20:0
7181,-8.0,0,2900,20,0,Gal,d18:1,20:0
7182,-7.8,0,2900,20,0,Gal,d18:1,20:0
7183,-7.6,0,2900,20,0,Gal,d18:1,20:0
7184,-7.4,0,2900,20,0,Gal,d18:1,20:0
7185,-7.2,0,2900,20,0,Gal,d18:1,20:0
7186,-7.0,0,2900,20,0,Gal,d18:1,20:0
7187,-6.8,0,2900,20,0,Gal,d18:1,20:0
7188,-6.6,0,2900,20,0,Gal,d18:1,20:0
7189,-6.4,0,2900,20,0,Gal,d18:1,20:0
7190,-6.2,0,2900,20,0,Gal,d18:1,20:0
7191,-6.0,0,2900,20,0,Gal,d18:1,20:0
7192,-5.8,0,2900,20,0,Gal,d18:1,20:0
7193,-5.6,0,2900,20,0,Gal,d18:1,20:0
7194,-5.4,0,2900,20,0,Gal,d18:1,20:0
7195,-5.2,0,2900,20,0,Gal,d18:1,20:0
7196,-5.0,0,2900,20,0,Gal,d18:1,20:0
7197,-4.8,0,2900,20,0,Gal,d18:1,20:0
7198,-4.6,0,2900,20,0,Gal,d18:1,20:0
7199,-4.4,0,2900,20,0,Gal,d18:1,20:0
7200,-4.2,0,2900,20,0,Gal,d18:1,20:0
7201,-4.0,0,2900,20,0,Gal,d18:1,20:0
7202,-3.8,0,2900,20,0,Gal,d18:1,20:0
7203,-3.6,0,2900,20,0,Gal,d18:1,20:0
7204,-3.4,0,2900,20,0,Gal,d18:1,20:0
7205,-3.2,0,2900,20,0,Gal,d18:1,20:0
7206,-3.0,0,2900,20,0,Gal,d18:1,20:0
7207,-2.8,0,2900,20,0,Gal,d18:1,20:0
7208,-2.6,60,2900,20,0,Gal,d18:1,20:0
7209,-2.4,0,2900,20,0,Gal,d18:1,20:0
7210,-2.2,0,2900,20,0,Gal,d18:1,20:0
7211,-2.0,0,2900,20,0,Gal,d18:1,20:0
7212,-1.8,80,2900,20,0,Gal,d18:1,20:0
7213,-1.6,60,2900,20,0,Gal,d18:1,20:0
7214,-1.4,40,2900,20,0,Gal,d18:1,20:0
7215,-1.2,160,2900,20,0,Gal,d18:1,20:0
7216,-1.0,460,2900,20,0,Gal,d18:1,20:0
7217,-0.8,1460,2900,20,0,Gal,d18:1,20:0
7218,-0.6,3140,2900,20,0,Gal,d18:1,20:0
7219,-0.4,6360,2900,20,0,Gal,d18:1,20:0
7220,-0.2,8880,2900,20,0,Gal,d18:1,20:0
7221,0.0,8880,2900,20,0,Gal,d18:1,20:0
7222,0.2,7460,2900,20,0,Gal,d18:1,20:0
7223,0.4,5440,2900,20,0,Gal,d18:1,20:0
7224,0.6,4600,2900,20,0,Gal,d18:1,20:0
7225,0.8,2940,2900,20,0,Gal,d18:1,20:0
7226,1.0,1580,2900,20,0,Gal,d18:1,20:0
7227,1.2,860,2900,20,0,Gal,d18:1,20:0
7228,1.4,300,2900,20,0,Gal,d18:1,20:0
7229,1.6,120,2900,20,0,Gal,d18:1,20:0
7230,1.8,160,2900,20,0,Gal,d18:1,20:0
7231,2.0,20,2900,20,0,Gal,d18:1,20:0
7232,2.2,80,2900,20,0,Gal,d18:1,20:0
7233,2.4,40,2900,20,0,Gal,d18:1,20:0
7234,2.6,20,2900,20,0,Gal,d18:1,20:0
7235,2.8,0,2900,20,0,Gal,d18:1,20:0
7236,3.0,0,2900,20,0,Gal,d18:1,20:0
7237,3.2,0,2900,20,0,Gal,d18:1,20:0
7238,3.4,0,2900,20,0,Gal,d18:1,20:0
7239,3.6,0,2900,20,0,Gal,d18:1,20:0
7240,3.8,0,2900,20,0,Gal,d18:1,20:0
7241,4.0,0,2900,20,0,Gal,d18:1,20:0
7242,4.2,0,2900,20,0,Gal,d18:1,20:0
7243,4.4,0,2900,20,0,Gal,d18:1,20:0
7244,4.6,0,2900,20,0,Gal,d18:1,20:0
7245,4.8,0,2900,20,0,Gal,d18:1,20:0
7246,5.0,0,2900,20,0,Gal,d18:1,20:0
7247,5.2,0,2900,20,0,Gal,d18:1,20:0
7248,5.4,0,2900,20,0,Gal,d18:1,20:0
7249,5.6,0,2900,20,0,Gal,d18:1,20:0
7250,5.8,0,2900,20,0,Gal,d18:1,20:0
7251,6.0,0,2900,20,0,Gal,d18:1,20:0
7252,6.2,0,2900,20,0,Gal,d18:1,20:0
7253,6.4,0,2900,20,0,Gal,d18:1,20:0
7254,6.6,0,2900,20,0,Gal,d18:1,20:0
7255,6.8,0,2900,20,0,Gal,d18:1,20:0
7256,7.0,0,2900,20,0,Gal,d18:1,20:0
7257,7.2,0,2900,20,0,Gal,d18:1,20:0
7258,7.4,0,2900,20,0,Gal,d18:1,20:0
7259,7.6,0,2900,20,0,Gal,d18:1,20:0
7260,7.8,0,2900,20,0,Gal,d18:1,20:0
7261,8.0,0,2900,20,0,Gal,d18:1,20:0
7262,8.2,0,2900,20,0,Gal,d18:1,20:0
7263,8.4,0,2900,20,0,Gal,d18:1,20:0
7264,8.6,0,2900,20,0,Gal,d18:1,20:0
7265,8.8,0,2900,20,0,Gal,d18:1,20:0
7266,9.0,0,2900,20,0,Gal,d18:1,20:0
7267,9.2,0,2900,20,0,Gal,d18:1,20:0
7268,9.4,0,2900,20,0,Gal,d18:1,20:0
7269,9.6,0,2900,20,0,Gal,d18:1,20:0
7270,9.8,0,2900,20,0,Gal,d18:1,20:0
7271,10.0,0,2900,20,0,Gal,d18:1,20:0
7272,-10.0,0,3000,20,0,Gal,d18:1,20:0
7273,-9.8,0,3000,20,0,Gal,d18:1,20:0
7274,-9.6,0,3000,20,0,Gal,d18:1,20:0
7275,-9.4,0,3000,20,0,Gal,d18:1,20:0
7276,-9.2,0,3000,20,0,Gal,d18:1,20:0
7277,-9.0,0,3000,20,0,Gal,d18:1,20:0
7278,-8.8,0,3000,20,0,Gal,d18:1,20:0
7279,-8.6,0,3000,20,0,Gal,d18:1,20:0
7280,-8.4,0,3000,20,0,Gal,d18:1,20:0
7281,-8.2,0,3000,20,0,Gal,d18:1,20:0
7282,-8.0,0,3000,20,0,Gal,d18:1,20:0
7283,-7.8,0,3000,20,0,Gal,d18:1,20:0
7284,-7.6,0,3000,20,0,Gal,d18:1,20:0
7285,-7.4,0,3000,20,0,Gal,d18:1,20:0
7286,-7.2,0,3000,20,0,Gal,d18:1,20:0
7287,-7.0,0,3000,20,0,Gal,d18:1,20:0
7288,-6.8,0,3000,20,0,Gal,d18:1,20:0
7289,-6.6,0,3000,20,0,Gal,d18:1,20:0
7290,-6.4,0,3000,20,0,Gal,d18:1,20:0
7291,-6.2,0,3000,20,0,Gal,d18:1,20:0
7292,-6.0,0,3000,20,0,Gal,d18:1,20:0
7293,-5.8,0,3000,20,0,Gal,d18:1,20:0
7294,-5.6,0,3000,20,0,Gal,d18:1,20:0
7295,-5.4,0,3000,20,0,Gal,d18:1,20:0
7296,-5.2,0,3000,20,0,Gal,d18:1,20:0
7297,-5.0,0,3000,20,0,Gal,d18:1,20:0
7298,-4.8,0,3000,20,0,Gal,d18:1,20:0
7299,-4.6,0,3000,20,0,Gal,d18:1,20:0
7300,-4.4,0,3000,20,0,Gal,d18:1,20:0
7301,-4.2,0,3000,20,0,Gal,d18:1,20:0
7302,-4.0,0,3000,20,0,Gal,d18:1,20:0
7303,-3.8,0,3000,20,0,Gal,d18:1,20:0
7304,-3.6,0,3000,20,0,Gal,d18:1,20:0
7305,-3.4,0,3000,20,0,Gal,d18:1,20:0
7306,-3.2,0,3000,20,0,Gal,d18:1,20:0
7307,-3.0,0,3000,20,0,Gal,d18:1,20:0
7308,-2.8,0,3000,20,0,Gal,d18:1,20:0
7309,-2.6,0,3000,20,0,Gal,d18:1,20:0
7310,-2.4,0,3000,20,0,Gal,d18:1,20:0
7311,-2.2,0,3000,20,0,Gal,d18:1,20:0
7312,-2.0,20,3000,20,0,Gal,d18:1,20:0
7313,-1.8,60,3000,20,0,Gal,d18:1,20:0
7314,-1.6,0,3000,20,0,Gal,d18:1,20:0
7315,-1.4,160,3000,20,0,Gal,d18:1,20:0
7316,-1.2,120,3000,20,0,Gal,d18:1,20:0
7317,-1.0,1260,3000,20,0,Gal,d18:1,20:0
7318,-0.8,2080,3000,20,0,Gal,d18:1,20:0
7319,-0.6,4860,3000,20,0,Gal,d18:1,20:0
7320,-0.4,5500,3000,20,0,Gal,d18:1,20:0
7321,-0.2,5440,3000,20,0,Gal,d18:1,20:0
7322,0.0,5140,3000,20,0,Gal,d18:1,20:0
7323,0.2,5100,3000,20,0,Gal,d18:1,20:0
7324,0.4,4240,3000,20,0,Gal,d18:1,20:0
7325,0.6,2740,3000,20,0,Gal,d18:1,20:0
7326,0.8,2040,3000,20,0,Gal,d18:1,20:0
7327,1.0,1000,3000,20,0,Gal,d18:1,20:0
7328,1.2,700,3000,20,0,Gal,d18:1,20:0
7329,1.4,420,3000,20,0,Gal,d18:1,20:0
7330,1.6,540,3000,20,0,Gal,d18:1,20:0
7331,1.8,120,3000,20,0,Gal,d18:1,20:0
7332,2.0,100,3000,20,0,Gal,d18:1,20:0
7333,2.2,20,3000,20,0,Gal,d18:1,20:0
7334,2.4,0,3000,20,0,Gal,d18:1,20:0
7335,2.6,40,3000,20,0,Gal,d18:1,20:0
7336,2.8,0,3000,20,0,Gal,d18:1,20:0
7337,3.0,40,3000,20,0,Gal,d18:1,20:0
7338,3.2,0,3000,20,0,Gal,d18:1,20:0
7339,3.4,0,3000,20,0,Gal,d18:1,20:0
7340,3.6,20,3000,20,0,Gal,d18:1,20:0
7341,3.8,0,3000,20,0,Gal,d18:1,20:0
7342,4.0,0,3000,20,0,Gal,d18:1,20:0
7343,4.2,0,3000,20,0,Gal,d18:1,20:0
7344,4.4,0,3000,20,0,Gal,d18:1,20:0
7345,4.6,0,3000,20,0,Gal,d18:1,20:0
7346,4.8,0,3000,20,0,Gal,d18:1,20:0
7347,5.0,0,3000,20,0,Gal,d18:1,20:0
7348,5.2,0,3000,20,0,Gal,d18:1,20:0
7349,5.4,0,3000,20,0,Gal,d18:1,20:0
7350,5.6,0,3000,20,0,Gal,d18:1,20:0
7351,5.8,0,3000,20,0,Gal,d18:1,20:0
7352,6.0,0,3000,20,0,Gal,d18:1,20:0
7353,6.2,0,3000,20,0,Gal,d18:1,20:0
7354,6.4,0,3000,20,0,Gal,d18:1,20:0
7355,6.6,0,3000,20,0,Gal,d18:1,20:0
7356,6.8,0,3000,20,0,Gal,d18:1,20:0
7357,7.0,0,3000,20,0,Gal,d18:1,20:0
7358,7.2,0,3000,20,0,Gal,d18:1,20:0
7359,7.4,0,3000,20,0,Gal,d18:1,20:0
7360,7.6,0,3000,20,0,Gal,d18:1,20:0
7361,7.8,0,3000,20,0,Gal,d18:1,20:0
7362,8.0,0,3000,20,0,Gal,d18:1,20:0
7363,8.2,0,3000,20,0,Gal,d18:1,20:0
7364,8.4,0,3000,20,0,Gal,d18:1,20:0
7365,8.6,0,3000,20,0,Gal,d18:1,20:0
7366,8.8,0,3000,20,0,Gal,d18:1,20:0
7367,9.0,0,3000,20,0,Gal,d18:1,20:0
7368,9.2,0,3000,20,0,Gal,d18:1,20:0
7369,9.4,0,3000,20,0,Gal,d18:1,20:0
7370,9.6,0,3000,20,0,Gal,d18:1,20:0
7371,9.8,0,3000,20,0,Gal,d18:1,20:0
7372,10.0,0,3000,20,0,Gal,d18:1,20:0
7373,-10.0,0,3100,20,0,Gal,d18:1,20:0
7374,-9.8,0,3100,20,0,Gal,d18:1,20:0
7375,-9.6,0,3100,20,0,Gal,d18:1,20:0
7376,-9.4,0,3100,20,0,Gal,d18:1,20:0
7377,-9.2,0,3100,20,0,Gal,d18:1,20:0
7378,-9.0,0,3100,20,0,Gal,d18:1,20:0
7379,-8.8,0,3100,20,0,Gal,d18:1,20:0
7380,-8.6,0,3100,20,0,Gal,d18:1,20:0
7381,-8.4,0,3100,20,0,Gal,d18:1,20:0
7382,-8.2,0,3100,20,0,Gal,d18:1,20:0
7383,-8.0,0,3100,20,0,Gal,d18:1,20:0
7384,-7.8,0,3100,20,0,Gal,d18:1,20:0
7385,-7.6,0,3100,20,0,Gal,d18:1,20:0
7386,-7.4,0,3100,20,0,Gal,d18:1,20:0
7387,-7.2,0,3100,20,0,Gal,d18:1,20:0
7388,-7.0,0,3100,20,0,Gal,d18:1,20:0
7389,-6.8,0,3100,20,0,Gal,d18:1,20:0
7390,-6.6,0,3100,20,0,Gal,d18:1,20:0
7391,-6.4,0,3100,20,0,Gal,d18:1,20:0
7392,-6.2,0,3100,20,0,Gal,d18:1,20:0
7393,-6.0,0,3100,20,0,Gal,d18:1,20:0
7394,-5.8,0,3100,20,0,Gal,d18:1,20:0
7395,-5.6,0,3100,20,0,Gal,d18:1,20:0
7396,-5.4,0,3100,20,0,Gal,d18:1,20:0
7397,-5.2,0,3100,20,0,Gal,d18:1,20:0
7398,-5.0,0,3100,20,0,Gal,d18:1,20:0
7399,-4.8,0,3100,20,0,Gal,d18:1,20:0
7400,-4.6,0,3100,20,0,Gal,d18:1,20:0
7401,-4.4,0,3100,20,0,Gal,d18:1,20:0
7402,-4.2,0,3100,20,0,Gal,d18:1,20:0
7403,-4.0,0,3100,20,0,Gal,d18:1,20:0
7404,-3.8,0,3100,20,0,Gal,d18:1,20:0
7405,-3.6,0,3100,20,0,Gal,d18:1,20:0
7406,-3.4,0,3100,20,0,Gal,d18:1,20:0
7407,-3.2,0,3100,20,0,Gal,d18:1,20:0
7408,-3.0,0,3100,20,0,Gal,d18:1,20:0
7409,-2.8,0,3100,20,0,Gal,d18:1,20:0
7410,-2.6,0,3100,20,0,Gal,d18:1,20:0
7411,-2.4,0,3100,20,0,Gal,d18:1,20:0
7412,-2.2,0,3100,20,0,Gal,d18:1,20:0
7413,-2.0,0,3100,20,0,Gal,d18:1,20:0
7414,-1.8,40,3100,20,0,Gal,d18:1,20:0
7415,-1.6,20,3100,20,0,Gal,d18:1,20:0
7416,-1.4,20,3100,20,0,Gal,d18:1,20:0
7417,-1.2,80,3100,20,0,Gal,d18:1,20:0
7418,-1.0,20,3100,20,0,Gal,d18:1,20:0
7419,-0.8,580,3100,20,0,Gal,d18:1,20:0
7420,-0.6,2120,3100,20,0,Gal,d18:1,20:0
7421,-0.4,4440,3100,20,0,Gal,d18:1,20:0
7422,-0.2,5220,3100,20,0,Gal,d18:1,20:0
7423,0.0,7260,3100,20,0,Gal,d18:1,20:0
7424,0.2,5860,3100,20,0,Gal,d18:1,20:0
7425,0.4,4500,3100,20,0,Gal,d18:1,20:0
7426,0.6,3960,3100,20,0,Gal,d18:1,20:0
7427,0.8,2440,3100,20,0,Gal,d18:1,20:0
7428,1.0,1720,3100,20,0,Gal,d18:1,20:0
7429,1.2,1100,3100,20,0,Gal,d18:1,20:0
7430,1.4,420,3100,20,0,Gal,d18:1,20:0
7431,1.6,360,3100,20,0,Gal,d18:1,20:0
7432,1.8,460,3100,20,0,Gal,d18:1,20:0
7433,2.0,120,3100,20,0,Gal,d18:1,20:0
7434,2.2,120,3100,20,0,Gal,d18:1,20:0
7435,2.4,40,3100,20,0,Gal,d18:1,20:0
7436,2.6,0,3100,20,0,Gal,d18:1,20:0
7437,2.8,0,3100,20,0,Gal,d18:1,20:0
7438,3.0,40,3100,20,0,Gal,d18:1,20:0
7439,3.2,20,3100,20,0,Gal,d18:1,20:0
7440,3.4,0,3100,20,0,Gal,d18:1,20:0
7441,3.6,0,3100,20,0,Gal,d18:1,20:0
7442,3.8,0,3100,20,0,Gal,d18:1,20:0
7443,4.0,0,3100,20,0,Gal,d18:1,20:0
7444,4.2,0,3100,20,0,Gal,d18:1,20:0
7445,4.4,0,3100,20,0,Gal,d18:1,20:0
7446,4.6,0,3100,20,0,Gal,d18:1,20:0
7447,4.8,0,3100,20,0,Gal,d18:1,20:0
7448,5.0,0,3100,20,0,Gal,d18:1,20:0
7449,5.2,0,3100,20,0,Gal,d18:1,20:0
7450,5.4,0,3100,20,0,Gal,d18:1,20:0
7451,5.6,0,3100,20,0,Gal,d18:1,20:0
7452,5.8,0,3100,20,0,Gal,d18:1,20:0
7453,6.0,0,3100,20,0,Gal,d18:1,20:0
7454,6.2,0,3100,20,0,Gal,d18:1,20:0
7455,6.4,0,3100,20,0,Gal,d18:1,20:0
7456,6.6,0,3100,20,0,Gal,d18:1,20:0
7457,6.8,0,3100,20,0,Gal,d18:1,20:0
7458,7.0,0,3100,20,0,Gal,d18:1,20:0
7459,7.2,0,3100,20,0,Gal,d18:1,20:0
7460,7.4,0,3100,20,0,Gal,d18:1,20:0
7461,7.6,0,3100,20,0,Gal,d18:1,20:0
7462,7.8,0,3100,20,0,Gal,d18:1,20:0
7463,8.0,0,3100,20,0,Gal,d18:1,20:0
7464,8.2,0,3100,20,0,Gal,d18:1,20:0
7465,8.4,0,3100,20,0,Gal,d18:1,20:0
7466,8.6,0,3100,20,0,Gal,d18:1,20:0
7467,8.8,0,3100,20,0,Gal,d18:1,20:0
7468,9.0,0,3100,20,0,Gal,d18:1,20:0
7469,9.2,0,3100,20,0,Gal,d18:1,20:0
7470,9.4,0,3100,20,0,Gal,d18:1,20:0
7471,9.6,0,3100,20,0,Gal,d18:1,20:0
7472,9.8,0,3100,20,0,Gal,d18:1,20:0
7473,10.0,0,3100,20,0,Gal,d18:1,20:0
7474,-10.0,0,3200,20,0,Gal,d18:1,20:0
7475,-9.8,0,3200,20,0,Gal,d18:1,20:0
7476,-9.6,0,3200,20,0,Gal,d18:1,20:0
7477,-9.4,0,3200,20,0,Gal,d18:1,20:0
7478,-9.2,0,3200,20,0,Gal,d18:1,20:0
7479,-9.0,0,3200,20,0,Gal,d18:1,20:0
7480,-8.8,0,3200,20,0,Gal,d18:1,20:0
7481,-8.6,0,3200,20,0,Gal,d18:1,20:0
7482,-8.4,0,3200,20,0,Gal,d18:1,20:0
7483,-8.2,0,3200,20,0,Gal,d18:1,20:0
7484,-8.0,0,3200,20,0,Gal,d18:1,20:0
7485,-7.8,0,3200,20,0,Gal,d18:1,20:0
7486,-7.6,0,3200,20,0,Gal,d18:1,20:0
7487,-7.4,0,3200,20,0,Gal,d18:1,20:0
7488,-7.2,0,3200,20,0,Gal,d18:1,20:0
7489,-7.0,0,3200,20,0,Gal,d18:1,20:0
7490,-6.8,0,3200,20,0,Gal,d18:1,20:0
7491,-6.6,0,3200,20,0,Gal,d18:1,20:0
7492,-6.4,0,3200,20,0,Gal,d18:1,20:0
7493,-6.2,0,3200,20,0,Gal,d18:1,20:0
7494,-6.0,0,3200,20,0,Gal,d18:1,20:0
7495,-5.8,0,3200,20,0,Gal,d18:1,20:0
7496,-5.6,0,3200,20,0,Gal,d18:1,20:0
7497,-5.4,0,3200,20,0,Gal,d18:1,20:0
7498,-5.2,0,3200,20,0,Gal,d18:1,20:0
7499,-5.0,0,3200,20,0,Gal,d18:1,20:0
7500,-4.8,0,3200,20,0,Gal,d18:1,20:0
7501,-4.6,0,3200,20,0,Gal,d18:1,20:0
7502,-4.4,0,3200,20,0,Gal,d18:1,20:0
7503,-4.2,0,3200,20,0,Gal,d18:1,20:0
7504,-4.0,0,3200,20,0,Gal,d18:1,20:0
7505,-3.8,0,3200,20,0,Gal,d18:1,20:0
7506,-3.6,0,3200,20,0,Gal,d18:1,20:0
7507,-3.4,0,3200,20,0,Gal,d18:1,20:0
7508,-3.2,0,3200,20,0,Gal,d18:1,20:0
7509,-3.0,0,3200,20,0,Gal,d18:1,20:0
7510,-2.8,40,3200,20,0,Gal,d18:1,20:0
7511,-2.6,0,3200,20,0,Gal,d18:1,20:0
7512,-2.4,0,3200,20,0,Gal,d18:1,20:0
7513,-2.2,0,3200,20,0,Gal,d18:1,20:0
7514,-2.0,0,3200,20,0,Gal,d18:1,20:0
7515,-1.8,60,3200,20,0,Gal,d18:1,20:0
7516,-1.6,0,3200,20,0,Gal,d18:1,20:0
7517,-1.4,160,3200,20,0,Gal,d18:1,20:0
7518,-1.2,920,3200,20,0,Gal,d18:1,20:0
7519,-1.0,3040,3200,20,0,Gal,d18:1,20:0
7520,-0.8,3340,3200,20,0,Gal,d18:1,20:0
7521,-0.6,5460,3200,20,0,Gal,d18:1,20:0
7522,-0.4,4780,3200,20,0,Gal,d18:1,20:0
7523,-0.2,4920,3200,20,0,Gal,d18:1,20:0
7524,0.0,4100,3200,20,0,Gal,d18:1,20:0
7525,0.2,3440,3200,20,0,Gal,d18:1,20:0
7526,0.4,2180,3200,20,0,Gal,d18:1,20:0
7527,0.6,1380,3200,20,0,Gal,d18:1,20:0
7528,0.8,1280,3200,20,0,Gal,d18:1,20:0
7529,1.0,800,3200,20,0,Gal,d18:1,20:0
7530,1.2,480,3200,20,0,Gal,d18:1,20:0
7531,1.4,340,3200,20,0,Gal,d18:1,20:0
7532,1.6,300,3200,20,0,Gal,d18:1,20:0
7533,1.8,20,3200,20,0,Gal,d18:1,20:0
7534,2.0,0,3200,20,0,Gal,d18:1,20:0
7535,2.2,60,3200,20,0,Gal,d18:1,20:0
7536,2.4,40,3200,20,0,Gal,d18:1,20:0
7537,2.6,60,3200,20,0,Gal,d18:1,20:0
7538,2.8,0,3200,20,0,Gal,d18:1,20:0
7539,3.0,20,3200,20,0,Gal,d18:1,20:0
7540,3.2,40,3200,20,0,Gal,d18:1,20:0
7541,3.4,0,3200,20,0,Gal,d18:1,20:0
7542,3.6,0,3200,20,0,Gal,d18:1,20:0
7543,3.8,0,3200,20,0,Gal,d18:1,20:0
7544,4.0,0,3200,20,0,Gal,d18:1,20:0
7545,4.2,0,3200,20,0,Gal,d18:1,20:0
7546,4.4,0,3200,20,0,Gal,d18:1,20:0
7547,4.6,0,3200,20,0,Gal,d18:1,20:0
7548,4.8,0,3200,20,0,Gal,d18:1,20:0
7549,5.0,0,3200,20,0,Gal,d18:1,20:0
7550,5.2,0,3200,20,0,Gal,d18:1,20:0
7551,5.4,0,3200,20,0,Gal,d18:1,20:0
7552,5.6,0,3200,20,0,Gal,d18:1,20:0
7553,5.8,0,3200,20,0,Gal,d18:1,20:0
7554,6.0,0,3200,20,0,Gal,d18:1,20:0
7555,6.2,0,3200,20,0,Gal,d18:1,20:0
7556,6.4,0,3200,20,0,Gal,d18:1,20:0
7557,6.6,0,3200,20,0,Gal,d18:1,20:0
7558,6.8,0,3200,20,0,Gal,d18:1,20:0
7559,7.0,0,3200,20,0,Gal,d18:1,20:0
7560,7.2,0,3200,20,0,Gal,d18:1,20:0
7561,7.4,0,3200,20,0,Gal,d18:1,20:0
7562,7.6,0,3200,20,0,Gal,d18:1,20:0
7563,7.8,0,3200,20,0,Gal,d18:1,20:0
7564,8.0,0,3200,20,0,Gal,d18:1,20:0
7565,8.2,0,3200,20,0,Gal,d18:1,20:0
7566,8.4,0,3200,20,0,Gal,d18:1,20:0
7567,8.6,0,3200,20,0,Gal,d18:1,20:0
7568,8.8,0,3200,20,0,Gal,d18:1,20:0
7569,9.0,0,3200,20,0,Gal,d18:1,20:0
7570,9.2,0,3200,20,0,Gal,d18:1,20:0
7571,9.4,0,3200,20,0,Gal,d18:1,20:0
7572,9.6,0,3200,20,0,Gal,d18:1,20:0
7573,9.8,0,3200,20,0,Gal,d18:1,20:0
7574,10.0,0,3200,20,0,Gal,d18:1,20:0
7575,-10.0,0,3300,20,0,Gal,d18:1,20:0
7576,-9.8,0,3300,20,0,Gal,d18:1,20:0
7577,-9.6,0,3300,20,0,Gal,d18:1,20:0
7578,-9.4,0,3300,20,0,Gal,d18:1,20:0
7579,-9.2,0,3300,20,0,Gal,d18:1,20:0
7580,-9.0,0,3300,20,0,Gal,d18:1,20:0
7581,-8.8,0,3300,20,0,Gal,d18:1,20:0
7582,-8.6,0,3300,20,0,Gal,d18:1,20:0
7583,-8.4,0,3300,20,0,Gal,d18:1,20:0
7584,-8.2,0,3300,20,0,Gal,d18:1,20:0
7585,-8.0,0,3300,20,0,Gal,d18:1,20:0
7586,-7.8,0,3300,20,0,Gal,d18:1,20:0
7587,-7.6,0,3300,20,0,Gal,d18:1,20:0
7588,-7.4,0,3300,20,0,Gal,d18:1,20:0
7589,-7.2,0,3300,20,0,Gal,d18:1,20:0
7590,-7.0,0,3300,20,0,Gal,d18:1,20:0
7591,-6.8,0,3300,20,0,Gal,d18:1,20:0
7592,-6.6,0,3300,20,0,Gal,d18:1,20:0
7593,-6.4,0,3300,20,0,Gal,d18:1,20:0
7594,-6.2,0,3300,20,0,Gal,d18:1,20:0
7595,-6.0,0,3300,20,0,Gal,d18:1,20:0
7596,-5.8,0,3300,20,0,Gal,d18:1,20:0
7597,-5.6,0,3300,20,0,Gal,d18:1,20:0
7598,-5.4,0,3300,20,0,Gal,d18:1,20:0
7599,-5.2,0,3300,20,0,Gal,d18:1,20:0
7600,-5.0,0,3300,20,0,Gal,d18:1,20:0
7601,-4.8,0,3300,20,0,Gal,d18:1,20:0
7602,-4.6,0,3300,20,0,Gal,d18:1,20:0
7603,-4.4,0,3300,20,0,Gal,d18:1,20:0
7604,-4.2,0,3300,20,0,Gal,d18:1,20:0
7605,-4.0,0,3300,20,0,Gal,d18:1,20:0
7606,-3.8,0,3300,20,0,Gal,d18:1,20:0
7607,-3.6,0,3300,20,0,Gal,d18:1,20:0
7608,-3.4,0,3300,20,0,Gal,d18:1,20:0
7609,-3.2,0,3300,20,0,Gal,d18:1,20:0
7610,-3.0,0,3300,20,0,Gal,d18:1,20:0
7611,-2.8,20,3300,20,0,Gal,d18:1,20:0
7612,-2.6,0,3300,20,0,Gal,d18:1,20:0
7613,-2.4,0,3300,20,0,Gal,d18:1,20:0
7614,-2.2,100,3300,20,0,Gal,d18:1,20:0
7615,-2.0,40,3300,20,0,Gal,d18:1,20:0
7616,-1.8,0,3300,20,0,Gal,d18:1,20:0
7617,-1.6,40,3300,20,0,Gal,d18:1,20:0
7618,-1.4,20,3300,20,0,Gal,d18:1,20:0
7619,-1.2,40,3300,20,0,Gal,d18:1,20:0
7620,-1.0,100,3300,20,0,Gal,d18:1,20:0
7621,-0.8,20,3300,20,0,Gal,d18:1,20:0
7622,-0.6,360,3300,20,0,Gal,d18:1,20:0
7623,-0.4,1140,3300,20,0,Gal,d18:1,20:0
7624,-0.2,3040,3300,20,0,Gal,d18:1,20:0
7625,0.0,5100,3300,20,0,Gal,d18:1,20:0
7626,0.2,5760,3300,20,0,Gal,d18:1,20:0
7627,0.4,6540,3300,20,0,Gal,d18:1,20:0
7628,0.6,6120,3300,20,0,Gal,d18:1,20:0
7629,0.8,4080,3300,20,0,Gal,d18:1,20:0
7630,1.0,2360,3300,20,0,Gal,d18:1,20:0
7631,1.2,1800,3300,20,0,Gal,d18:1,20:0
7632,1.4,900,3300,20,0,Gal,d18:1,20:0
7633,1.6,600,3300,20,0,Gal,d18:1,20:0
7634,1.8,200,3300,20,0,Gal,d18:1,20:0
7635,2.0,260,3300,20,0,Gal,d18:1,20:0
7636,2.2,120,3300,20,0,Gal,d18:1,20:0
7637,2.4,40,3300,20,0,Gal,d18:1,20:0
7638,2.6,20,3300,20,0,Gal,d18:1,20:0
7639,2.8,40,3300,20,0,Gal,d18:1,20:0
7640,3.0,20,3300,20,0,Gal,d18:1,20:0
7641,3.2,40,3300,20,0,Gal,d18:1,20:0
7642,3.4,20,3300,20,0,Gal,d18:1,20:0
7643,3.6,20,3300,20,0,Gal,d18:1,20:0
7644,3.8,0,3300,20,0,Gal,d18:1,20:0
7645,4.0,0,3300,20,0,Gal,d18:1,20:0
7646,4.2,0,3300,20,0,Gal,d18:1,20:0
7647,4.4,0,3300,20,0,Gal,d18:1,20:0
7648,4.6,0,3300,20,0,Gal,d18:1,20:0
7649,4.8,0,3300,20,0,Gal,d18:1,20:0
7650,5.0,0,3300,20,0,Gal,d18:1,20:0
7651,5.2,0,3300,20,0,Gal,d18:1,20:0
7652,5.4,0,3300,20,0,Gal,d18:1,20:0
7653,5.6,0,3300,20,0,Gal,d18:1,20:0
7654,5.8,0,3300,20,0,Gal,d18:1,20:0
7655,6.0,0,3300,20,0,Gal,d18:1,20:0
7656,6.2,0,3300,20,0,Gal,d18:1,20:0
7657,6.4,0,3300,20,0,Gal,d18:1,20:0
7658,6.6,0,3300,20,0,Gal,d18:1,20:0
7659,6.8,0,3300,20,0,Gal,d18:1,20:0
7660,7.0,0,3300,20,0,Gal,d18:1,20:0
7661,7.2,0,3300,20,0,Gal,d18:1,20:0
7662,7.4,0,3300,20,0,Gal,d18:1,20:0
7663,7.6,0,3300,20,0,Gal,d18:1,20:0
7664,7.8,0,3300,20,0,Gal,d18:1,20:0
7665,8.0,0,3300,20,0,Gal,d18:1,20:0
7666,8.2,0,3300,20,0,Gal,d18:1,20:0
7667,8.4,0,3300,20,0,Gal,d18:1,20:0
7668,8.6,0,3300,20,0,Gal,d18:1,20:0
7669,8.8,0,3300,20,0,Gal,d18:1,20:0
7670,9.0,0,3300,20,0,Gal,d18:1,20:0
7671,9.2,0,3300,20,0,Gal,d18:1,20:0
7672,9.4,0,3300,20,0,Gal,d18:1,20:0
7673,9.6,0,3300,20,0,Gal,d18:1,20:0
7674,9.8,0,3300,20,0,Gal,d18:1,20:0
7675,10.0,0,3300,20,0,Gal,d18:1,20:0
7676,-10.0,0,3400,20,0,Gal,d18:1,20:0
7677,-9.8,0,3400,20,0,Gal,d18:1,20:0
7678,-9.6,0,3400,20,0,Gal,d18:1,20:0
7679,-9.4,0,3400,20,0,Gal,d18:1,20:0
7680,-9.2,0,3400,20,0,Gal,d18:1,20:0
7681,-9.0,0,3400,20,0,Gal,d18:1,20:0
7682,-8.8,0,3400,20,0,Gal,d18:1,20:0
7683,-8.6,0,3400,20,0,Gal,d18:1,20:0
7684,-8.4,0,3400,20,0,Gal,d18:1,20:0
7685,-8.2,0,3400,20,0,Gal,d18:1,20:0
7686,-8.0,0,3400,20,0,Gal,d18:1,20:0
7687,-7.8,0,3400,20,0,Gal,d18:1,20:0
7688,-7.6,0,3400,20,0,Gal,d18:1,20:0
7689,-7.4,0,3400,20,0,Gal,d18:1,20:0
7690,-7.2,0,3400,20,0,Gal,d18:1,20:0
7691,-7.0,0,3400,20,0,Gal,d18:1,20:0
7692,-6.8,0,3400,20,0,Gal,d18:1,20:0
7693,-6.6,0,3400,20,0,Gal,d18:1,20:0
7694,-6.4,0,3400,20,0,Gal,d18:1,20:0
7695,-6.2,0,3400,20,0,Gal,d18:1,20:0
7696,-6.0,0,3400,20,0,Gal,d18:1,20:0
7697,-5.8,0,3400,20,0,Gal,d18:1,20:0
7698,-5.6,0,3400,20,0,Gal,d18:1,20:0
7699,-5.4,0,3400,20,0,Gal,d18:1,20:0
7700,-5.2,0,3400,20,0,Gal,d18:1,20:0
7701,-5.0,0,3400,20,0,Gal,d18:1,20:0
7702,-4.8,0,3400,20,0,Gal,d18:1,20:0
7703,-4.6,0,3400,20,0,Gal,d18:1,20:0
7704,-4.4,0,3400,20,0,Gal,d18:1,20:0
7705,-4.2,0,3400,20,0,Gal,d18:1,20:0
7706,-4.0,0,3400,20,0,Gal,d18:1,20:0
7707,-3.8,0,3400,20,0,Gal,d18:1,20:0
7708,-3.6,0,3400,20,0,Gal,d18:1,20:0
7709,-3.4,0,3400,20,0,Gal,d18:1,20:0
7710,-3.2,0,3400,20,0,Gal,d18:1,20:0
7711,-3.0,0,3400,20,0,Gal,d18:1,20:0
7712,-2.8,0,3400,20,0,Gal,d18:1,20:0
7713,-2.6,0,3400,20,0,Gal,d18:1,20:0
7714,-2.4,0,3400,20,0,Gal,d18:1,20:0
7715,-2.2,0,3400,20,0,Gal,d18:1,20:0
7716,-2.0,0,3400,20,0,Gal,d18:1,20:0
7717,-1.8,0,3400,20,0,Gal,d18:1,20:0
7718,-1.6,40,3400,20,0,Gal,d18:1,20:0
7719,-1.4,60,3400,20,0,Gal,d18:1,20:0
7720,-1.2,100,3400,20,0,Gal,d18:1,20:0
7721,-1.0,0,3400,20,0,Gal,d18:1,20:0
7722,-0.8,40,3400,20,0,Gal,d18:1,20:0
7723,-0.6,360,3400,20,0,Gal,d18:1,20:0
7724,-0.4,500,3400,20,0,Gal,d18:1,20:0
7725,-0.2,3080,3400,20,0,Gal,d18:1,20:0
7726,0.0,4500,3400,20,0,Gal,d18:1,20:0
7727,0.2,7540,3400,20,0,Gal,d18:1,20:0
7728,0.4,10940,3400,20,0,Gal,d18:1,20:0
7729,0.6,9740,3400,20,0,Gal,d18:1,20:0
7730,0.8,8840,3400,20,0,Gal,d18:1,20:0
7731,1.0,7120,3400,20,0,Gal,d18:1,20:0
7732,1.2,3840,3400,20,0,Gal,d18:1,20:0
7733,1.4,2340,3400,20,0,Gal,d18:1,20:0
7734,1.6,1140,3400,20,0,Gal,d18:1,20:0
7735,1.8,560,3400,20,0,Gal,d18:1,20:0
7736,2.0,480,3400,20,0,Gal,d18:1,20:0
7737,2.2,320,3400,20,0,Gal,d18:1,20:0
7738,2.4,180,3400,20,0,Gal,d18:1,20:0
7739,2.6,140,3400,20,0,Gal,d18:1,20:0
7740,2.8,200,3400,20,0,Gal,d18:1,20:0
7741,3.0,220,3400,20,0,Gal,d18:1,20:0
7742,3.2,20,3400,20,0,Gal,d18:1,20:0
7743,3.4,40,3400,20,0,Gal,d18:1,20:0
7744,3.6,40,3400,20,0,Gal,d18:1,20:0
7745,3.8,100,3400,20,0,Gal,d18:1,20:0
7746,4.0,80,3400,20,0,Gal,d18:1,20:0
7747,4.2,120,3400,20,0,Gal,d18:1,20:0
7748,4.4,0,3400,20,0,Gal,d18:1,20:0
7749,4.6,0,3400,20,0,Gal,d18:1,20:0
7750,4.8,0,3400,20,0,Gal,d18:1,20:0
7751,5.0,0,3400,20,0,Gal,d18:1,20:0
7752,5.2,0,3400,20,0,Gal,d18:1,20:0
7753,5.4,0,3400,20,0,Gal,d18:1,20:0
7754,5.6,0,3400,20,0,Gal,d18:1,20:0
7755,5.8,0,3400,20,0,Gal,d18:1,20:0
7756,6.0,0,3400,20,0,Gal,d18:1,20:0
7757,6.2,0,3400,20,0,Gal,d18:1,20:0
7758,6.4,0,3400,20,0,Gal,d18:1,20:0
7759,6.6,0,3400,20,0,Gal,d18:1,20:0
7760,6.8,0,3400,20,0,Gal,d18:1,20:0
7761,7.0,0,3400,20,0,Gal,d18:1,20:0
7762,7.2,0,3400,20,0,Gal,d18:1,20:0
7763,7.4,0,3400,20,0,Gal,d18:1,20:0
7764,7.6,0,3400,20,0,Gal,d18:1,20:0
7765,7.8,0,3400,20,0,Gal,d18:1,20:0
7766,8.0,0,3400,20,0,Gal,d18:1,20:0
7767,8.2,0,3400,20,0,Gal,d18:1,20:0
7768,8.4,0,3400,20,0,Gal,d18:1,20:0
7769,8.6,0,3400,20,0,Gal,d18:1,20:0
7770,8.8,0,3400,20,0,Gal,d18:1,20:0
7771,9.0,0,3400,20,0,Gal,d18:1,20:0
7772,9.2,0,3400,20,0,Gal,d18:1,20:0
7773,9.4,0,3400,20,0,Gal,d18:1,20:0
7774,9.6,0,3400,20,0,Gal,d18:1,20:0
7775,9.8,0,3400,20,0,Gal,d18:1,20:0
7776,10.0,0,3400,20,0,Gal,d18:1,20:0
7777,-10.0,0,3500,20,0,Gal,d18:1,20:0
7778,-9.8,0,3500,20,0,Gal,d18:1,20:0
7779,-9.6,0,3500,20,0,Gal,d18:1,20:0
7780,-9.4,0,3500,20,0,Gal,d18:1,20:0
7781,-9.2,0,3500,20,0,Gal,d18:1,20:0
7782,-9.0,0,3500,20,0,Gal,d18:1,20:0
7783,-8.8,0,3500,20,0,Gal,d18:1,20:0
7784,-8.6,0,3500,20,0,Gal,d18:1,20:0
7785,-8.4,0,3500,20,0,Gal,d18:1,20:0
7786,-8.2,0,3500,20,0,Gal,d18:1,20:0
7787,-8.0,0,3500,20,0,Gal,d18:1,20:0
7788,-7.8,0,3500,20,0,Gal,d18:1,20:0
7789,-7.6,0,3500,20,0,Gal,d18:1,20:0
7790,-7.4,0,3500,20,0,Gal,d18:1,20:0
7791,-7.2,0,3500,20,0,Gal,d18:1,20:0
7792,-7.0,0,3500,20,0,Gal,d18:1,20:0
7793,-6.8,0,3500,20,0,Gal,d18:1,20:0
7794,-6.6,0,3500,20,0,Gal,d18:1,20:0
7795,-6.4,0,3500,20,0,Gal,d18:1,20:0
7796,-6.2,0,3500,20,0,Gal,d18:1,20:0
7797,-6.0,0,3500,20,0,Gal,d18:1,20:0
7798,-5.8,0,3500,20,0,Gal,d18:1,20:0
7799,-5.6,0,3500,20,0,Gal,d18:1,20:0
7800,-5.4,0,3500,20,0,Gal,d18:1,20:0
7801,-5.2,0,3500,20,0,Gal,d18:1,20:0
7802,-5.0,0,3500,20,0,Gal,d18:1,20:0
7803,-4.8,0,3500,20,0,Gal,d18:1,20:0
7804,-4.6,0,3500,20,0,Gal,d18:1,20:0
7805,-4.4,0,3500,20,0,Gal,d18:1,20:0
7806,-4.2,0,3500,20,0,Gal,d18:1,20:0
7807,-4.0,0,3500,20,0,Gal,d18:1,20:0
7808,-3.8,0,3500,20,0,Gal,d18:1,20:0
7809,-3.6,0,3500,20,0,Gal,d18:1,20:0
7810,-3.4,0,3500,20,0,Gal,d18:1,20:0
7811,-3.2,0,3500,20,0,Gal,d18:1,20:0
7812,-3.0,0,3500,20,0,Gal,d18:1,20:0
7813,-2.8,0,3500,20,0,Gal,d18:1,20:0
7814,-2.6,40,3500,20,0,Gal,d18:1,20:0
7815,-2.4,0,3500,20,0,Gal,d18:1,20:0
7816,-2.2,0,3500,20,0,Gal,d18:1,20:0
7817,-2.0,0,3500,20,0,Gal,d18:1,20:0
7818,-1.8,0,3500,20,0,Gal,d18:1,20:0
7819,-1.6,40,3500,20,0,Gal,d18:1,20:0
7820,-1.4,0,3500,20,0,Gal,d18:1,20:0
7821,-1.2,0,3500,20,0,Gal,d18:1,20:0
7822,-1.0,40,3500,20,0,Gal,d18:1,20:0
7823,-0.8,420,3500,20,0,Gal,d18:1,20:0
7824,-0.6,920,3500,20,0,Gal,d18:1,20:0
7825,-0.4,2480,3500,20,0,Gal,d18:1,20:0
7826,-0.2,4420,3500,20,0,Gal,d18:1,20:0
7827,0.0,6180,3500,20,0,Gal,d18:1,20:0
7828,0.2,6080,3500,20,0,Gal,d18:1,20:0
7829,0.4,5360,3500,20,0,Gal,d18:1,20:0
7830,0.6,4140,3500,20,0,Gal,d18:1,20:0
7831,0.8,3760,3500,20,0,Gal,d18:1,20:0
7832,1.0,3060,3500,20,0,Gal,d18:1,20:0
7833,1.2,1520,3500,20,0,Gal,d18:1,20:0
7834,1.4,1640,3500,20,0,Gal,d18:1,20:0
7835,1.6,520,3500,20,0,Gal,d18:1,20:0
7836,1.8,420,3500,20,0,Gal,d18:1,20:0
7837,2.0,440,3500,20,0,Gal,d18:1,20:0
7838,2.2,480,3500,20,0,Gal,d18:1,20:0
7839,2.4,240,3500,20,0,Gal,d18:1,20:0
7840,2.6,320,3500,20,0,Gal,d18:1,20:0
7841,2.8,120,3500,20,0,Gal,d18:1,20:0
7842,3.0,140,3500,20,0,Gal,d18:1,20:0
7843,3.2,40,3500,20,0,Gal,d18:1,20:0
7844,3.4,0,3500,20,0,Gal,d18:1,20:0
7845,3.6,40,3500,20,0,Gal,d18:1,20:0
7846,3.8,0,3500,20,0,Gal,d18:1,20:0
7847,4.0,0,3500,20,0,Gal,d18:1,20:0
7848,4.2,40,3500,20,0,Gal,d18:1,20:0
7849,4.4,60,3500,20,0,Gal,d18:1,20:0
7850,4.6,0,3500,20,0,Gal,d18:1,20:0
7851,4.8,0,3500,20,0,Gal,d18:1,20:0
7852,5.0,0,3500,20,0,Gal,d18:1,20:0
7853,5.2,0,3500,20,0,Gal,d18:1,20:0
7854,5.4,0,3500,20,0,Gal,d18:1,20:0
7855,5.6,0,3500,20,0,Gal,d18:1,20:0
7856,5.8,0,3500,20,0,Gal,d18:1,20:0
7857,6.0,0,3500,20,0,Gal,d18:1,20:0
7858,6.2,0,3500,20,0,Gal,d18:1,20:0
7859,6.4,0,3500,20,0,Gal,d18:1,20:0
7860,6.6,0,3500,20,0,Gal,d18:1,20:0
7861,6.8,0,3500,20,0,Gal,d18:1,20:0
7862,7.0,0,3500,20,0,Gal,d18:1,20:0
7863,7.2,0,3500,20,0,Gal,d18:1,20:0
7864,7.4,0,3500,20,0,Gal,d18:1,20:0
7865,7.6,0,3500,20,0,Gal,d18:1,20:0
7866,7.8,0,3500,20,0,Gal,d18:1,20:0
7867,8.0,0,3500,20,0,Gal,d18:1,20:0
7868,8.2,0,3500,20,0,Gal,d18:1,20:0
7869,8.4,0,3500,20,0,Gal,d18:1,20:0
7870,8.6,0,3500,20,0,Gal,d18:1,20:0
7871,8.8,0,3500,20,0,Gal,d18:1,20:0
7872,9.0,0,3500,20,0,Gal,d18:1,20:0
7873,9.2,0,3500,20,0,Gal,d18:1,20:0
7874,9.4,0,3500,20,0,Gal,d18:1,20:0
7875,9.6,0,3500,20,0,Gal,d18:1,20:0
7876,9.8,0,3500,20,0,Gal,d18:1,20:0
7877,10.0,0,3500,20,0,Gal,d18:1,20:0
7878,-10.0,0,3600,20,0,Gal,d18:1,20:0
7879,-9.8,0,3600,20,0,Gal,d18:1,20:0
7880,-9.6,0,3600,20,0,Gal,d18:1,20:0
7881,-9.4,0,3600,20,0,Gal,d18:1,20:0
7882,-9.2,0,3600,20,0,Gal,d18:1,20:0
7883,-9.0,0,3600,20,0,Gal,d18:1,20:0
7884,-8.8,0,3600,20,0,Gal,d18:1,20:0
7885,-8.6,0,3600,20,0,Gal,d18:1,20:0
7886,-8.4,0,3600,20,0,Gal,d18:1,20:0
7887,-8.2,0,3600,20,0,Gal,d18:1,20:0
7888,-8.0,0,3600,20,0,Gal,d18:1,20:0
7889,-7.8,0,3600,20,0,Gal,d18:1,20:0
7890,-7.6,0,3600,20,0,Gal,d18:1,20:0
7891,-7.4,0,3600,20,0,Gal,d18:1,20:0
7892,-7.2,0,3600,20,0,Gal,d18:1,20:0
7893,-7.0,0,3600,20,0,Gal,d18:1,20:0
7894,-6.8,0,3600,20,0,Gal,d18:1,20:0
7895,-6.6,0,3600,20,0,Gal,d18:1,20:0
7896,-6.4,0,3600,20,0,Gal,d18:1,20:0
7897,-6.2,0,3600,20,0,Gal,d18:1,20:0
7898,-6.0,0,3600,20,0,Gal,d18:1,20:0
7899,-5.8,0,3600,20,0,Gal,d18:1,20:0
7900,-5.6,0,3600,20,0,Gal,d18:1,20:0
7901,-5.4,0,3600,20,0,Gal,d18:1,20:0
7902,-5.2,0,3600,20,0,Gal,d18:1,20:0
7903,-5.0,0,3600,20,0,Gal,d18:1,20:0
7904,-4.8,0,3600,20,0,Gal,d18:1,20:0
7905,-4.6,0,3600,20,0,Gal,d18:1,20:0
7906,-4.4,0,3600,20,0,Gal,d18:1,20:0
7907,-4.2,0,3600,20,0,Gal,d18:1,20:0
7908,-4.0,0,3600,20,0,Gal,d18:1,20:0
7909,-3.8,0,3600,20,0,Gal,d18:1,20:0
7910,-3.6,0,3600,20,0,Gal,d18:1,20:0
7911,-3.4,0,3600,20,0,Gal,d18:1,20:0
7912,-3.2,0,3600,20,0,Gal,d18:1,20:0
7913,-3.0,0,3600,20,0,Gal,d18:1,20:0
7914,-2.8,0,3600,20,0,Gal,d18:1,20:0
7915,-2.6,0,3600,20,0,Gal,d18:1,20:0
7916,-2.4,0,3600,20,0,Gal,d18:1,20:0
7917,-2.2,20,3600,20,0,Gal,d18:1,20:0
7918,-2.0,0,3600,20,0,Gal,d18:1,20:0
7919,-1.8,80,3600,20,0,Gal,d18:1,20:0
7920,-1.6,0,3600,20,0,Gal,d18:1,20:0
7921,-1.4,40,3600,20,0,Gal,d18:1,20:0
7922,-1.2,20,3600,20,0,Gal,d18:1,20:0
7923,-1.0,40,3600,20,0,Gal,d18:1,20:0
7924,-0.8,100,3600,20,0,Gal,d18:1,20:0
7925,-0.6,0,3600,20,0,Gal,d18:1,20:0
7926,-0.4,320,3600,20,0,Gal,d18:1,20:0
7927,-0.2,400,3600,20,0,Gal,d18:1,20:0
7928,0.0,1420,3600,20,0,Gal,d18:1,20:0
7929,0.2,3200,3600,20,0,Gal,d18:1,20:0
7930,0.4,4600,3600,20,0,Gal,d18:1,20:0
7931,0.6,7000,3600,20,0,Gal,d18:1,20:0
7932,0.8,8720,3600,20,0,Gal,d18:1,20:0
7933,1.0,7080,3600,20,0,Gal,d18:1,20:0
7934,1.2,5840,3600,20,0,Gal,d18:1,20:0
7935,1.4,5200,3600,20,0,Gal,d18:1,20:0
7936,1.6,3720,3600,20,0,Gal,d18:1,20:0
7937,1.8,1820,3600,20,0,Gal,d18:1,20:0
7938,2.0,1300,3600,20,0,Gal,d18:1,20:0
7939,2.2,580,3600,20,0,Gal,d18:1,20:0
7940,2.4,220,3600,20,0,Gal,d18:1,20:0
7941,2.6,140,3600,20,0,Gal,d18:1,20:0
7942,2.8,120,3600,20,0,Gal,d18:1,20:0
7943,3.0,120,3600,20,0,Gal,d18:1,20:0
7944,3.2,140,3600,20,0,Gal,d18:1,20:0
7945,3.4,220,3600,20,0,Gal,d18:1,20:0
7946,3.6,300,3600,20,0,Gal,d18:1,20:0
7947,3.8,380,3600,20,0,Gal,d18:1,20:0
7948,4.0,160,3600,20,0,Gal,d18:1,20:0
7949,4.2,80,3600,20,0,Gal,d18:1,20:0
7950,4.4,80,3600,20,0,Gal,d18:1,20:0
7951,4.6,20,3600,20,0,Gal,d18:1,20:0
7952,4.8,20,3600,20,0,Gal,d18:1,20:0
7953,5.0,0,3600,20,0,Gal,d18:1,20:0
7954,5.2,60,3600,20,0,Gal,d18:1,20:0
7955,5.4,0,3600,20,0,Gal,d18:1,20:0
7956,5.6,0,3600,20,0,Gal,d18:1,20:0
7957,5.8,20,3600,20,0,Gal,d18:1,20:0
7958,6.0,0,3600,20,0,Gal,d18:1,20:0
7959,6.2,0,3600,20,0,Gal,d18:1,20:0
7960,6.4,0,3600,20,0,Gal,d18:1,20:0
7961,6.6,0,3600,20,0,Gal,d18:1,20:0
7962,6.8,0,3600,20,0,Gal,d18:1,20:0
7963,7.0,0,3600,20,0,Gal,d18:1,20:0
7964,7.2,0,3600,20,0,Gal,d18:1,20:0
7965,7.4,0,3600,20,0,Gal,d18:1,20:0
7966,7.6,0,3600,20,0,Gal,d18:1,20:0
7967,7.8,0,3600,20,0,Gal,d18:1,20:0
7968,8.0,0,3600,20,0,Gal,d18:1,20:0
7969,8.2,0,3600,20,0,Gal,d18:1,20:0
7970,8.4,0,3600,20,0,Gal,d18:1,20:0
7971,8.6,0,3600,20,0,Gal,d18:1,20:0
7972,8.8,0,3600,20,0,Gal,d18:1,20:0
7973,9.0,0,3600,20,0,Gal,d18:1,20:0
7974,9.2,0,3600,20,0,Gal,d18:1,20:0
7975,9.4,0,3600,20,0,Gal,d18:1,20:0
7976,9.6,0,3600,20,0,Gal,d18:1,20:0
7977,9.8,0,3600,20,0,Gal,d18:1,20:0
7978,10.0,0,3600,20,0,Gal,d18:1,20:0
7979,-10.0,0,3700,20,0,Gal,d18:1,20:0
7980,-9.8,0,3700,20,0,Gal,d18:1,20:0
7981,-9.6,0,3700,20,0,Gal,d18:1,20:0
7982,-9.4,0,3700,20,0,Gal,d18:1,20:0
7983,-9.2,0,3700,20,0,Gal,d18:1,20:0
7984,-9.0,0,3700,20,0,Gal,d18:1,20:0
7985,-8.8,0,3700,20,0,Gal,d18:1,20:0
7986,-8.6,0,3700,20,0,Gal,d18:1,20:0
7987,-8.4,0,3700,20,0,Gal,d18:1,20:0
7988,-8.2,0,3700,20,0,Gal,d18:1,20:0
7989,-8.0,0,3700,20,0,Gal,d18:1,20:0
7990,-7.8,0,3700,20,0,Gal,d18:1,20:0
7991,-7.6,0,3700,20,0,Gal,d18:1,20:0
7992,-7.4,0,3700,20,0,Gal,d18:1,20:0
7993,-7.2,0,3700,20,0,Gal,d18:1,20:0
7994,-7.0,0,3700,20,0,Gal,d18:1,20:0
7995,-6.8,0,3700,20,0,Gal,d18:1,20:0
7996,-6.6,0,3700,20,0,Gal,d18:1,20:0
7997,-6.4,0,3700,20,0,Gal,d18:1,20:0
7998,-6.2,0,3700,20,0,Gal,d18:1,20:0
7999,-6.0,0,3700,20,0,Gal,d18:1,20:0
8000,-5.8,0,3700,20,0,Gal,d18:1,20:0
8001,-5.6,0,3700,20,0,Gal,d18:1,20:0
8002,-5.4,0,3700,20,0,Gal,d18:1,20:0
8003,-5.2,0,3700,20,0,Gal,d18:1,20:0
8004,-5.0,0,3700,20,0,Gal,d18:1,20:0
8005,-4.8,0,3700,20,0,Gal,d18:1,20:0
8006,-4.6,0,3700,20,0,Gal,d18:1,20:0
8007,-4.4,0,3700,20,0,Gal,d18:1,20:0
8008,-4.2,0,3700,20,0,Gal,d18:1,20:0
8009,-4.0,0,3700,20,0,Gal,d18:1,20:0
8010,-3.8,0,3700,20,0,Gal,d18:1,20:0
8011,-3.6,0,3700,20,0,Gal,d18:1,20:0
8012,-3.4,0,3700,20,0,Gal,d18:1,20:0
8013,-3.2,0,3700,20,0,Gal,d18:1,20:0
8014,-3.0,0,3700,20,0,Gal,d18:1,20:0
8015,-2.8,0,3700,20,0,Gal,d18:1,20:0
8016,-2.6,0,3700,20,0,Gal,d18:1,20:0
8017,-2.4,0,3700,20,0,Gal,d18:1,20:0
8018,-2.2,0,3700,20,0,Gal,d18:1,20:0
8019,-2.0,0,3700,20,0,Gal,d18:1,20:0
8020,-1.8,20,3700,20,0,Gal,d18:1,20:0
8021,-1.6,0,3700,20,0,Gal,d18:1,20:0
8022,-1.4,0,3700,20,0,Gal,d18:1,20:0
8023,-1.2,40,3700,20,0,Gal,d18:1,20:0
8024,-1.0,0,3700,20,0,Gal,d18:1,20:0
8025,-0.8,120,3700,20,0,Gal,d18:1,20:0
8026,-0.6,80,3700,20,0,Gal,d18:1,20:0
8027,-0.4,360,3700,20,0,Gal,d18:1,20:0
8028,-0.2,1540,3700,20,0,Gal,d18:1,20:0
8029,0.0,3100,3700,20,0,Gal,d18:1,20:0
8030,0.2,5740,3700,20,0,Gal,d18:1,20:0
8031,0.4,6140,3700,20,0,Gal,d18:1,20:0
8032,0.6,6040,3700,20,0,Gal,d18:1,20:0
8033,0.8,6240,3700,20,0,Gal,d18:1,20:0
8034,1.0,4820,3700,20,0,Gal,d18:1,20:0
8035,1.2,3260,3700,20,0,Gal,d18:1,20:0
8036,1.4,1920,3700,20,0,Gal,d18:1,20:0
8037,1.6,1240,3700,20,0,Gal,d18:1,20:0
8038,1.8,780,3700,20,0,Gal,d18:1,20:0
8039,2.0,380,3700,20,0,Gal,d18:1,20:0
8040,2.2,400,3700,20,0,Gal,d18:1,20:0
8041,2.4,180,3700,20,0,Gal,d18:1,20:0
8042,2.6,20,3700,20,0,Gal,d18:1,20:0
8043,2.8,180,3700,20,0,Gal,d18:1,20:0
8044,3.0,340,3700,20,0,Gal,d18:1,20:0
8045,3.2,240,3700,20,0,Gal,d18:1,20:0
8046,3.4,80,3700,20,0,Gal,d18:1,20:0
8047,3.6,100,3700,20,0,Gal,d18:1,20:0
8048,3.8,0,3700,20,0,Gal,d18:1,20:0
8049,4.0,100,3700,20,0,Gal,d18:1,20:0
8050,4.2,0,3700,20,0,Gal,d18:1,20:0
8051,4.4,0,3700,20,0,Gal,d18:1,20:0
8052,4.6,20,3700,20,0,Gal,d18:1,20:0
8053,4.8,0,3700,20,0,Gal,d18:1,20:0
8054,5.0,0,3700,20,0,Gal,d18:1,20:0
8055,5.2,0,3700,20,0,Gal,d18:1,20:0
8056,5.4,40,3700,20,0,Gal,d18:1,20:0
8057,5.6,80,3700,20,0,Gal,d18:1,20:0
8058,5.8,0,3700,20,0,Gal,d18:1,20:0
8059,6.0,0,3700,20,0,Gal,d18:1,20:0
8060,6.2,0,3700,20,0,Gal,d18:1,20:0
8061,6.4,0,3700,20,0,Gal,d18:1,20:0
8062,6.6,0,3700,20,0,Gal,d18:1,20:0
8063,6.8,0,3700,20,0,Gal,d18:1,20:0
8064,7.0,0,3700,20,0,Gal,d18:1,20:0
8065,7.2,0,3700,20,0,Gal,d18:1,20:0
8066,7.4,0,3700,20,0,Gal,d18:1,20:0
8067,7.6,0,3700,20,0,Gal,d18:1,20:0
8068,7.8,0,3700,20,0,Gal,d18:1,20:0
8069,8.0,0,3700,20,0,Gal,d18:1,20:0
8070,8.2,0,3700,20,0,Gal,d18:1,20:0
8071,8.4,0,3700,20,0,Gal,d18:1,20:0
8072,8.6,0,3700,20,0,Gal,d18:1,20:0
8073,8.8,0,3700,20,0,Gal,d18:1,20:0
8074,9.0,0,3700,20,0,Gal,d18:1,20:0
8075,9.2,0,3700,20,0,Gal,d18:1,20:0
8076,9.4,0,3700,20,0,Gal,d18:1,20:0
8077,9.6,0,3700,20,0,Gal,d18:1,20:0
8078,9.8,0,3700,20,0,Gal,d18:1,20:0
8079,10.0,0,3700,20,0,Gal,d18:1,20:0
8080,-10.0,0,3800,20,0,Gal,d18:1,20:0
8081,-9.8,0,3800,20,0,Gal,d18:1,20:0
8082,-9.6,0,3800,20,0,Gal,d18:1,20:0
8083,-9.4,0,3800,20,0,Gal,d18:1,20:0
8084,-9.2,0,3800,20,0,Gal,d18:1,20:0
8085,-9.0,0,3800,20,0,Gal,d18:1,20:0
8086,-8.8,0,3800,20,0,Gal,d18:1,20:0
8087,-8.6,0,3800,20,0,Gal,d18:1,20:0
8088,-8.4,0,3800,20,0,Gal,d18:1,20:0
8089,-8.2,0,3800,20,0,Gal,d18:1,20:0
8090,-8.0,0,3800,20,0,Gal,d18:1,20:0
8091,-7.8,0,3800,20,0,Gal,d18:1,20:0
8092,-7.6,0,3800,20,0,Gal,d18:1,20:0
8093,-7.4,0,3800,20,0,Gal,d18:1,20:0
8094,-7.2,0,3800,20,0,Gal,d18:1,20:0
8095,-7.0,0,3800,20,0,Gal,d18:1,20:0
8096,-6.8,0,3800,20,0,Gal,d18:1,20:0
8097,-6.6,0,3800,20,0,Gal,d18:1,20:0
8098,-6.4,0,3800,20,0,Gal,d18:1,20:0
8099,-6.2,0,3800,20,0,Gal,d18:1,20:0
8100,-6.0,0,3800,20,0,Gal,d18:1,20:0
8101,-5.8,0,3800,20,0,Gal,d18:1,20:0
8102,-5.6,0,3800,20,0,Gal,d18:1,20:0
8103,-5.4,0,3800,20,0,Gal,d18:1,20:0
8104,-5.2,0,3800,20,0,Gal,d18:1,20:0
8105,-5.0,0,3800,20,0,Gal,d18:1,20:0
8106,-4.8,0,3800,20,0,Gal,d18:1,20:0
8107,-4.6,0,3800,20,0,Gal,d18:1,20:0
8108,-4.4,0,3800,20,0,Gal,d18:1,20:0
8109,-4.2,0,3800,20,0,Gal,d18:1,20:0
8110,-4.0,0,3800,20,0,Gal,d18:1,20:0
8111,-3.8,0,3800,20,0,Gal,d18:1,20:0
8112,-3.6,0,3800,20,0,Gal,d18:1,20:0
8113,-3.4,0,3800,20,0,Gal,d18:1,20:0
8114,-3.2,0,3800,20,0,Gal,d18:1,20:0
8115,-3.0,0,3800,20,0,Gal,d18:1,20:0
8116,-2.8,0,3800,20,0,Gal,d18:1,20:0
8117,-2.6,0,3800,20,0,Gal,d18:1,20:0
8118,-2.4,0,3800,20,0,Gal,d18:1,20:0
8119,-2.2,0,3800,20,0,Gal,d18:1,20:0
8120,-2.0,0,3800,20,0,Gal,d18:1,20:0
8121,-1.8,60,3800,20,0,Gal,d18:1,20:0
8122,-1.6,0,3800,20,0,Gal,d18:1,20:0
8123,-1.4,60,3800,20,0,Gal,d18:1,20:0
8124,-1.2,0,3800,20,0,Gal,d18:1,20:0
8125,-1.0,40,3800,20,0,Gal,d18:1,20:0
8126,-0.8,20,3800,20,0,Gal,d18:1,20:0
8127,-0.6,120,3800,20,0,Gal,d18:1,20:0
8128,-0.4,100,3800,20,0,Gal,d18:1,20:0
8129,-0.2,460,3800,20,0,Gal,d18:1,20:0
8130,0.0,1340,3800,20,0,Gal,d18:1,20:0
8131,0.2,2900,3800,20,0,Gal,d18:1,20:0
8132,0.4,4460,3800,20,0,Gal,d18:1,20:0
8133,0.6,5960,3800,20,0,Gal,d18:1,20:0
8134,0.8,6260,3800,20,0,Gal,d18:1,20:0
8135,1.0,5440,3800,20,0,Gal,d18:1,20:0
8136,1.2,4560,3800,20,0,Gal,d18:1,20:0
8137,1.4,2840,3800,20,0,Gal,d18:1,20:0
8138,1.6,2000,3800,20,0,Gal,d18:1,20:0
8139,1.8,1360,3800,20,0,Gal,d18:1,20:0
8140,2.0,720,3800,20,0,Gal,d18:1,20:0
8141,2.2,400,3800,20,0,Gal,d18:1,20:0
8142,2.4,400,3800,20,0,Gal,d18:1,20:0
8143,2.6,240,3800,20,0,Gal,d18:1,20:0
8144,2.8,20,3800,20,0,Gal,d18:1,20:0
8145,3.0,80,3800,20,0,Gal,d18:1,20:0
8146,3.2,160,3800,20,0,Gal,d18:1,20:0
8147,3.4,300,3800,20,0,Gal,d18:1,20:0
8148,3.6,60,3800,20,0,Gal,d18:1,20:0
8149,3.8,100,3800,20,0,Gal,d18:1,20:0
8150,4.0,120,3800,20,0,Gal,d18:1,20:0
8151,4.2,120,3800,20,0,Gal,d18:1,20:0
8152,4.4,0,3800,20,0,Gal,d18:1,20:0
8153,4.6,0,3800,20,0,Gal,d18:1,20:0
8154,4.8,0,3800,20,0,Gal,d18:1,20:0
8155,5.0,0,3800,20,0,Gal,d18:1,20:0
8156,5.2,40,3800,20,0,Gal,d18:1,20:0
8157,5.4,20,3800,20,0,Gal,d18:1,20:0
8158,5.6,0,3800,20,0,Gal,d18:1,20:0
8159,5.8,20,3800,20,0,Gal,d18:1,20:0
8160,6.0,0,3800,20,0,Gal,d18:1,20:0
8161,6.2,0,3800,20,0,Gal,d18:1,20:0
8162,6.4,0,3800,20,0,Gal,d18:1,20:0
8163,6.6,0,3800,20,0,Gal,d18:1,20:0
8164,6.8,0,3800,20,0,Gal,d18:1,20:0
8165,7.0,0,3800,20,0,Gal,d18:1,20:0
8166,7.2,0,3800,20,0,Gal,d18:1,20:0
8167,7.4,0,3800,20,0,Gal,d18:1,20:0
8168,7.6,0,3800,20,0,Gal,d18:1,20:0
8169,7.8,0,3800,20,0,Gal,d18:1,20:0
8170,8.0,0,3800,20,0,Gal,d18:1,20:0
8171,8.2,0,3800,20,0,Gal,d18:1,20:0
8172,8.4,0,3800,20,0,Gal,d18:1,20:0
8173,8.6,0,3800,20,0,Gal,d18:1,20:0
8174,8.8,0,3800,20,0,Gal,d18:1,20:0
8175,9.0,0,3800,20,0,Gal,d18:1,20:0
8176,9.2,0,3800,20,0,Gal,d18:1,20:0
8177,9.4,0,3800,20,0,Gal,d18:1,20:0
8178,9.6,0,3800,20,0,Gal,d18:1,20:0
8179,9.8,0,3800,20,0,Gal,d18:1,20:0
8180,10.0,0,3800,20,0,Gal,d18:1,20:0
8181,-10.0,0,3900,20,0,Gal,d18:1,20:0
8182,-9.8,0,3900,20,0,Gal,d18:1,20:0
8183,-9.6,0,3900,20,0,Gal,d18:1,20:0
8184,-9.4,0,3900,20,0,Gal,d18:1,20:0
8185,-9.2,0,3900,20,0,Gal,d18:1,20:0
8186,-9.0,0,3900,20,0,Gal,d18:1,20:0
8187,-8.8,0,3900,20,0,Gal,d18:1,20:0
8188,-8.6,0,3900,20,0,Gal,d18:1,20:0
8189,-8.4,0,3900,20,0,Gal,d18:1,20:0
8190,-8.2,0,3900,20,0,Gal,d18:1,20:0
8191,-8.0,0,3900,20,0,Gal,d18:1,20:0
8192,-7.8,0,3900,20,0,Gal,d18:1,20:0
8193,-7.6,0,3900,20,0,Gal,d18:1,20:0
8194,-7.4,0,3900,20,0,Gal,d18:1,20:0
8195,-7.2,0,3900,20,0,Gal,d18:1,20:0
8196,-7.0,0,3900,20,0,Gal,d18:1,20:0
8197,-6.8,0,3900,20,0,Gal,d18:1,20:0
8198,-6.6,0,3900,20,0,Gal,d18:1,20:0
8199,-6.4,0,3900,20,0,Gal,d18:1,20:0
8200,-6.2,0,3900,20,0,Gal,d18:1,20:0
8201,-6.0,0,3900,20,0,Gal,d18:1,20:0
8202,-5.8,0,3900,20,0,Gal,d18:1,20:0
8203,-5.6,0,3900,20,0,Gal,d18:1,20:0
8204,-5.4,0,3900,20,0,Gal,d18:1,20:0
8205,-5.2,0,3900,20,0,Gal,d18:1,20:0
8206,-5.0,0,3900,20,0,Gal,d18:1,20:0
8207,-4.8,0,3900,20,0,Gal,d18:1,20:0
8208,-4.6,0,3900,20,0,Gal,d18:1,20:0
8209,-4.4,0,3900,20,0,Gal,d18:1,20:0
8210,-4.2,0,3900,20,0,Gal,d18:1,20:0
8211,-4.0,0,3900,20,0,Gal,d18:1,20:0
8212,-3.8,0,3900,20,0,Gal,d18:1,20:0
8213,-3.6,0,3900,20,0,Gal,d18:1,20:0
8214,-3.4,0,3900,20,0,Gal,d18:1,20:0
8215,-3.2,20,3900,20,0,Gal,d18:1,20:0
8216,-3.0,0,3900,20,0,Gal,d18:1,20:0
8217,-2.8,0,3900,20,0,Gal,d18:1,20:0
8218,-2.6,60,3900,20,0,Gal,d18:1,20:0
8219,-2.4,20,3900,20,0,Gal,d18:1,20:0
8220,-2.2,0,3900,20,0,Gal,d18:1,20:0
8221,-2.0,0,3900,20,0,Gal,d18:1,20:0
8222,-1.8,0,3900,20,0,Gal,d18:1,20:0
8223,-1.6,0,3900,20,0,Gal,d18:1,20:0
8224,-1.4,0,3900,20,0,Gal,d18:1,20:0
8225,-1.2,0,3900,20,0,Gal,d18:1,20:0
8226,-1.0,60,3900,20,0,Gal,d18:1,20:0
8227,-0.8,60,3900,20,0,Gal,d18:1,20:0
8228,-0.6,40,3900,20,0,Gal,d18:1,20:0
8229,-0.4,40,3900,20,0,Gal,d18:1,20:0
8230,-0.2,200,3900,20,0,Gal,d18:1,20:0
8231,0.0,620,3900,20,0,Gal,d18:1,20:0
8232,0.2,1360,3900,20,0,Gal,d18:1,20:0
8233,0.4,4060,3900,20,0,Gal,d18:1,20:0
8234,0.6,4940,3900,20,0,Gal,d18:1,20:0
8235,0.8,7300,3900,20,0,Gal,d18:1,20:0
8236,1.0,9940,3900,20,0,Gal,d18:1,20:0
8237,1.2,9760,3900,20,0,Gal,d18:1,20:0
8238,1.4,7580,3900,20,0,Gal,d18:1,20:0
8239,1.6,6780,3900,20,0,Gal,d18:1,20:0
8240,1.8,4460,3900,20,0,Gal,d18:1,20:0
8241,2.0,3020,3900,20,0,Gal,d18:1,20:0
8242,2.2,1500,3900,20,0,Gal,d18:1,20:0
8243,2.4,1000,3900,20,0,Gal,d18:1,20:0
8244,2.6,740,3900,20,0,Gal,d18:1,20:0
8245,2.8,220,3900,20,0,Gal,d18:1,20:0
8246,3.0,100,3900,20,0,Gal,d18:1,20:0
8247,3.2,20,3900,20,0,Gal,d18:1,20:0
8248,3.4,20,3900,20,0,Gal,d18:1,20:0
8249,3.6,80,3900,20,0,Gal,d18:1,20:0
8250,3.8,0,3900,20,0,Gal,d18:1,20:0
8251,4.0,0,3900,20,0,Gal,d18:1,20:0
8252,4.2,80,3900,20,0,Gal,d18:1,20:0
8253,4.4,120,3900,20,0,Gal,d18:1,20:0
8254,4.6,100,3900,20,0,Gal,d18:1,20:0
8255,4.8,140,3900,20,0,Gal,d18:1,20:0
8256,5.0,40,3900,20,0,Gal,d18:1,20:0
8257,5.2,40,3900,20,0,Gal,d18:1,20:0
8258,5.4,0,3900,20,0,Gal,d18:1,20:0
8259,5.6,0,3900,20,0,Gal,d18:1,20:0
8260,5.8,60,3900,20,0,Gal,d18:1,20:0
8261,6.0,0,3900,20,0,Gal,d18:1,20:0
8262,6.2,0,3900,20,0,Gal,d18:1,20:0
8263,6.4,40,3900,20,0,Gal,d18:1,20:0
8264,6.6,0,3900,20,0,Gal,d18:1,20:0
8265,6.8,0,3900,20,0,Gal,d18:1,20:0
8266,7.0,0,3900,20,0,Gal,d18:1,20:0
8267,7.2,0,3900,20,0,Gal,d18:1,20:0
8268,7.4,0,3900,20,0,Gal,d18:1,20:0
8269,7.6,0,3900,20,0,Gal,d18:1,20:0
8270,7.8,0,3900,20,0,Gal,d18:1,20:0
8271,8.0,0,3900,20,0,Gal,d18:1,20:0
8272,8.2,0,3900,20,0,Gal,d18:1,20:0
8273,8.4,0,3900,20,0,Gal,d18:1,20:0
8274,8.6,0,3900,20,0,Gal,d18:1,20:0
8275,8.8,0,3900,20,0,Gal,d18:1,20:0
8276,9.0,0,3900,20,0,Gal,d18:1,20:0
8277,9.2,0,3900,20,0,Gal,d18:1,20:0
8278,9.4,0,3900,20,0,Gal,d18:1,20:0
8279,9.6,0,3900,20,0,Gal,d18:1,20:0
8280,9.8,0,3900,20,0,Gal,d18:1,20:0
8281,10.0,0,3900,20,0,Gal,d18:1,20:0
8282,-10.0,0,4000,20,0,Gal,d18:1,20:0
8283,-9.8,0,4000,20,0,Gal,d18:1,20:0
8284,-9.6,0,4000,20,0,Gal,d18:1,20:0
8285,-9.4,0,4000,20,0,Gal,d18:1,20:0
8286,-9.2,0,4000,20,0,Gal,d18:1,20:0
8287,-9.0,0,4000,20,0,Gal,d18:1,20:0
8288,-8.8,0,4000,20,0,Gal,d18:1,20:0
8289,-8.6,0,4000,20,0,Gal,d18:1,20:0
8290,-8.4,0,4000,20,0,Gal,d18:1,20:0
8291,-8.2,0,4000,20,0,Gal,d18:1,20:0
8292,-8.0,0,4000,20,0,Gal,d18:1,20:0
8293,-7.8,0,4000,20,0,Gal,d18:1,20:0
8294,-7.6,0,4000,20,0,Gal,d18:1,20:0
8295,-7.4,0,4000,20,0,Gal,d18:1,20:0
8296,-7.2,0,4000,20,0,Gal,d18:1,20:0
8297,-7.0,0,4000,20,0,Gal,d18:1,20:0
8298,-6.8,0,4000,20,0,Gal,d18:1,20:0
8299,-6.6,0,4000,20,0,Gal,d18:1,20:0
8300,-6.4,0,4000,20,0,Gal,d18:1,20:0
8301,-6.2,0,4000,20,0,Gal,d18:1,20:0
8302,-6.0,0,4000,20,0,Gal,d18:1,20:0
8303,-5.8,0,4000,20,0,Gal,d18:1,20:0
8304,-5.6,0,4000,20,0,Gal,d18:1,20:0
8305,-5.4,0,4000,20,0,Gal,d18:1,20:0
8306,-5.2,0,4000,20,0,Gal,d18:1,20:0
8307,-5.0,0,4000,20,0,Gal,d18:1,20:0
8308,-4.8,0,4000,20,0,Gal,d18:1,20:0
8309,-4.6,0,4000,20,0,Gal,d18:1,20:0
8310,-4.4,0,4000,20,0,Gal,d18:1,20:0
8311,-4.2,0,4000,20,0,Gal,d18:1,20:0
8312,-4.0,0,4000,20,0,Gal,d18:1,20:0
8313,-3.8,0,4000,20,0,Gal,d18:1,20:0
8314,-3.6,0,4000,20,0,Gal,d18:1,20:0
8315,-3.4,20,4000,20,0,Gal,d18:1,20:0
8316,-3.2,0,4000,20,0,Gal,d18:1,20:0
8317,-3.0,0,4000,20,0,Gal,d18:1,20:0
8318,-2.8,0,4000,20,0,Gal,d18:1,20:0
8319,-2.6,0,4000,20,0,Gal,d18:1,20:0
8320,-2.4,0,4000,20,0,Gal,d18:1,20:0
8321,-2.2,0,4000,20,0,Gal,d18:1,20:0
8322,-2.0,0,4000,20,0,Gal,d18:1,20:0
8323,-1.8,40,4000,20,0,Gal,d18:1,20:0
8324,-1.6,40,4000,20,0,Gal,d18:1,20:0
8325,-1.4,40,4000,20,0,Gal,d18:1,20:0
8326,-1.2,40,4000,20,0,Gal,d18:1,20:0
8327,-1.0,0,4000,20,0,Gal,d18:1,20:0
8328,-0.8,40,4000,20,0,Gal,d18:1,20:0
8329,-0.6,60,4000,20,0,Gal,d18:1,20:0
8330,-0.4,0,4000,20,0,Gal,d18:1,20:0
8331,-0.2,80,4000,20,0,Gal,d18:1,20:0
8332,0.0,420,4000,20,0,Gal,d18:1,20:0
8333,0.2,720,4000,20,0,Gal,d18:1,20:0
8334,0.4,2300,4000,20,0,Gal,d18:1,20:0
8335,0.6,4520,4000,20,0,Gal,d18:1,20:0
8336,0.8,6820,4000,20,0,Gal,d18:1,20:0
8337,1.0,6480,4000,20,0,Gal,d18:1,20:0
8338,1.2,5360,4000,20,0,Gal,d18:1,20:0
8339,1.4,4600,4000,20,0,Gal,d18:1,20:0
8340,1.6,2480,4000,20,0,Gal,d18:1,20:0
8341,1.8,1740,4000,20,0,Gal,d18:1,20:0
8342,2.0,1220,4000,20,0,Gal,d18:1,20:0
8343,2.2,920,4000,20,0,Gal,d18:1,20:0
8344,2.4,560,4000,20,0,Gal,d18:1,20:0
8345,2.6,540,4000,20,0,Gal,d18:1,20:0
8346,2.8,300,4000,20,0,Gal,d18:1,20:0
8347,3.0,80,4000,20,0,Gal,d18:1,20:0
8348,3.2,40,4000,20,0,Gal,d18:1,20:0
8349,3.4,40,4000,20,0,Gal,d18:1,20:0
8350,3.6,40,4000,20,0,Gal,d18:1,20:0
8351,3.8,240,4000,20,0,Gal,d18:1,20:0
8352,4.0,240,4000,20,0,Gal,d18:1,20:0
8353,4.2,260,4000,20,0,Gal,d18:1,20:0
8354,4.4,280,4000,20,0,Gal,d18:1,20:0
8355,4.6,20,4000,20,0,Gal,d18:1,20:0
8356,4.8,100,4000,20,0,Gal,d18:1,20:0
8357,5.0,20,4000,20,0,Gal,d18:1,20:0
8358,5.2,0,4000,20,0,Gal,d18:1,20:0
8359,5.4,0,4000,20,0,Gal,d18:1,20:0
8360,5.6,0,4000,20,0,Gal,d18:1,20:0
8361,5.8,0,4000,20,0,Gal,d18:1,20:0
8362,6.0,0,4000,20,0,Gal,d18:1,20:0
8363,6.2,0,4000,20,0,Gal,d18:1,20:0
8364,6.4,60,4000,20,0,Gal,d18:1,20:0
8365,6.6,0,4000,20,0,Gal,d18:1,20:0
8366,6.8,0,4000,20,0,Gal,d18:1,20:0
8367,7.0,40,4000,20,0,Gal,d18:1,20:0
8368,7.2,0,4000,20,0,Gal,d18:1,20:0
8369,7.4,0,4000,20,0,Gal,d18:1,20:0
8370,7.6,20,4000,20,0,Gal,d18:1,20:0
8371,7.8,0,4000,20,0,Gal,d18:1,20:0
8372,8.0,0,4000,20,0,Gal,d18:1,20:0
8373,8.2,0,4000,20,0,Gal,d18:1,20:0
8374,8.4,0,4000,20,0,Gal,d18:1,20:0
8375,8.6,0,4000,20,0,Gal,d18:1,20:0
8376,8.8,0,4000,20,0,Gal,d18:1,20:0
8377,9.0,0,4000,20,0,Gal,d18:1,20:0
8378,9.2,0,4000,20,0,Gal,d18:1,20:0
8379,9.4,0,4000,20,0,Gal,d18:1,20:0
8380,9.6,0,4000,20,0,Gal,d18:1,20:0
8381,9.8,0,4000,20,0,Gal,d18:1,20:0
8382,10.0,0,4000,20,0,Gal,d18:1,20:0
8383,-10.0,0,4100,20,0,Gal,d18:1,20:0
8384,-9.8,0,4100,20,0,Gal,d18:1,20:0
8385,-9.6,0,4100,20,0,Gal,d18:1,20:0
8386,-9.4,0,4100,20,0,Gal,d18:1,20:0
8387,-9.2,0,4100,20,0,Gal,d18:1,20:0
8388,-9.0,0,4100,20,0,Gal,d18:1,20:0
8389,-8.8,0,4100,20,0,Gal,d18:1,20:0
8390,-8.6,0,4100,20,0,Gal,d18:1,20:0
8391,-8.4,0,4100,20,0,Gal,d18:1,20:0
8392,-8.2,0,4100,20,0,Gal,d18:1,20:0
8393,-8.0,0,4100,20,0,Gal,d18:1,20:0
8394,-7.8,0,4100,20,0,Gal,d18:1,20:0
8395,-7.6,0,4100,20,0,Gal,d18:1,20:0
8396,-7.4,0,4100,20,0,Gal,d18:1,20:0
8397,-7.2,0,4100,20,0,Gal,d18:1,20:0
8398,-7.0,0,4100,20,0,Gal,d18:1,20:0
8399,-6.8,0,4100,20,0,Gal,d18:1,20:0
8400,-6.6,0,4100,20,0,Gal,d18:1,20:0
8401,-6.4,0,4100,20,0,Gal,d18:1,20:0
8402,-6.2,0,4100,20,0,Gal,d18:1,20:0
8403,-6.0,0,4100,20,0,Gal,d18:1,20:0
8404,-5.8,0,4100,20,0,Gal,d18:1,20:0
8405,-5.6,0,4100,20,0,Gal,d18:1,20:0
8406,-5.4,0,4100,20,0,Gal,d18:1,20:0
8407,-5.2,0,4100,20,0,Gal,d18:1,20:0
8408,-5.0,0,4100,20,0,Gal,d18:1,20:0
8409,-4.8,0,4100,20,0,Gal,d18:1,20:0
8410,-4.6,0,4100,20,0,Gal,d18:1,20:0
8411,-4.4,0,4100,20,0,Gal,d18:1,20:0
8412,-4.2,0,4100,20,0,Gal,d18:1,20:0
8413,-4.0,0,4100,20,0,Gal,d18:1,20:0
8414,-3.8,0,4100,20,0,Gal,d18:1,20:0
8415,-3.6,20,4100,20,0,Gal,d18:1,20:0
8416,-3.4,0,4100,20,0,Gal,d18:1,20:0
8417,-3.2,0,4100,20,0,Gal,d18:1,20:0
8418,-3.0,0,4100,20,0,Gal,d18:1,20:0
8419,-2.8,0,4100,20,0,Gal,d18:1,20:0
8420,-2.6,0,4100,20,0,Gal,d18:1,20:0
8421,-2.4,0,4100,20,0,Gal,d18:1,20:0
8422,-2.2,0,4100,20,0,Gal,d18:1,20:0
8423,-2.0,0,4100,20,0,Gal,d18:1,20:0
8424,-1.8,40,4100,20,0,Gal,d18:1,20:0
8425,-1.6,20,4100,20,0,Gal,d18:1,20:0
8426,-1.4,100,4100,20,0,Gal,d18:1,20:0
8427,-1.2,20,4100,20,0,Gal,d18:1,20:0
8428,-1.0,80,4100,20,0,Gal,d18:1,20:0
8429,-0.8,0,4100,20,0,Gal,d18:1,20:0
8430,-0.6,60,4100,20,0,Gal,d18:1,20:0
8431,-0.4,20,4100,20,0,Gal,d18:1,20:0
8432,-0.2,300,4100,20,0,Gal,d18:1,20:0
8433,0.0,640,4100,20,0,Gal,d18:1,20:0
8434,0.2,960,4100,20,0,Gal,d18:1,20:0
8435,0.4,2920,4100,20,0,Gal,d18:1,20:0
8436,0.6,4580,4100,20,0,Gal,d18:1,20:0
8437,0.8,5100,4100,20,0,Gal,d18:1,20:0
8438,1.0,6360,4100,20,0,Gal,d18:1,20:0
8439,1.2,7160,4100,20,0,Gal,d18:1,20:0
8440,1.4,5760,4100,20,0,Gal,d18:1,20:0
8441,1.6,3340,4100,20,0,Gal,d18:1,20:0
8442,1.8,1980,4100,20,0,Gal,d18:1,20:0
8443,2.0,1580,4100,20,0,Gal,d18:1,20:0
8444,2.2,1220,4100,20,0,Gal,d18:1,20:0
8445,2.4,700,4100,20,0,Gal,d18:1,20:0
8446,2.6,700,4100,20,0,Gal,d18:1,20:0
8447,2.8,520,4100,20,0,Gal,d18:1,20:0
8448,3.0,220,4100,20,0,Gal,d18:1,20:0
8449,3.2,220,4100,20,0,Gal,d18:1,20:0
8450,3.4,140,4100,20,0,Gal,d18:1,20:0
8451,3.6,0,4100,20,0,Gal,d18:1,20:0
8452,3.8,0,4100,20,0,Gal,d18:1,20:0
8453,4.0,0,4100,20,0,Gal,d18:1,20:0
8454,4.2,0,4100,20,0,Gal,d18:1,20:0
8455,4.4,20,4100,20,0,Gal,d18:1,20:0
8456,4.6,100,4100,20,0,Gal,d18:1,20:0
8457,4.8,200,4100,20,0,Gal,d18:1,20:0
8458,5.0,240,4100,20,0,Gal,d18:1,20:0
8459,5.2,160,4100,20,0,Gal,d18:1,20:0
8460,5.4,260,4100,20,0,Gal,d18:1,20:0
8461,5.6,20,4100,20,0,Gal,d18:1,20:0
8462,5.8,0,4100,20,0,Gal,d18:1,20:0
8463,6.0,0,4100,20,0,Gal,d18:1,20:0
8464,6.2,0,4100,20,0,Gal,d18:1,20:0
8465,6.4,0,4100,20,0,Gal,d18:1,20:0
8466,6.6,20,4100,20,0,Gal,d18:1,20:0
8467,6.8,40,4100,20,0,Gal,d18:1,20:0
8468,7.0,0,4100,20,0,Gal,d18:1,20:0
8469,7.2,0,4100,20,0,Gal,d18:1,20:0
8470,7.4,0,4100,20,0,Gal,d18:1,20:0
8471,7.6,0,4100,20,0,Gal,d18:1,20:0
8472,7.8,20,4100,20,0,Gal,d18:1,20:0
8473,8.0,0,4100,20,0,Gal,d18:1,20:0
8474,8.2,0,4100,20,0,Gal,d18:1,20:0
8475,8.4,0,4100,20,0,Gal,d18:1,20:0
8476,8.6,0,4100,20,0,Gal,d18:1,20:0
8477,8.8,0,4100,20,0,Gal,d18:1,20:0
8478,9.0,0,4100,20,0,Gal,d18:1,20:0
8479,9.2,0,4100,20,0,Gal,d18:1,20:0
8480,9.4,0,4100,20,0,Gal,d18:1,20:0
8481,9.6,0,4100,20,0,Gal,d18:1,20:0
8482,9.8,0,4100,20,0,Gal,d18:1,20:0
8483,10.0,0,4100,20,0,Gal,d18:1,20:0
8484,-10.0,0,0,22,0,Gal,d18:1,22:0
8485,-9.8,0,0,22,0,Gal,d18:1,22:0
8486,-9.6,0,0,22,0,Gal,d18:1,22:0
8487,-9.4,0,0,22,0,Gal,d18:1,22:0
8488,-9.2,0,0,22,0,Gal,d18:1,22:0
8489,-9.0,0,0,22,0,Gal,d18:1,22:0
8490,-8.8,0,0,22,0,Gal,d18:1,22:0
8491,-8.6,0,0,22,0,Gal,d18:1,22:0
8492,-8.4,0,0,22,0,Gal,d18:1,22:0
8493,-8.2,0,0,22,0,Gal,d18:1,22:0
8494,-8.0,0,0,22,0,Gal,d18:1,22:0
8495,-7.8,0,0,22,0,Gal,d18:1,22:0
8496,-7.6,0,0,22,0,Gal,d18:1,22:0
8497,-7.4,0,0,22,0,Gal,d18:1,22:0
8498,-7.2,0,0,22,0,Gal,d18:1,22:0
8499,-7.0,0,0,22,0,Gal,d18:1,22:0
8500,-6.8,0,0,22,0,Gal,d18:1,22:0
8501,-6.6,0,0,22,0,Gal,d18:1,22:0
8502,-6.4,0,0,22,0,Gal,d18:1,22:0
8503,-6.2,0,0,22,0,Gal,d18:1,22:0
8504,-6.0,0,0,22,0,Gal,d18:1,22:0
8505,-5.8,0,0,22,0,Gal,d18:1,22:0
8506,-5.6,0,0,22,0,Gal,d18:1,22:0
8507,-5.4,0,0,22,0,Gal,d18:1,22:0
8508,-5.2,0,0,22,0,Gal,d18:1,22:0
8509,-5.0,0,0,22,0,Gal,d18:1,22:0
8510,-4.8,0,0,22,0,Gal,d18:1,22:0
8511,-4.6,0,0,22,0,Gal,d18:1,22:0
8512,-4.4,0,0,22,0,Gal,d18:1,22:0
8513,-4.2,0,0,22,0,Gal,d18:1,22:0
8514,-4.0,0,0,22,0,Gal,d18:1,22:0
8515,-3.8,0,0,22,0,Gal,d18:1,22:0
8516,-3.6,0,0,22,0,Gal,d18:1,22:0
8517,-3.4,0,0,22,0,Gal,d18:1,22:0
8518,-3.2,0,0,22,0,Gal,d18:1,22:0
8519,-3.0,0,0,22,0,Gal,d18:1,22:0
8520,-2.8,0,0,22,0,Gal,d18:1,22:0
8521,-2.6,0,0,22,0,Gal,d18:1,22:0
8522,-2.4,0,0,22,0,Gal,d18:1,22:0
8523,-2.2,0,0,22,0,Gal,d18:1,22:0
8524,-2.0,0,0,22,0,Gal,d18:1,22:0
8525,-1.8,0,0,22,0,Gal,d18:1,22:0
8526,-1.6,0,0,22,0,Gal,d18:1,22:0
8527,-1.4,0,0,22,0,Gal,d18:1,22:0
8528,-1.2,60,0,22,0,Gal,d18:1,22:0
8529,-1.0,220,0,22,0,Gal,d18:1,22:0
8530,-0.8,460,0,22,0,Gal,d18:1,22:0
8531,-0.6,480,0,22,0,Gal,d18:1,22:0
8532,-0.4,760,0,22,0,Gal,d18:1,22:0
8533,-0.2,400,0,22,0,Gal,d18:1,22:0
8534,0.0,440,0,22,0,Gal,d18:1,22:0
8535,0.2,220,0,22,0,Gal,d18:1,22:0
8536,0.4,340,0,22,0,Gal,d18:1,22:0
8537,0.6,260,0,22,0,Gal,d18:1,22:0
8538,0.8,120,0,22,0,Gal,d18:1,22:0
8539,1.0,80,0,22,0,Gal,d18:1,22:0
8540,1.2,0,0,22,0,Gal,d18:1,22:0
8541,1.4,0,0,22,0,Gal,d18:1,22:0
8542,1.6,0,0,22,0,Gal,d18:1,22:0
8543,1.8,0,0,22,0,Gal,d18:1,22:0
8544,2.0,0,0,22,0,Gal,d18:1,22:0
8545,2.2,0,0,22,0,Gal,d18:1,22:0
8546,2.4,0,0,22,0,Gal,d18:1,22:0
8547,2.6,0,0,22,0,Gal,d18:1,22:0
8548,2.8,0,0,22,0,Gal,d18:1,22:0
8549,3.0,0,0,22,0,Gal,d18:1,22:0
8550,3.2,0,0,22,0,Gal,d18:1,22:0
8551,3.4,0,0,22,0,Gal,d18:1,22:0
8552,3.6,0,0,22,0,Gal,d18:1,22:0
8553,3.8,0,0,22,0,Gal,d18:1,22:0
8554,4.0,0,0,22,0,Gal,d18:1,22:0
8555,4.2,0,0,22,0,Gal,d18:1,22:0
8556,4.4,0,0,22,0,Gal,d18:1,22:0
8557,4.6,0,0,22,0,Gal,d18:1,22:0
8558,4.8,0,0,22,0,Gal,d18:1,22:0
8559,5.0,0,0,22,0,Gal,d18:1,22:0
8560,5.2,0,0,22,0,Gal,d18:1,22:0
8561,5.4,0,0,22,0,Gal,d18:1,22:0
8562,5.6,0,0,22,0,Gal,d18:1,22:0
8563,5.8,0,0,22,0,Gal,d18:1,22:0
8564,6.0,0,0,22,0,Gal,d18:1,22:0
8565,6.2,0,0,22,0,Gal,d18:1,22:0
8566,6.4,0,0,22,0,Gal,d18:1,22:0
8567,6.6,0,0,22,0,Gal,d18:1,22:0
8568,6.8,0,0,22,0,Gal,d18:1,22:0
8569,7.0,0,0,22,0,Gal,d18:1,22:0
8570,7.2,0,0,22,0,Gal,d18:1,22:0
8571,7.4,0,0,22,0,Gal,d18:1,22:0
8572,7.6,0,0,22,0,Gal,d18:1,22:0
8573,7.8,0,0,22,0,Gal,d18:1,22:0
8574,8.0,0,0,22,0,Gal,d18:1,22:0
8575,8.2,0,0,22,0,Gal,d18:1,22:0
8576,8.4,0,0,22,0,Gal,d18:1,22:0
8577,8.6,0,0,22,0,Gal,d18:1,22:0
8578,8.8,0,0,22,0,Gal,d18:1,22:0
8579,9.0,0,0,22,0,Gal,d18:1,22:0
8580,9.2,0,0,22,0,Gal,d18:1,22:0
8581,9.4,0,0,22,0,Gal,d18:1,22:0
8582,9.6,0,0,22,0,Gal,d18:1,22:0
8583,9.8,0,0,22,0,Gal,d18:1,22:0
8584,10.0,0,0,22,0,Gal,d18:1,22:0
8585,-10.0,0,100,22,0,Gal,d18:1,22:0
8586,-9.8,0,100,22,0,Gal,d18:1,22:0
8587,-9.6,0,100,22,0,Gal,d18:1,22:0
8588,-9.4,0,100,22,0,Gal,d18:1,22:0
8589,-9.2,0,100,22,0,Gal,d18:1,22:0
8590,-9.0,0,100,22,0,Gal,d18:1,22:0
8591,-8.8,0,100,22,0,Gal,d18:1,22:0
8592,-8.6,0,100,22,0,Gal,d18:1,22:0
8593,-8.4,0,100,22,0,Gal,d18:1,22:0
8594,-8.2,0,100,22,0,Gal,d18:1,22:0
8595,-8.0,0,100,22,0,Gal,d18:1,22:0
8596,-7.8,0,100,22,0,Gal,d18:1,22:0
8597,-7.6,0,100,22,0,Gal,d18:1,22:0
8598,-7.4,0,100,22,0,Gal,d18:1,22:0
8599,-7.2,0,100,22,0,Gal,d18:1,22:0
8600,-7.0,0,100,22,0,Gal,d18:1,22:0
8601,-6.8,0,100,22,0,Gal,d18:1,22:0
8602,-6.6,0,100,22,0,Gal,d18:1,22:0
8603,-6.4,0,100,22,0,Gal,d18:1,22:0
8604,-6.2,0,100,22,0,Gal,d18:1,22:0
8605,-6.0,0,100,22,0,Gal,d18:1,22:0
8606,-5.8,0,100,22,0,Gal,d18:1,22:0
8607,-5.6,0,100,22,0,Gal,d18:1,22:0
8608,-5.4,0,100,22,0,Gal,d18:1,22:0
8609,-5.2,0,100,22,0,Gal,d18:1,22:0
8610,-5.0,0,100,22,0,Gal,d18:1,22:0
8611,-4.8,0,100,22,0,Gal,d18:1,22:0
8612,-4.6,0,100,22,0,Gal,d18:1,22:0
8613,-4.4,0,100,22,0,Gal,d18:1,22:0
8614,-4.2,0,100,22,0,Gal,d18:1,22:0
8615,-4.0,0,100,22,0,Gal,d18:1,22:0
8616,-3.8,0,100,22,0,Gal,d18:1,22:0
8617,-3.6,0,100,22,0,Gal,d18:1,22:0
8618,-3.4,0,100,22,0,Gal,d18:1,22:0
8619,-3.2,0,100,22,0,Gal,d18:1,22:0
8620,-3.0,0,100,22,0,Gal,d18:1,22:0
8621,-2.8,0,100,22,0,Gal,d18:1,22:0
8622,-2.6,0,100,22,0,Gal,d18:1,22:0
8623,-2.4,0,100,22,0,Gal,d18:1,22:0
8624,-2.2,0,100,22,0,Gal,d18:1,22:0
8625,-2.0,0,100,22,0,Gal,d18:1,22:0
8626,-1.8,0,100,22,0,Gal,d18:1,22:0
8627,-1.6,0,100,22,0,Gal,d18:1,22:0
8628,-1.4,0,100,22,0,Gal,d18:1,22:0
8629,-1.2,20,100,22,0,Gal,d18:1,22:0
8630,-1.0,360,100,22,0,Gal,d18:1,22:0
8631,-0.8,520,100,22,0,Gal,d18:1,22:0
8632,-0.6,980,100,22,0,Gal,d18:1,22:0
8633,-0.4,600,100,22,0,Gal,d18:1,22:0
8634,-0.2,500,100,22,0,Gal,d18:1,22:0
8635,0.0,640,100,22,0,Gal,d18:1,22:0
8636,0.2,260,100,22,0,Gal,d18:1,22:0
8637,0.4,260,100,22,0,Gal,d18:1,22:0
8638,0.6,320,100,22,0,Gal,d18:1,22:0
8639,0.8,280,100,22,0,Gal,d18:1,22:0
8640,1.0,100,100,22,0,Gal,d18:1,22:0
8641,1.2,80,100,22,0,Gal,d18:1,22:0
8642,1.4,0,100,22,0,Gal,d18:1,22:0
8643,1.6,0,100,22,0,Gal,d18:1,22:0
8644,1.8,0,100,22,0,Gal,d18:1,22:0
8645,2.0,0,100,22,0,Gal,d18:1,22:0
8646,2.2,0,100,22,0,Gal,d18:1,22:0
8647,2.4,0,100,22,0,Gal,d18:1,22:0
8648,2.6,0,100,22,0,Gal,d18:1,22:0
8649,2.8,0,100,22,0,Gal,d18:1,22:0
8650,3.0,0,100,22,0,Gal,d18:1,22:0
8651,3.2,0,100,22,0,Gal,d18:1,22:0
8652,3.4,0,100,22,0,Gal,d18:1,22:0
8653,3.6,0,100,22,0,Gal,d18:1,22:0
8654,3.8,0,100,22,0,Gal,d18:1,22:0
8655,4.0,0,100,22,0,Gal,d18:1,22:0
8656,4.2,0,100,22,0,Gal,d18:1,22:0
8657,4.4,0,100,22,0,Gal,d18:1,22:0
8658,4.6,0,100,22,0,Gal,d18:1,22:0
8659,4.8,0,100,22,0,Gal,d18:1,22:0
8660,5.0,0,100,22,0,Gal,d18:1,22:0
8661,5.2,0,100,22,0,Gal,d18:1,22:0
8662,5.4,0,100,22,0,Gal,d18:1,22:0
8663,5.6,0,100,22,0,Gal,d18:1,22:0
8664,5.8,0,100,22,0,Gal,d18:1,22:0
8665,6.0,0,100,22,0,Gal,d18:1,22:0
8666,6.2,0,100,22,0,Gal,d18:1,22:0
8667,6.4,0,100,22,0,Gal,d18:1,22:0
8668,6.6,0,100,22,0,Gal,d18:1,22:0
8669,6.8,0,100,22,0,Gal,d18:1,22:0
8670,7.0,0,100,22,0,Gal,d18:1,22:0
8671,7.2,0,100,22,0,Gal,d18:1,22:0
8672,7.4,0,100,22,0,Gal,d18:1,22:0
8673,7.6,0,100,22,0,Gal,d18:1,22:0
8674,7.8,0,100,22,0,Gal,d18:1,22:0
8675,8.0,0,100,22,0,Gal,d18:1,22:0
8676,8.2,0,100,22,0,Gal,d18:1,22:0
8677,8.4,0,100,22,0,Gal,d18:1,22:0
8678,8.6,0,100,22,0,Gal,d18:1,22:0
8679,8.8,0,100,22,0,Gal,d18:1,22:0
8680,9.0,0,100,22,0,Gal,d18:1,22:0
8681,9.2,0,100,22,0,Gal,d18:1,22:0
8682,9.4,0,100,22,0,Gal,d18:1,22:0
8683,9.6,0,100,22,0,Gal,d18:1,22:0
8684,9.8,0,100,22,0,Gal,d18:1,22:0
8685,10.0,0,100,22,0,Gal,d18:1,22:0
8686,-10.0,0,200,22,0,Gal,d18:1,22:0
8687,-9.8,0,200,22,0,Gal,d18:1,22:0
8688,-9.6,0,200,22,0,Gal,d18:1,22:0
8689,-9.4,0,200,22,0,Gal,d18:1,22:0
8690,-9.2,0,200,22,0,Gal,d18:1,22:0
8691,-9.0,0,200,22,0,Gal,d18:1,22:0
8692,-8.8,0,200,22,0,Gal,d18:1,22:0
8693,-8.6,0,200,22,0,Gal,d18:1,22:0
8694,-8.4,0,200,22,0,Gal,d18:1,22:0
8695,-8.2,0,200,22,0,Gal,d18:1,22:0
8696,-8.0,0,200,22,0,Gal,d18:1,22:0
8697,-7.8,0,200,22,0,Gal,d18:1,22:0
8698,-7.6,0,200,22,0,Gal,d18:1,22:0
8699,-7.4,0,200,22,0,Gal,d18:1,22:0
8700,-7.2,0,200,22,0,Gal,d18:1,22:0
8701,-7.0,0,200,22,0,Gal,d18:1,22:0
8702,-6.8,0,200,22,0,Gal,d18:1,22:0
8703,-6.6,0,200,22,0,Gal,d18:1,22:0
8704,-6.4,0,200,22,0,Gal,d18:1,22:0
8705,-6.2,0,200,22,0,Gal,d18:1,22:0
8706,-6.0,0,200,22,0,Gal,d18:1,22:0
8707,-5.8,0,200,22,0,Gal,d18:1,22:0
8708,-5.6,0,200,22,0,Gal,d18:1,22:0
8709,-5.4,0,200,22,0,Gal,d18:1,22:0
8710,-5.2,0,200,22,0,Gal,d18:1,22:0
8711,-5.0,0,200,22,0,Gal,d18:1,22:0
8712,-4.8,0,200,22,0,Gal,d18:1,22:0
8713,-4.6,0,200,22,0,Gal,d18:1,22:0
8714,-4.4,0,200,22,0,Gal,d18:1,22:0
8715,-4.2,0,200,22,0,Gal,d18:1,22:0
8716,-4.0,0,200,22,0,Gal,d18:1,22:0
8717,-3.8,0,200,22,0,Gal,d18:1,22:0
8718,-3.6,0,200,22,0,Gal,d18:1,22:0
8719,-3.4,0,200,22,0,Gal,d18:1,22:0
8720,-3.2,0,200,22,0,Gal,d18:1,22:0
8721,-3.0,0,200,22,0,Gal,d18:1,22:0
8722,-2.8,0,200,22,0,Gal,d18:1,22:0
8723,-2.6,0,200,22,0,Gal,d18:1,22:0
8724,-2.4,0,200,22,0,Gal,d18:1,22:0
8725,-2.2,0,200,22,0,Gal,d18:1,22:0
8726,-2.0,0,200,22,0,Gal,d18:1,22:0
8727,-1.8,0,200,22,0,Gal,d18:1,22:0
8728,-1.6,0,200,22,0,Gal,d18:1,22:0
8729,-1.4,0,200,22,0,Gal,d18:1,22:0
8730,-1.2,40,200,22,0,Gal,d18:1,22:0
8731,-1.0,440,200,22,0,Gal,d18:1,22:0
8732,-0.8,560,200,22,0,Gal,d18:1,22:0
8733,-0.6,760,200,22,0,Gal,d18:1,22:0
8734,-0.4,620,200,22,0,Gal,d18:1,22:0
8735,-0.2,520,200,22,0,Gal,d18:1,22:0
8736,0.0,380,200,22,0,Gal,d18:1,22:0
8737,0.2,280,200,22,0,Gal,d18:1,22:0
8738,0.4,380,200,22,0,Gal,d18:1,22:0
8739,0.6,240,200,22,0,Gal,d18:1,22:0
8740,0.8,200,200,22,0,Gal,d18:1,22:0
8741,1.0,140,200,22,0,Gal,d18:1,22:0
8742,1.2,0,200,22,0,Gal,d18:1,22:0
8743,1.4,0,200,22,0,Gal,d18:1,22:0
8744,1.6,0,200,22,0,Gal,d18:1,22:0
8745,1.8,0,200,22,0,Gal,d18:1,22:0
8746,2.0,0,200,22,0,Gal,d18:1,22:0
8747,2.2,0,200,22,0,Gal,d18:1,22:0
8748,2.4,0,200,22,0,Gal,d18:1,22:0
8749,2.6,0,200,22,0,Gal,d18:1,22:0
8750,2.8,0,200,22,0,Gal,d18:1,22:0
8751,3.0,0,200,22,0,Gal,d18:1,22:0
8752,3.2,0,200,22,0,Gal,d18:1,22:0
8753,3.4,0,200,22,0,Gal,d18:1,22:0
8754,3.6,0,200,22,0,Gal,d18:1,22:0
8755,3.8,0,200,22,0,Gal,d18:1,22:0
8756,4.0,0,200,22,0,Gal,d18:1,22:0
8757,4.2,0,200,22,0,Gal,d18:1,22:0
8758,4.4,0,200,22,0,Gal,d18:1,22:0
8759,4.6,0,200,22,0,Gal,d18:1,22:0
8760,4.8,0,200,22,0,Gal,d18:1,22:0
8761,5.0,0,200,22,0,Gal,d18:1,22:0
8762,5.2,0,200,22,0,Gal,d18:1,22:0
8763,5.4,0,200,22,0,Gal,d18:1,22:0
8764,5.6,0,200,22,0,Gal,d18:1,22:0
8765,5.8,0,200,22,0,Gal,d18:1,22:0
8766,6.0,0,200,22,0,Gal,d18:1,22:0
8767,6.2,0,200,22,0,Gal,d18:1,22:0
8768,6.4,0,200,22,0,Gal,d18:1,22:0
8769,6.6,0,200,22,0,Gal,d18:1,22:0
8770,6.8,0,200,22,0,Gal,d18:1,22:0
8771,7.0,0,200,22,0,Gal,d18:1,22:0
8772,7.2,0,200,22,0,Gal,d18:1,22:0
8773,7.4,0,200,22,0,Gal,d18:1,22:0
8774,7.6,0,200,22,0,Gal,d18:1,22:0
8775,7.8,0,200,22,0,Gal,d18:1,22:0
8776,8.0,0,200,22,0,Gal,d18:1,22:0
8777,8.2,0,200,22,0,Gal,d18:1,22:0
8778,8.4,0,200,22,0,Gal,d18:1,22:0
8779,8.6,0,200,22,0,Gal,d18:1,22:0
8780,8.8,0,200,22,0,Gal,d18:1,22:0
8781,9.0,0,200,22,0,Gal,d18:1,22:0
8782,9.2,0,200,22,0,Gal,d18:1,22:0
8783,9.4,0,200,22,0,Gal,d18:1,22:0
8784,9.6,0,200,22,0,Gal,d18:1,22:0
8785,9.8,0,200,22,0,Gal,d18:1,22:0
8786,10.0,0,200,22,0,Gal,d18:1,22:0
8787,-10.0,0,300,22,0,Gal,d18:1,22:0
8788,-9.8,0,300,22,0,Gal,d18:1,22:0
8789,-9.6,0,300,22,0,Gal,d18:1,22:0
8790,-9.4,0,300,22,0,Gal,d18:1,22:0
8791,-9.2,0,300,22,0,Gal,d18:1,22:0
8792,-9.0,0,300,22,0,Gal,d18:1,22:0
8793,-8.8,0,300,22,0,Gal,d18:1,22:0
8794,-8.6,0,300,22,0,Gal,d18:1,22:0
8795,-8.4,0,300,22,0,Gal,d18:1,22:0
8796,-8.2,0,300,22,0,Gal,d18:1,22:0
8797,-8.0,0,300,22,0,Gal,d18:1,22:0
8798,-7.8,0,300,22,0,Gal,d18:1,22:0
8799,-7.6,0,300,22,0,Gal,d18:1,22:0
8800,-7.4,0,300,22,0,Gal,d18:1,22:0
8801,-7.2,0,300,22,0,Gal,d18:1,22:0
8802,-7.0,0,300,22,0,Gal,d18:1,22:0
8803,-6.8,0,300,22,0,Gal,d18:1,22:0
8804,-6.6,0,300,22,0,Gal,d18:1,22:0
8805,-6.4,0,300,22,0,Gal,d18:1,22:0
8806,-6.2,0,300,22,0,Gal,d18:1,22:0
8807,-6.0,0,300,22,0,Gal,d18:1,22:0
8808,-5.8,0,300,22,0,Gal,d18:1,22:0
8809,-5.6,0,300,22,0,Gal,d18:1,22:0
8810,-5.4,0,300,22,0,Gal,d18:1,22:0
8811,-5.2,0,300,22,0,Gal,d18:1,22:0
8812,-5.0,0,300,22,0,Gal,d18:1,22:0
8813,-4.8,0,300,22,0,Gal,d18:1,22:0
8814,-4.6,0,300,22,0,Gal,d18:1,22:0
8815,-4.4,0,300,22,0,Gal,d18:1,22:0
8816,-4.2,0,300,22,0,Gal,d18:1,22:0
8817,-4.0,0,300,22,0,Gal,d18:1,22:0
8818,-3.8,0,300,22,0,Gal,d18:1,22:0
8819,-3.6,0,300,22,0,Gal,d18:1,22:0
8820,-3.4,0,300,22,0,Gal,d18:1,22:0
8821,-3.2,0,300,22,0,Gal,d18:1,22:0
8822,-3.0,0,300,22,0,Gal,d18:1,22:0
8823,-2.8,0,300,22,0,Gal,d18:1,22:0
8824,-2.6,0,300,22,0,Gal,d18:1,22:0
8825,-2.4,0,300,22,0,Gal,d18:1,22:0
8826,-2.2,0,300,22,0,Gal,d18:1,22:0
8827,-2.0,0,300,22,0,Gal,d18:1,22:0
8828,-1.8,0,300,22,0,Gal,d18:1,22:0
8829,-1.6,0,300,22,0,Gal,d18:1,22:0
8830,-1.4,40,300,22,0,Gal,d18:1,22:0
8831,-1.2,80,300,22,0,Gal,d18:1,22:0
8832,-1.0,400,300,22,0,Gal,d18:1,22:0
8833,-0.8,680,300,22,0,Gal,d18:1,22:0
8834,-0.6,540,300,22,0,Gal,d18:1,22:0
8835,-0.4,900,300,22,0,Gal,d18:1,22:0
8836,-0.2,460,300,22,0,Gal,d18:1,22:0
8837,0.0,820,300,22,0,Gal,d18:1,22:0
8838,0.2,300,300,22,0,Gal,d18:1,22:0
8839,0.4,380,300,22,0,Gal,d18:1,22:0
8840,0.6,240,300,22,0,Gal,d18:1,22:0
8841,0.8,320,300,22,0,Gal,d18:1,22:0
8842,1.0,80,300,22,0,Gal,d18:1,22:0
8843,1.2,40,300,22,0,Gal,d18:1,22:0
8844,1.4,0,300,22,0,Gal,d18:1,22:0
8845,1.6,0,300,22,0,Gal,d18:1,22:0
8846,1.8,0,300,22,0,Gal,d18:1,22:0
8847,2.0,0,300,22,0,Gal,d18:1,22:0
8848,2.2,0,300,22,0,Gal,d18:1,22:0
8849,2.4,0,300,22,0,Gal,d18:1,22:0
8850,2.6,0,300,22,0,Gal,d18:1,22:0
8851,2.8,0,300,22,0,Gal,d18:1,22:0
8852,3.0,0,300,22,0,Gal,d18:1,22:0
8853,3.2,0,300,22,0,Gal,d18:1,22:0
8854,3.4,0,300,22,0,Gal,d18:1,22:0
8855,3.6,0,300,22,0,Gal,d18:1,22:0
8856,3.8,0,300,22,0,Gal,d18:1,22:0
8857,4.0,0,300,22,0,Gal,d18:1,22:0
8858,4.2,0,300,22,0,Gal,d18:1,22:0
8859,4.4,0,300,22,0,Gal,d18:1,22:0
8860,4.6,0,300,22,0,Gal,d18:1,22:0
8861,4.8,0,300,22,0,Gal,d18:1,22:0
8862,5.0,0,300,22,0,Gal,d18:1,22:0
8863,5.2,0,300,22,0,Gal,d18:1,22:0
8864,5.4,0,300,22,0,Gal,d18:1,22:0
8865,5.6,0,300,22,0,Gal,d18:1,22:0
8866,5.8,0,300,22,0,Gal,d18:1,22:0
8867,6.0,0,300,22,0,Gal,d18:1,22:0
8868,6.2,0,300,22,0,Gal,d18:1,22:0
8869,6.4,0,300,22,0,Gal,d18:1,22:0
8870,6.6,0,300,22,0,Gal,d18:1,22:0
8871,6.8,0,300,22,0,Gal,d18:1,22:0
8872,7.0,0,300,22,0,Gal,d18:1,22:0
8873,7.2,0,300,22,0,Gal,d18:1,22:0
8874,7.4,0,300,22,0,Gal,d18:1,22:0
8875,7.6,0,300,22,0,Gal,d18:1,22:0
8876,7.8,0,300,22,0,Gal,d18:1,22:0
8877,8.0,0,300,22,0,Gal,d18:1,22:0
8878,8.2,0,300,22,0,Gal,d18:1,22:0
8879,8.4,0,300,22,0,Gal,d18:1,22:0
8880,8.6,0,300,22,0,Gal,d18:1,22:0
8881,8.8,0,300,22,0,Gal,d18:1,22:0
8882,9.0,0,300,22,0,Gal,d18:1,22:0
8883,9.2,0,300,22,0,Gal,d18:1,22:0
8884,9.4,0,300,22,0,Gal,d18:1,22:0
8885,9.6,0,300,22,0,Gal,d18:1,22:0
8886,9.8,0,300,22,0,Gal,d18:1,22:0
8887,10.0,0,300,22,0,Gal,d18:1,22:0
8888,-10.0,0,400,22,0,Gal,d18:1,22:0
8889,-9.8,0,400,22,0,Gal,d18:1,22:0
8890,-9.6,0,400,22,0,Gal,d18:1,22:0
8891,-9.4,0,400,22,0,Gal,d18:1,22:0
8892,-9.2,0,400,22,0,Gal,d18:1,22:0
8893,-9.0,0,400,22,0,Gal,d18:1,22:0
8894,-8.8,0,400,22,0,Gal,d18:1,22:0
8895,-8.6,0,400,22,0,Gal,d18:1,22:0
8896,-8.4,0,400,22,0,Gal,d18:1,22:0
8897,-8.2,0,400,22,0,Gal,d18:1,22:0
8898,-8.0,0,400,22,0,Gal,d18:1,22:0
8899,-7.8,0,400,22,0,Gal,d18:1,22:0
8900,-7.6,0,400,22,0,Gal,d18:1,22:0
8901,-7.4,0,400,22,0,Gal,d18:1,22:0
8902,-7.2,0,400,22,0,Gal,d18:1,22:0
8903,-7.0,0,400,22,0,Gal,d18:1,22:0
8904,-6.8,0,400,22,0,Gal,d18:1,22:0
8905,-6.6,0,400,22,0,Gal,d18:1,22:0
8906,-6.4,0,400,22,0,Gal,d18:1,22:0
8907,-6.2,0,400,22,0,Gal,d18:1,22:0
8908,-6.0,0,400,22,0,Gal,d18:1,22:0
8909,-5.8,0,400,22,0,Gal,d18:1,22:0
8910,-5.6,0,400,22,0,Gal,d18:1,22:0
8911,-5.4,0,400,22,0,Gal,d18:1,22:0
8912,-5.2,0,400,22,0,Gal,d18:1,22:0
8913,-5.0,0,400,22,0,Gal,d18:1,22:0
8914,-4.8,0,400,22,0,Gal,d18:1,22:0
8915,-4.6,0,400,22,0,Gal,d18:1,22:0
8916,-4.4,0,400,22,0,Gal,d18:1,22:0
8917,-4.2,0,400,22,0,Gal,d18:1,22:0
8918,-4.0,0,400,22,0,Gal,d18:1,22:0
8919,-3.8,0,400,22,0,Gal,d18:1,22:0
8920,-3.6,0,400,22,0,Gal,d18:1,22:0
8921,-3.4,0,400,22,0,Gal,d18:1,22:0
8922,-3.2,0,400,22,0,Gal,d18:1,22:0
8923,-3.0,0,400,22,0,Gal,d18:1,22:0
8924,-2.8,0,400,22,0,Gal,d18:1,22:0
8925,-2.6,0,400,22,0,Gal,d18:1,22:0
8926,-2.4,0,400,22,0,Gal,d18:1,22:0
8927,-2.2,0,400,22,0,Gal,d18:1,22:0
8928,-2.0,0,400,22,0,Gal,d18:1,22:0
8929,-1.8,0,400,22,0,Gal,d18:1,22:0
8930,-1.6,0,400,22,0,Gal,d18:1,22:0
8931,-1.4,0,400,22,0,Gal,d18:1,22:0
8932,-1.2,60,400,22,0,Gal,d18:1,22:0
8933,-1.0,320,400,22,0,Gal,d18:1,22:0
8934,-0.8,700,400,22,0,Gal,d18:1,22:0
8935,-0.6,580,400,22,0,Gal,d18:1,22:0
8936,-0.4,760,400,22,0,Gal,d18:1,22:0
8937,-0.2,560,400,22,0,Gal,d18:1,22:0
8938,0.0,480,400,22,0,Gal,d18:1,22:0
8939,0.2,340,400,22,0,Gal,d18:1,22:0
8940,0.4,500,400,22,0,Gal,d18:1,22:0
8941,0.6,360,400,22,0,Gal,d18:1,22:0
8942,0.8,260,400,22,0,Gal,d18:1,22:0
8943,1.0,140,400,22,0,Gal,d18:1,22:0
8944,1.2,20,400,22,0,Gal,d18:1,22:0
8945,1.4,0,400,22,0,Gal,d18:1,22:0
8946,1.6,0,400,22,0,Gal,d18:1,22:0
8947,1.8,0,400,22,0,Gal,d18:1,22:0
8948,2.0,0,400,22,0,Gal,d18:1,22:0
8949,2.2,0,400,22,0,Gal,d18:1,22:0
8950,2.4,0,400,22,0,Gal,d18:1,22:0
8951,2.6,0,400,22,0,Gal,d18:1,22:0
8952,2.8,0,400,22,0,Gal,d18:1,22:0
8953,3.0,0,400,22,0,Gal,d18:1,22:0
8954,3.2,0,400,22,0,Gal,d18:1,22:0
8955,3.4,0,400,22,0,Gal,d18:1,22:0
8956,3.6,0,400,22,0,Gal,d18:1,22:0
8957,3.8,0,400,22,0,Gal,d18:1,22:0
8958,4.0,0,400,22,0,Gal,d18:1,22:0
8959,4.2,0,400,22,0,Gal,d18:1,22:0
8960,4.4,0,400,22,0,Gal,d18:1,22:0
8961,4.6,0,400,22,0,Gal,d18:1,22:0
8962,4.8,0,400,22,0,Gal,d18:1,22:0
8963,5.0,0,400,22,0,Gal,d18:1,22:0
8964,5.2,0,400,22,0,Gal,d18:1,22:0
8965,5.4,0,400,22,0,Gal,d18:1,22:0
8966,5.6,0,400,22,0,Gal,d18:1,22:0
8967,5.8,0,400,22,0,Gal,d18:1,22:0
8968,6.0,0,400,22,0,Gal,d18:1,22:0
8969,6.2,0,400,22,0,Gal,d18:1,22:0
8970,6.4,0,400,22,0,Gal,d18:1,22:0
8971,6.6,0,400,22,0,Gal,d18:1,22:0
8972,6.8,0,400,22,0,Gal,d18:1,22:0
8973,7.0,0,400,22,0,Gal,d18:1,22:0
8974,7.2,0,400,22,0,Gal,d18:1,22:0
8975,7.4,0,400,22,0,Gal,d18:1,22:0
8976,7.6,0,400,22,0,Gal,d18:1,22:0
8977,7.8,0,400,22,0,Gal,d18:1,22:0
8978,8.0,0,400,22,0,Gal,d18:1,22:0
8979,8.2,0,400,22,0,Gal,d18:1,22:0
8980,8.4,0,400,22,0,Gal,d18:1,22:0
8981,8.6,0,400,22,0,Gal,d18:1,22:0
8982,8.8,0,400,22,0,Gal,d18:1,22:0
8983,9.0,0,400,22,0,Gal,d18:1,22:0
8984,9.2,0,400,22,0,Gal,d18:1,22:0
8985,9.4,0,400,22,0,Gal,d18:1,22:0
8986,9.6,0,400,22,0,Gal,d18:1,22:0
8987,9.8,0,400,22,0,Gal,d18:1,22:0
8988,10.0,0,400,22,0,Gal,d18:1,22:0
8989,-10.0,0,500,22,0,Gal,d18:1,22:0
8990,-9.8,0,500,22,0,Gal,d18:1,22:0
8991,-9.6,0,500,22,0,Gal,d18:1,22:0
8992,-9.4,0,500,22,0,Gal,d18:1,22:0
8993,-9.2,0,500,22,0,Gal,d18:1,22:0
8994,-9.0,0,500,22,0,Gal,d18:1,22:0
8995,-8.8,0,500,22,0,Gal,d18:1,22:0
8996,-8.6,0,500,22,0,Gal,d18:1,22:0
8997,-8.4,0,500,22,0,Gal,d18:1,22:0
8998,-8.2,0,500,22,0,Gal,d18:1,22:0
8999,-8.0,0,500,22,0,Gal,d18:1,22:0
9000,-7.8,0,500,22,0,Gal,d18:1,22:0
9001,-7.6,0,500,22,0,Gal,d18:1,22:0
9002,-7.4,0,500,22,0,Gal,d18:1,22:0
9003,-7.2,0,500,22,0,Gal,d18:1,22:0
9004,-7.0,0,500,22,0,Gal,d18:1,22:0
9005,-6.8,0,500,22,0,Gal,d18:1,22:0
9006,-6.6,0,500,22,0,Gal,d18:1,22:0
9007,-6.4,0,500,22,0,Gal,d18:1,22:0
9008,-6.2,0,500,22,0,Gal,d18:1,22:0
9009,-6.0,0,500,22,0,Gal,d18:1,22:0
9010,-5.8,0,500,22,0,Gal,d18:1,22:0
9011,-5.6,0,500,22,0,Gal,d18:1,22:0
9012,-5.4,0,500,22,0,Gal,d18:1,22:0
9013,-5.2,0,500,22,0,Gal,d18:1,22:0
9014,-5.0,0,500,22,0,Gal,d18:1,22:0
9015,-4.8,0,500,22,0,Gal,d18:1,22:0
9016,-4.6,0,500,22,0,Gal,d18:1,22:0
9017,-4.4,0,500,22,0,Gal,d18:1,22:0
9018,-4.2,0,500,22,0,Gal,d18:1,22:0
9019,-4.0,0,500,22,0,Gal,d18:1,22:0
9020,-3.8,0,500,22,0,Gal,d18:1,22:0
9021,-3.6,0,500,22,0,Gal,d18:1,22:0
9022,-3.4,0,500,22,0,Gal,d18:1,22:0
9023,-3.2,0,500,22,0,Gal,d18:1,22:0
9024,-3.0,0,500,22,0,Gal,d18:1,22:0
9025,-2.8,0,500,22,0,Gal,d18:1,22:0
9026,-2.6,0,500,22,0,Gal,d18:1,22:0
9027,-2.4,0,500,22,0,Gal,d18:1,22:0
9028,-2.2,0,500,22,0,Gal,d18:1,22:0
9029,-2.0,0,500,22,0,Gal,d18:1,22:0
9030,-1.8,0,500,22,0,Gal,d18:1,22:0
9031,-1.6,0,500,22,0,Gal,d18:1,22:0
9032,-1.4,0,500,22,0,Gal,d18:1,22:0
9033,-1.2,100,500,22,0,Gal,d18:1,22:0
9034,-1.0,380,500,22,0,Gal,d18:1,22:0
9035,-0.8,1020,500,22,0,Gal,d18:1,22:0
9036,-0.6,980,500,22,0,Gal,d18:1,22:0
9037,-0.4,1080,500,22,0,Gal,d18:1,22:0
9038,-0.2,1100,500,22,0,Gal,d18:1,22:0
9039,0.0,540,500,22,0,Gal,d18:1,22:0
9040,0.2,620,500,22,0,Gal,d18:1,22:0
9041,0.4,480,500,22,0,Gal,d18:1,22:0
9042,0.6,360,500,22,0,Gal,d18:1,22:0
9043,0.8,500,500,22,0,Gal,d18:1,22:0
9044,1.0,160,500,22,0,Gal,d18:1,22:0
9045,1.2,40,500,22,0,Gal,d18:1,22:0
9046,1.4,0,500,22,0,Gal,d18:1,22:0
9047,1.6,0,500,22,0,Gal,d18:1,22:0
9048,1.8,0,500,22,0,Gal,d18:1,22:0
9049,2.0,0,500,22,0,Gal,d18:1,22:0
9050,2.2,0,500,22,0,Gal,d18:1,22:0
9051,2.4,0,500,22,0,Gal,d18:1,22:0
9052,2.6,0,500,22,0,Gal,d18:1,22:0
9053,2.8,0,500,22,0,Gal,d18:1,22:0
9054,3.0,0,500,22,0,Gal,d18:1,22:0
9055,3.2,0,500,22,0,Gal,d18:1,22:0
9056,3.4,0,500,22,0,Gal,d18:1,22:0
9057,3.6,0,500,22,0,Gal,d18:1,22:0
9058,3.8,0,500,22,0,Gal,d18:1,22:0
9059,4.0,0,500,22,0,Gal,d18:1,22:0
9060,4.2,0,500,22,0,Gal,d18:1,22:0
9061,4.4,0,500,22,0,Gal,d18:1,22:0
9062,4.6,0,500,22,0,Gal,d18:1,22:0
9063,4.8,0,500,22,0,Gal,d18:1,22:0
9064,5.0,0,500,22,0,Gal,d18:1,22:0
9065,5.2,0,500,22,0,Gal,d18:1,22:0
9066,5.4,0,500,22,0,Gal,d18:1,22:0
9067,5.6,0,500,22,0,Gal,d18:1,22:0
9068,5.8,0,500,22,0,Gal,d18:1,22:0
9069,6.0,0,500,22,0,Gal,d18:1,22:0
9070,6.2,0,500,22,0,Gal,d18:1,22:0
9071,6.4,0,500,22,0,Gal,d18:1,22:0
9072,6.6,0,500,22,0,Gal,d18:1,22:0
9073,6.8,0,500,22,0,Gal,d18:1,22:0
9074,7.0,0,500,22,0,Gal,d18:1,22:0
9075,7.2,0,500,22,0,Gal,d18:1,22:0
9076,7.4,0,500,22,0,Gal,d18:1,22:0
9077,7.6,0,500,22,0,Gal,d18:1,22:0
9078,7.8,0,500,22,0,Gal,d18:1,22:0
9079,8.0,0,500,22,0,Gal,d18:1,22:0
9080,8.2,0,500,22,0,Gal,d18:1,22:0
9081,8.4,0,500,22,0,Gal,d18:1,22:0
9082,8.6,0,500,22,0,Gal,d18:1,22:0
9083,8.8,0,500,22,0,Gal,d18:1,22:0
9084,9.0,0,500,22,0,Gal,d18:1,22:0
9085,9.2,0,500,22,0,Gal,d18:1,22:0
9086,9.4,0,500,22,0,Gal,d18:1,22:0
9087,9.6,0,500,22,0,Gal,d18:1,22:0
9088,9.8,0,500,22,0,Gal,d18:1,22:0
9089,10.0,0,500,22,0,Gal,d18:1,22:0
9090,-10.0,0,600,22,0,Gal,d18:1,22:0
9091,-9.8,0,600,22,0,Gal,d18:1,22:0
9092,-9.6,0,600,22,0,Gal,d18:1,22:0
9093,-9.4,0,600,22,0,Gal,d18:1,22:0
9094,-9.2,0,600,22,0,Gal,d18:1,22:0
9095,-9.0,0,600,22,0,Gal,d18:1,22:0
9096,-8.8,0,600,22,0,Gal,d18:1,22:0
9097,-8.6,0,600,22,0,Gal,d18:1,22:0
9098,-8.4,0,600,22,0,Gal,d18:1,22:0
9099,-8.2,0,600,22,0,Gal,d18:1,22:0
9100,-8.0,0,600,22,0,Gal,d18:1,22:0
9101,-7.8,0,600,22,0,Gal,d18:1,22:0
9102,-7.6,0,600,22,0,Gal,d18:1,22:0
9103,-7.4,0,600,22,0,Gal,d18:1,22:0
9104,-7.2,0,600,22,0,Gal,d18:1,22:0
9105,-7.0,0,600,22,0,Gal,d18:1,22:0
9106,-6.8,0,600,22,0,Gal,d18:1,22:0
9107,-6.6,0,600,22,0,Gal,d18:1,22:0
9108,-6.4,0,600,22,0,Gal,d18:1,22:0
9109,-6.2,0,600,22,0,Gal,d18:1,22:0
9110,-6.0,0,600,22,0,Gal,d18:1,22:0
9111,-5.8,0,600,22,0,Gal,d18:1,22:0
9112,-5.6,0,600,22,0,Gal,d18:1,22:0
9113,-5.4,0,600,22,0,Gal,d18:1,22:0
9114,-5.2,0,600,22,0,Gal,d18:1,22:0
9115,-5.0,0,600,22,0,Gal,d18:1,22:0
9116,-4.8,0,600,22,0,Gal,d18:1,22:0
9117,-4.6,0,600,22,0,Gal,d18:1,22:0
9118,-4.4,0,600,22,0,Gal,d18:1,22:0
9119,-4.2,0,600,22,0,Gal,d18:1,22:0
9120,-4.0,0,600,22,0,Gal,d18:1,22:0
9121,-3.8,0,600,22,0,Gal,d18:1,22:0
9122,-3.6,0,600,22,0,Gal,d18:1,22:0
9123,-3.4,0,600,22,0,Gal,d18:1,22:0
9124,-3.2,0,600,22,0,Gal,d18:1,22:0
9125,-3.0,0,600,22,0,Gal,d18:1,22:0
9126,-2.8,0,600,22,0,Gal,d18:1,22:0
9127,-2.6,0,600,22,0,Gal,d18:1,22:0
9128,-2.4,0,600,22,0,Gal,d18:1,22:0
9129,-2.2,0,600,22,0,Gal,d18:1,22:0
9130,-2.0,0,600,22,0,Gal,d18:1,22:0
9131,-1.8,0,600,22,0,Gal,d18:1,22:0
9132,-1.6,60,600,22,0,Gal,d18:1,22:0
9133,-1.4,40,600,22,0,Gal,d18:1,22:0
9134,-1.2,140,600,22,0,Gal,d18:1,22:0
9135,-1.0,420,600,22,0,Gal,d18:1,22:0
9136,-0.8,800,600,22,0,Gal,d18:1,22:0
9137,-0.6,1120,600,22,0,Gal,d18:1,22:0
9138,-0.4,1160,600,22,0,Gal,d18:1,22:0
9139,-0.2,1160,600,22,0,Gal,d18:1,22:0
9140,0.0,460,600,22,0,Gal,d18:1,22:0
9141,0.2,680,600,22,0,Gal,d18:1,22:0
9142,0.4,720,600,22,0,Gal,d18:1,22:0
9143,0.6,700,600,22,0,Gal,d18:1,22:0
9144,0.8,340,600,22,0,Gal,d18:1,22:0
9145,1.0,160,600,22,0,Gal,d18:1,22:0
9146,1.2,160,600,22,0,Gal,d18:1,22:0
9147,1.4,0,600,22,0,Gal,d18:1,22:0
9148,1.6,0,600,22,0,Gal,d18:1,22:0
9149,1.8,0,600,22,0,Gal,d18:1,22:0
9150,2.0,0,600,22,0,Gal,d18:1,22:0
9151,2.2,0,600,22,0,Gal,d18:1,22:0
9152,2.4,0,600,22,0,Gal,d18:1,22:0
9153,2.6,0,600,22,0,Gal,d18:1,22:0
9154,2.8,0,600,22,0,Gal,d18:1,22:0
9155,3.0,0,600,22,0,Gal,d18:1,22:0
9156,3.2,0,600,22,0,Gal,d18:1,22:0
9157,3.4,0,600,22,0,Gal,d18:1,22:0
9158,3.6,0,600,22,0,Gal,d18:1,22:0
9159,3.8,0,600,22,0,Gal,d18:1,22:0
9160,4.0,0,600,22,0,Gal,d18:1,22:0
9161,4.2,0,600,22,0,Gal,d18:1,22:0
9162,4.4,0,600,22,0,Gal,d18:1,22:0
9163,4.6,0,600,22,0,Gal,d18:1,22:0
9164,4.8,0,600,22,0,Gal,d18:1,22:0
9165,5.0,0,600,22,0,Gal,d18:1,22:0
9166,5.2,0,600,22,0,Gal,d18:1,22:0
9167,5.4,0,600,22,0,Gal,d18:1,22:0
9168,5.6,0,600,22,0,Gal,d18:1,22:0
9169,5.8,0,600,22,0,Gal,d18:1,22:0
9170,6.0,0,600,22,0,Gal,d18:1,22:0
9171,6.2,0,600,22,0,Gal,d18:1,22:0
9172,6.4,0,600,22,0,Gal,d18:1,22:0
9173,6.6,0,600,22,0,Gal,d18:1,22:0
9174,6.8,0,600,22,0,Gal,d18:1,22:0
9175,7.0,0,600,22,0,Gal,d18:1,22:0
9176,7.2,0,600,22,0,Gal,d18:1,22:0
9177,7.4,0,600,22,0,Gal,d18:1,22:0
9178,7.6,0,600,22,0,Gal,d18:1,22:0
9179,7.8,0,600,22,0,Gal,d18:1,22:0
9180,8.0,0,600,22,0,Gal,d18:1,22:0
9181,8.2,0,600,22,0,Gal,d18:1,22:0
9182,8.4,0,600,22,0,Gal,d18:1,22:0
9183,8.6,0,600,22,0,Gal,d18:1,22:0
9184,8.8,0,600,22,0,Gal,d18:1,22:0
9185,9.0,0,600,22,0,Gal,d18:1,22:0
9186,9.2,0,600,22,0,Gal,d18:1,22:0
9187,9.4,0,600,22,0,Gal,d18:1,22:0
9188,9.6,0,600,22,0,Gal,d18:1,22:0
9189,9.8,0,600,22,0,Gal,d18:1,22:0
9190,10.0,0,600,22,0,Gal,d18:1,22:0
9191,-10.0,0,700,22,0,Gal,d18:1,22:0
9192,-9.8,0,700,22,0,Gal,d18:1,22:0
9193,-9.6,0,700,22,0,Gal,d18:1,22:0
9194,-9.4,0,700,22,0,Gal,d18:1,22:0
9195,-9.2,0,700,22,0,Gal,d18:1,22:0
9196,-9.0,0,700,22,0,Gal,d18:1,22:0
9197,-8.8,0,700,22,0,Gal,d18:1,22:0
9198,-8.6,0,700,22,0,Gal,d18:1,22:0
9199,-8.4,0,700,22,0,Gal,d18:1,22:0
9200,-8.2,0,700,22,0,Gal,d18:1,22:0
9201,-8.0,0,700,22,0,Gal,d18:1,22:0
9202,-7.8,0,700,22,0,Gal,d18:1,22:0
9203,-7.6,0,700,22,0,Gal,d18:1,22:0
9204,-7.4,0,700,22,0,Gal,d18:1,22:0
9205,-7.2,0,700,22,0,Gal,d18:1,22:0
9206,-7.0,0,700,22,0,Gal,d18:1,22:0
9207,-6.8,0,700,22,0,Gal,d18:1,22:0
9208,-6.6,0,700,22,0,Gal,d18:1,22:0
9209,-6.4,0,700,22,0,Gal,d18:1,22:0
9210,-6.2,0,700,22,0,Gal,d18:1,22:0
9211,-6.0,0,700,22,0,Gal,d18:1,22:0
9212,-5.8,0,700,22,0,Gal,d18:1,22:0
9213,-5.6,0,700,22,0,Gal,d18:1,22:0
9214,-5.4,0,700,22,0,Gal,d18:1,22:0
9215,-5.2,0,700,22,0,Gal,d18:1,22:0
9216,-5.0,0,700,22,0,Gal,d18:1,22:0
9217,-4.8,0,700,22,0,Gal,d18:1,22:0
9218,-4.6,0,700,22,0,Gal,d18:1,22:0
9219,-4.4,0,700,22,0,Gal,d18:1,22:0
9220,-4.2,0,700,22,0,Gal,d18:1,22:0
9221,-4.0,0,700,22,0,Gal,d18:1,22:0
9222,-3.8,0,700,22,0,Gal,d18:1,22:0
9223,-3.6,0,700,22,0,Gal,d18:1,22:0
9224,-3.4,0,700,22,0,Gal,d18:1,22:0
9225,-3.2,0,700,22,0,Gal,d18:1,22:0
9226,-3.0,0,700,22,0,Gal,d18:1,22:0
9227,-2.8,0,700,22,0,Gal,d18:1,22:0
9228,-2.6,0,700,22,0,Gal,d18:1,22:0
9229,-2.4,0,700,22,0,Gal,d18:1,22:0
9230,-2.2,0,700,22,0,Gal,d18:1,22:0
9231,-2.0,0,700,22,0,Gal,d18:1,22:0
9232,-1.8,0,700,22,0,Gal,d18:1,22:0
9233,-1.6,20,700,22,0,Gal,d18:1,22:0
9234,-1.4,20,700,22,0,Gal,d18:1,22:0
9235,-1.2,200,700,22,0,Gal,d18:1,22:0
9236,-1.0,820,700,22,0,Gal,d18:1,22:0
9237,-0.8,1180,700,22,0,Gal,d18:1,22:0
9238,-0.6,1500,700,22,0,Gal,d18:1,22:0
9239,-0.4,1560,700,22,0,Gal,d18:1,22:0
9240,-0.2,1080,700,22,0,Gal,d18:1,22:0
9241,0.0,1220,700,22,0,Gal,d18:1,22:0
9242,0.2,960,700,22,0,Gal,d18:1,22:0
9243,0.4,740,700,22,0,Gal,d18:1,22:0
9244,0.6,820,700,22,0,Gal,d18:1,22:0
9245,0.8,360,700,22,0,Gal,d18:1,22:0
9246,1.0,100,700,22,0,Gal,d18:1,22:0
9247,1.2,60,700,22,0,Gal,d18:1,22:0
9248,1.4,0,700,22,0,Gal,d18:1,22:0
9249,1.6,0,700,22,0,Gal,d18:1,22:0
9250,1.8,0,700,22,0,Gal,d18:1,22:0
9251,2.0,0,700,22,0,Gal,d18:1,22:0
9252,2.2,0,700,22,0,Gal,d18:1,22:0
9253,2.4,0,700,22,0,Gal,d18:1,22:0
9254,2.6,0,700,22,0,Gal,d18:1,22:0
9255,2.8,0,700,22,0,Gal,d18:1,22:0
9256,3.0,0,700,22,0,Gal,d18:1,22:0
9257,3.2,0,700,22,0,Gal,d18:1,22:0
9258,3.4,0,700,22,0,Gal,d18:1,22:0
9259,3.6,0,700,22,0,Gal,d18:1,22:0
9260,3.8,0,700,22,0,Gal,d18:1,22:0
9261,4.0,0,700,22,0,Gal,d18:1,22:0
9262,4.2,0,700,22,0,Gal,d18:1,22:0
9263,4.4,0,700,22,0,Gal,d18:1,22:0
9264,4.6,0,700,22,0,Gal,d18:1,22:0
9265,4.8,0,700,22,0,Gal,d18:1,22:0
9266,5.0,0,700,22,0,Gal,d18:1,22:0
9267,5.2,0,700,22,0,Gal,d18:1,22:0
9268,5.4,0,700,22,0,Gal,d18:1,22:0
9269,5.6,0,700,22,0,Gal,d18:1,22:0
9270,5.8,0,700,22,0,Gal,d18:1,22:0
9271,6.0,0,700,22,0,Gal,d18:1,22:0
9272,6.2,0,700,22,0,Gal,d18:1,22:0
9273,6.4,0,700,22,0,Gal,d18:1,22:0
9274,6.6,0,700,22,0,Gal,d18:1,22:0
9275,6.8,0,700,22,0,Gal,d18:1,22:0
9276,7.0,0,700,22,0,Gal,d18:1,22:0
9277,7.2,0,700,22,0,Gal,d18:1,22:0
9278,7.4,0,700,22,0,Gal,d18:1,22:0
9279,7.6,0,700,22,0,Gal,d18:1,22:0
9280,7.8,0,700,22,0,Gal,d18:1,22:0
9281,8.0,0,700,22,0,Gal,d18:1,22:0
9282,8.2,0,700,22,0,Gal,d18:1,22:0
9283,8.4,0,700,22,0,Gal,d18:1,22:0
9284,8.6,0,700,22,0,Gal,d18:1,22:0
9285,8.8,0,700,22,0,Gal,d18:1,22:0
9286,9.0,0,700,22,0,Gal,d18:1,22:0
9287,9.2,0,700,22,0,Gal,d18:1,22:0
9288,9.4,0,700,22,0,Gal,d18:1,22:0
9289,9.6,0,700,22,0,Gal,d18:1,22:0
9290,9.8,0,700,22,0,Gal,d18:1,22:0
9291,10.0,0,700,22,0,Gal,d18:1,22:0
9292,-10.0,0,800,22,0,Gal,d18:1,22:0
9293,-9.8,0,800,22,0,Gal,d18:1,22:0
9294,-9.6,0,800,22,0,Gal,d18:1,22:0
9295,-9.4,0,800,22,0,Gal,d18:1,22:0
9296,-9.2,0,800,22,0,Gal,d18:1,22:0
9297,-9.0,0,800,22,0,Gal,d18:1,22:0
9298,-8.8,0,800,22,0,Gal,d18:1,22:0
9299,-8.6,0,800,22,0,Gal,d18:1,22:0
9300,-8.4,0,800,22,0,Gal,d18:1,22:0
9301,-8.2,0,800,22,0,Gal,d18:1,22:0
9302,-8.0,0,800,22,0,Gal,d18:1,22:0
9303,-7.8,0,800,22,0,Gal,d18:1,22:0
9304,-7.6,0,800,22,0,Gal,d18:1,22:0
9305,-7.4,0,800,22,0,Gal,d18:1,22:0
9306,-7.2,0,800,22,0,Gal,d18:1,22:0
9307,-7.0,0,800,22,0,Gal,d18:1,22:0
9308,-6.8,0,800,22,0,Gal,d18:1,22:0
9309,-6.6,0,800,22,0,Gal,d18:1,22:0
9310,-6.4,0,800,22,0,Gal,d18:1,22:0
9311,-6.2,0,800,22,0,Gal,d18:1,22:0
9312,-6.0,0,800,22,0,Gal,d18:1,22:0
9313,-5.8,0,800,22,0,Gal,d18:1,22:0
9314,-5.6,0,800,22,0,Gal,d18:1,22:0
9315,-5.4,0,800,22,0,Gal,d18:1,22:0
9316,-5.2,0,800,22,0,Gal,d18:1,22:0
9317,-5.0,0,800,22,0,Gal,d18:1,22:0
9318,-4.8,0,800,22,0,Gal,d18:1,22:0
9319,-4.6,0,800,22,0,Gal,d18:1,22:0
9320,-4.4,0,800,22,0,Gal,d18:1,22:0
9321,-4.2,0,800,22,0,Gal,d18:1,22:0
9322,-4.0,0,800,22,0,Gal,d18:1,22:0
9323,-3.8,0,800,22,0,Gal,d18:1,22:0
9324,-3.6,0,800,22,0,Gal,d18:1,22:0
9325,-3.4,0,800,22,0,Gal,d18:1,22:0
9326,-3.2,0,800,22,0,Gal,d18:1,22:0
9327,-3.0,0,800,22,0,Gal,d18:1,22:0
9328,-2.8,0,800,22,0,Gal,d18:1,22:0
9329,-2.6,0,800,22,0,Gal,d18:1,22:0
9330,-2.4,0,800,22,0,Gal,d18:1,22:0
9331,-2.2,0,800,22,0,Gal,d18:1,22:0
9332,-2.0,0,800,22,0,Gal,d18:1,22:0
9333,-1.8,0,800,22,0,Gal,d18:1,22:0
9334,-1.6,0,800,22,0,Gal,d18:1,22:0
9335,-1.4,20,800,22,0,Gal,d18:1,22:0
9336,-1.2,220,800,22,0,Gal,d18:1,22:0
9337,-1.0,660,800,22,0,Gal,d18:1,22:0
9338,-0.8,1020,800,22,0,Gal,d18:1,22:0
9339,-0.6,1540,800,22,0,Gal,d18:1,22:0
9340,-0.4,1580,800,22,0,Gal,d18:1,22:0
9341,-0.2,1280,800,22,0,Gal,d18:1,22:0
9342,0.0,1000,800,22,0,Gal,d18:1,22:0
9343,0.2,1460,800,22,0,Gal,d18:1,22:0
9344,0.4,1280,800,22,0,Gal,d18:1,22:0
9345,0.6,1240,800,22,0,Gal,d18:1,22:0
9346,0.8,460,800,22,0,Gal,d18:1,22:0
9347,1.0,200,800,22,0,Gal,d18:1,22:0
9348,1.2,0,800,22,0,Gal,d18:1,22:0
9349,1.4,0,800,22,0,Gal,d18:1,22:0
9350,1.6,0,800,22,0,Gal,d18:1,22:0
9351,1.8,0,800,22,0,Gal,d18:1,22:0
9352,2.0,0,800,22,0,Gal,d18:1,22:0
9353,2.2,0,800,22,0,Gal,d18:1,22:0
9354,2.4,0,800,22,0,Gal,d18:1,22:0
9355,2.6,0,800,22,0,Gal,d18:1,22:0
9356,2.8,0,800,22,0,Gal,d18:1,22:0
9357,3.0,0,800,22,0,Gal,d18:1,22:0
9358,3.2,0,800,22,0,Gal,d18:1,22:0
9359,3.4,0,800,22,0,Gal,d18:1,22:0
9360,3.6,0,800,22,0,Gal,d18:1,22:0
9361,3.8,0,800,22,0,Gal,d18:1,22:0
9362,4.0,0,800,22,0,Gal,d18:1,22:0
9363,4.2,0,800,22,0,Gal,d18:1,22:0
9364,4.4,0,800,22,0,Gal,d18:1,22:0
9365,4.6,0,800,22,0,Gal,d18:1,22:0
9366,4.8,0,800,22,0,Gal,d18:1,22:0
9367,5.0,0,800,22,0,Gal,d18:1,22:0
9368,5.2,0,800,22,0,Gal,d18:1,22:0
9369,5.4,0,800,22,0,Gal,d18:1,22:0
9370,5.6,0,800,22,0,Gal,d18:1,22:0
9371,5.8,0,800,22,0,Gal,d18:1,22:0
9372,6.0,0,800,22,0,Gal,d18:1,22:0
9373,6.2,0,800,22,0,Gal,d18:1,22:0
9374,6.4,0,800,22,0,Gal,d18:1,22:0
9375,6.6,0,800,22,0,Gal,d18:1,22:0
9376,6.8,0,800,22,0,Gal,d18:1,22:0
9377,7.0,0,800,22,0,Gal,d18:1,22:0
9378,7.2,0,800,22,0,Gal,d18:1,22:0
9379,7.4,0,800,22,0,Gal,d18:1,22:0
9380,7.6,0,800,22,0,Gal,d18:1,22:0
9381,7.8,0,800,22,0,Gal,d18:1,22:0
9382,8.0,0,800,22,0,Gal,d18:1,22:0
9383,8.2,0,800,22,0,Gal,d18:1,22:0
9384,8.4,0,800,22,0,Gal,d18:1,22:0
9385,8.6,0,800,22,0,Gal,d18:1,22:0
9386,8.8,0,800,22,0,Gal,d18:1,22:0
9387,9.0,0,800,22,0,Gal,d18:1,22:0
9388,9.2,0,800,22,0,Gal,d18:1,22:0
9389,9.4,0,800,22,0,Gal,d18:1,22:0
9390,9.6,0,800,22,0,Gal,d18:1,22:0
9391,9.8,0,800,22,0,Gal,d18:1,22:0
9392,10.0,0,800,22,0,Gal,d18:1,22:0
9393,-10.0,0,900,22,0,Gal,d18:1,22:0
9394,-9.8,0,900,22,0,Gal,d18:1,22:0
9395,-9.6,0,900,22,0,Gal,d18:1,22:0
9396,-9.4,0,900,22,0,Gal,d18:1,22:0
9397,-9.2,0,900,22,0,Gal,d18:1,22:0
9398,-9.0,0,900,22,0,Gal,d18:1,22:0
9399,-8.8,0,900,22,0,Gal,d18:1,22:0
9400,-8.6,0,900,22,0,Gal,d18:1,22:0
9401,-8.4,0,900,22,0,Gal,d18:1,22:0
9402,-8.2,0,900,22,0,Gal,d18:1,22:0
9403,-8.0,0,900,22,0,Gal,d18:1,22:0
9404,-7.8,0,900,22,0,Gal,d18:1,22:0
9405,-7.6,0,900,22,0,Gal,d18:1,22:0
9406,-7.4,0,900,22,0,Gal,d18:1,22:0
9407,-7.2,0,900,22,0,Gal,d18:1,22:0
9408,-7.0,0,900,22,0,Gal,d18:1,22:0
9409,-6.8,0,900,22,0,Gal,d18:1,22:0
9410,-6.6,0,900,22,0,Gal,d18:1,22:0
9411,-6.4,0,900,22,0,Gal,d18:1,22:0
9412,-6.2,0,900,22,0,Gal,d18:1,22:0
9413,-6.0,0,900,22,0,Gal,d18:1,22:0
9414,-5.8,0,900,22,0,Gal,d18:1,22:0
9415,-5.6,0,900,22,0,Gal,d18:1,22:0
9416,-5.4,0,900,22,0,Gal,d18:1,22:0
9417,-5.2,0,900,22,0,Gal,d18:1,22:0
9418,-5.0,0,900,22,0,Gal,d18:1,22:0
9419,-4.8,0,900,22,0,Gal,d18:1,22:0
9420,-4.6,0,900,22,0,Gal,d18:1,22:0
9421,-4.4,0,900,22,0,Gal,d18:1,22:0
9422,-4.2,0,900,22,0,Gal,d18:1,22:0
9423,-4.0,0,900,22,0,Gal,d18:1,22:0
9424,-3.8,0,900,22,0,Gal,d18:1,22:0
9425,-3.6,0,900,22,0,Gal,d18:1,22:0
9426,-3.4,0,900,22,0,Gal,d18:1,22:0
9427,-3.2,0,900,22,0,Gal,d18:1,22:0
9428,-3.0,0,900,22,0,Gal,d18:1,22:0
9429,-2.8,0,900,22,0,Gal,d18:1,22:0
9430,-2.6,0,900,22,0,Gal,d18:1,22:0
9431,-2.4,0,900,22,0,Gal,d18:1,22:0
9432,-2.2,0,900,22,0,Gal,d18:1,22:0
9433,-2.0,0,900,22,0,Gal,d18:1,22:0
9434,-1.8,0,900,22,0,Gal,d18:1,22:0
9435,-1.6,0,900,22,0,Gal,d18:1,22:0
9436,-1.4,60,900,22,0,Gal,d18:1,22:0
9437,-1.2,260,900,22,0,Gal,d18:1,22:0
9438,-1.0,600,900,22,0,Gal,d18:1,22:0
9439,-0.8,1380,900,22,0,Gal,d18:1,22:0
9440,-0.6,1620,900,22,0,Gal,d18:1,22:0
9441,-0.4,1980,900,22,0,Gal,d18:1,22:0
9442,-0.2,1280,900,22,0,Gal,d18:1,22:0
9443,0.0,1100,900,22,0,Gal,d18:1,22:0
9444,0.2,1240,900,22,0,Gal,d18:1,22:0
9445,0.4,1360,900,22,0,Gal,d18:1,22:0
9446,0.6,1320,900,22,0,Gal,d18:1,22:0
9447,0.8,500,900,22,0,Gal,d18:1,22:0
9448,1.0,240,900,22,0,Gal,d18:1,22:0
9449,1.2,40,900,22,0,Gal,d18:1,22:0
9450,1.4,20,900,22,0,Gal,d18:1,22:0
9451,1.6,0,900,22,0,Gal,d18:1,22:0
9452,1.8,0,900,22,0,Gal,d18:1,22:0
9453,2.0,0,900,22,0,Gal,d18:1,22:0
9454,2.2,0,900,22,0,Gal,d18:1,22:0
9455,2.4,0,900,22,0,Gal,d18:1,22:0
9456,2.6,0,900,22,0,Gal,d18:1,22:0
9457,2.8,0,900,22,0,Gal,d18:1,22:0
9458,3.0,0,900,22,0,Gal,d18:1,22:0
9459,3.2,0,900,22,0,Gal,d18:1,22:0
9460,3.4,0,900,22,0,Gal,d18:1,22:0
9461,3.6,0,900,22,0,Gal,d18:1,22:0
9462,3.8,0,900,22,0,Gal,d18:1,22:0
9463,4.0,0,900,22,0,Gal,d18:1,22:0
9464,4.2,0,900,22,0,Gal,d18:1,22:0
9465,4.4,0,900,22,0,Gal,d18:1,22:0
9466,4.6,0,900,22,0,Gal,d18:1,22:0
9467,4.8,0,900,22,0,Gal,d18:1,22:0
9468,5.0,0,900,22,0,Gal,d18:1,22:0
9469,5.2,0,900,22,0,Gal,d18:1,22:0
9470,5.4,0,900,22,0,Gal,d18:1,22:0
9471,5.6,0,900,22,0,Gal,d18:1,22:0
9472,5.8,0,900,22,0,Gal,d18:1,22:0
9473,6.0,0,900,22,0,Gal,d18:1,22:0
9474,6.2,0,900,22,0,Gal,d18:1,22:0
9475,6.4,0,900,22,0,Gal,d18:1,22:0
9476,6.6,0,900,22,0,Gal,d18:1,22:0
9477,6.8,0,900,22,0,Gal,d18:1,22:0
9478,7.0,0,900,22,0,Gal,d18:1,22:0
9479,7.2,0,900,22,0,Gal,d18:1,22:0
9480,7.4,0,900,22,0,Gal,d18:1,22:0
9481,7.6,0,900,22,0,Gal,d18:1,22:0
9482,7.8,0,900,22,0,Gal,d18:1,22:0
9483,8.0,0,900,22,0,Gal,d18:1,22:0
9484,8.2,0,900,22,0,Gal,d18:1,22:0
9485,8.4,0,900,22,0,Gal,d18:1,22:0
9486,8.6,0,900,22,0,Gal,d18:1,22:0
9487,8.8,0,900,22,0,Gal,d18:1,22:0
9488,9.0,0,900,22,0,Gal,d18:1,22:0
9489,9.2,0,900,22,0,Gal,d18:1,22:0
9490,9.4,0,900,22,0,Gal,d18:1,22:0
9491,9.6,0,900,22,0,Gal,d18:1,22:0
9492,9.8,0,900,22,0,Gal,d18:1,22:0
9493,10.0,0,900,22,0,Gal,d18:1,22:0
9494,-10.0,0,1000,22,0,Gal,d18:1,22:0
9495,-9.8,0,1000,22,0,Gal,d18:1,22:0
9496,-9.6,0,1000,22,0,Gal,d18:1,22:0
9497,-9.4,0,1000,22,0,Gal,d18:1,22:0
9498,-9.2,0,1000,22,0,Gal,d18:1,22:0
9499,-9.0,0,1000,22,0,Gal,d18:1,22:0
9500,-8.8,0,1000,22,0,Gal,d18:1,22:0
9501,-8.6,0,1000,22,0,Gal,d18:1,22:0
9502,-8.4,0,1000,22,0,Gal,d18:1,22:0
9503,-8.2,0,1000,22,0,Gal,d18:1,22:0
9504,-8.0,0,1000,22,0,Gal,d18:1,22:0
9505,-7.8,0,1000,22,0,Gal,d18:1,22:0
9506,-7.6,0,1000,22,0,Gal,d18:1,22:0
9507,-7.4,0,1000,22,0,Gal,d18:1,22:0
9508,-7.2,0,1000,22,0,Gal,d18:1,22:0
9509,-7.0,0,1000,22,0,Gal,d18:1,22:0
9510,-6.8,0,1000,22,0,Gal,d18:1,22:0
9511,-6.6,0,1000,22,0,Gal,d18:1,22:0
9512,-6.4,0,1000,22,0,Gal,d18:1,22:0
9513,-6.2,0,1000,22,0,Gal,d18:1,22:0
9514,-6.0,0,1000,22,0,Gal,d18:1,22:0
9515,-5.8,0,1000,22,0,Gal,d18:1,22:0
9516,-5.6,0,1000,22,0,Gal,d18:1,22:0
9517,-5.4,0,1000,22,0,Gal,d18:1,22:0
9518,-5.2,0,1000,22,0,Gal,d18:1,22:0
9519,-5.0,0,1000,22,0,Gal,d18:1,22:0
9520,-4.8,0,1000,22,0,Gal,d18:1,22:0
9521,-4.6,0,1000,22,0,Gal,d18:1,22:0
9522,-4.4,0,1000,22,0,Gal,d18:1,22:0
9523,-4.2,0,1000,22,0,Gal,d18:1,22:0
9524,-4.0,0,1000,22,0,Gal,d18:1,22:0
9525,-3.8,0,1000,22,0,Gal,d18:1,22:0
9526,-3.6,0,1000,22,0,Gal,d18:1,22:0
9527,-3.4,0,1000,22,0,Gal,d18:1,22:0
9528,-3.2,0,1000,22,0,Gal,d18:1,22:0
9529,-3.0,0,1000,22,0,Gal,d18:1,22:0
9530,-2.8,0,1000,22,0,Gal,d18:1,22:0
9531,-2.6,0,1000,22,0,Gal,d18:1,22:0
9532,-2.4,0,1000,22,0,Gal,d18:1,22:0
9533,-2.2,0,1000,22,0,Gal,d18:1,22:0
9534,-2.0,0,1000,22,0,Gal,d18:1,22:0
9535,-1.8,0,1000,22,0,Gal,d18:1,22:0
9536,-1.6,0,1000,22,0,Gal,d18:1,22:0
9537,-1.4,20,1000,22,0,Gal,d18:1,22:0
9538,-1.2,380,1000,22,0,Gal,d18:1,22:0
9539,-1.0,780,1000,22,0,Gal,d18:1,22:0
9540,-0.8,1800,1000,22,0,Gal,d18:1,22:0
9541,-0.6,2660,1000,22,0,Gal,d18:1,22:0
9542,-0.4,3200,1000,22,0,Gal,d18:1,22:0
9543,-0.2,3220,1000,22,0,Gal,d18:1,22:0
9544,0.0,2180,1000,22,0,Gal,d18:1,22:0
9545,0.2,2540,1000,22,0,Gal,d18:1,22:0
9546,0.4,1500,1000,22,0,Gal,d18:1,22:0
9547,0.6,1680,1000,22,0,Gal,d18:1,22:0
9548,0.8,1060,1000,22,0,Gal,d18:1,22:0
9549,1.0,320,1000,22,0,Gal,d18:1,22:0
9550,1.2,80,1000,22,0,Gal,d18:1,22:0
9551,1.4,0,1000,22,0,Gal,d18:1,22:0
9552,1.6,0,1000,22,0,Gal,d18:1,22:0
9553,1.8,0,1000,22,0,Gal,d18:1,22:0
9554,2.0,0,1000,22,0,Gal,d18:1,22:0
9555,2.2,0,1000,22,0,Gal,d18:1,22:0
9556,2.4,0,1000,22,0,Gal,d18:1,22:0
9557,2.6,0,1000,22,0,Gal,d18:1,22:0
9558,2.8,0,1000,22,0,Gal,d18:1,22:0
9559,3.0,0,1000,22,0,Gal,d18:1,22:0
9560,3.2,0,1000,22,0,Gal,d18:1,22:0
9561,3.4,0,1000,22,0,Gal,d18:1,22:0
9562,3.6,0,1000,22,0,Gal,d18:1,22:0
9563,3.8,0,1000,22,0,Gal,d18:1,22:0
9564,4.0,0,1000,22,0,Gal,d18:1,22:0
9565,4.2,0,1000,22,0,Gal,d18:1,22:0
9566,4.4,0,1000,22,0,Gal,d18:1,22:0
9567,4.6,0,1000,22,0,Gal,d18:1,22:0
9568,4.8,0,1000,22,0,Gal,d18:1,22:0
9569,5.0,0,1000,22,0,Gal,d18:1,22:0
9570,5.2,0,1000,22,0,Gal,d18:1,22:0
9571,5.4,0,1000,22,0,Gal,d18:1,22:0
9572,5.6,0,1000,22,0,Gal,d18:1,22:0
9573,5.8,0,1000,22,0,Gal,d18:1,22:0
9574,6.0,0,1000,22,0,Gal,d18:1,22:0
9575,6.2,0,1000,22,0,Gal,d18:1,22:0
9576,6.4,0,1000,22,0,Gal,d18:1,22:0
9577,6.6,0,1000,22,0,Gal,d18:1,22:0
9578,6.8,0,1000,22,0,Gal,d18:1,22:0
9579,7.0,0,1000,22,0,Gal,d18:1,22:0
9580,7.2,0,1000,22,0,Gal,d18:1,22:0
9581,7.4,0,1000,22,0,Gal,d18:1,22:0
9582,7.6,0,1000,22,0,Gal,d18:1,22:0
9583,7.8,0,1000,22,0,Gal,d18:1,22:0
9584,8.0,0,1000,22,0,Gal,d18:1,22:0
9585,8.2,0,1000,22,0,Gal,d18:1,22:0
9586,8.4,0,1000,22,0,Gal,d18:1,22:0
9587,8.6,0,1000,22,0,Gal,d18:1,22:0
9588,8.8,0,1000,22,0,Gal,d18:1,22:0
9589,9.0,0,1000,22,0,Gal,d18:1,22:0
9590,9.2,0,1000,22,0,Gal,d18:1,22:0
9591,9.4,0,1000,22,0,Gal,d18:1,22:0
9592,9.6,0,1000,22,0,Gal,d18:1,22:0
9593,9.8,0,1000,22,0,Gal,d18:1,22:0
9594,10.0,0,1000,22,0,Gal,d18:1,22:0
9595,-10.0,0,1100,22,0,Gal,d18:1,22:0
9596,-9.8,0,1100,22,0,Gal,d18:1,22:0
9597,-9.6,0,1100,22,0,Gal,d18:1,22:0
9598,-9.4,0,1100,22,0,Gal,d18:1,22:0
9599,-9.2,0,1100,22,0,Gal,d18:1,22:0
9600,-9.0,0,1100,22,0,Gal,d18:1,22:0
9601,-8.8,0,1100,22,0,Gal,d18:1,22:0
9602,-8.6,0,1100,22,0,Gal,d18:1,22:0
9603,-8.4,0,1100,22,0,Gal,d18:1,22:0
9604,-8.2,0,1100,22,0,Gal,d18:1,22:0
9605,-8.0,0,1100,22,0,Gal,d18:1,22:0
9606,-7.8,0,1100,22,0,Gal,d18:1,22:0
9607,-7.6,0,1100,22,0,Gal,d18:1,22:0
9608,-7.4,0,1100,22,0,Gal,d18:1,22:0
9609,-7.2,0,1100,22,0,Gal,d18:1,22:0
9610,-7.0,0,1100,22,0,Gal,d18:1,22:0
9611,-6.8,0,1100,22,0,Gal,d18:1,22:0
9612,-6.6,0,1100,22,0,Gal,d18:1,22:0
9613,-6.4,0,1100,22,0,Gal,d18:1,22:0
9614,-6.2,0,1100,22,0,Gal,d18:1,22:0
9615,-6.0,0,1100,22,0,Gal,d18:1,22:0
9616,-5.8,0,1100,22,0,Gal,d18:1,22:0
9617,-5.6,0,1100,22,0,Gal,d18:1,22:0
9618,-5.4,0,1100,22,0,Gal,d18:1,22:0
9619,-5.2,0,1100,22,0,Gal,d18:1,22:0
9620,-5.0,0,1100,22,0,Gal,d18:1,22:0
9621,-4.8,0,1100,22,0,Gal,d18:1,22:0
9622,-4.6,0,1100,22,0,Gal,d18:1,22:0
9623,-4.4,0,1100,22,0,Gal,d18:1,22:0
9624,-4.2,0,1100,22,0,Gal,d18:1,22:0
9625,-4.0,0,1100,22,0,Gal,d18:1,22:0
9626,-3.8,0,1100,22,0,Gal,d18:1,22:0
9627,-3.6,0,1100,22,0,Gal,d18:1,22:0
9628,-3.4,0,1100,22,0,Gal,d18:1,22:0
9629,-3.2,0,1100,22,0,Gal,d18:1,22:0
9630,-3.0,0,1100,22,0,Gal,d18:1,22:0
9631,-2.8,0,1100,22,0,Gal,d18:1,22:0
9632,-2.6,0,1100,22,0,Gal,d18:1,22:0
9633,-2.4,0,1100,22,0,Gal,d18:1,22:0
9634,-2.2,0,1100,22,0,Gal,d18:1,22:0
9635,-2.0,0,1100,22,0,Gal,d18:1,22:0
9636,-1.8,0,1100,22,0,Gal,d18:1,22:0
9637,-1.6,0,1100,22,0,Gal,d18:1,22:0
9638,-1.4,80,1100,22,0,Gal,d18:1,22:0
9639,-1.2,220,1100,22,0,Gal,d18:1,22:0
9640,-1.0,1320,1100,22,0,Gal,d18:1,22:0
9641,-0.8,1920,1100,22,0,Gal,d18:1,22:0
9642,-0.6,3260,1100,22,0,Gal,d18:1,22:0
9643,-0.4,3280,1100,22,0,Gal,d18:1,22:0
9644,-0.2,2400,1100,22,0,Gal,d18:1,22:0
9645,0.0,3340,1100,22,0,Gal,d18:1,22:0
9646,0.2,2080,1100,22,0,Gal,d18:1,22:0
9647,0.4,1620,1100,22,0,Gal,d18:1,22:0
9648,0.6,1700,1100,22,0,Gal,d18:1,22:0
9649,0.8,980,1100,22,0,Gal,d18:1,22:0
9650,1.0,340,1100,22,0,Gal,d18:1,22:0
9651,1.2,20,1100,22,0,Gal,d18:1,22:0
9652,1.4,0,1100,22,0,Gal,d18:1,22:0
9653,1.6,0,1100,22,0,Gal,d18:1,22:0
9654,1.8,0,1100,22,0,Gal,d18:1,22:0
9655,2.0,0,1100,22,0,Gal,d18:1,22:0
9656,2.2,0,1100,22,0,Gal,d18:1,22:0
9657,2.4,0,1100,22,0,Gal,d18:1,22:0
9658,2.6,0,1100,22,0,Gal,d18:1,22:0
9659,2.8,0,1100,22,0,Gal,d18:1,22:0
9660,3.0,0,1100,22,0,Gal,d18:1,22:0
9661,3.2,0,1100,22,0,Gal,d18:1,22:0
9662,3.4,0,1100,22,0,Gal,d18:1,22:0
9663,3.6,0,1100,22,0,Gal,d18:1,22:0
9664,3.8,0,1100,22,0,Gal,d18:1,22:0
9665,4.0,0,1100,22,0,Gal,d18:1,22:0
9666,4.2,0,1100,22,0,Gal,d18:1,22:0
9667,4.4,0,1100,22,0,Gal,d18:1,22:0
9668,4.6,0,1100,22,0,Gal,d18:1,22:0
9669,4.8,0,1100,22,0,Gal,d18:1,22:0
9670,5.0,0,1100,22,0,Gal,d18:1,22:0
9671,5.2,0,1100,22,0,Gal,d18:1,22:0
9672,5.4,0,1100,22,0,Gal,d18:1,22:0
9673,5.6,0,1100,22,0,Gal,d18:1,22:0
9674,5.8,0,1100,22,0,Gal,d18:1,22:0
9675,6.0,0,1100,22,0,Gal,d18:1,22:0
9676,6.2,0,1100,22,0,Gal,d18:1,22:0
9677,6.4,0,1100,22,0,Gal,d18:1,22:0
9678,6.6,0,1100,22,0,Gal,d18:1,22:0
9679,6.8,0,1100,22,0,Gal,d18:1,22:0
9680,7.0,0,1100,22,0,Gal,d18:1,22:0
9681,7.2,0,1100,22,0,Gal,d18:1,22:0
9682,7.4,0,1100,22,0,Gal,d18:1,22:0
9683,7.6,0,1100,22,0,Gal,d18:1,22:0
9684,7.8,0,1100,22,0,Gal,d18:1,22:0
9685,8.0,0,1100,22,0,Gal,d18:1,22:0
9686,8.2,0,1100,22,0,Gal,d18:1,22:0
9687,8.4,0,1100,22,0,Gal,d18:1,22:0
9688,8.6,0,1100,22,0,Gal,d18:1,22:0
9689,8.8,0,1100,22,0,Gal,d18:1,22:0
9690,9.0,0,1100,22,0,Gal,d18:1,22:0
9691,9.2,0,1100,22,0,Gal,d18:1,22:0
9692,9.4,0,1100,22,0,Gal,d18:1,22:0
9693,9.6,0,1100,22,0,Gal,d18:1,22:0
9694,9.8,0,1100,22,0,Gal,d18:1,22:0
9695,10.0,0,1100,22,0,Gal,d18:1,22:0
9696,-10.0,0,1200,22,0,Gal,d18:1,22:0
9697,-9.8,0,1200,22,0,Gal,d18:1,22:0
9698,-9.6,0,1200,22,0,Gal,d18:1,22:0
9699,-9.4,0,1200,22,0,Gal,d18:1,22:0
9700,-9.2,0,1200,22,0,Gal,d18:1,22:0
9701,-9.0,0,1200,22,0,Gal,d18:1,22:0
9702,-8.8,0,1200,22,0,Gal,d18:1,22:0
9703,-8.6,0,1200,22,0,Gal,d18:1,22:0
9704,-8.4,0,1200,22,0,Gal,d18:1,22:0
9705,-8.2,0,1200,22,0,Gal,d18:1,22:0
9706,-8.0,0,1200,22,0,Gal,d18:1,22:0
9707,-7.8,0,1200,22,0,Gal,d18:1,22:0
9708,-7.6,0,1200,22,0,Gal,d18:1,22:0
9709,-7.4,0,1200,22,0,Gal,d18:1,22:0
9710,-7.2,0,1200,22,0,Gal,d18:1,22:0
9711,-7.0,0,1200,22,0,Gal,d18:1,22:0
9712,-6.8,0,1200,22,0,Gal,d18:1,22:0
9713,-6.6,0,1200,22,0,Gal,d18:1,22:0
9714,-6.4,0,1200,22,0,Gal,d18:1,22:0
9715,-6.2,0,1200,22,0,Gal,d18:1,22:0
9716,-6.0,0,1200,22,0,Gal,d18:1,22:0
9717,-5.8,0,1200,22,0,Gal,d18:1,22:0
9718,-5.6,0,1200,22,0,Gal,d18:1,22:0
9719,-5.4,0,1200,22,0,Gal,d18:1,22:0
9720,-5.2,0,1200,22,0,Gal,d18:1,22:0
9721,-5.0,0,1200,22,0,Gal,d18:1,22:0
9722,-4.8,0,1200,22,0,Gal,d18:1,22:0
9723,-4.6,0,1200,22,0,Gal,d18:1,22:0
9724,-4.4,0,1200,22,0,Gal,d18:1,22:0
9725,-4.2,0,1200,22,0,Gal,d18:1,22:0
9726,-4.0,0,1200,22,0,Gal,d18:1,22:0
9727,-3.8,0,1200,22,0,Gal,d18:1,22:0
9728,-3.6,0,1200,22,0,Gal,d18:1,22:0
9729,-3.4,0,1200,22,0,Gal,d18:1,22:0
9730,-3.2,0,1200,22,0,Gal,d18:1,22:0
9731,-3.0,0,1200,22,0,Gal,d18:1,22:0
9732,-2.8,0,1200,22,0,Gal,d18:1,22:0
9733,-2.6,0,1200,22,0,Gal,d18:1,22:0
9734,-2.4,0,1200,22,0,Gal,d18:1,22:0
9735,-2.2,0,1200,22,0,Gal,d18:1,22:0
9736,-2.0,0,1200,22,0,Gal,d18:1,22:0
9737,-1.8,0,1200,22,0,Gal,d18:1,22:0
9738,-1.6,0,1200,22,0,Gal,d18:1,22:0
9739,-1.4,60,1200,22,0,Gal,d18:1,22:0
9740,-1.2,260,1200,22,0,Gal,d18:1,22:0
9741,-1.0,1020,1200,22,0,Gal,d18:1,22:0
9742,-0.8,2320,1200,22,0,Gal,d18:1,22:0
9743,-0.6,4180,1200,22,0,Gal,d18:1,22:0
9744,-0.4,4100,1200,22,0,Gal,d18:1,22:0
9745,-0.2,5280,1200,22,0,Gal,d18:1,22:0
9746,0.0,4220,1200,22,0,Gal,d18:1,22:0
9747,0.2,3700,1200,22,0,Gal,d18:1,22:0
9748,0.4,3380,1200,22,0,Gal,d18:1,22:0
9749,0.6,1880,1200,22,0,Gal,d18:1,22:0
9750,0.8,1500,1200,22,0,Gal,d18:1,22:0
9751,1.0,380,1200,22,0,Gal,d18:1,22:0
9752,1.2,80,1200,22,0,Gal,d18:1,22:0
9753,1.4,80,1200,22,0,Gal,d18:1,22:0
9754,1.6,0,1200,22,0,Gal,d18:1,22:0
9755,1.8,0,1200,22,0,Gal,d18:1,22:0
9756,2.0,0,1200,22,0,Gal,d18:1,22:0
9757,2.2,0,1200,22,0,Gal,d18:1,22:0
9758,2.4,0,1200,22,0,Gal,d18:1,22:0
9759,2.6,0,1200,22,0,Gal,d18:1,22:0
9760,2.8,0,1200,22,0,Gal,d18:1,22:0
9761,3.0,0,1200,22,0,Gal,d18:1,22:0
9762,3.2,0,1200,22,0,Gal,d18:1,22:0
9763,3.4,0,1200,22,0,Gal,d18:1,22:0
9764,3.6,0,1200,22,0,Gal,d18:1,22:0
9765,3.8,0,1200,22,0,Gal,d18:1,22:0
9766,4.0,0,1200,22,0,Gal,d18:1,22:0
9767,4.2,0,1200,22,0,Gal,d18:1,22:0
9768,4.4,0,1200,22,0,Gal,d18:1,22:0
9769,4.6,0,1200,22,0,Gal,d18:1,22:0
9770,4.8,0,1200,22,0,Gal,d18:1,22:0
9771,5.0,0,1200,22,0,Gal,d18:1,22:0
9772,5.2,0,1200,22,0,Gal,d18:1,22:0
9773,5.4,0,1200,22,0,Gal,d18:1,22:0
9774,5.6,0,1200,22,0,Gal,d18:1,22:0
9775,5.8,0,1200,22,0,Gal,d18:1,22:0
9776,6.0,0,1200,22,0,Gal,d18:1,22:0
9777,6.2,0,1200,22,0,Gal,d18:1,22:0
9778,6.4,0,1200,22,0,Gal,d18:1,22:0
9779,6.6,0,1200,22,0,Gal,d18:1,22:0
9780,6.8,0,1200,22,0,Gal,d18:1,22:0
9781,7.0,0,1200,22,0,Gal,d18:1,22:0
9782,7.2,0,1200,22,0,Gal,d18:1,22:0
9783,7.4,0,1200,22,0,Gal,d18:1,22:0
9784,7.6,0,1200,22,0,Gal,d18:1,22:0
9785,7.8,0,1200,22,0,Gal,d18:1,22:0
9786,8.0,0,1200,22,0,Gal,d18:1,22:0
9787,8.2,0,1200,22,0,Gal,d18:1,22:0
9788,8.4,0,1200,22,0,Gal,d18:1,22:0
9789,8.6,0,1200,22,0,Gal,d18:1,22:0
9790,8.8,0,1200,22,0,Gal,d18:1,22:0
9791,9.0,0,1200,22,0,Gal,d18:1,22:0
9792,9.2,0,1200,22,0,Gal,d18:1,22:0
9793,9.4,0,1200,22,0,Gal,d18:1,22:0
9794,9.6,0,1200,22,0,Gal,d18:1,22:0
9795,9.8,0,1200,22,0,Gal,d18:1,22:0
9796,10.0,0,1200,22,0,Gal,d18:1,22:0
9797,-10.0,0,1300,22,0,Gal,d18:1,22:0
9798,-9.8,0,1300,22,0,Gal,d18:1,22:0
9799,-9.6,0,1300,22,0,Gal,d18:1,22:0
9800,-9.4,0,1300,22,0,Gal,d18:1,22:0
9801,-9.2,0,1300,22,0,Gal,d18:1,22:0
9802,-9.0,0,1300,22,0,Gal,d18:1,22:0
9803,-8.8,0,1300,22,0,Gal,d18:1,22:0
9804,-8.6,0,1300,22,0,Gal,d18:1,22:0
9805,-8.4,0,1300,22,0,Gal,d18:1,22:0
9806,-8.2,0,1300,22,0,Gal,d18:1,22:0
9807,-8.0,0,1300,22,0,Gal,d18:1,22:0
9808,-7.8,0,1300,22,0,Gal,d18:1,22:0
9809,-7.6,0,1300,22,0,Gal,d18:1,22:0
9810,-7.4,0,1300,22,0,Gal,d18:1,22:0
9811,-7.2,0,1300,22,0,Gal,d18:1,22:0
9812,-7.0,0,1300,22,0,Gal,d18:1,22:0
9813,-6.8,0,1300,22,0,Gal,d18:1,22:0
9814,-6.6,0,1300,22,0,Gal,d18:1,22:0
9815,-6.4,0,1300,22,0,Gal,d18:1,22:0
9816,-6.2,0,1300,22,0,Gal,d18:1,22:0
9817,-6.0,0,1300,22,0,Gal,d18:1,22:0
9818,-5.8,0,1300,22,0,Gal,d18:1,22:0
9819,-5.6,0,1300,22,0,Gal,d18:1,22:0
9820,-5.4,0,1300,22,0,Gal,d18:1,22:0
9821,-5.2,0,1300,22,0,Gal,d18:1,22:0
9822,-5.0,0,1300,22,0,Gal,d18:1,22:0
9823,-4.8,0,1300,22,0,Gal,d18:1,22:0
9824,-4.6,0,1300,22,0,Gal,d18:1,22:0
9825,-4.4,0,1300,22,0,Gal,d18:1,22:0
9826,-4.2,0,1300,22,0,Gal,d18:1,22:0
9827,-4.0,0,1300,22,0,Gal,d18:1,22:0
9828,-3.8,0,1300,22,0,Gal,d18:1,22:0
9829,-3.6,0,1300,22,0,Gal,d18:1,22:0
9830,-3.4,0,1300,22,0,Gal,d18:1,22:0
9831,-3.2,0,1300,22,0,Gal,d18:1,22:0
9832,-3.0,0,1300,22,0,Gal,d18:1,22:0
9833,-2.8,0,1300,22,0,Gal,d18:1,22:0
9834,-2.6,0,1300,22,0,Gal,d18:1,22:0
9835,-2.4,0,1300,22,0,Gal,d18:1,22:0
9836,-2.2,0,1300,22,0,Gal,d18:1,22:0
9837,-2.0,0,1300,22,0,Gal,d18:1,22:0
9838,-1.8,0,1300,22,0,Gal,d18:1,22:0
9839,-1.6,0,1300,22,0,Gal,d18:1,22:0
9840,-1.4,40,1300,22,0,Gal,d18:1,22:0
9841,-1.2,340,1300,22,0,Gal,d18:1,22:0
9842,-1.0,940,1300,22,0,Gal,d18:1,22:0
9843,-0.8,2400,1300,22,0,Gal,d18:1,22:0
9844,-0.6,4100,1300,22,0,Gal,d18:1,22:0
9845,-0.4,3860,1300,22,0,Gal,d18:1,22:0
9846,-0.2,4200,1300,22,0,Gal,d18:1,22:0
9847,0.0,4420,1300,22,0,Gal,d18:1,22:0
9848,0.2,3600,1300,22,0,Gal,d18:1,22:0
9849,0.4,3240,1300,22,0,Gal,d18:1,22:0
9850,0.6,2140,1300,22,0,Gal,d18:1,22:0
9851,0.8,900,1300,22,0,Gal,d18:1,22:0
9852,1.0,440,1300,22,0,Gal,d18:1,22:0
9853,1.2,120,1300,22,0,Gal,d18:1,22:0
9854,1.4,20,1300,22,0,Gal,d18:1,22:0
9855,1.6,0,1300,22,0,Gal,d18:1,22:0
9856,1.8,0,1300,22,0,Gal,d18:1,22:0
9857,2.0,0,1300,22,0,Gal,d18:1,22:0
9858,2.2,0,1300,22,0,Gal,d18:1,22:0
9859,2.4,0,1300,22,0,Gal,d18:1,22:0
9860,2.6,0,1300,22,0,Gal,d18:1,22:0
9861,2.8,0,1300,22,0,Gal,d18:1,22:0
9862,3.0,0,1300,22,0,Gal,d18:1,22:0
9863,3.2,0,1300,22,0,Gal,d18:1,22:0
9864,3.4,0,1300,22,0,Gal,d18:1,22:0
9865,3.6,0,1300,22,0,Gal,d18:1,22:0
9866,3.8,0,1300,22,0,Gal,d18:1,22:0
9867,4.0,0,1300,22,0,Gal,d18:1,22:0
9868,4.2,0,1300,22,0,Gal,d18:1,22:0
9869,4.4,0,1300,22,0,Gal,d18:1,22:0
9870,4.6,0,1300,22,0,Gal,d18:1,22:0
9871,4.8,0,1300,22,0,Gal,d18:1,22:0
9872,5.0,0,1300,22,0,Gal,d18:1,22:0
9873,5.2,0,1300,22,0,Gal,d18:1,22:0
9874,5.4,0,1300,22,0,Gal,d18:1,22:0
9875,5.6,0,1300,22,0,Gal,d18:1,22:0
9876,5.8,0,1300,22,0,Gal,d18:1,22:0
9877,6.0,0,1300,22,0,Gal,d18:1,22:0
9878,6.2,0,1300,22,0,Gal,d18:1,22:0
9879,6.4,0,1300,22,0,Gal,d18:1,22:0
9880,6.6,0,1300,22,0,Gal,d18:1,22:0
9881,6.8,0,1300,22,0,Gal,d18:1,22:0
9882,7.0,0,1300,22,0,Gal,d18:1,22:0
9883,7.2,0,1300,22,0,Gal,d18:1,22:0
9884,7.4,0,1300,22,0,Gal,d18:1,22:0
9885,7.6,0,1300,22,0,Gal,d18:1,22:0
9886,7.8,0,1300,22,0,Gal,d18:1,22:0
9887,8.0,0,1300,22,0,Gal,d18:1,22:0
9888,8.2,0,1300,22,0,Gal,d18:1,22:0
9889,8.4,0,1300,22,0,Gal,d18:1,22:0
9890,8.6,0,1300,22,0,Gal,d18:1,22:0
9891,8.8,0,1300,22,0,Gal,d18:1,22:0
9892,9.0,0,1300,22,0,Gal,d18:1,22:0
9893,9.2,0,1300,22,0,Gal,d18:1,22:0
9894,9.4,0,1300,22,0,Gal,d18:1,22:0
9895,9.6,0,1300,22,0,Gal,d18:1,22:0
9896,9.8,0,1300,22,0,Gal,d18:1,22:0
9897,10.0,0,1300,22,0,Gal,d18:1,22:0
9898,-10.0,0,1400,22,0,Gal,d18:1,22:0
9899,-9.8,0,1400,22,0,Gal,d18:1,22:0
9900,-9.6,0,1400,22,0,Gal,d18:1,22:0
9901,-9.4,0,1400,22,0,Gal,d18:1,22:0
9902,-9.2,0,1400,22,0,Gal,d18:1,22:0
9903,-9.0,0,1400,22,0,Gal,d18:1,22:0
9904,-8.8,0,1400,22,0,Gal,d18:1,22:0
9905,-8.6,0,1400,22,0,Gal,d18:1,22:0
9906,-8.4,0,1400,22,0,Gal,d18:1,22:0
9907,-8.2,0,1400,22,0,Gal,d18:1,22:0
9908,-8.0,0,1400,22,0,Gal,d18:1,22:0
9909,-7.8,0,1400,22,0,Gal,d18:1,22:0
9910,-7.6,0,1400,22,0,Gal,d18:1,22:0
9911,-7.4,0,1400,22,0,Gal,d18:1,22:0
9912,-7.2,0,1400,22,0,Gal,d18:1,22:0
9913,-7.0,0,1400,22,0,Gal,d18:1,22:0
9914,-6.8,0,1400,22,0,Gal,d18:1,22:0
9915,-6.6,0,1400,22,0,Gal,d18:1,22:0
9916,-6.4,0,1400,22,0,Gal,d18:1,22:0
9917,-6.2,0,1400,22,0,Gal,d18:1,22:0
9918,-6.0,0,1400,22,0,Gal,d18:1,22:0
9919,-5.8,0,1400,22,0,Gal,d18:1,22:0
9920,-5.6,0,1400,22,0,Gal,d18:1,22:0
9921,-5.4,0,1400,22,0,Gal,d18:1,22:0
9922,-5.2,0,1400,22,0,Gal,d18:1,22:0
9923,-5.0,0,1400,22,0,Gal,d18:1,22:0
9924,-4.8,0,1400,22,0,Gal,d18:1,22:0
9925,-4.6,0,1400,22,0,Gal,d18:1,22:0
9926,-4.4,0,1400,22,0,Gal,d18:1,22:0
9927,-4.2,0,1400,22,0,Gal,d18:1,22:0
9928,-4.0,0,1400,22,0,Gal,d18:1,22:0
9929,-3.8,0,1400,22,0,Gal,d18:1,22:0
9930,-3.6,0,1400,22,0,Gal,d18:1,22:0
9931,-3.4,0,1400,22,0,Gal,d18:1,22:0
9932,-3.2,0,1400,22,0,Gal,d18:1,22:0
9933,-3.0,0,1400,22,0,Gal,d18:1,22:0
9934,-2.8,0,1400,22,0,Gal,d18:1,22:0
9935,-2.6,0,1400,22,0,Gal,d18:1,22:0
9936,-2.4,0,1400,22,0,Gal,d18:1,22:0
9937,-2.2,0,1400,22,0,Gal,d18:1,22:0
9938,-2.0,0,1400,22,0,Gal,d18:1,22:0
9939,-1.8,0,1400,22,0,Gal,d18:1,22:0
9940,-1.6,0,1400,22,0,Gal,d18:1,22:0
9941,-1.4,80,1400,22,0,Gal,d18:1,22:0
9942,-1.2,200,1400,22,0,Gal,d18:1,22:0
9943,-1.0,1060,1400,22,0,Gal,d18:1,22:0
9944,-0.8,2020,1400,22,0,Gal,d18:1,22:0
9945,-0.6,4980,1400,22,0,Gal,d18:1,22:0
9946,-0.4,6400,1400,22,0,Gal,d18:1,22:0
9947,-0.2,7080,1400,22,0,Gal,d18:1,22:0
9948,0.0,6500,1400,22,0,Gal,d18:1,22:0
9949,0.2,5140,1400,22,0,Gal,d18:1,22:0
9950,0.4,4080,1400,22,0,Gal,d18:1,22:0
9951,0.6,2680,1400,22,0,Gal,d18:1,22:0
9952,0.8,1540,1400,22,0,Gal,d18:1,22:0
9953,1.0,420,1400,22,0,Gal,d18:1,22:0
9954,1.2,20,1400,22,0,Gal,d18:1,22:0
9955,1.4,20,1400,22,0,Gal,d18:1,22:0
9956,1.6,0,1400,22,0,Gal,d18:1,22:0
9957,1.8,0,1400,22,0,Gal,d18:1,22:0
9958,2.0,0,1400,22,0,Gal,d18:1,22:0
9959,2.2,0,1400,22,0,Gal,d18:1,22:0
9960,2.4,0,1400,22,0,Gal,d18:1,22:0
9961,2.6,0,1400,22,0,Gal,d18:1,22:0
9962,2.8,0,1400,22,0,Gal,d18:1,22:0
9963,3.0,0,1400,22,0,Gal,d18:1,22:0
9964,3.2,0,1400,22,0,Gal,d18:1,22:0
9965,3.4,0,1400,22,0,Gal,d18:1,22:0
9966,3.6,0,1400,22,0,Gal,d18:1,22:0
9967,3.8,0,1400,22,0,Gal,d18:1,22:0
9968,4.0,0,1400,22,0,Gal,d18:1,22:0
9969,4.2,0,1400,22,0,Gal,d18:1,22:0
9970,4.4,0,1400,22,0,Gal,d18:1,22:0
9971,4.6,0,1400,22,0,Gal,d18:1,22:0
9972,4.8,0,1400,22,0,Gal,d18:1,22:0
9973,5.0,0,1400,22,0,Gal,d18:1,22:0
9974,5.2,0,1400,22,0,Gal,d18:1,22:0
9975,5.4,0,1400,22,0,Gal,d18:1,22:0
9976,5.6,0,1400,22,0,Gal,d18:1,22:0
9977,5.8,0,1400,22,0,Gal,d18:1,22:0
9978,6.0,0,1400,22,0,Gal,d18:1,22:0
9979,6.2,0,1400,22,0,Gal,d18:1,22:0
9980,6.4,0,1400,22,0,Gal,d18:1,22:0
9981,6.6,0,1400,22,0,Gal,d18:1,22:0
9982,6.8,0,1400,22,0,Gal,d18:1,22:0
9983,7.0,0,1400,22,0,Gal,d18:1,22:0
9984,7.2,0,1400,22,0,Gal,d18:1,22:0
9985,7.4,0,1400,22,0,Gal,d18:1,22:0
9986,7.6,0,1400,22,0,Gal,d18:1,22:0
9987,7.8,0,1400,22,0,Gal,d18:1,22:0
9988,8.0,0,1400,22,0,Gal,d18:1,22:0
9989,8.2,0,1400,22,0,Gal,d18:1,22:0
9990,8.4,0,1400,22,0,Gal,d18:1,22:0
9991,8.6,0,1400,22,0,Gal,d18:1,22:0
9992,8.8,0,1400,22,0,Gal,d18:1,22:0
9993,9.0,0,1400,22,0,Gal,d18:1,22:0
9994,9.2,0,1400,22,0,Gal,d18:1,22:0
9995,9.4,0,1400,22,0,Gal,d18:1,22:0
9996,9.6,0,1400,22,0,Gal,d18:1,22:0
9997,9.8,0,1400,22,0,Gal,d18:1,22:0
9998,10.0,0,1400,22,0,Gal,d18:1,22:0
9999,-10.0,0,1500,22,0,Gal,d18:1,22:0
10000,-9.8,0,1500,22,0,Gal,d18:1,22:0
10001,-9.6,0,1500,22,0,Gal,d18:1,22:0
10002,-9.4,0,1500,22,0,Gal,d18:1,22:0
10003,-9.2,0,1500,22,0,Gal,d18:1,22:0
10004,-9.0,0,1500,22,0,Gal,d18:1,22:0
10005,-8.8,0,1500,22,0,Gal,d18:1,22:0
10006,-8.6,0,1500,22,0,Gal,d18:1,22:0
10007,-8.4,0,1500,22,0,Gal,d18:1,22:0
10008,-8.2,0,1500,22,0,Gal,d18:1,22:0
10009,-8.0,0,1500,22,0,Gal,d18:1,22:0
10010,-7.8,0,1500,22,0,Gal,d18:1,22:0
10011,-7.6,0,1500,22,0,Gal,d18:1,22:0
10012,-7.4,0,1500,22,0,Gal,d18:1,22:0
10013,-7.2,0,1500,22,0,Gal,d18:1,22:0
10014,-7.0,0,1500,22,0,Gal,d18:1,22:0
10015,-6.8,0,1500,22,0,Gal,d18:1,22:0
10016,-6.6,0,1500,22,0,Gal,d18:1,22:0
10017,-6.4,0,1500,22,0,Gal,d18:1,22:0
10018,-6.2,0,1500,22,0,Gal,d18:1,22:0
10019,-6.0,0,1500,22,0,Gal,d18:1,22:0
10020,-5.8,0,1500,22,0,Gal,d18:1,22:0
10021,-5.6,0,1500,22,0,Gal,d18:1,22:0
10022,-5.4,0,1500,22,0,Gal,d18:1,22:0
10023,-5.2,0,1500,22,0,Gal,d18:1,22:0
10024,-5.0,0,1500,22,0,Gal,d18:1,22:0
10025,-4.8,0,1500,22,0,Gal,d18:1,22:0
10026,-4.6,0,1500,22,0,Gal,d18:1,22:0
10027,-4.4,0,1500,22,0,Gal,d18:1,22:0
10028,-4.2,0,1500,22,0,Gal,d18:1,22:0
10029,-4.0,0,1500,22,0,Gal,d18:1,22:0
10030,-3.8,0,1500,22,0,Gal,d18:1,22:0
10031,-3.6,0,1500,22,0,Gal,d18:1,22:0
10032,-3.4,0,1500,22,0,Gal,d18:1,22:0
10033,-3.2,0,1500,22,0,Gal,d18:1,22:0
10034,-3.0,0,1500,22,0,Gal,d18:1,22:0
10035,-2.8,0,1500,22,0,Gal,d18:1,22:0
10036,-2.6,0,1500,22,0,Gal,d18:1,22:0
10037,-2.4,0,1500,22,0,Gal,d18:1,22:0
10038,-2.2,0,1500,22,0,Gal,d18:1,22:0
10039,-2.0,0,1500,22,0,Gal,d18:1,22:0
10040,-1.8,0,1500,22,0,Gal,d18:1,22:0
10041,-1.6,0,1500,22,0,Gal,d18:1,22:0
10042,-1.4,60,1500,22,0,Gal,d18:1,22:0
10043,-1.2,240,1500,22,0,Gal,d18:1,22:0
10044,-1.0,1020,1500,22,0,Gal,d18:1,22:0
10045,-0.8,2480,1500,22,0,Gal,d18:1,22:0
10046,-0.6,4560,1500,22,0,Gal,d18:1,22:0
10047,-0.4,5540,1500,22,0,Gal,d18:1,22:0
10048,-0.2,6440,1500,22,0,Gal,d18:1,22:0
10049,0.0,5580,1500,22,0,Gal,d18:1,22:0
10050,0.2,4980,1500,22,0,Gal,d18:1,22:0
10051,0.4,3880,1500,22,0,Gal,d18:1,22:0
10052,0.6,2820,1500,22,0,Gal,d18:1,22:0
10053,0.8,1200,1500,22,0,Gal,d18:1,22:0
10054,1.0,300,1500,22,0,Gal,d18:1,22:0
10055,1.2,60,1500,22,0,Gal,d18:1,22:0
10056,1.4,0,1500,22,0,Gal,d18:1,22:0
10057,1.6,0,1500,22,0,Gal,d18:1,22:0
10058,1.8,0,1500,22,0,Gal,d18:1,22:0
10059,2.0,0,1500,22,0,Gal,d18:1,22:0
10060,2.2,0,1500,22,0,Gal,d18:1,22:0
10061,2.4,0,1500,22,0,Gal,d18:1,22:0
10062,2.6,0,1500,22,0,Gal,d18:1,22:0
10063,2.8,0,1500,22,0,Gal,d18:1,22:0
10064,3.0,0,1500,22,0,Gal,d18:1,22:0
10065,3.2,0,1500,22,0,Gal,d18:1,22:0
10066,3.4,0,1500,22,0,Gal,d18:1,22:0
10067,3.6,0,1500,22,0,Gal,d18:1,22:0
10068,3.8,0,1500,22,0,Gal,d18:1,22:0
10069,4.0,0,1500,22,0,Gal,d18:1,22:0
10070,4.2,0,1500,22,0,Gal,d18:1,22:0
10071,4.4,0,1500,22,0,Gal,d18:1,22:0
10072,4.6,0,1500,22,0,Gal,d18:1,22:0
10073,4.8,0,1500,22,0,Gal,d18:1,22:0
10074,5.0,0,1500,22,0,Gal,d18:1,22:0
10075,5.2,0,1500,22,0,Gal,d18:1,22:0
10076,5.4,0,1500,22,0,Gal,d18:1,22:0
10077,5.6,0,1500,22,0,Gal,d18:1,22:0
10078,5.8,0,1500,22,0,Gal,d18:1,22:0
10079,6.0,0,1500,22,0,Gal,d18:1,22:0
10080,6.2,0,1500,22,0,Gal,d18:1,22:0
10081,6.4,0,1500,22,0,Gal,d18:1,22:0
10082,6.6,0,1500,22,0,Gal,d18:1,22:0
10083,6.8,0,1500,22,0,Gal,d18:1,22:0
10084,7.0,0,1500,22,0,Gal,d18:1,22:0
10085,7.2,0,1500,22,0,Gal,d18:1,22:0
10086,7.4,0,1500,22,0,Gal,d18:1,22:0
10087,7.6,0,1500,22,0,Gal,d18:1,22:0
10088,7.8,0,1500,22,0,Gal,d18:1,22:0
10089,8.0,0,1500,22,0,Gal,d18:1,22:0
10090,8.2,0,1500,22,0,Gal,d18:1,22:0
10091,8.4,0,1500,22,0,Gal,d18:1,22:0
10092,8.6,0,1500,22,0,Gal,d18:1,22:0
10093,8.8,0,1500,22,0,Gal,d18:1,22:0
10094,9.0,0,1500,22,0,Gal,d18:1,22:0
10095,9.2,0,1500,22,0,Gal,d18:1,22:0
10096,9.4,0,1500,22,0,Gal,d18:1,22:0
10097,9.6,0,1500,22,0,Gal,d18:1,22:0
10098,9.8,0,1500,22,0,Gal,d18:1,22:0
10099,10.0,0,1500,22,0,Gal,d18:1,22:0
10100,-10.0,0,1600,22,0,Gal,d18:1,22:0
10101,-9.8,0,1600,22,0,Gal,d18:1,22:0
10102,-9.6,0,1600,22,0,Gal,d18:1,22:0
10103,-9.4,0,1600,22,0,Gal,d18:1,22:0
10104,-9.2,0,1600,22,0,Gal,d18:1,22:0
10105,-9.0,0,1600,22,0,Gal,d18:1,22:0
10106,-8.8,0,1600,22,0,Gal,d18:1,22:0
10107,-8.6,0,1600,22,0,Gal,d18:1,22:0
10108,-8.4,0,1600,22,0,Gal,d18:1,22:0
10109,-8.2,0,1600,22,0,Gal,d18:1,22:0
10110,-8.0,0,1600,22,0,Gal,d18:1,22:0
10111,-7.8,0,1600,22,0,Gal,d18:1,22:0
10112,-7.6,0,1600,22,0,Gal,d18:1,22:0
10113,-7.4,0,1600,22,0,Gal,d18:1,22:0
10114,-7.2,0,1600,22,0,Gal,d18:1,22:0
10115,-7.0,0,1600,22,0,Gal,d18:1,22:0
10116,-6.8,0,1600,22,0,Gal,d18:1,22:0
10117,-6.6,0,1600,22,0,Gal,d18:1,22:0
10118,-6.4,0,1600,22,0,Gal,d18:1,22:0
10119,-6.2,0,1600,22,0,Gal,d18:1,22:0
10120,-6.0,0,1600,22,0,Gal,d18:1,22:0
10121,-5.8,0,1600,22,0,Gal,d18:1,22:0
10122,-5.6,0,1600,22,0,Gal,d18:1,22:0
10123,-5.4,0,1600,22,0,Gal,d18:1,22:0
10124,-5.2,0,1600,22,0,Gal,d18:1,22:0
10125,-5.0,0,1600,22,0,Gal,d18:1,22:0
10126,-4.8,0,1600,22,0,Gal,d18:1,22:0
10127,-4.6,0,1600,22,0,Gal,d18:1,22:0
10128,-4.4,0,1600,22,0,Gal,d18:1,22:0
10129,-4.2,0,1600,22,0,Gal,d18:1,22:0
10130,-4.0,0,1600,22,0,Gal,d18:1,22:0
10131,-3.8,0,1600,22,0,Gal,d18:1,22:0
10132,-3.6,0,1600,22,0,Gal,d18:1,22:0
10133,-3.4,0,1600,22,0,Gal,d18:1,22:0
10134,-3.2,0,1600,22,0,Gal,d18:1,22:0
10135,-3.0,0,1600,22,0,Gal,d18:1,22:0
10136,-2.8,0,1600,22,0,Gal,d18:1,22:0
10137,-2.6,0,1600,22,0,Gal,d18:1,22:0
10138,-2.4,0,1600,22,0,Gal,d18:1,22:0
10139,-2.2,0,1600,22,0,Gal,d18:1,22:0
10140,-2.0,0,1600,22,0,Gal,d18:1,22:0
10141,-1.8,0,1600,22,0,Gal,d18:1,22:0
10142,-1.6,0,1600,22,0,Gal,d18:1,22:0
10143,-1.4,0,1600,22,0,Gal,d18:1,22:0
10144,-1.2,280,1600,22,0,Gal,d18:1,22:0
10145,-1.0,1360,1600,22,0,Gal,d18:1,22:0
10146,-0.8,2880,1600,22,0,Gal,d18:1,22:0
10147,-0.6,5500,1600,22,0,Gal,d18:1,22:0
10148,-0.4,6940,1600,22,0,Gal,d18:1,22:0
10149,-0.2,6860,1600,22,0,Gal,d18:1,22:0
10150,0.0,6880,1600,22,0,Gal,d18:1,22:0
10151,0.2,5240,1600,22,0,Gal,d18:1,22:0
10152,0.4,4300,1600,22,0,Gal,d18:1,22:0
10153,0.6,2900,1600,22,0,Gal,d18:1,22:0
10154,0.8,1700,1600,22,0,Gal,d18:1,22:0
10155,1.0,480,1600,22,0,Gal,d18:1,22:0
10156,1.2,120,1600,22,0,Gal,d18:1,22:0
10157,1.4,0,1600,22,0,Gal,d18:1,22:0
10158,1.6,0,1600,22,0,Gal,d18:1,22:0
10159,1.8,0,1600,22,0,Gal,d18:1,22:0
10160,2.0,0,1600,22,0,Gal,d18:1,22:0
10161,2.2,0,1600,22,0,Gal,d18:1,22:0
10162,2.4,0,1600,22,0,Gal,d18:1,22:0
10163,2.6,0,1600,22,0,Gal,d18:1,22:0
10164,2.8,0,1600,22,0,Gal,d18:1,22:0
10165,3.0,0,1600,22,0,Gal,d18:1,22:0
10166,3.2,0,1600,22,0,Gal,d18:1,22:0
10167,3.4,0,1600,22,0,Gal,d18:1,22:0
10168,3.6,0,1600,22,0,Gal,d18:1,22:0
10169,3.8,0,1600,22,0,Gal,d18:1,22:0
10170,4.0,0,1600,22,0,Gal,d18:1,22:0
10171,4.2,0,1600,22,0,Gal,d18:1,22:0
10172,4.4,0,1600,22,0,Gal,d18:1,22:0
10173,4.6,0,1600,22,0,Gal,d18:1,22:0
10174,4.8,0,1600,22,0,Gal,d18:1,22:0
10175,5.0,0,1600,22,0,Gal,d18:1,22:0
10176,5.2,0,1600,22,0,Gal,d18:1,22:0
10177,5.4,0,1600,22,0,Gal,d18:1,22:0
10178,5.6,0,1600,22,0,Gal,d18:1,22:0
10179,5.8,0,1600,22,0,Gal,d18:1,22:0
10180,6.0,0,1600,22,0,Gal,d18:1,22:0
10181,6.2,0,1600,22,0,Gal,d18:1,22:0
10182,6.4,0,1600,22,0,Gal,d18:1,22:0
10183,6.6,0,1600,22,0,Gal,d18:1,22:0
10184,6.8,0,1600,22,0,Gal,d18:1,22:0
10185,7.0,0,1600,22,0,Gal,d18:1,22:0
10186,7.2,0,1600,22,0,Gal,d18:1,22:0
10187,7.4,0,1600,22,0,Gal,d18:1,22:0
10188,7.6,0,1600,22,0,Gal,d18:1,22:0
10189,7.8,0,1600,22,0,Gal,d18:1,22:0
10190,8.0,0,1600,22,0,Gal,d18:1,22:0
10191,8.2,0,1600,22,0,Gal,d18:1,22:0
10192,8.4,0,1600,22,0,Gal,d18:1,22:0
10193,8.6,0,1600,22,0,Gal,d18:1,22:0
10194,8.8,0,1600,22,0,Gal,d18:1,22:0
10195,9.0,0,1600,22,0,Gal,d18:1,22:0
10196,9.2,0,1600,22,0,Gal,d18:1,22:0
10197,9.4,0,1600,22,0,Gal,d18:1,22:0
10198,9.6,0,1600,22,0,Gal,d18:1,22:0
10199,9.8,0,1600,22,0,Gal,d18:1,22:0
10200,10.0,0,1600,22,0,Gal,d18:1,22:0
10201,-10.0,0,1700,22,0,Gal,d18:1,22:0
10202,-9.8,0,1700,22,0,Gal,d18:1,22:0
10203,-9.6,0,1700,22,0,Gal,d18:1,22:0
10204,-9.4,0,1700,22,0,Gal,d18:1,22:0
10205,-9.2,0,1700,22,0,Gal,d18:1,22:0
10206,-9.0,0,1700,22,0,Gal,d18:1,22:0
10207,-8.8,0,1700,22,0,Gal,d18:1,22:0
10208,-8.6,0,1700,22,0,Gal,d18:1,22:0
10209,-8.4,0,1700,22,0,Gal,d18:1,22:0
10210,-8.2,0,1700,22,0,Gal,d18:1,22:0
10211,-8.0,0,1700,22,0,Gal,d18:1,22:0
10212,-7.8,0,1700,22,0,Gal,d18:1,22:0
10213,-7.6,0,1700,22,0,Gal,d18:1,22:0
10214,-7.4,0,1700,22,0,Gal,d18:1,22:0
10215,-7.2,0,1700,22,0,Gal,d18:1,22:0
10216,-7.0,0,1700,22,0,Gal,d18:1,22:0
10217,-6.8,0,1700,22,0,Gal,d18:1,22:0
10218,-6.6,0,1700,22,0,Gal,d18:1,22:0
10219,-6.4,0,1700,22,0,Gal,d18:1,22:0
10220,-6.2,0,1700,22,0,Gal,d18:1,22:0
10221,-6.0,0,1700,22,0,Gal,d18:1,22:0
10222,-5.8,0,1700,22,0,Gal,d18:1,22:0
10223,-5.6,0,1700,22,0,Gal,d18:1,22:0
10224,-5.4,0,1700,22,0,Gal,d18:1,22:0
10225,-5.2,0,1700,22,0,Gal,d18:1,22:0
10226,-5.0,0,1700,22,0,Gal,d18:1,22:0
10227,-4.8,0,1700,22,0,Gal,d18:1,22:0
10228,-4.6,0,1700,22,0,Gal,d18:1,22:0
10229,-4.4,0,1700,22,0,Gal,d18:1,22:0
10230,-4.2,0,1700,22,0,Gal,d18:1,22:0
10231,-4.0,0,1700,22,0,Gal,d18:1,22:0
10232,-3.8,0,1700,22,0,Gal,d18:1,22:0
10233,-3.6,0,1700,22,0,Gal,d18:1,22:0
10234,-3.4,0,1700,22,0,Gal,d18:1,22:0
10235,-3.2,0,1700,22,0,Gal,d18:1,22:0
10236,-3.0,0,1700,22,0,Gal,d18:1,22:0
10237,-2.8,0,1700,22,0,Gal,d18:1,22:0
10238,-2.6,0,1700,22,0,Gal,d18:1,22:0
10239,-2.4,0,1700,22,0,Gal,d18:1,22:0
10240,-2.2,0,1700,22,0,Gal,d18:1,22:0
10241,-2.0,0,1700,22,0,Gal,d18:1,22:0
10242,-1.8,0,1700,22,0,Gal,d18:1,22:0
10243,-1.6,0,1700,22,0,Gal,d18:1,22:0
10244,-1.4,0,1700,22,0,Gal,d18:1,22:0
10245,-1.2,180,1700,22,0,Gal,d18:1,22:0
10246,-1.0,800,1700,22,0,Gal,d18:1,22:0
10247,-0.8,3460,1700,22,0,Gal,d18:1,22:0
10248,-0.6,5720,1700,22,0,Gal,d18:1,22:0
10249,-0.4,8640,1700,22,0,Gal,d18:1,22:0
10250,-0.2,8300,1700,22,0,Gal,d18:1,22:0
10251,0.0,7760,1700,22,0,Gal,d18:1,22:0
10252,0.2,5680,1700,22,0,Gal,d18:1,22:0
10253,0.4,5840,1700,22,0,Gal,d18:1,22:0
10254,0.6,4060,1700,22,0,Gal,d18:1,22:0
10255,0.8,1800,1700,22,0,Gal,d18:1,22:0
10256,1.0,520,1700,22,0,Gal,d18:1,22:0
10257,1.2,180,1700,22,0,Gal,d18:1,22:0
10258,1.4,40,1700,22,0,Gal,d18:1,22:0
10259,1.6,0,1700,22,0,Gal,d18:1,22:0
10260,1.8,0,1700,22,0,Gal,d18:1,22:0
10261,2.0,0,1700,22,0,Gal,d18:1,22:0
10262,2.2,0,1700,22,0,Gal,d18:1,22:0
10263,2.4,0,1700,22,0,Gal,d18:1,22:0
10264,2.6,0,1700,22,0,Gal,d18:1,22:0
10265,2.8,0,1700,22,0,Gal,d18:1,22:0
10266,3.0,0,1700,22,0,Gal,d18:1,22:0
10267,3.2,0,1700,22,0,Gal,d18:1,22:0
10268,3.4,0,1700,22,0,Gal,d18:1,22:0
10269,3.6,0,1700,22,0,Gal,d18:1,22:0
10270,3.8,0,1700,22,0,Gal,d18:1,22:0
10271,4.0,0,1700,22,0,Gal,d18:1,22:0
10272,4.2,0,1700,22,0,Gal,d18:1,22:0
10273,4.4,0,1700,22,0,Gal,d18:1,22:0
10274,4.6,0,1700,22,0,Gal,d18:1,22:0
10275,4.8,0,1700,22,0,Gal,d18:1,22:0
10276,5.0,0,1700,22,0,Gal,d18:1,22:0
10277,5.2,0,1700,22,0,Gal,d18:1,22:0
10278,5.4,0,1700,22,0,Gal,d18:1,22:0
10279,5.6,0,1700,22,0,Gal,d18:1,22:0
10280,5.8,0,1700,22,0,Gal,d18:1,22:0
10281,6.0,0,1700,22,0,Gal,d18:1,22:0
10282,6.2,0,1700,22,0,Gal,d18:1,22:0
10283,6.4,0,1700,22,0,Gal,d18:1,22:0
10284,6.6,0,1700,22,0,Gal,d18:1,22:0
10285,6.8,0,1700,22,0,Gal,d18:1,22:0
10286,7.0,0,1700,22,0,Gal,d18:1,22:0
10287,7.2,0,1700,22,0,Gal,d18:1,22:0
10288,7.4,0,1700,22,0,Gal,d18:1,22:0
10289,7.6,0,1700,22,0,Gal,d18:1,22:0
10290,7.8,0,1700,22,0,Gal,d18:1,22:0
10291,8.0,0,1700,22,0,Gal,d18:1,22:0
10292,8.2,0,1700,22,0,Gal,d18:1,22:0
10293,8.4,0,1700,22,0,Gal,d18:1,22:0
10294,8.6,0,1700,22,0,Gal,d18:1,22:0
10295,8.8,0,1700,22,0,Gal,d18:1,22:0
10296,9.0,0,1700,22,0,Gal,d18:1,22:0
10297,9.2,0,1700,22,0,Gal,d18:1,22:0
10298,9.4,0,1700,22,0,Gal,d18:1,22:0
10299,9.6,0,1700,22,0,Gal,d18:1,22:0
10300,9.8,0,1700,22,0,Gal,d18:1,22:0
10301,10.0,0,1700,22,0,Gal,d18:1,22:0
10302,-10.0,0,1800,22,0,Gal,d18:1,22:0
10303,-9.8,0,1800,22,0,Gal,d18:1,22:0
10304,-9.6,0,1800,22,0,Gal,d18:1,22:0
10305,-9.4,0,1800,22,0,Gal,d18:1,22:0
10306,-9.2,0,1800,22,0,Gal,d18:1,22:0
10307,-9.0,0,1800,22,0,Gal,d18:1,22:0
10308,-8.8,0,1800,22,0,Gal,d18:1,22:0
10309,-8.6,0,1800,22,0,Gal,d18:1,22:0
10310,-8.4,0,1800,22,0,Gal,d18:1,22:0
10311,-8.2,0,1800,22,0,Gal,d18:1,22:0
10312,-8.0,0,1800,22,0,Gal,d18:1,22:0
10313,-7.8,0,1800,22,0,Gal,d18:1,22:0
10314,-7.6,0,1800,22,0,Gal,d18:1,22:0
10315,-7.4,0,1800,22,0,Gal,d18:1,22:0
10316,-7.2,0,1800,22,0,Gal,d18:1,22:0
10317,-7.0,0,1800,22,0,Gal,d18:1,22:0
10318,-6.8,0,1800,22,0,Gal,d18:1,22:0
10319,-6.6,0,1800,22,0,Gal,d18:1,22:0
10320,-6.4,0,1800,22,0,Gal,d18:1,22:0
10321,-6.2,0,1800,22,0,Gal,d18:1,22:0
10322,-6.0,0,1800,22,0,Gal,d18:1,22:0
10323,-5.8,0,1800,22,0,Gal,d18:1,22:0
10324,-5.6,0,1800,22,0,Gal,d18:1,22:0
10325,-5.4,0,1800,22,0,Gal,d18:1,22:0
10326,-5.2,0,1800,22,0,Gal,d18:1,22:0
10327,-5.0,0,1800,22,0,Gal,d18:1,22:0
10328,-4.8,0,1800,22,0,Gal,d18:1,22:0
10329,-4.6,0,1800,22,0,Gal,d18:1,22:0
10330,-4.4,0,1800,22,0,Gal,d18:1,22:0
10331,-4.2,0,1800,22,0,Gal,d18:1,22:0
10332,-4.0,0,1800,22,0,Gal,d18:1,22:0
10333,-3.8,0,1800,22,0,Gal,d18:1,22:0
10334,-3.6,0,1800,22,0,Gal,d18:1,22:0
10335,-3.4,0,1800,22,0,Gal,d18:1,22:0
10336,-3.2,0,1800,22,0,Gal,d18:1,22:0
10337,-3.0,0,1800,22,0,Gal,d18:1,22:0
10338,-2.8,0,1800,22,0,Gal,d18:1,22:0
10339,-2.6,0,1800,22,0,Gal,d18:1,22:0
10340,-2.4,0,1800,22,0,Gal,d18:1,22:0
10341,-2.2,0,1800,22,0,Gal,d18:1,22:0
10342,-2.0,0,1800,22,0,Gal,d18:1,22:0
10343,-1.8,0,1800,22,0,Gal,d18:1,22:0
10344,-1.6,40,1800,22,0,Gal,d18:1,22:0
10345,-1.4,20,1800,22,0,Gal,d18:1,22:0
10346,-1.2,280,1800,22,0,Gal,d18:1,22:0
10347,-1.0,1080,1800,22,0,Gal,d18:1,22:0
10348,-0.8,3400,1800,22,0,Gal,d18:1,22:0
10349,-0.6,6480,1800,22,0,Gal,d18:1,22:0
10350,-0.4,9020,1800,22,0,Gal,d18:1,22:0
10351,-0.2,10180,1800,22,0,Gal,d18:1,22:0
10352,0.0,10800,1800,22,0,Gal,d18:1,22:0
10353,0.2,8180,1800,22,0,Gal,d18:1,22:0
10354,0.4,5440,1800,22,0,Gal,d18:1,22:0
10355,0.6,4180,1800,22,0,Gal,d18:1,22:0
10356,0.8,2180,1800,22,0,Gal,d18:1,22:0
10357,1.0,1020,1800,22,0,Gal,d18:1,22:0
10358,1.2,340,1800,22,0,Gal,d18:1,22:0
10359,1.4,20,1800,22,0,Gal,d18:1,22:0
10360,1.6,0,1800,22,0,Gal,d18:1,22:0
10361,1.8,0,1800,22,0,Gal,d18:1,22:0
10362,2.0,0,1800,22,0,Gal,d18:1,22:0
10363,2.2,0,1800,22,0,Gal,d18:1,22:0
10364,2.4,0,1800,22,0,Gal,d18:1,22:0
10365,2.6,0,1800,22,0,Gal,d18:1,22:0
10366,2.8,0,1800,22,0,Gal,d18:1,22:0
10367,3.0,0,1800,22,0,Gal,d18:1,22:0
10368,3.2,0,1800,22,0,Gal,d18:1,22:0
10369,3.4,0,1800,22,0,Gal,d18:1,22:0
10370,3.6,0,1800,22,0,Gal,d18:1,22:0
10371,3.8,0,1800,22,0,Gal,d18:1,22:0
10372,4.0,0,1800,22,0,Gal,d18:1,22:0
10373,4.2,0,1800,22,0,Gal,d18:1,22:0
10374,4.4,0,1800,22,0,Gal,d18:1,22:0
10375,4.6,0,1800,22,0,Gal,d18:1,22:0
10376,4.8,0,1800,22,0,Gal,d18:1,22:0
10377,5.0,0,1800,22,0,Gal,d18:1,22:0
10378,5.2,0,1800,22,0,Gal,d18:1,22:0
10379,5.4,0,1800,22,0,Gal,d18:1,22:0
10380,5.6,0,1800,22,0,Gal,d18:1,22:0
10381,5.8,0,1800,22,0,Gal,d18:1,22:0
10382,6.0,0,1800,22,0,Gal,d18:1,22:0
10383,6.2,0,1800,22,0,Gal,d18:1,22:0
10384,6.4,0,1800,22,0,Gal,d18:1,22:0
10385,6.6,0,1800,22,0,Gal,d18:1,22:0
10386,6.8,0,1800,22,0,Gal,d18:1,22:0
10387,7.0,0,1800,22,0,Gal,d18:1,22:0
10388,7.2,0,1800,22,0,Gal,d18:1,22:0
10389,7.4,0,1800,22,0,Gal,d18:1,22:0
10390,7.6,0,1800,22,0,Gal,d18:1,22:0
10391,7.8,0,1800,22,0,Gal,d18:1,22:0
10392,8.0,0,1800,22,0,Gal,d18:1,22:0
10393,8.2,0,1800,22,0,Gal,d18:1,22:0
10394,8.4,0,1800,22,0,Gal,d18:1,22:0
10395,8.6,0,1800,22,0,Gal,d18:1,22:0
10396,8.8,0,1800,22,0,Gal,d18:1,22:0
10397,9.0,0,1800,22,0,Gal,d18:1,22:0
10398,9.2,0,1800,22,0,Gal,d18:1,22:0
10399,9.4,0,1800,22,0,Gal,d18:1,22:0
10400,9.6,0,1800,22,0,Gal,d18:1,22:0
10401,9.8,0,1800,22,0,Gal,d18:1,22:0
10402,10.0,0,1800,22,0,Gal,d18:1,22:0
10403,-10.0,0,1900,22,0,Gal,d18:1,22:0
10404,-9.8,0,1900,22,0,Gal,d18:1,22:0
10405,-9.6,0,1900,22,0,Gal,d18:1,22:0
10406,-9.4,0,1900,22,0,Gal,d18:1,22:0
10407,-9.2,0,1900,22,0,Gal,d18:1,22:0
10408,-9.0,0,1900,22,0,Gal,d18:1,22:0
10409,-8.8,0,1900,22,0,Gal,d18:1,22:0
10410,-8.6,0,1900,22,0,Gal,d18:1,22:0
10411,-8.4,0,1900,22,0,Gal,d18:1,22:0
10412,-8.2,0,1900,22,0,Gal,d18:1,22:0
10413,-8.0,0,1900,22,0,Gal,d18:1,22:0
10414,-7.8,0,1900,22,0,Gal,d18:1,22:0
10415,-7.6,0,1900,22,0,Gal,d18:1,22:0
10416,-7.4,0,1900,22,0,Gal,d18:1,22:0
10417,-7.2,0,1900,22,0,Gal,d18:1,22:0
10418,-7.0,0,1900,22,0,Gal,d18:1,22:0
10419,-6.8,0,1900,22,0,Gal,d18:1,22:0
10420,-6.6,0,1900,22,0,Gal,d18:1,22:0
10421,-6.4,0,1900,22,0,Gal,d18:1,22:0
10422,-6.2,0,1900,22,0,Gal,d18:1,22:0
10423,-6.0,0,1900,22,0,Gal,d18:1,22:0
10424,-5.8,0,1900,22,0,Gal,d18:1,22:0
10425,-5.6,0,1900,22,0,Gal,d18:1,22:0
10426,-5.4,0,1900,22,0,Gal,d18:1,22:0
10427,-5.2,0,1900,22,0,Gal,d18:1,22:0
10428,-5.0,0,1900,22,0,Gal,d18:1,22:0
10429,-4.8,0,1900,22,0,Gal,d18:1,22:0
10430,-4.6,0,1900,22,0,Gal,d18:1,22:0
10431,-4.4,0,1900,22,0,Gal,d18:1,22:0
10432,-4.2,0,1900,22,0,Gal,d18:1,22:0
10433,-4.0,0,1900,22,0,Gal,d18:1,22:0
10434,-3.8,0,1900,22,0,Gal,d18:1,22:0
10435,-3.6,0,1900,22,0,Gal,d18:1,22:0
10436,-3.4,0,1900,22,0,Gal,d18:1,22:0
10437,-3.2,0,1900,22,0,Gal,d18:1,22:0
10438,-3.0,0,1900,22,0,Gal,d18:1,22:0
10439,-2.8,0,1900,22,0,Gal,d18:1,22:0
10440,-2.6,0,1900,22,0,Gal,d18:1,22:0
10441,-2.4,0,1900,22,0,Gal,d18:1,22:0
10442,-2.2,0,1900,22,0,Gal,d18:1,22:0
10443,-2.0,0,1900,22,0,Gal,d18:1,22:0
10444,-1.8,0,1900,22,0,Gal,d18:1,22:0
10445,-1.6,0,1900,22,0,Gal,d18:1,22:0
10446,-1.4,0,1900,22,0,Gal,d18:1,22:0
10447,-1.2,340,1900,22,0,Gal,d18:1,22:0
10448,-1.0,1060,1900,22,0,Gal,d18:1,22:0
10449,-0.8,3540,1900,22,0,Gal,d18:1,22:0
10450,-0.6,6260,1900,22,0,Gal,d18:1,22:0
10451,-0.4,10660,1900,22,0,Gal,d18:1,22:0
10452,-0.2,11120,1900,22,0,Gal,d18:1,22:0
10453,0.0,11000,1900,22,0,Gal,d18:1,22:0
10454,0.2,8540,1900,22,0,Gal,d18:1,22:0
10455,0.4,5020,1900,22,0,Gal,d18:1,22:0
10456,0.6,3900,1900,22,0,Gal,d18:1,22:0
10457,0.8,2700,1900,22,0,Gal,d18:1,22:0
10458,1.0,940,1900,22,0,Gal,d18:1,22:0
10459,1.2,80,1900,22,0,Gal,d18:1,22:0
10460,1.4,40,1900,22,0,Gal,d18:1,22:0
10461,1.6,20,1900,22,0,Gal,d18:1,22:0
10462,1.8,0,1900,22,0,Gal,d18:1,22:0
10463,2.0,0,1900,22,0,Gal,d18:1,22:0
10464,2.2,0,1900,22,0,Gal,d18:1,22:0
10465,2.4,0,1900,22,0,Gal,d18:1,22:0
10466,2.6,0,1900,22,0,Gal,d18:1,22:0
10467,2.8,0,1900,22,0,Gal,d18:1,22:0
10468,3.0,0,1900,22,0,Gal,d18:1,22:0
10469,3.2,0,1900,22,0,Gal,d18:1,22:0
10470,3.4,0,1900,22,0,Gal,d18:1,22:0
10471,3.6,0,1900,22,0,Gal,d18:1,22:0
10472,3.8,0,1900,22,0,Gal,d18:1,22:0
10473,4.0,0,1900,22,0,Gal,d18:1,22:0
10474,4.2,0,1900,22,0,Gal,d18:1,22:0
10475,4.4,0,1900,22,0,Gal,d18:1,22:0
10476,4.6,0,1900,22,0,Gal,d18:1,22:0
10477,4.8,0,1900,22,0,Gal,d18:1,22:0
10478,5.0,0,1900,22,0,Gal,d18:1,22:0
10479,5.2,0,1900,22,0,Gal,d18:1,22:0
10480,5.4,0,1900,22,0,Gal,d18:1,22:0
10481,5.6,0,1900,22,0,Gal,d18:1,22:0
10482,5.8,0,1900,22,0,Gal,d18:1,22:0
10483,6.0,0,1900,22,0,Gal,d18:1,22:0
10484,6.2,0,1900,22,0,Gal,d18:1,22:0
10485,6.4,0,1900,22,0,Gal,d18:1,22:0
10486,6.6,0,1900,22,0,Gal,d18:1,22:0
10487,6.8,0,1900,22,0,Gal,d18:1,22:0
10488,7.0,0,1900,22,0,Gal,d18:1,22:0
10489,7.2,0,1900,22,0,Gal,d18:1,22:0
10490,7.4,0,1900,22,0,Gal,d18:1,22:0
10491,7.6,0,1900,22,0,Gal,d18:1,22:0
10492,7.8,0,1900,22,0,Gal,d18:1,22:0
10493,8.0,0,1900,22,0,Gal,d18:1,22:0
10494,8.2,0,1900,22,0,Gal,d18:1,22:0
10495,8.4,0,1900,22,0,Gal,d18:1,22:0
10496,8.6,0,1900,22,0,Gal,d18:1,22:0
10497,8.8,0,1900,22,0,Gal,d18:1,22:0
10498,9.0,0,1900,22,0,Gal,d18:1,22:0
10499,9.2,0,1900,22,0,Gal,d18:1,22:0
10500,9.4,0,1900,22,0,Gal,d18:1,22:0
10501,9.6,0,1900,22,0,Gal,d18:1,22:0
10502,9.8,0,1900,22,0,Gal,d18:1,22:0
10503,10.0,0,1900,22,0,Gal,d18:1,22:0
10504,-10.0,0,2000,22,0,Gal,d18:1,22:0
10505,-9.8,0,2000,22,0,Gal,d18:1,22:0
10506,-9.6,0,2000,22,0,Gal,d18:1,22:0
10507,-9.4,0,2000,22,0,Gal,d18:1,22:0
10508,-9.2,0,2000,22,0,Gal,d18:1,22:0
10509,-9.0,0,2000,22,0,Gal,d18:1,22:0
10510,-8.8,0,2000,22,0,Gal,d18:1,22:0
10511,-8.6,0,2000,22,0,Gal,d18:1,22:0
10512,-8.4,0,2000,22,0,Gal,d18:1,22:0
10513,-8.2,0,2000,22,0,Gal,d18:1,22:0
10514,-8.0,0,2000,22,0,Gal,d18:1,22:0
10515,-7.8,0,2000,22,0,Gal,d18:1,22:0
10516,-7.6,0,2000,22,0,Gal,d18:1,22:0
10517,-7.4,0,2000,22,0,Gal,d18:1,22:0
10518,-7.2,0,2000,22,0,Gal,d18:1,22:0
10519,-7.0,0,2000,22,0,Gal,d18:1,22:0
10520,-6.8,0,2000,22,0,Gal,d18:1,22:0
10521,-6.6,0,2000,22,0,Gal,d18:1,22:0
10522,-6.4,0,2000,22,0,Gal,d18:1,22:0
10523,-6.2,0,2000,22,0,Gal,d18:1,22:0
10524,-6.0,0,2000,22,0,Gal,d18:1,22:0
10525,-5.8,0,2000,22,0,Gal,d18:1,22:0
10526,-5.6,0,2000,22,0,Gal,d18:1,22:0
10527,-5.4,0,2000,22,0,Gal,d18:1,22:0
10528,-5.2,0,2000,22,0,Gal,d18:1,22:0
10529,-5.0,0,2000,22,0,Gal,d18:1,22:0
10530,-4.8,0,2000,22,0,Gal,d18:1,22:0
10531,-4.6,0,2000,22,0,Gal,d18:1,22:0
10532,-4.4,0,2000,22,0,Gal,d18:1,22:0
10533,-4.2,0,2000,22,0,Gal,d18:1,22:0
10534,-4.0,0,2000,22,0,Gal,d18:1,22:0
10535,-3.8,0,2000,22,0,Gal,d18:1,22:0
10536,-3.6,0,2000,22,0,Gal,d18:1,22:0
10537,-3.4,0,2000,22,0,Gal,d18:1,22:0
10538,-3.2,0,2000,22,0,Gal,d18:1,22:0
10539,-3.0,0,2000,22,0,Gal,d18:1,22:0
10540,-2.8,0,2000,22,0,Gal,d18:1,22:0
10541,-2.6,0,2000,22,0,Gal,d18:1,22:0
10542,-2.4,0,2000,22,0,Gal,d18:1,22:0
10543,-2.2,0,2000,22,0,Gal,d18:1,22:0
10544,-2.0,0,2000,22,0,Gal,d18:1,22:0
10545,-1.8,0,2000,22,0,Gal,d18:1,22:0
10546,-1.6,20,2000,22,0,Gal,d18:1,22:0
10547,-1.4,0,2000,22,0,Gal,d18:1,22:0
10548,-1.2,440,2000,22,0,Gal,d18:1,22:0
10549,-1.0,1320,2000,22,0,Gal,d18:1,22:0
10550,-0.8,3960,2000,22,0,Gal,d18:1,22:0
10551,-0.6,7100,2000,22,0,Gal,d18:1,22:0
10552,-0.4,9560,2000,22,0,Gal,d18:1,22:0
10553,-0.2,11080,2000,22,0,Gal,d18:1,22:0
10554,0.0,9680,2000,22,0,Gal,d18:1,22:0
10555,0.2,6480,2000,22,0,Gal,d18:1,22:0
10556,0.4,5800,2000,22,0,Gal,d18:1,22:0
10557,0.6,3500,2000,22,0,Gal,d18:1,22:0
10558,0.8,1540,2000,22,0,Gal,d18:1,22:0
10559,1.0,580,2000,22,0,Gal,d18:1,22:0
10560,1.2,160,2000,22,0,Gal,d18:1,22:0
10561,1.4,40,2000,22,0,Gal,d18:1,22:0
10562,1.6,0,2000,22,0,Gal,d18:1,22:0
10563,1.8,0,2000,22,0,Gal,d18:1,22:0
10564,2.0,0,2000,22,0,Gal,d18:1,22:0
10565,2.2,0,2000,22,0,Gal,d18:1,22:0
10566,2.4,0,2000,22,0,Gal,d18:1,22:0
10567,2.6,0,2000,22,0,Gal,d18:1,22:0
10568,2.8,0,2000,22,0,Gal,d18:1,22:0
10569,3.0,0,2000,22,0,Gal,d18:1,22:0
10570,3.2,0,2000,22,0,Gal,d18:1,22:0
10571,3.4,0,2000,22,0,Gal,d18:1,22:0
10572,3.6,0,2000,22,0,Gal,d18:1,22:0
10573,3.8,0,2000,22,0,Gal,d18:1,22:0
10574,4.0,0,2000,22,0,Gal,d18:1,22:0
10575,4.2,0,2000,22,0,Gal,d18:1,22:0
10576,4.4,0,2000,22,0,Gal,d18:1,22:0
10577,4.6,0,2000,22,0,Gal,d18:1,22:0
10578,4.8,0,2000,22,0,Gal,d18:1,22:0
10579,5.0,0,2000,22,0,Gal,d18:1,22:0
10580,5.2,0,2000,22,0,Gal,d18:1,22:0
10581,5.4,0,2000,22,0,Gal,d18:1,22:0
10582,5.6,0,2000,22,0,Gal,d18:1,22:0
10583,5.8,0,2000,22,0,Gal,d18:1,22:0
10584,6.0,0,2000,22,0,Gal,d18:1,22:0
10585,6.2,0,2000,22,0,Gal,d18:1,22:0
10586,6.4,0,2000,22,0,Gal,d18:1,22:0
10587,6.6,0,2000,22,0,Gal,d18:1,22:0
10588,6.8,0,2000,22,0,Gal,d18:1,22:0
10589,7.0,0,2000,22,0,Gal,d18:1,22:0
10590,7.2,0,2000,22,0,Gal,d18:1,22:0
10591,7.4,0,2000,22,0,Gal,d18:1,22:0
10592,7.6,0,2000,22,0,Gal,d18:1,22:0
10593,7.8,0,2000,22,0,Gal,d18:1,22:0
10594,8.0,0,2000,22,0,Gal,d18:1,22:0
10595,8.2,0,2000,22,0,Gal,d18:1,22:0
10596,8.4,0,2000,22,0,Gal,d18:1,22:0
10597,8.6,0,2000,22,0,Gal,d18:1,22:0
10598,8.8,0,2000,22,0,Gal,d18:1,22:0
10599,9.0,0,2000,22,0,Gal,d18:1,22:0
10600,9.2,0,2000,22,0,Gal,d18:1,22:0
10601,9.4,0,2000,22,0,Gal,d18:1,22:0
10602,9.6,0,2000,22,0,Gal,d18:1,22:0
10603,9.8,0,2000,22,0,Gal,d18:1,22:0
10604,10.0,0,2000,22,0,Gal,d18:1,22:0
10605,-10.0,0,2100,22,0,Gal,d18:1,22:0
10606,-9.8,0,2100,22,0,Gal,d18:1,22:0
10607,-9.6,0,2100,22,0,Gal,d18:1,22:0
10608,-9.4,0,2100,22,0,Gal,d18:1,22:0
10609,-9.2,0,2100,22,0,Gal,d18:1,22:0
10610,-9.0,0,2100,22,0,Gal,d18:1,22:0
10611,-8.8,0,2100,22,0,Gal,d18:1,22:0
10612,-8.6,0,2100,22,0,Gal,d18:1,22:0
10613,-8.4,0,2100,22,0,Gal,d18:1,22:0
10614,-8.2,0,2100,22,0,Gal,d18:1,22:0
10615,-8.0,0,2100,22,0,Gal,d18:1,22:0
10616,-7.8,0,2100,22,0,Gal,d18:1,22:0
10617,-7.6,0,2100,22,0,Gal,d18:1,22:0
10618,-7.4,0,2100,22,0,Gal,d18:1,22:0
10619,-7.2,0,2100,22,0,Gal,d18:1,22:0
10620,-7.0,0,2100,22,0,Gal,d18:1,22:0
10621,-6.8,0,2100,22,0,Gal,d18:1,22:0
10622,-6.6,0,2100,22,0,Gal,d18:1,22:0
10623,-6.4,0,2100,22,0,Gal,d18:1,22:0
10624,-6.2,0,2100,22,0,Gal,d18:1,22:0
10625,-6.0,0,2100,22,0,Gal,d18:1,22:0
10626,-5.8,0,2100,22,0,Gal,d18:1,22:0
10627,-5.6,0,2100,22,0,Gal,d18:1,22:0
10628,-5.4,0,2100,22,0,Gal,d18:1,22:0
10629,-5.2,0,2100,22,0,Gal,d18:1,22:0
10630,-5.0,0,2100,22,0,Gal,d18:1,22:0
10631,-4.8,0,2100,22,0,Gal,d18:1,22:0
10632,-4.6,0,2100,22,0,Gal,d18:1,22:0
10633,-4.4,0,2100,22,0,Gal,d18:1,22:0
10634,-4.2,0,2100,22,0,Gal,d18:1,22:0
10635,-4.0,0,2100,22,0,Gal,d18:1,22:0
10636,-3.8,0,2100,22,0,Gal,d18:1,22:0
10637,-3.6,0,2100,22,0,Gal,d18:1,22:0
10638,-3.4,0,2100,22,0,Gal,d18:1,22:0
10639,-3.2,0,2100,22,0,Gal,d18:1,22:0
10640,-3.0,0,2100,22,0,Gal,d18:1,22:0
10641,-2.8,0,2100,22,0,Gal,d18:1,22:0
10642,-2.6,0,2100,22,0,Gal,d18:1,22:0
10643,-2.4,0,2100,22,0,Gal,d18:1,22:0
10644,-2.2,0,2100,22,0,Gal,d18:1,22:0
10645,-2.0,0,2100,22,0,Gal,d18:1,22:0
10646,-1.8,0,2100,22,0,Gal,d18:1,22:0
10647,-1.6,0,2100,22,0,Gal,d18:1,22:0
10648,-1.4,80,2100,22,0,Gal,d18:1,22:0
10649,-1.2,220,2100,22,0,Gal,d18:1,22:0
10650,-1.0,1180,2100,22,0,Gal,d18:1,22:0
10651,-0.8,3920,2100,22,0,Gal,d18:1,22:0
10652,-0.6,7840,2100,22,0,Gal,d18:1,22:0
10653,-0.4,10760,2100,22,0,Gal,d18:1,22:0
10654,-0.2,12020,2100,22,0,Gal,d18:1,22:0
10655,0.0,9900,2100,22,0,Gal,d18:1,22:0
10656,0.2,9180,2100,22,0,Gal,d18:1,22:0
10657,0.4,7640,2100,22,0,Gal,d18:1,22:0
10658,0.6,5140,2100,22,0,Gal,d18:1,22:0
10659,0.8,3620,2100,22,0,Gal,d18:1,22:0
10660,1.0,1260,2100,22,0,Gal,d18:1,22:0
10661,1.2,400,2100,22,0,Gal,d18:1,22:0
10662,1.4,80,2100,22,0,Gal,d18:1,22:0
10663,1.6,40,2100,22,0,Gal,d18:1,22:0
10664,1.8,0,2100,22,0,Gal,d18:1,22:0
10665,2.0,0,2100,22,0,Gal,d18:1,22:0
10666,2.2,0,2100,22,0,Gal,d18:1,22:0
10667,2.4,0,2100,22,0,Gal,d18:1,22:0
10668,2.6,0,2100,22,0,Gal,d18:1,22:0
10669,2.8,0,2100,22,0,Gal,d18:1,22:0
10670,3.0,0,2100,22,0,Gal,d18:1,22:0
10671,3.2,0,2100,22,0,Gal,d18:1,22:0
10672,3.4,0,2100,22,0,Gal,d18:1,22:0
10673,3.6,0,2100,22,0,Gal,d18:1,22:0
10674,3.8,0,2100,22,0,Gal,d18:1,22:0
10675,4.0,0,2100,22,0,Gal,d18:1,22:0
10676,4.2,0,2100,22,0,Gal,d18:1,22:0
10677,4.4,0,2100,22,0,Gal,d18:1,22:0
10678,4.6,0,2100,22,0,Gal,d18:1,22:0
10679,4.8,0,2100,22,0,Gal,d18:1,22:0
10680,5.0,0,2100,22,0,Gal,d18:1,22:0
10681,5.2,0,2100,22,0,Gal,d18:1,22:0
10682,5.4,0,2100,22,0,Gal,d18:1,22:0
10683,5.6,0,2100,22,0,Gal,d18:1,22:0
10684,5.8,0,2100,22,0,Gal,d18:1,22:0
10685,6.0,0,2100,22,0,Gal,d18:1,22:0
10686,6.2,0,2100,22,0,Gal,d18:1,22:0
10687,6.4,0,2100,22,0,Gal,d18:1,22:0
10688,6.6,0,2100,22,0,Gal,d18:1,22:0
10689,6.8,0,2100,22,0,Gal,d18:1,22:0
10690,7.0,0,2100,22,0,Gal,d18:1,22:0
10691,7.2,0,2100,22,0,Gal,d18:1,22:0
10692,7.4,0,2100,22,0,Gal,d18:1,22:0
10693,7.6,0,2100,22,0,Gal,d18:1,22:0
10694,7.8,0,2100,22,0,Gal,d18:1,22:0
10695,8.0,0,2100,22,0,Gal,d18:1,22:0
10696,8.2,0,2100,22,0,Gal,d18:1,22:0
10697,8.4,0,2100,22,0,Gal,d18:1,22:0
10698,8.6,0,2100,22,0,Gal,d18:1,22:0
10699,8.8,0,2100,22,0,Gal,d18:1,22:0
10700,9.0,0,2100,22,0,Gal,d18:1,22:0
10701,9.2,0,2100,22,0,Gal,d18:1,22:0
10702,9.4,0,2100,22,0,Gal,d18:1,22:0
10703,9.6,0,2100,22,0,Gal,d18:1,22:0
10704,9.8,0,2100,22,0,Gal,d18:1,22:0
10705,10.0,0,2100,22,0,Gal,d18:1,22:0
10706,-10.0,0,2200,22,0,Gal,d18:1,22:0
10707,-9.8,0,2200,22,0,Gal,d18:1,22:0
10708,-9.6,0,2200,22,0,Gal,d18:1,22:0
10709,-9.4,0,2200,22,0,Gal,d18:1,22:0
10710,-9.2,0,2200,22,0,Gal,d18:1,22:0
10711,-9.0,0,2200,22,0,Gal,d18:1,22:0
10712,-8.8,0,2200,22,0,Gal,d18:1,22:0
10713,-8.6,0,2200,22,0,Gal,d18:1,22:0
10714,-8.4,0,2200,22,0,Gal,d18:1,22:0
10715,-8.2,0,2200,22,0,Gal,d18:1,22:0
10716,-8.0,0,2200,22,0,Gal,d18:1,22:0
10717,-7.8,0,2200,22,0,Gal,d18:1,22:0
10718,-7.6,0,2200,22,0,Gal,d18:1,22:0
10719,-7.4,0,2200,22,0,Gal,d18:1,22:0
10720,-7.2,0,2200,22,0,Gal,d18:1,22:0
10721,-7.0,0,2200,22,0,Gal,d18:1,22:0
10722,-6.8,0,2200,22,0,Gal,d18:1,22:0
10723,-6.6,0,2200,22,0,Gal,d18:1,22:0
10724,-6.4,0,2200,22,0,Gal,d18:1,22:0
10725,-6.2,0,2200,22,0,Gal,d18:1,22:0
10726,-6.0,0,2200,22,0,Gal,d18:1,22:0
10727,-5.8,0,2200,22,0,Gal,d18:1,22:0
10728,-5.6,0,2200,22,0,Gal,d18:1,22:0
10729,-5.4,0,2200,22,0,Gal,d18:1,22:0
10730,-5.2,0,2200,22,0,Gal,d18:1,22:0
10731,-5.0,0,2200,22,0,Gal,d18:1,22:0
10732,-4.8,0,2200,22,0,Gal,d18:1,22:0
10733,-4.6,0,2200,22,0,Gal,d18:1,22:0
10734,-4.4,0,2200,22,0,Gal,d18:1,22:0
10735,-4.2,0,2200,22,0,Gal,d18:1,22:0
10736,-4.0,0,2200,22,0,Gal,d18:1,22:0
10737,-3.8,0,2200,22,0,Gal,d18:1,22:0
10738,-3.6,0,2200,22,0,Gal,d18:1,22:0
10739,-3.4,0,2200,22,0,Gal,d18:1,22:0
10740,-3.2,0,2200,22,0,Gal,d18:1,22:0
10741,-3.0,0,2200,22,0,Gal,d18:1,22:0
10742,-2.8,0,2200,22,0,Gal,d18:1,22:0
10743,-2.6,0,2200,22,0,Gal,d18:1,22:0
10744,-2.4,0,2200,22,0,Gal,d18:1,22:0
10745,-2.2,0,2200,22,0,Gal,d18:1,22:0
10746,-2.0,0,2200,22,0,Gal,d18:1,22:0
10747,-1.8,0,2200,22,0,Gal,d18:1,22:0
10748,-1.6,40,2200,22,0,Gal,d18:1,22:0
10749,-1.4,200,2200,22,0,Gal,d18:1,22:0
10750,-1.2,600,2200,22,0,Gal,d18:1,22:0
10751,-1.0,1260,2200,22,0,Gal,d18:1,22:0
10752,-0.8,4580,2200,22,0,Gal,d18:1,22:0
10753,-0.6,7740,2200,22,0,Gal,d18:1,22:0
10754,-0.4,9140,2200,22,0,Gal,d18:1,22:0
10755,-0.2,11860,2200,22,0,Gal,d18:1,22:0
10756,0.0,8420,2200,22,0,Gal,d18:1,22:0
10757,0.2,6020,2200,22,0,Gal,d18:1,22:0
10758,0.4,3900,2200,22,0,Gal,d18:1,22:0
10759,0.6,3060,2200,22,0,Gal,d18:1,22:0
10760,0.8,1660,2200,22,0,Gal,d18:1,22:0
10761,1.0,980,2200,22,0,Gal,d18:1,22:0
10762,1.2,160,2200,22,0,Gal,d18:1,22:0
10763,1.4,80,2200,22,0,Gal,d18:1,22:0
10764,1.6,60,2200,22,0,Gal,d18:1,22:0
10765,1.8,0,2200,22,0,Gal,d18:1,22:0
10766,2.0,0,2200,22,0,Gal,d18:1,22:0
10767,2.2,20,2200,22,0,Gal,d18:1,22:0
10768,2.4,0,2200,22,0,Gal,d18:1,22:0
10769,2.6,0,2200,22,0,Gal,d18:1,22:0
10770,2.8,0,2200,22,0,Gal,d18:1,22:0
10771,3.0,0,2200,22,0,Gal,d18:1,22:0
10772,3.2,0,2200,22,0,Gal,d18:1,22:0
10773,3.4,0,2200,22,0,Gal,d18:1,22:0
10774,3.6,0,2200,22,0,Gal,d18:1,22:0
10775,3.8,0,2200,22,0,Gal,d18:1,22:0
10776,4.0,0,2200,22,0,Gal,d18:1,22:0
10777,4.2,0,2200,22,0,Gal,d18:1,22:0
10778,4.4,0,2200,22,0,Gal,d18:1,22:0
10779,4.6,0,2200,22,0,Gal,d18:1,22:0
10780,4.8,0,2200,22,0,Gal,d18:1,22:0
10781,5.0,0,2200,22,0,Gal,d18:1,22:0
10782,5.2,0,2200,22,0,Gal,d18:1,22:0
10783,5.4,0,2200,22,0,Gal,d18:1,22:0
10784,5.6,0,2200,22,0,Gal,d18:1,22:0
10785,5.8,0,2200,22,0,Gal,d18:1,22:0
10786,6.0,0,2200,22,0,Gal,d18:1,22:0
10787,6.2,0,2200,22,0,Gal,d18:1,22:0
10788,6.4,0,2200,22,0,Gal,d18:1,22:0
10789,6.6,0,2200,22,0,Gal,d18:1,22:0
10790,6.8,0,2200,22,0,Gal,d18:1,22:0
10791,7.0,0,2200,22,0,Gal,d18:1,22:0
10792,7.2,0,2200,22,0,Gal,d18:1,22:0
10793,7.4,0,2200,22,0,Gal,d18:1,22:0
10794,7.6,0,2200,22,0,Gal,d18:1,22:0
10795,7.8,0,2200,22,0,Gal,d18:1,22:0
10796,8.0,0,2200,22,0,Gal,d18:1,22:0
10797,8.2,0,2200,22,0,Gal,d18:1,22:0
10798,8.4,0,2200,22,0,Gal,d18:1,22:0
10799,8.6,0,2200,22,0,Gal,d18:1,22:0
10800,8.8,0,2200,22,0,Gal,d18:1,22:0
10801,9.0,0,2200,22,0,Gal,d18:1,22:0
10802,9.2,0,2200,22,0,Gal,d18:1,22:0
10803,9.4,0,2200,22,0,Gal,d18:1,22:0
10804,9.6,0,2200,22,0,Gal,d18:1,22:0
10805,9.8,0,2200,22,0,Gal,d18:1,22:0
10806,10.0,0,2200,22,0,Gal,d18:1,22:0
10807,-10.0,0,2300,22,0,Gal,d18:1,22:0
10808,-9.8,0,2300,22,0,Gal,d18:1,22:0
10809,-9.6,0,2300,22,0,Gal,d18:1,22:0
10810,-9.4,0,2300,22,0,Gal,d18:1,22:0
10811,-9.2,0,2300,22,0,Gal,d18:1,22:0
10812,-9.0,0,2300,22,0,Gal,d18:1,22:0
10813,-8.8,0,2300,22,0,Gal,d18:1,22:0
10814,-8.6,0,2300,22,0,Gal,d18:1,22:0
10815,-8.4,0,2300,22,0,Gal,d18:1,22:0
10816,-8.2,0,2300,22,0,Gal,d18:1,22:0
10817,-8.0,0,2300,22,0,Gal,d18:1,22:0
10818,-7.8,0,2300,22,0,Gal,d18:1,22:0
10819,-7.6,0,2300,22,0,Gal,d18:1,22:0
10820,-7.4,0,2300,22,0,Gal,d18:1,22:0
10821,-7.2,0,2300,22,0,Gal,d18:1,22:0
10822,-7.0,0,2300,22,0,Gal,d18:1,22:0
10823,-6.8,0,2300,22,0,Gal,d18:1,22:0
10824,-6.6,0,2300,22,0,Gal,d18:1,22:0
10825,-6.4,0,2300,22,0,Gal,d18:1,22:0
10826,-6.2,0,2300,22,0,Gal,d18:1,22:0
10827,-6.0,0,2300,22,0,Gal,d18:1,22:0
10828,-5.8,0,2300,22,0,Gal,d18:1,22:0
10829,-5.6,0,2300,22,0,Gal,d18:1,22:0
10830,-5.4,0,2300,22,0,Gal,d18:1,22:0
10831,-5.2,0,2300,22,0,Gal,d18:1,22:0
10832,-5.0,0,2300,22,0,Gal,d18:1,22:0
10833,-4.8,0,2300,22,0,Gal,d18:1,22:0
10834,-4.6,0,2300,22,0,Gal,d18:1,22:0
10835,-4.4,0,2300,22,0,Gal,d18:1,22:0
10836,-4.2,0,2300,22,0,Gal,d18:1,22:0
10837,-4.0,0,2300,22,0,Gal,d18:1,22:0
10838,-3.8,0,2300,22,0,Gal,d18:1,22:0
10839,-3.6,0,2300,22,0,Gal,d18:1,22:0
10840,-3.4,0,2300,22,0,Gal,d18:1,22:0
10841,-3.2,0,2300,22,0,Gal,d18:1,22:0
10842,-3.0,0,2300,22,0,Gal,d18:1,22:0
10843,-2.8,0,2300,22,0,Gal,d18:1,22:0
10844,-2.6,0,2300,22,0,Gal,d18:1,22:0
10845,-2.4,0,2300,22,0,Gal,d18:1,22:0
10846,-2.2,0,2300,22,0,Gal,d18:1,22:0
10847,-2.0,0,2300,22,0,Gal,d18:1,22:0
10848,-1.8,0,2300,22,0,Gal,d18:1,22:0
10849,-1.6,20,2300,22,0,Gal,d18:1,22:0
10850,-1.4,40,2300,22,0,Gal,d18:1,22:0
10851,-1.2,140,2300,22,0,Gal,d18:1,22:0
10852,-1.0,620,2300,22,0,Gal,d18:1,22:0
10853,-0.8,2580,2300,22,0,Gal,d18:1,22:0
10854,-0.6,7140,2300,22,0,Gal,d18:1,22:0
10855,-0.4,11220,2300,22,0,Gal,d18:1,22:0
10856,-0.2,14320,2300,22,0,Gal,d18:1,22:0
10857,0.0,12220,2300,22,0,Gal,d18:1,22:0
10858,0.2,11480,2300,22,0,Gal,d18:1,22:0
10859,0.4,9180,2300,22,0,Gal,d18:1,22:0
10860,0.6,6480,2300,22,0,Gal,d18:1,22:0
10861,0.8,4160,2300,22,0,Gal,d18:1,22:0
10862,1.0,2200,2300,22,0,Gal,d18:1,22:0
10863,1.2,460,2300,22,0,Gal,d18:1,22:0
10864,1.4,300,2300,22,0,Gal,d18:1,22:0
10865,1.6,40,2300,22,0,Gal,d18:1,22:0
10866,1.8,40,2300,22,0,Gal,d18:1,22:0
10867,2.0,0,2300,22,0,Gal,d18:1,22:0
10868,2.2,0,2300,22,0,Gal,d18:1,22:0
10869,2.4,0,2300,22,0,Gal,d18:1,22:0
10870,2.6,0,2300,22,0,Gal,d18:1,22:0
10871,2.8,0,2300,22,0,Gal,d18:1,22:0
10872,3.0,0,2300,22,0,Gal,d18:1,22:0
10873,3.2,0,2300,22,0,Gal,d18:1,22:0
10874,3.4,0,2300,22,0,Gal,d18:1,22:0
10875,3.6,0,2300,22,0,Gal,d18:1,22:0
10876,3.8,0,2300,22,0,Gal,d18:1,22:0
10877,4.0,0,2300,22,0,Gal,d18:1,22:0
10878,4.2,0,2300,22,0,Gal,d18:1,22:0
10879,4.4,0,2300,22,0,Gal,d18:1,22:0
10880,4.6,0,2300,22,0,Gal,d18:1,22:0
10881,4.8,0,2300,22,0,Gal,d18:1,22:0
10882,5.0,0,2300,22,0,Gal,d18:1,22:0
10883,5.2,0,2300,22,0,Gal,d18:1,22:0
10884,5.4,0,2300,22,0,Gal,d18:1,22:0
10885,5.6,0,2300,22,0,Gal,d18:1,22:0
10886,5.8,0,2300,22,0,Gal,d18:1,22:0
10887,6.0,0,2300,22,0,Gal,d18:1,22:0
10888,6.2,0,2300,22,0,Gal,d18:1,22:0
10889,6.4,0,2300,22,0,Gal,d18:1,22:0
10890,6.6,0,2300,22,0,Gal,d18:1,22:0
10891,6.8,0,2300,22,0,Gal,d18:1,22:0
10892,7.0,0,2300,22,0,Gal,d18:1,22:0
10893,7.2,0,2300,22,0,Gal,d18:1,22:0
10894,7.4,0,2300,22,0,Gal,d18:1,22:0
10895,7.6,0,2300,22,0,Gal,d18:1,22:0
10896,7.8,0,2300,22,0,Gal,d18:1,22:0
10897,8.0,0,2300,22,0,Gal,d18:1,22:0
10898,8.2,0,2300,22,0,Gal,d18:1,22:0
10899,8.4,0,2300,22,0,Gal,d18:1,22:0
10900,8.6,0,2300,22,0,Gal,d18:1,22:0
10901,8.8,0,2300,22,0,Gal,d18:1,22:0
10902,9.0,0,2300,22,0,Gal,d18:1,22:0
10903,9.2,0,2300,22,0,Gal,d18:1,22:0
10904,9.4,0,2300,22,0,Gal,d18:1,22:0
10905,9.6,0,2300,22,0,Gal,d18:1,22:0
10906,9.8,0,2300,22,0,Gal,d18:1,22:0
10907,10.0,0,2300,22,0,Gal,d18:1,22:0
10908,-10.0,0,2400,22,0,Gal,d18:1,22:0
10909,-9.8,0,2400,22,0,Gal,d18:1,22:0
10910,-9.6,0,2400,22,0,Gal,d18:1,22:0
10911,-9.4,0,2400,22,0,Gal,d18:1,22:0
10912,-9.2,0,2400,22,0,Gal,d18:1,22:0
10913,-9.0,0,2400,22,0,Gal,d18:1,22:0
10914,-8.8,0,2400,22,0,Gal,d18:1,22:0
10915,-8.6,0,2400,22,0,Gal,d18:1,22:0
10916,-8.4,0,2400,22,0,Gal,d18:1,22:0
10917,-8.2,0,2400,22,0,Gal,d18:1,22:0
10918,-8.0,0,2400,22,0,Gal,d18:1,22:0
10919,-7.8,0,2400,22,0,Gal,d18:1,22:0
10920,-7.6,0,2400,22,0,Gal,d18:1,22:0
10921,-7.4,0,2400,22,0,Gal,d18:1,22:0
10922,-7.2,0,2400,22,0,Gal,d18:1,22:0
10923,-7.0,0,2400,22,0,Gal,d18:1,22:0
10924,-6.8,0,2400,22,0,Gal,d18:1,22:0
10925,-6.6,0,2400,22,0,Gal,d18:1,22:0
10926,-6.4,0,2400,22,0,Gal,d18:1,22:0
10927,-6.2,0,2400,22,0,Gal,d18:1,22:0
10928,-6.0,0,2400,22,0,Gal,d18:1,22:0
10929,-5.8,0,2400,22,0,Gal,d18:1,22:0
10930,-5.6,0,2400,22,0,Gal,d18:1,22:0
10931,-5.4,0,2400,22,0,Gal,d18:1,22:0
10932,-5.2,0,2400,22,0,Gal,d18:1,22:0
10933,-5.0,0,2400,22,0,Gal,d18:1,22:0
10934,-4.8,0,2400,22,0,Gal,d18:1,22:0
10935,-4.6,0,2400,22,0,Gal,d18:1,22:0
10936,-4.4,0,2400,22,0,Gal,d18:1,22:0
10937,-4.2,0,2400,22,0,Gal,d18:1,22:0
10938,-4.0,0,2400,22,0,Gal,d18:1,22:0
10939,-3.8,0,2400,22,0,Gal,d18:1,22:0
10940,-3.6,0,2400,22,0,Gal,d18:1,22:0
10941,-3.4,0,2400,22,0,Gal,d18:1,22:0
10942,-3.2,0,2400,22,0,Gal,d18:1,22:0
10943,-3.0,0,2400,22,0,Gal,d18:1,22:0
10944,-2.8,0,2400,22,0,Gal,d18:1,22:0
10945,-2.6,0,2400,22,0,Gal,d18:1,22:0
10946,-2.4,0,2400,22,0,Gal,d18:1,22:0
10947,-2.2,0,2400,22,0,Gal,d18:1,22:0
10948,-2.0,0,2400,22,0,Gal,d18:1,22:0
10949,-1.8,0,2400,22,0,Gal,d18:1,22:0
10950,-1.6,60,2400,22,0,Gal,d18:1,22:0
10951,-1.4,60,2400,22,0,Gal,d18:1,22:0
10952,-1.2,300,2400,22,0,Gal,d18:1,22:0
10953,-1.0,1400,2400,22,0,Gal,d18:1,22:0
10954,-0.8,3660,2400,22,0,Gal,d18:1,22:0
10955,-0.6,8160,2400,22,0,Gal,d18:1,22:0
10956,-0.4,11600,2400,22,0,Gal,d18:1,22:0
10957,-0.2,14500,2400,22,0,Gal,d18:1,22:0
10958,0.0,12800,2400,22,0,Gal,d18:1,22:0
10959,0.2,10960,2400,22,0,Gal,d18:1,22:0
10960,0.4,8580,2400,22,0,Gal,d18:1,22:0
10961,0.6,4700,2400,22,0,Gal,d18:1,22:0
10962,0.8,4080,2400,22,0,Gal,d18:1,22:0
10963,1.0,2000,2400,22,0,Gal,d18:1,22:0
10964,1.2,1000,2400,22,0,Gal,d18:1,22:0
10965,1.4,260,2400,22,0,Gal,d18:1,22:0
10966,1.6,60,2400,22,0,Gal,d18:1,22:0
10967,1.8,100,2400,22,0,Gal,d18:1,22:0
10968,2.0,20,2400,22,0,Gal,d18:1,22:0
10969,2.2,0,2400,22,0,Gal,d18:1,22:0
10970,2.4,0,2400,22,0,Gal,d18:1,22:0
10971,2.6,0,2400,22,0,Gal,d18:1,22:0
10972,2.8,0,2400,22,0,Gal,d18:1,22:0
10973,3.0,0,2400,22,0,Gal,d18:1,22:0
10974,3.2,0,2400,22,0,Gal,d18:1,22:0
10975,3.4,0,2400,22,0,Gal,d18:1,22:0
10976,3.6,0,2400,22,0,Gal,d18:1,22:0
10977,3.8,0,2400,22,0,Gal,d18:1,22:0
10978,4.0,0,2400,22,0,Gal,d18:1,22:0
10979,4.2,0,2400,22,0,Gal,d18:1,22:0
10980,4.4,0,2400,22,0,Gal,d18:1,22:0
10981,4.6,0,2400,22,0,Gal,d18:1,22:0
10982,4.8,0,2400,22,0,Gal,d18:1,22:0
10983,5.0,0,2400,22,0,Gal,d18:1,22:0
10984,5.2,0,2400,22,0,Gal,d18:1,22:0
10985,5.4,0,2400,22,0,Gal,d18:1,22:0
10986,5.6,0,2400,22,0,Gal,d18:1,22:0
10987,5.8,0,2400,22,0,Gal,d18:1,22:0
10988,6.0,0,2400,22,0,Gal,d18:1,22:0
10989,6.2,0,2400,22,0,Gal,d18:1,22:0
10990,6.4,0,2400,22,0,Gal,d18:1,22:0
10991,6.6,0,2400,22,0,Gal,d18:1,22:0
10992,6.8,0,2400,22,0,Gal,d18:1,22:0
10993,7.0,0,2400,22,0,Gal,d18:1,22:0
10994,7.2,0,2400,22,0,Gal,d18:1,22:0
10995,7.4,0,2400,22,0,Gal,d18:1,22:0
10996,7.6,0,2400,22,0,Gal,d18:1,22:0
10997,7.8,0,2400,22,0,Gal,d18:1,22:0
10998,8.0,0,2400,22,0,Gal,d18:1,22:0
10999,8.2,0,2400,22,0,Gal,d18:1,22:0
11000,8.4,0,2400,22,0,Gal,d18:1,22:0
11001,8.6,0,2400,22,0,Gal,d18:1,22:0
11002,8.8,0,2400,22,0,Gal,d18:1,22:0
11003,9.0,0,2400,22,0,Gal,d18:1,22:0
11004,9.2,0,2400,22,0,Gal,d18:1,22:0
11005,9.4,0,2400,22,0,Gal,d18:1,22:0
11006,9.6,0,2400,22,0,Gal,d18:1,22:0
11007,9.8,0,2400,22,0,Gal,d18:1,22:0
11008,10.0,0,2400,22,0,Gal,d18:1,22:0
11009,-10.0,0,2500,22,0,Gal,d18:1,22:0
11010,-9.8,0,2500,22,0,Gal,d18:1,22:0
11011,-9.6,0,2500,22,0,Gal,d18:1,22:0
11012,-9.4,0,2500,22,0,Gal,d18:1,22:0
11013,-9.2,0,2500,22,0,Gal,d18:1,22:0
11014,-9.0,0,2500,22,0,Gal,d18:1,22:0
11015,-8.8,0,2500,22,0,Gal,d18:1,22:0
11016,-8.6,0,2500,22,0,Gal,d18:1,22:0
11017,-8.4,0,2500,22,0,Gal,d18:1,22:0
11018,-8.2,0,2500,22,0,Gal,d18:1,22:0
11019,-8.0,0,2500,22,0,Gal,d18:1,22:0
11020,-7.8,0,2500,22,0,Gal,d18:1,22:0
11021,-7.6,0,2500,22,0,Gal,d18:1,22:0
11022,-7.4,0,2500,22,0,Gal,d18:1,22:0
11023,-7.2,0,2500,22,0,Gal,d18:1,22:0
11024,-7.0,0,2500,22,0,Gal,d18:1,22:0
11025,-6.8,0,2500,22,0,Gal,d18:1,22:0
11026,-6.6,0,2500,22,0,Gal,d18:1,22:0
11027,-6.4,0,2500,22,0,Gal,d18:1,22:0
11028,-6.2,0,2500,22,0,Gal,d18:1,22:0
11029,-6.0,0,2500,22,0,Gal,d18:1,22:0
11030,-5.8,0,2500,22,0,Gal,d18:1,22:0
11031,-5.6,0,2500,22,0,Gal,d18:1,22:0
11032,-5.4,0,2500,22,0,Gal,d18:1,22:0
11033,-5.2,0,2500,22,0,Gal,d18:1,22:0
11034,-5.0,0,2500,22,0,Gal,d18:1,22:0
11035,-4.8,0,2500,22,0,Gal,d18:1,22:0
11036,-4.6,0,2500,22,0,Gal,d18:1,22:0
11037,-4.4,0,2500,22,0,Gal,d18:1,22:0
11038,-4.2,0,2500,22,0,Gal,d18:1,22:0
11039,-4.0,0,2500,22,0,Gal,d18:1,22:0
11040,-3.8,0,2500,22,0,Gal,d18:1,22:0
11041,-3.6,0,2500,22,0,Gal,d18:1,22:0
11042,-3.4,0,2500,22,0,Gal,d18:1,22:0
11043,-3.2,0,2500,22,0,Gal,d18:1,22:0
11044,-3.0,0,2500,22,0,Gal,d18:1,22:0
11045,-2.8,0,2500,22,0,Gal,d18:1,22:0
11046,-2.6,0,2500,22,0,Gal,d18:1,22:0
11047,-2.4,0,2500,22,0,Gal,d18:1,22:0
11048,-2.2,0,2500,22,0,Gal,d18:1,22:0
11049,-2.0,0,2500,22,0,Gal,d18:1,22:0
11050,-1.8,0,2500,22,0,Gal,d18:1,22:0
11051,-1.6,0,2500,22,0,Gal,d18:1,22:0
11052,-1.4,40,2500,22,0,Gal,d18:1,22:0
11053,-1.2,80,2500,22,0,Gal,d18:1,22:0
11054,-1.0,1240,2500,22,0,Gal,d18:1,22:0
11055,-0.8,2640,2500,22,0,Gal,d18:1,22:0
11056,-0.6,6760,2500,22,0,Gal,d18:1,22:0
11057,-0.4,10180,2500,22,0,Gal,d18:1,22:0
11058,-0.2,13600,2500,22,0,Gal,d18:1,22:0
11059,0.0,15200,2500,22,0,Gal,d18:1,22:0
11060,0.2,14300,2500,22,0,Gal,d18:1,22:0
11061,0.4,10960,2500,22,0,Gal,d18:1,22:0
11062,0.6,7180,2500,22,0,Gal,d18:1,22:0
11063,0.8,3960,2500,22,0,Gal,d18:1,22:0
11064,1.0,2320,2500,22,0,Gal,d18:1,22:0
11065,1.2,1080,2500,22,0,Gal,d18:1,22:0
11066,1.4,300,2500,22,0,Gal,d18:1,22:0
11067,1.6,100,2500,22,0,Gal,d18:1,22:0
11068,1.8,140,2500,22,0,Gal,d18:1,22:0
11069,2.0,0,2500,22,0,Gal,d18:1,22:0
11070,2.2,0,2500,22,0,Gal,d18:1,22:0
11071,2.4,0,2500,22,0,Gal,d18:1,22:0
11072,2.6,0,2500,22,0,Gal,d18:1,22:0
11073,2.8,0,2500,22,0,Gal,d18:1,22:0
11074,3.0,0,2500,22,0,Gal,d18:1,22:0
11075,3.2,0,2500,22,0,Gal,d18:1,22:0
11076,3.4,0,2500,22,0,Gal,d18:1,22:0
11077,3.6,0,2500,22,0,Gal,d18:1,22:0
11078,3.8,0,2500,22,0,Gal,d18:1,22:0
11079,4.0,0,2500,22,0,Gal,d18:1,22:0
11080,4.2,0,2500,22,0,Gal,d18:1,22:0
11081,4.4,0,2500,22,0,Gal,d18:1,22:0
11082,4.6,0,2500,22,0,Gal,d18:1,22:0
11083,4.8,0,2500,22,0,Gal,d18:1,22:0
11084,5.0,0,2500,22,0,Gal,d18:1,22:0
11085,5.2,0,2500,22,0,Gal,d18:1,22:0
11086,5.4,0,2500,22,0,Gal,d18:1,22:0
11087,5.6,0,2500,22,0,Gal,d18:1,22:0
11088,5.8,0,2500,22,0,Gal,d18:1,22:0
11089,6.0,0,2500,22,0,Gal,d18:1,22:0
11090,6.2,0,2500,22,0,Gal,d18:1,22:0
11091,6.4,0,2500,22,0,Gal,d18:1,22:0
11092,6.6,0,2500,22,0,Gal,d18:1,22:0
11093,6.8,0,2500,22,0,Gal,d18:1,22:0
11094,7.0,0,2500,22,0,Gal,d18:1,22:0
11095,7.2,0,2500,22,0,Gal,d18:1,22:0
11096,7.4,0,2500,22,0,Gal,d18:1,22:0
11097,7.6,0,2500,22,0,Gal,d18:1,22:0
11098,7.8,0,2500,22,0,Gal,d18:1,22:0
11099,8.0,0,2500,22,0,Gal,d18:1,22:0
11100,8.2,0,2500,22,0,Gal,d18:1,22:0
11101,8.4,0,2500,22,0,Gal,d18:1,22:0
11102,8.6,0,2500,22,0,Gal,d18:1,22:0
11103,8.8,0,2500,22,0,Gal,d18:1,22:0
11104,9.0,0,2500,22,0,Gal,d18:1,22:0
11105,9.2,0,2500,22,0,Gal,d18:1,22:0
11106,9.4,0,2500,22,0,Gal,d18:1,22:0
11107,9.6,0,2500,22,0,Gal,d18:1,22:0
11108,9.8,0,2500,22,0,Gal,d18:1,22:0
11109,10.0,0,2500,22,0,Gal,d18:1,22:0
11110,-10.0,0,2600,22,0,Gal,d18:1,22:0
11111,-9.8,0,2600,22,0,Gal,d18:1,22:0
11112,-9.6,0,2600,22,0,Gal,d18:1,22:0
11113,-9.4,0,2600,22,0,Gal,d18:1,22:0
11114,-9.2,0,2600,22,0,Gal,d18:1,22:0
11115,-9.0,0,2600,22,0,Gal,d18:1,22:0
11116,-8.8,0,2600,22,0,Gal,d18:1,22:0
11117,-8.6,0,2600,22,0,Gal,d18:1,22:0
11118,-8.4,0,2600,22,0,Gal,d18:1,22:0
11119,-8.2,0,2600,22,0,Gal,d18:1,22:0
11120,-8.0,0,2600,22,0,Gal,d18:1,22:0
11121,-7.8,0,2600,22,0,Gal,d18:1,22:0
11122,-7.6,0,2600,22,0,Gal,d18:1,22:0
11123,-7.4,0,2600,22,0,Gal,d18:1,22:0
11124,-7.2,0,2600,22,0,Gal,d18:1,22:0
11125,-7.0,0,2600,22,0,Gal,d18:1,22:0
11126,-6.8,0,2600,22,0,Gal,d18:1,22:0
11127,-6.6,0,2600,22,0,Gal,d18:1,22:0
11128,-6.4,0,2600,22,0,Gal,d18:1,22:0
11129,-6.2,0,2600,22,0,Gal,d18:1,22:0
11130,-6.0,0,2600,22,0,Gal,d18:1,22:0
11131,-5.8,0,2600,22,0,Gal,d18:1,22:0
11132,-5.6,0,2600,22,0,Gal,d18:1,22:0
11133,-5.4,0,2600,22,0,Gal,d18:1,22:0
11134,-5.2,0,2600,22,0,Gal,d18:1,22:0
11135,-5.0,0,2600,22,0,Gal,d18:1,22:0
11136,-4.8,0,2600,22,0,Gal,d18:1,22:0
11137,-4.6,0,2600,22,0,Gal,d18:1,22:0
11138,-4.4,0,2600,22,0,Gal,d18:1,22:0
11139,-4.2,0,2600,22,0,Gal,d18:1,22:0
11140,-4.0,0,2600,22,0,Gal,d18:1,22:0
11141,-3.8,0,2600,22,0,Gal,d18:1,22:0
11142,-3.6,0,2600,22,0,Gal,d18:1,22:0
11143,-3.4,0,2600,22,0,Gal,d18:1,22:0
11144,-3.2,0,2600,22,0,Gal,d18:1,22:0
11145,-3.0,0,2600,22,0,Gal,d18:1,22:0
11146,-2.8,0,2600,22,0,Gal,d18:1,22:0
11147,-2.6,0,2600,22,0,Gal,d18:1,22:0
11148,-2.4,0,2600,22,0,Gal,d18:1,22:0
11149,-2.2,0,2600,22,0,Gal,d18:1,22:0
11150,-2.0,0,2600,22,0,Gal,d18:1,22:0
11151,-1.8,0,2600,22,0,Gal,d18:1,22:0
11152,-1.6,20,2600,22,0,Gal,d18:1,22:0
11153,-1.4,120,2600,22,0,Gal,d18:1,22:0
11154,-1.2,240,2600,22,0,Gal,d18:1,22:0
11155,-1.0,180,2600,22,0,Gal,d18:1,22:0
11156,-0.8,1140,2600,22,0,Gal,d18:1,22:0
11157,-0.6,3460,2600,22,0,Gal,d18:1,22:0
11158,-0.4,9180,2600,22,0,Gal,d18:1,22:0
11159,-0.2,12120,2600,22,0,Gal,d18:1,22:0
11160,0.0,15820,2600,22,0,Gal,d18:1,22:0
11161,0.2,13160,2600,22,0,Gal,d18:1,22:0
11162,0.4,12660,2600,22,0,Gal,d18:1,22:0
11163,0.6,9360,2600,22,0,Gal,d18:1,22:0
11164,0.8,5460,2600,22,0,Gal,d18:1,22:0
11165,1.0,4460,2600,22,0,Gal,d18:1,22:0
11166,1.2,2780,2600,22,0,Gal,d18:1,22:0
11167,1.4,800,2600,22,0,Gal,d18:1,22:0
11168,1.6,280,2600,22,0,Gal,d18:1,22:0
11169,1.8,100,2600,22,0,Gal,d18:1,22:0
11170,2.0,60,2600,22,0,Gal,d18:1,22:0
11171,2.2,0,2600,22,0,Gal,d18:1,22:0
11172,2.4,20,2600,22,0,Gal,d18:1,22:0
11173,2.6,0,2600,22,0,Gal,d18:1,22:0
11174,2.8,0,2600,22,0,Gal,d18:1,22:0
11175,3.0,0,2600,22,0,Gal,d18:1,22:0
11176,3.2,0,2600,22,0,Gal,d18:1,22:0
11177,3.4,0,2600,22,0,Gal,d18:1,22:0
11178,3.6,0,2600,22,0,Gal,d18:1,22:0
11179,3.8,0,2600,22,0,Gal,d18:1,22:0
11180,4.0,0,2600,22,0,Gal,d18:1,22:0
11181,4.2,0,2600,22,0,Gal,d18:1,22:0
11182,4.4,0,2600,22,0,Gal,d18:1,22:0
11183,4.6,0,2600,22,0,Gal,d18:1,22:0
11184,4.8,0,2600,22,0,Gal,d18:1,22:0
11185,5.0,0,2600,22,0,Gal,d18:1,22:0
11186,5.2,0,2600,22,0,Gal,d18:1,22:0
11187,5.4,0,2600,22,0,Gal,d18:1,22:0
11188,5.6,0,2600,22,0,Gal,d18:1,22:0
11189,5.8,0,2600,22,0,Gal,d18:1,22:0
11190,6.0,0,2600,22,0,Gal,d18:1,22:0
11191,6.2,0,2600,22,0,Gal,d18:1,22:0
11192,6.4,0,2600,22,0,Gal,d18:1,22:0
11193,6.6,0,2600,22,0,Gal,d18:1,22:0
11194,6.8,0,2600,22,0,Gal,d18:1,22:0
11195,7.0,0,2600,22,0,Gal,d18:1,22:0
11196,7.2,0,2600,22,0,Gal,d18:1,22:0
11197,7.4,0,2600,22,0,Gal,d18:1,22:0
11198,7.6,0,2600,22,0,Gal,d18:1,22:0
11199,7.8,0,2600,22,0,Gal,d18:1,22:0
11200,8.0,0,2600,22,0,Gal,d18:1,22:0
11201,8.2,0,2600,22,0,Gal,d18:1,22:0
11202,8.4,0,2600,22,0,Gal,d18:1,22:0
11203,8.6,0,2600,22,0,Gal,d18:1,22:0
11204,8.8,0,2600,22,0,Gal,d18:1,22:0
11205,9.0,0,2600,22,0,Gal,d18:1,22:0
11206,9.2,0,2600,22,0,Gal,d18:1,22:0
11207,9.4,0,2600,22,0,Gal,d18:1,22:0
11208,9.6,0,2600,22,0,Gal,d18:1,22:0
11209,9.8,0,2600,22,0,Gal,d18:1,22:0
11210,10.0,0,2600,22,0,Gal,d18:1,22:0
11211,-10.0,0,2700,22,0,Gal,d18:1,22:0
11212,-9.8,0,2700,22,0,Gal,d18:1,22:0
11213,-9.6,0,2700,22,0,Gal,d18:1,22:0
11214,-9.4,0,2700,22,0,Gal,d18:1,22:0
11215,-9.2,0,2700,22,0,Gal,d18:1,22:0
11216,-9.0,0,2700,22,0,Gal,d18:1,22:0
11217,-8.8,0,2700,22,0,Gal,d18:1,22:0
11218,-8.6,0,2700,22,0,Gal,d18:1,22:0
11219,-8.4,0,2700,22,0,Gal,d18:1,22:0
11220,-8.2,0,2700,22,0,Gal,d18:1,22:0
11221,-8.0,0,2700,22,0,Gal,d18:1,22:0
11222,-7.8,0,2700,22,0,Gal,d18:1,22:0
11223,-7.6,0,2700,22,0,Gal,d18:1,22:0
11224,-7.4,40,2700,22,0,Gal,d18:1,22:0
11225,-7.2,0,2700,22,0,Gal,d18:1,22:0
11226,-7.0,0,2700,22,0,Gal,d18:1,22:0
11227,-6.8,0,2700,22,0,Gal,d18:1,22:0
11228,-6.6,0,2700,22,0,Gal,d18:1,22:0
11229,-6.4,0,2700,22,0,Gal,d18:1,22:0
11230,-6.2,0,2700,22,0,Gal,d18:1,22:0
11231,-6.0,0,2700,22,0,Gal,d18:1,22:0
11232,-5.8,0,2700,22,0,Gal,d18:1,22:0
11233,-5.6,0,2700,22,0,Gal,d18:1,22:0
11234,-5.4,0,2700,22,0,Gal,d18:1,22:0
11235,-5.2,0,2700,22,0,Gal,d18:1,22:0
11236,-5.0,0,2700,22,0,Gal,d18:1,22:0
11237,-4.8,0,2700,22,0,Gal,d18:1,22:0
11238,-4.6,0,2700,22,0,Gal,d18:1,22:0
11239,-4.4,0,2700,22,0,Gal,d18:1,22:0
11240,-4.2,0,2700,22,0,Gal,d18:1,22:0
11241,-4.0,0,2700,22,0,Gal,d18:1,22:0
11242,-3.8,0,2700,22,0,Gal,d18:1,22:0
11243,-3.6,0,2700,22,0,Gal,d18:1,22:0
11244,-3.4,0,2700,22,0,Gal,d18:1,22:0
11245,-3.2,0,2700,22,0,Gal,d18:1,22:0
11246,-3.0,0,2700,22,0,Gal,d18:1,22:0
11247,-2.8,0,2700,22,0,Gal,d18:1,22:0
11248,-2.6,20,2700,22,0,Gal,d18:1,22:0
11249,-2.4,0,2700,22,0,Gal,d18:1,22:0
11250,-2.2,0,2700,22,0,Gal,d18:1,22:0
11251,-2.0,0,2700,22,0,Gal,d18:1,22:0
11252,-1.8,20,2700,22,0,Gal,d18:1,22:0
11253,-1.6,0,2700,22,0,Gal,d18:1,22:0
11254,-1.4,20,2700,22,0,Gal,d18:1,22:0
11255,-1.2,220,2700,22,0,Gal,d18:1,22:0
11256,-1.0,840,2700,22,0,Gal,d18:1,22:0
11257,-0.8,2460,2700,22,0,Gal,d18:1,22:0
11258,-0.6,6240,2700,22,0,Gal,d18:1,22:0
11259,-0.4,11580,2700,22,0,Gal,d18:1,22:0
11260,-0.2,12460,2700,22,0,Gal,d18:1,22:0
11261,0.0,14660,2700,22,0,Gal,d18:1,22:0
11262,0.2,14360,2700,22,0,Gal,d18:1,22:0
11263,0.4,10880,2700,22,0,Gal,d18:1,22:0
11264,0.6,8380,2700,22,0,Gal,d18:1,22:0
11265,0.8,6120,2700,22,0,Gal,d18:1,22:0
11266,1.0,3480,2700,22,0,Gal,d18:1,22:0
11267,1.2,1500,2700,22,0,Gal,d18:1,22:0
11268,1.4,800,2700,22,0,Gal,d18:1,22:0
11269,1.6,280,2700,22,0,Gal,d18:1,22:0
11270,1.8,180,2700,22,0,Gal,d18:1,22:0
11271,2.0,20,2700,22,0,Gal,d18:1,22:0
11272,2.2,60,2700,22,0,Gal,d18:1,22:0
11273,2.4,100,2700,22,0,Gal,d18:1,22:0
11274,2.6,0,2700,22,0,Gal,d18:1,22:0
11275,2.8,0,2700,22,0,Gal,d18:1,22:0
11276,3.0,0,2700,22,0,Gal,d18:1,22:0
11277,3.2,0,2700,22,0,Gal,d18:1,22:0
11278,3.4,0,2700,22,0,Gal,d18:1,22:0
11279,3.6,0,2700,22,0,Gal,d18:1,22:0
11280,3.8,0,2700,22,0,Gal,d18:1,22:0
11281,4.0,0,2700,22,0,Gal,d18:1,22:0
11282,4.2,0,2700,22,0,Gal,d18:1,22:0
11283,4.4,0,2700,22,0,Gal,d18:1,22:0
11284,4.6,0,2700,22,0,Gal,d18:1,22:0
11285,4.8,0,2700,22,0,Gal,d18:1,22:0
11286,5.0,0,2700,22,0,Gal,d18:1,22:0
11287,5.2,0,2700,22,0,Gal,d18:1,22:0
11288,5.4,0,2700,22,0,Gal,d18:1,22:0
11289,5.6,0,2700,22,0,Gal,d18:1,22:0
11290,5.8,0,2700,22,0,Gal,d18:1,22:0
11291,6.0,0,2700,22,0,Gal,d18:1,22:0
11292,6.2,0,2700,22,0,Gal,d18:1,22:0
11293,6.4,0,2700,22,0,Gal,d18:1,22:0
11294,6.6,0,2700,22,0,Gal,d18:1,22:0
11295,6.8,0,2700,22,0,Gal,d18:1,22:0
11296,7.0,0,2700,22,0,Gal,d18:1,22:0
11297,7.2,0,2700,22,0,Gal,d18:1,22:0
11298,7.4,0,2700,22,0,Gal,d18:1,22:0
11299,7.6,0,2700,22,0,Gal,d18:1,22:0
11300,7.8,0,2700,22,0,Gal,d18:1,22:0
11301,8.0,0,2700,22,0,Gal,d18:1,22:0
11302,8.2,0,2700,22,0,Gal,d18:1,22:0
11303,8.4,0,2700,22,0,Gal,d18:1,22:0
11304,8.6,0,2700,22,0,Gal,d18:1,22:0
11305,8.8,0,2700,22,0,Gal,d18:1,22:0
11306,9.0,0,2700,22,0,Gal,d18:1,22:0
11307,9.2,0,2700,22,0,Gal,d18:1,22:0
11308,9.4,0,2700,22,0,Gal,d18:1,22:0
11309,9.6,0,2700,22,0,Gal,d18:1,22:0
11310,9.8,0,2700,22,0,Gal,d18:1,22:0
11311,10.0,0,2700,22,0,Gal,d18:1,22:0
11312,-10.0,0,2800,22,0,Gal,d18:1,22:0
11313,-9.8,0,2800,22,0,Gal,d18:1,22:0
11314,-9.6,0,2800,22,0,Gal,d18:1,22:0
11315,-9.4,0,2800,22,0,Gal,d18:1,22:0
11316,-9.2,0,2800,22,0,Gal,d18:1,22:0
11317,-9.0,0,2800,22,0,Gal,d18:1,22:0
11318,-8.8,0,2800,22,0,Gal,d18:1,22:0
11319,-8.6,0,2800,22,0,Gal,d18:1,22:0
11320,-8.4,0,2800,22,0,Gal,d18:1,22:0
11321,-8.2,0,2800,22,0,Gal,d18:1,22:0
11322,-8.0,0,2800,22,0,Gal,d18:1,22:0
11323,-7.8,0,2800,22,0,Gal,d18:1,22:0
11324,-7.6,0,2800,22,0,Gal,d18:1,22:0
11325,-7.4,0,2800,22,0,Gal,d18:1,22:0
11326,-7.2,0,2800,22,0,Gal,d18:1,22:0
11327,-7.0,0,2800,22,0,Gal,d18:1,22:0
11328,-6.8,0,2800,22,0,Gal,d18:1,22:0
11329,-6.6,0,2800,22,0,Gal,d18:1,22:0
11330,-6.4,0,2800,22,0,Gal,d18:1,22:0
11331,-6.2,0,2800,22,0,Gal,d18:1,22:0
11332,-6.0,0,2800,22,0,Gal,d18:1,22:0
11333,-5.8,0,2800,22,0,Gal,d18:1,22:0
11334,-5.6,0,2800,22,0,Gal,d18:1,22:0
11335,-5.4,0,2800,22,0,Gal,d18:1,22:0
11336,-5.2,0,2800,22,0,Gal,d18:1,22:0
11337,-5.0,0,2800,22,0,Gal,d18:1,22:0
11338,-4.8,0,2800,22,0,Gal,d18:1,22:0
11339,-4.6,0,2800,22,0,Gal,d18:1,22:0
11340,-4.4,0,2800,22,0,Gal,d18:1,22:0
11341,-4.2,0,2800,22,0,Gal,d18:1,22:0
11342,-4.0,0,2800,22,0,Gal,d18:1,22:0
11343,-3.8,0,2800,22,0,Gal,d18:1,22:0
11344,-3.6,0,2800,22,0,Gal,d18:1,22:0
11345,-3.4,0,2800,22,0,Gal,d18:1,22:0
11346,-3.2,0,2800,22,0,Gal,d18:1,22:0
11347,-3.0,0,2800,22,0,Gal,d18:1,22:0
11348,-2.8,0,2800,22,0,Gal,d18:1,22:0
11349,-2.6,0,2800,22,0,Gal,d18:1,22:0
11350,-2.4,0,2800,22,0,Gal,d18:1,22:0
11351,-2.2,0,2800,22,0,Gal,d18:1,22:0
11352,-2.0,0,2800,22,0,Gal,d18:1,22:0
11353,-1.8,0,2800,22,0,Gal,d18:1,22:0
11354,-1.6,60,2800,22,0,Gal,d18:1,22:0
11355,-1.4,20,2800,22,0,Gal,d18:1,22:0
11356,-1.2,100,2800,22,0,Gal,d18:1,22:0
11357,-1.0,440,2800,22,0,Gal,d18:1,22:0
11358,-0.8,1520,2800,22,0,Gal,d18:1,22:0
11359,-0.6,4180,2800,22,0,Gal,d18:1,22:0
11360,-0.4,9460,2800,22,0,Gal,d18:1,22:0
11361,-0.2,11620,2800,22,0,Gal,d18:1,22:0
11362,0.0,15940,2800,22,0,Gal,d18:1,22:0
11363,0.2,16100,2800,22,0,Gal,d18:1,22:0
11364,0.4,11720,2800,22,0,Gal,d18:1,22:0
11365,0.6,9920,2800,22,0,Gal,d18:1,22:0
11366,0.8,5640,2800,22,0,Gal,d18:1,22:0
11367,1.0,5720,2800,22,0,Gal,d18:1,22:0
11368,1.2,3720,2800,22,0,Gal,d18:1,22:0
11369,1.4,1700,2800,22,0,Gal,d18:1,22:0
11370,1.6,720,2800,22,0,Gal,d18:1,22:0
11371,1.8,200,2800,22,0,Gal,d18:1,22:0
11372,2.0,180,2800,22,0,Gal,d18:1,22:0
11373,2.2,100,2800,22,0,Gal,d18:1,22:0
11374,2.4,60,2800,22,0,Gal,d18:1,22:0
11375,2.6,0,2800,22,0,Gal,d18:1,22:0
11376,2.8,0,2800,22,0,Gal,d18:1,22:0
11377,3.0,40,2800,22,0,Gal,d18:1,22:0
11378,3.2,0,2800,22,0,Gal,d18:1,22:0
11379,3.4,0,2800,22,0,Gal,d18:1,22:0
11380,3.6,0,2800,22,0,Gal,d18:1,22:0
11381,3.8,0,2800,22,0,Gal,d18:1,22:0
11382,4.0,0,2800,22,0,Gal,d18:1,22:0
11383,4.2,0,2800,22,0,Gal,d18:1,22:0
11384,4.4,0,2800,22,0,Gal,d18:1,22:0
11385,4.6,0,2800,22,0,Gal,d18:1,22:0
11386,4.8,0,2800,22,0,Gal,d18:1,22:0
11387,5.0,0,2800,22,0,Gal,d18:1,22:0
11388,5.2,0,2800,22,0,Gal,d18:1,22:0
11389,5.4,0,2800,22,0,Gal,d18:1,22:0
11390,5.6,0,2800,22,0,Gal,d18:1,22:0
11391,5.8,0,2800,22,0,Gal,d18:1,22:0
11392,6.0,0,2800,22,0,Gal,d18:1,22:0
11393,6.2,0,2800,22,0,Gal,d18:1,22:0
11394,6.4,0,2800,22,0,Gal,d18:1,22:0
11395,6.6,0,2800,22,0,Gal,d18:1,22:0
11396,6.8,0,2800,22,0,Gal,d18:1,22:0
11397,7.0,0,2800,22,0,Gal,d18:1,22:0
11398,7.2,0,2800,22,0,Gal,d18:1,22:0
11399,7.4,0,2800,22,0,Gal,d18:1,22:0
11400,7.6,0,2800,22,0,Gal,d18:1,22:0
11401,7.8,0,2800,22,0,Gal,d18:1,22:0
11402,8.0,0,2800,22,0,Gal,d18:1,22:0
11403,8.2,0,2800,22,0,Gal,d18:1,22:0
11404,8.4,0,2800,22,0,Gal,d18:1,22:0
11405,8.6,0,2800,22,0,Gal,d18:1,22:0
11406,8.8,0,2800,22,0,Gal,d18:1,22:0
11407,9.0,0,2800,22,0,Gal,d18:1,22:0
11408,9.2,0,2800,22,0,Gal,d18:1,22:0
11409,9.4,0,2800,22,0,Gal,d18:1,22:0
11410,9.6,0,2800,22,0,Gal,d18:1,22:0
11411,9.8,0,2800,22,0,Gal,d18:1,22:0
11412,10.0,0,2800,22,0,Gal,d18:1,22:0
11413,-10.0,0,2900,22,0,Gal,d18:1,22:0
11414,-9.8,0,2900,22,0,Gal,d18:1,22:0
11415,-9.6,0,2900,22,0,Gal,d18:1,22:0
11416,-9.4,0,2900,22,0,Gal,d18:1,22:0
11417,-9.2,0,2900,22,0,Gal,d18:1,22:0
11418,-9.0,0,2900,22,0,Gal,d18:1,22:0
11419,-8.8,0,2900,22,0,Gal,d18:1,22:0
11420,-8.6,0,2900,22,0,Gal,d18:1,22:0
11421,-8.4,0,2900,22,0,Gal,d18:1,22:0
11422,-8.2,0,2900,22,0,Gal,d18:1,22:0
11423,-8.0,0,2900,22,0,Gal,d18:1,22:0
11424,-7.8,0,2900,22,0,Gal,d18:1,22:0
11425,-7.6,0,2900,22,0,Gal,d18:1,22:0
11426,-7.4,0,2900,22,0,Gal,d18:1,22:0
11427,-7.2,0,2900,22,0,Gal,d18:1,22:0
11428,-7.0,0,2900,22,0,Gal,d18:1,22:0
11429,-6.8,0,2900,22,0,Gal,d18:1,22:0
11430,-6.6,0,2900,22,0,Gal,d18:1,22:0
11431,-6.4,0,2900,22,0,Gal,d18:1,22:0
11432,-6.2,0,2900,22,0,Gal,d18:1,22:0
11433,-6.0,0,2900,22,0,Gal,d18:1,22:0
11434,-5.8,0,2900,22,0,Gal,d18:1,22:0
11435,-5.6,0,2900,22,0,Gal,d18:1,22:0
11436,-5.4,0,2900,22,0,Gal,d18:1,22:0
11437,-5.2,0,2900,22,0,Gal,d18:1,22:0
11438,-5.0,0,2900,22,0,Gal,d18:1,22:0
11439,-4.8,0,2900,22,0,Gal,d18:1,22:0
11440,-4.6,0,2900,22,0,Gal,d18:1,22:0
11441,-4.4,0,2900,22,0,Gal,d18:1,22:0
11442,-4.2,0,2900,22,0,Gal,d18:1,22:0
11443,-4.0,0,2900,22,0,Gal,d18:1,22:0
11444,-3.8,0,2900,22,0,Gal,d18:1,22:0
11445,-3.6,0,2900,22,0,Gal,d18:1,22:0
11446,-3.4,0,2900,22,0,Gal,d18:1,22:0
11447,-3.2,0,2900,22,0,Gal,d18:1,22:0
11448,-3.0,0,2900,22,0,Gal,d18:1,22:0
11449,-2.8,0,2900,22,0,Gal,d18:1,22:0
11450,-2.6,0,2900,22,0,Gal,d18:1,22:0
11451,-2.4,0,2900,22,0,Gal,d18:1,22:0
11452,-2.2,0,2900,22,0,Gal,d18:1,22:0
11453,-2.0,20,2900,22,0,Gal,d18:1,22:0
11454,-1.8,0,2900,22,0,Gal,d18:1,22:0
11455,-1.6,60,2900,22,0,Gal,d18:1,22:0
11456,-1.4,100,2900,22,0,Gal,d18:1,22:0
11457,-1.2,80,2900,22,0,Gal,d18:1,22:0
11458,-1.0,320,2900,22,0,Gal,d18:1,22:0
11459,-0.8,1080,2900,22,0,Gal,d18:1,22:0
11460,-0.6,2820,2900,22,0,Gal,d18:1,22:0
11461,-0.4,7100,2900,22,0,Gal,d18:1,22:0
11462,-0.2,10140,2900,22,0,Gal,d18:1,22:0
11463,0.0,13020,2900,22,0,Gal,d18:1,22:0
11464,0.2,15180,2900,22,0,Gal,d18:1,22:0
11465,0.4,14240,2900,22,0,Gal,d18:1,22:0
11466,0.6,10800,2900,22,0,Gal,d18:1,22:0
11467,0.8,8020,2900,22,0,Gal,d18:1,22:0
11468,1.0,4640,2900,22,0,Gal,d18:1,22:0
11469,1.2,3140,2900,22,0,Gal,d18:1,22:0
11470,1.4,1120,2900,22,0,Gal,d18:1,22:0
11471,1.6,720,2900,22,0,Gal,d18:1,22:0
11472,1.8,240,2900,22,0,Gal,d18:1,22:0
11473,2.0,280,2900,22,0,Gal,d18:1,22:0
11474,2.2,100,2900,22,0,Gal,d18:1,22:0
11475,2.4,100,2900,22,0,Gal,d18:1,22:0
11476,2.6,80,2900,22,0,Gal,d18:1,22:0
11477,2.8,0,2900,22,0,Gal,d18:1,22:0
11478,3.0,0,2900,22,0,Gal,d18:1,22:0
11479,3.2,0,2900,22,0,Gal,d18:1,22:0
11480,3.4,40,2900,22,0,Gal,d18:1,22:0
11481,3.6,0,2900,22,0,Gal,d18:1,22:0
11482,3.8,0,2900,22,0,Gal,d18:1,22:0
11483,4.0,0,2900,22,0,Gal,d18:1,22:0
11484,4.2,0,2900,22,0,Gal,d18:1,22:0
11485,4.4,0,2900,22,0,Gal,d18:1,22:0
11486,4.6,0,2900,22,0,Gal,d18:1,22:0
11487,4.8,0,2900,22,0,Gal,d18:1,22:0
11488,5.0,0,2900,22,0,Gal,d18:1,22:0
11489,5.2,0,2900,22,0,Gal,d18:1,22:0
11490,5.4,0,2900,22,0,Gal,d18:1,22:0
11491,5.6,0,2900,22,0,Gal,d18:1,22:0
11492,5.8,0,2900,22,0,Gal,d18:1,22:0
11493,6.0,0,2900,22,0,Gal,d18:1,22:0
11494,6.2,0,2900,22,0,Gal,d18:1,22:0
11495,6.4,0,2900,22,0,Gal,d18:1,22:0
11496,6.6,0,2900,22,0,Gal,d18:1,22:0
11497,6.8,0,2900,22,0,Gal,d18:1,22:0
11498,7.0,0,2900,22,0,Gal,d18:1,22:0
11499,7.2,0,2900,22,0,Gal,d18:1,22:0
11500,7.4,0,2900,22,0,Gal,d18:1,22:0
11501,7.6,0,2900,22,0,Gal,d18:1,22:0
11502,7.8,0,2900,22,0,Gal,d18:1,22:0
11503,8.0,0,2900,22,0,Gal,d18:1,22:0
11504,8.2,0,2900,22,0,Gal,d18:1,22:0
11505,8.4,0,2900,22,0,Gal,d18:1,22:0
11506,8.6,0,2900,22,0,Gal,d18:1,22:0
11507,8.8,0,2900,22,0,Gal,d18:1,22:0
11508,9.0,0,2900,22,0,Gal,d18:1,22:0
11509,9.2,0,2900,22,0,Gal,d18:1,22:0
11510,9.4,0,2900,22,0,Gal,d18:1,22:0
11511,9.6,0,2900,22,0,Gal,d18:1,22:0
11512,9.8,0,2900,22,0,Gal,d18:1,22:0
11513,10.0,0,2900,22,0,Gal,d18:1,22:0
11514,-10.0,0,3000,22,0,Gal,d18:1,22:0
11515,-9.8,0,3000,22,0,Gal,d18:1,22:0
11516,-9.6,0,3000,22,0,Gal,d18:1,22:0
11517,-9.4,0,3000,22,0,Gal,d18:1,22:0
11518,-9.2,0,3000,22,0,Gal,d18:1,22:0
11519,-9.0,0,3000,22,0,Gal,d18:1,22:0
11520,-8.8,0,3000,22,0,Gal,d18:1,22:0
11521,-8.6,0,3000,22,0,Gal,d18:1,22:0
11522,-8.4,0,3000,22,0,Gal,d18:1,22:0
11523,-8.2,0,3000,22,0,Gal,d18:1,22:0
11524,-8.0,0,3000,22,0,Gal,d18:1,22:0
11525,-7.8,0,3000,22,0,Gal,d18:1,22:0
11526,-7.6,0,3000,22,0,Gal,d18:1,22:0
11527,-7.4,0,3000,22,0,Gal,d18:1,22:0
11528,-7.2,0,3000,22,0,Gal,d18:1,22:0
11529,-7.0,0,3000,22,0,Gal,d18:1,22:0
11530,-6.8,0,3000,22,0,Gal,d18:1,22:0
11531,-6.6,0,3000,22,0,Gal,d18:1,22:0
11532,-6.4,0,3000,22,0,Gal,d18:1,22:0
11533,-6.2,0,3000,22,0,Gal,d18:1,22:0
11534,-6.0,0,3000,22,0,Gal,d18:1,22:0
11535,-5.8,0,3000,22,0,Gal,d18:1,22:0
11536,-5.6,0,3000,22,0,Gal,d18:1,22:0
11537,-5.4,0,3000,22,0,Gal,d18:1,22:0
11538,-5.2,0,3000,22,0,Gal,d18:1,22:0
11539,-5.0,0,3000,22,0,Gal,d18:1,22:0
11540,-4.8,0,3000,22,0,Gal,d18:1,22:0
11541,-4.6,0,3000,22,0,Gal,d18:1,22:0
11542,-4.4,0,3000,22,0,Gal,d18:1,22:0
11543,-4.2,0,3000,22,0,Gal,d18:1,22:0
11544,-4.0,0,3000,22,0,Gal,d18:1,22:0
11545,-3.8,0,3000,22,0,Gal,d18:1,22:0
11546,-3.6,0,3000,22,0,Gal,d18:1,22:0
11547,-3.4,0,3000,22,0,Gal,d18:1,22:0
11548,-3.2,0,3000,22,0,Gal,d18:1,22:0
11549,-3.0,0,3000,22,0,Gal,d18:1,22:0
11550,-2.8,0,3000,22,0,Gal,d18:1,22:0
11551,-2.6,0,3000,22,0,Gal,d18:1,22:0
11552,-2.4,0,3000,22,0,Gal,d18:1,22:0
11553,-2.2,40,3000,22,0,Gal,d18:1,22:0
11554,-2.0,100,3000,22,0,Gal,d18:1,22:0
11555,-1.8,100,3000,22,0,Gal,d18:1,22:0
11556,-1.6,0,3000,22,0,Gal,d18:1,22:0
11557,-1.4,20,3000,22,0,Gal,d18:1,22:0
11558,-1.2,100,3000,22,0,Gal,d18:1,22:0
11559,-1.0,40,3000,22,0,Gal,d18:1,22:0
11560,-0.8,740,3000,22,0,Gal,d18:1,22:0
11561,-0.6,3060,3000,22,0,Gal,d18:1,22:0
11562,-0.4,6240,3000,22,0,Gal,d18:1,22:0
11563,-0.2,11460,3000,22,0,Gal,d18:1,22:0
11564,0.0,14840,3000,22,0,Gal,d18:1,22:0
11565,0.2,15640,3000,22,0,Gal,d18:1,22:0
11566,0.4,13500,3000,22,0,Gal,d18:1,22:0
11567,0.6,12000,3000,22,0,Gal,d18:1,22:0
11568,0.8,10280,3000,22,0,Gal,d18:1,22:0
11569,1.0,8500,3000,22,0,Gal,d18:1,22:0
11570,1.2,4680,3000,22,0,Gal,d18:1,22:0
11571,1.4,2180,3000,22,0,Gal,d18:1,22:0
11572,1.6,840,3000,22,0,Gal,d18:1,22:0
11573,1.8,420,3000,22,0,Gal,d18:1,22:0
11574,2.0,120,3000,22,0,Gal,d18:1,22:0
11575,2.2,140,3000,22,0,Gal,d18:1,22:0
11576,2.4,100,3000,22,0,Gal,d18:1,22:0
11577,2.6,40,3000,22,0,Gal,d18:1,22:0
11578,2.8,80,3000,22,0,Gal,d18:1,22:0
11579,3.0,0,3000,22,0,Gal,d18:1,22:0
11580,3.2,0,3000,22,0,Gal,d18:1,22:0
11581,3.4,0,3000,22,0,Gal,d18:1,22:0
11582,3.6,20,3000,22,0,Gal,d18:1,22:0
11583,3.8,0,3000,22,0,Gal,d18:1,22:0
11584,4.0,0,3000,22,0,Gal,d18:1,22:0
11585,4.2,0,3000,22,0,Gal,d18:1,22:0
11586,4.4,0,3000,22,0,Gal,d18:1,22:0
11587,4.6,0,3000,22,0,Gal,d18:1,22:0
11588,4.8,0,3000,22,0,Gal,d18:1,22:0
11589,5.0,0,3000,22,0,Gal,d18:1,22:0
11590,5.2,0,3000,22,0,Gal,d18:1,22:0
11591,5.4,0,3000,22,0,Gal,d18:1,22:0
11592,5.6,0,3000,22,0,Gal,d18:1,22:0
11593,5.8,0,3000,22,0,Gal,d18:1,22:0
11594,6.0,0,3000,22,0,Gal,d18:1,22:0
11595,6.2,0,3000,22,0,Gal,d18:1,22:0
11596,6.4,0,3000,22,0,Gal,d18:1,22:0
11597,6.6,0,3000,22,0,Gal,d18:1,22:0
11598,6.8,0,3000,22,0,Gal,d18:1,22:0
11599,7.0,0,3000,22,0,Gal,d18:1,22:0
11600,7.2,0,3000,22,0,Gal,d18:1,22:0
11601,7.4,0,3000,22,0,Gal,d18:1,22:0
11602,7.6,0,3000,22,0,Gal,d18:1,22:0
11603,7.8,0,3000,22,0,Gal,d18:1,22:0
11604,8.0,0,3000,22,0,Gal,d18:1,22:0
11605,8.2,0,3000,22,0,Gal,d18:1,22:0
11606,8.4,0,3000,22,0,Gal,d18:1,22:0
11607,8.6,0,3000,22,0,Gal,d18:1,22:0
11608,8.8,0,3000,22,0,Gal,d18:1,22:0
11609,9.0,0,3000,22,0,Gal,d18:1,22:0
11610,9.2,0,3000,22,0,Gal,d18:1,22:0
11611,9.4,0,3000,22,0,Gal,d18:1,22:0
11612,9.6,0,3000,22,0,Gal,d18:1,22:0
11613,9.8,0,3000,22,0,Gal,d18:1,22:0
11614,10.0,0,3000,22,0,Gal,d18:1,22:0
11615,-10.0,0,3100,22,0,Gal,d18:1,22:0
11616,-9.8,0,3100,22,0,Gal,d18:1,22:0
11617,-9.6,0,3100,22,0,Gal,d18:1,22:0
11618,-9.4,0,3100,22,0,Gal,d18:1,22:0
11619,-9.2,0,3100,22,0,Gal,d18:1,22:0
11620,-9.0,0,3100,22,0,Gal,d18:1,22:0
11621,-8.8,0,3100,22,0,Gal,d18:1,22:0
11622,-8.6,0,3100,22,0,Gal,d18:1,22:0
11623,-8.4,0,3100,22,0,Gal,d18:1,22:0
11624,-8.2,0,3100,22,0,Gal,d18:1,22:0
11625,-8.0,0,3100,22,0,Gal,d18:1,22:0
11626,-7.8,0,3100,22,0,Gal,d18:1,22:0
11627,-7.6,0,3100,22,0,Gal,d18:1,22:0
11628,-7.4,0,3100,22,0,Gal,d18:1,22:0
11629,-7.2,0,3100,22,0,Gal,d18:1,22:0
11630,-7.0,0,3100,22,0,Gal,d18:1,22:0
11631,-6.8,0,3100,22,0,Gal,d18:1,22:0
11632,-6.6,0,3100,22,0,Gal,d18:1,22:0
11633,-6.4,0,3100,22,0,Gal,d18:1,22:0
11634,-6.2,0,3100,22,0,Gal,d18:1,22:0
11635,-6.0,0,3100,22,0,Gal,d18:1,22:0
11636,-5.8,0,3100,22,0,Gal,d18:1,22:0
11637,-5.6,0,3100,22,0,Gal,d18:1,22:0
11638,-5.4,0,3100,22,0,Gal,d18:1,22:0
11639,-5.2,0,3100,22,0,Gal,d18:1,22:0
11640,-5.0,0,3100,22,0,Gal,d18:1,22:0
11641,-4.8,0,3100,22,0,Gal,d18:1,22:0
11642,-4.6,0,3100,22,0,Gal,d18:1,22:0
11643,-4.4,0,3100,22,0,Gal,d18:1,22:0
11644,-4.2,0,3100,22,0,Gal,d18:1,22:0
11645,-4.0,0,3100,22,0,Gal,d18:1,22:0
11646,-3.8,0,3100,22,0,Gal,d18:1,22:0
11647,-3.6,0,3100,22,0,Gal,d18:1,22:0
11648,-3.4,0,3100,22,0,Gal,d18:1,22:0
11649,-3.2,0,3100,22,0,Gal,d18:1,22:0
11650,-3.0,0,3100,22,0,Gal,d18:1,22:0
11651,-2.8,0,3100,22,0,Gal,d18:1,22:0
11652,-2.6,0,3100,22,0,Gal,d18:1,22:0
11653,-2.4,0,3100,22,0,Gal,d18:1,22:0
11654,-2.2,0,3100,22,0,Gal,d18:1,22:0
11655,-2.0,40,3100,22,0,Gal,d18:1,22:0
11656,-1.8,40,3100,22,0,Gal,d18:1,22:0
11657,-1.6,0,3100,22,0,Gal,d18:1,22:0
11658,-1.4,0,3100,22,0,Gal,d18:1,22:0
11659,-1.2,20,3100,22,0,Gal,d18:1,22:0
11660,-1.0,280,3100,22,0,Gal,d18:1,22:0
11661,-0.8,160,3100,22,0,Gal,d18:1,22:0
11662,-0.6,280,3100,22,0,Gal,d18:1,22:0
11663,-0.4,1600,3100,22,0,Gal,d18:1,22:0
11664,-0.2,3700,3100,22,0,Gal,d18:1,22:0
11665,0.0,8500,3100,22,0,Gal,d18:1,22:0
11666,0.2,12560,3100,22,0,Gal,d18:1,22:0
11667,0.4,15220,3100,22,0,Gal,d18:1,22:0
11668,0.6,13540,3100,22,0,Gal,d18:1,22:0
11669,0.8,14320,3100,22,0,Gal,d18:1,22:0
11670,1.0,10940,3100,22,0,Gal,d18:1,22:0
11671,1.2,7100,3100,22,0,Gal,d18:1,22:0
11672,1.4,4960,3100,22,0,Gal,d18:1,22:0
11673,1.6,2720,3100,22,0,Gal,d18:1,22:0
11674,1.8,1100,3100,22,0,Gal,d18:1,22:0
11675,2.0,560,3100,22,0,Gal,d18:1,22:0
11676,2.2,200,3100,22,0,Gal,d18:1,22:0
11677,2.4,100,3100,22,0,Gal,d18:1,22:0
11678,2.6,200,3100,22,0,Gal,d18:1,22:0
11679,2.8,100,3100,22,0,Gal,d18:1,22:0
11680,3.0,140,3100,22,0,Gal,d18:1,22:0
11681,3.2,360,3100,22,0,Gal,d18:1,22:0
11682,3.4,0,3100,22,0,Gal,d18:1,22:0
11683,3.6,0,3100,22,0,Gal,d18:1,22:0
11684,3.8,20,3100,22,0,Gal,d18:1,22:0
11685,4.0,0,3100,22,0,Gal,d18:1,22:0
11686,4.2,0,3100,22,0,Gal,d18:1,22:0
11687,4.4,0,3100,22,0,Gal,d18:1,22:0
11688,4.6,0,3100,22,0,Gal,d18:1,22:0
11689,4.8,0,3100,22,0,Gal,d18:1,22:0
11690,5.0,0,3100,22,0,Gal,d18:1,22:0
11691,5.2,0,3100,22,0,Gal,d18:1,22:0
11692,5.4,0,3100,22,0,Gal,d18:1,22:0
11693,5.6,0,3100,22,0,Gal,d18:1,22:0
11694,5.8,0,3100,22,0,Gal,d18:1,22:0
11695,6.0,0,3100,22,0,Gal,d18:1,22:0
11696,6.2,0,3100,22,0,Gal,d18:1,22:0
11697,6.4,0,3100,22,0,Gal,d18:1,22:0
11698,6.6,0,3100,22,0,Gal,d18:1,22:0
11699,6.8,0,3100,22,0,Gal,d18:1,22:0
11700,7.0,0,3100,22,0,Gal,d18:1,22:0
11701,7.2,0,3100,22,0,Gal,d18:1,22:0
11702,7.4,0,3100,22,0,Gal,d18:1,22:0
11703,7.6,0,3100,22,0,Gal,d18:1,22:0
11704,7.8,0,3100,22,0,Gal,d18:1,22:0
11705,8.0,0,3100,22,0,Gal,d18:1,22:0
11706,8.2,0,3100,22,0,Gal,d18:1,22:0
11707,8.4,0,3100,22,0,Gal,d18:1,22:0
11708,8.6,0,3100,22,0,Gal,d18:1,22:0
11709,8.8,0,3100,22,0,Gal,d18:1,22:0
11710,9.0,0,3100,22,0,Gal,d18:1,22:0
11711,9.2,0,3100,22,0,Gal,d18:1,22:0
11712,9.4,0,3100,22,0,Gal,d18:1,22:0
11713,9.6,0,3100,22,0,Gal,d18:1,22:0
11714,9.8,0,3100,22,0,Gal,d18:1,22:0
11715,10.0,0,3100,22,0,Gal,d18:1,22:0
11716,-10.0,0,3200,22,0,Gal,d18:1,22:0
11717,-9.8,0,3200,22,0,Gal,d18:1,22:0
11718,-9.6,0,3200,22,0,Gal,d18:1,22:0
11719,-9.4,0,3200,22,0,Gal,d18:1,22:0
11720,-9.2,0,3200,22,0,Gal,d18:1,22:0
11721,-9.0,0,3200,22,0,Gal,d18:1,22:0
11722,-8.8,0,3200,22,0,Gal,d18:1,22:0
11723,-8.6,0,3200,22,0,Gal,d18:1,22:0
11724,-8.4,0,3200,22,0,Gal,d18:1,22:0
11725,-8.2,0,3200,22,0,Gal,d18:1,22:0
11726,-8.0,0,3200,22,0,Gal,d18:1,22:0
11727,-7.8,0,3200,22,0,Gal,d18:1,22:0
11728,-7.6,0,3200,22,0,Gal,d18:1,22:0
11729,-7.4,0,3200,22,0,Gal,d18:1,22:0
11730,-7.2,0,3200,22,0,Gal,d18:1,22:0
11731,-7.0,0,3200,22,0,Gal,d18:1,22:0
11732,-6.8,0,3200,22,0,Gal,d18:1,22:0
11733,-6.6,0,3200,22,0,Gal,d18:1,22:0
11734,-6.4,0,3200,22,0,Gal,d18:1,22:0
11735,-6.2,0,3200,22,0,Gal,d18:1,22:0
11736,-6.0,0,3200,22,0,Gal,d18:1,22:0
11737,-5.8,0,3200,22,0,Gal,d18:1,22:0
11738,-5.6,0,3200,22,0,Gal,d18:1,22:0
11739,-5.4,0,3200,22,0,Gal,d18:1,22:0
11740,-5.2,0,3200,22,0,Gal,d18:1,22:0
11741,-5.0,0,3200,22,0,Gal,d18:1,22:0
11742,-4.8,0,3200,22,0,Gal,d18:1,22:0
11743,-4.6,0,3200,22,0,Gal,d18:1,22:0
11744,-4.4,0,3200,22,0,Gal,d18:1,22:0
11745,-4.2,0,3200,22,0,Gal,d18:1,22:0
11746,-4.0,0,3200,22,0,Gal,d18:1,22:0
11747,-3.8,0,3200,22,0,Gal,d18:1,22:0
11748,-3.6,0,3200,22,0,Gal,d18:1,22:0
11749,-3.4,0,3200,22,0,Gal,d18:1,22:0
11750,-3.2,0,3200,22,0,Gal,d18:1,22:0
11751,-3.0,0,3200,22,0,Gal,d18:1,22:0
11752,-2.8,0,3200,22,0,Gal,d18:1,22:0
11753,-2.6,0,3200,22,0,Gal,d18:1,22:0
11754,-2.4,0,3200,22,0,Gal,d18:1,22:0
11755,-2.2,40,3200,22,0,Gal,d18:1,22:0
11756,-2.0,0,3200,22,0,Gal,d18:1,22:0
11757,-1.8,40,3200,22,0,Gal,d18:1,22:0
11758,-1.6,0,3200,22,0,Gal,d18:1,22:0
11759,-1.4,40,3200,22,0,Gal,d18:1,22:0
11760,-1.2,200,3200,22,0,Gal,d18:1,22:0
11761,-1.0,160,3200,22,0,Gal,d18:1,22:0
11762,-0.8,180,3200,22,0,Gal,d18:1,22:0
11763,-0.6,960,3200,22,0,Gal,d18:1,22:0
11764,-0.4,2640,3200,22,0,Gal,d18:1,22:0
11765,-0.2,6340,3200,22,0,Gal,d18:1,22:0
11766,0.0,8940,3200,22,0,Gal,d18:1,22:0
11767,0.2,15800,3200,22,0,Gal,d18:1,22:0
11768,0.4,17940,3200,22,0,Gal,d18:1,22:0
11769,0.6,16220,3200,22,0,Gal,d18:1,22:0
11770,0.8,15680,3200,22,0,Gal,d18:1,22:0
11771,1.0,11640,3200,22,0,Gal,d18:1,22:0
11772,1.2,7120,3200,22,0,Gal,d18:1,22:0
11773,1.4,4180,3200,22,0,Gal,d18:1,22:0
11774,1.6,1800,3200,22,0,Gal,d18:1,22:0
11775,1.8,1340,3200,22,0,Gal,d18:1,22:0
11776,2.0,560,3200,22,0,Gal,d18:1,22:0
11777,2.2,160,3200,22,0,Gal,d18:1,22:0
11778,2.4,100,3200,22,0,Gal,d18:1,22:0
11779,2.6,120,3200,22,0,Gal,d18:1,22:0
11780,2.8,60,3200,22,0,Gal,d18:1,22:0
11781,3.0,140,3200,22,0,Gal,d18:1,22:0
11782,3.2,80,3200,22,0,Gal,d18:1,22:0
11783,3.4,0,3200,22,0,Gal,d18:1,22:0
11784,3.6,40,3200,22,0,Gal,d18:1,22:0
11785,3.8,40,3200,22,0,Gal,d18:1,22:0
11786,4.0,0,3200,22,0,Gal,d18:1,22:0
11787,4.2,0,3200,22,0,Gal,d18:1,22:0
11788,4.4,0,3200,22,0,Gal,d18:1,22:0
11789,4.6,0,3200,22,0,Gal,d18:1,22:0
11790,4.8,0,3200,22,0,Gal,d18:1,22:0
11791,5.0,0,3200,22,0,Gal,d18:1,22:0
11792,5.2,0,3200,22,0,Gal,d18:1,22:0
11793,5.4,0,3200,22,0,Gal,d18:1,22:0
11794,5.6,0,3200,22,0,Gal,d18:1,22:0
11795,5.8,0,3200,22,0,Gal,d18:1,22:0
11796,6.0,0,3200,22,0,Gal,d18:1,22:0
11797,6.2,0,3200,22,0,Gal,d18:1,22:0
11798,6.4,0,3200,22,0,Gal,d18:1,22:0
11799,6.6,0,3200,22,0,Gal,d18:1,22:0
11800,6.8,0,3200,22,0,Gal,d18:1,22:0
11801,7.0,0,3200,22,0,Gal,d18:1,22:0
11802,7.2,0,3200,22,0,Gal,d18:1,22:0
11803,7.4,0,3200,22,0,Gal,d18:1,22:0
11804,7.6,0,3200,22,0,Gal,d18:1,22:0
11805,7.8,0,3200,22,0,Gal,d18:1,22:0
11806,8.0,0,3200,22,0,Gal,d18:1,22:0
11807,8.2,0,3200,22,0,Gal,d18:1,22:0
11808,8.4,0,3200,22,0,Gal,d18:1,22:0
11809,8.6,0,3200,22,0,Gal,d18:1,22:0
11810,8.8,0,3200,22,0,Gal,d18:1,22:0
11811,9.0,0,3200,22,0,Gal,d18:1,22:0
11812,9.2,0,3200,22,0,Gal,d18:1,22:0
11813,9.4,0,3200,22,0,Gal,d18:1,22:0
11814,9.6,0,3200,22,0,Gal,d18:1,22:0
11815,9.8,0,3200,22,0,Gal,d18:1,22:0
11816,10.0,0,3200,22,0,Gal,d18:1,22:0
11817,-10.0,0,3300,22,0,Gal,d18:1,22:0
11818,-9.8,0,3300,22,0,Gal,d18:1,22:0
11819,-9.6,0,3300,22,0,Gal,d18:1,22:0
11820,-9.4,0,3300,22,0,Gal,d18:1,22:0
11821,-9.2,0,3300,22,0,Gal,d18:1,22:0
11822,-9.0,0,3300,22,0,Gal,d18:1,22:0
11823,-8.8,0,3300,22,0,Gal,d18:1,22:0
11824,-8.6,0,3300,22,0,Gal,d18:1,22:0
11825,-8.4,0,3300,22,0,Gal,d18:1,22:0
11826,-8.2,0,3300,22,0,Gal,d18:1,22:0
11827,-8.0,0,3300,22,0,Gal,d18:1,22:0
11828,-7.8,0,3300,22,0,Gal,d18:1,22:0
11829,-7.6,0,3300,22,0,Gal,d18:1,22:0
11830,-7.4,0,3300,22,0,Gal,d18:1,22:0
11831,-7.2,0,3300,22,0,Gal,d18:1,22:0
11832,-7.0,0,3300,22,0,Gal,d18:1,22:0
11833,-6.8,0,3300,22,0,Gal,d18:1,22:0
11834,-6.6,0,3300,22,0,Gal,d18:1,22:0
11835,-6.4,0,3300,22,0,Gal,d18:1,22:0
11836,-6.2,0,3300,22,0,Gal,d18:1,22:0
11837,-6.0,0,3300,22,0,Gal,d18:1,22:0
11838,-5.8,0,3300,22,0,Gal,d18:1,22:0
11839,-5.6,0,3300,22,0,Gal,d18:1,22:0
11840,-5.4,0,3300,22,0,Gal,d18:1,22:0
11841,-5.2,0,3300,22,0,Gal,d18:1,22:0
11842,-5.0,0,3300,22,0,Gal,d18:1,22:0
11843,-4.8,0,3300,22,0,Gal,d18:1,22:0
11844,-4.6,0,3300,22,0,Gal,d18:1,22:0
11845,-4.4,0,3300,22,0,Gal,d18:1,22:0
11846,-4.2,0,3300,22,0,Gal,d18:1,22:0
11847,-4.0,0,3300,22,0,Gal,d18:1,22:0
11848,-3.8,0,3300,22,0,Gal,d18:1,22:0
11849,-3.6,0,3300,22,0,Gal,d18:1,22:0
11850,-3.4,0,3300,22,0,Gal,d18:1,22:0
11851,-3.2,0,3300,22,0,Gal,d18:1,22:0
11852,-3.0,0,3300,22,0,Gal,d18:1,22:0
11853,-2.8,0,3300,22,0,Gal,d18:1,22:0
11854,-2.6,0,3300,22,0,Gal,d18:1,22:0
11855,-2.4,0,3300,22,0,Gal,d18:1,22:0
11856,-2.2,0,3300,22,0,Gal,d18:1,22:0
11857,-2.0,0,3300,22,0,Gal,d18:1,22:0
11858,-1.8,0,3300,22,0,Gal,d18:1,22:0
11859,-1.6,40,3300,22,0,Gal,d18:1,22:0
11860,-1.4,80,3300,22,0,Gal,d18:1,22:0
11861,-1.2,80,3300,22,0,Gal,d18:1,22:0
11862,-1.0,80,3300,22,0,Gal,d18:1,22:0
11863,-0.8,480,3300,22,0,Gal,d18:1,22:0
11864,-0.6,1240,3300,22,0,Gal,d18:1,22:0
11865,-0.4,3360,3300,22,0,Gal,d18:1,22:0
11866,-0.2,5520,3300,22,0,Gal,d18:1,22:0
11867,0.0,10860,3300,22,0,Gal,d18:1,22:0
11868,0.2,14660,3300,22,0,Gal,d18:1,22:0
11869,0.4,15620,3300,22,0,Gal,d18:1,22:0
11870,0.6,13320,3300,22,0,Gal,d18:1,22:0
11871,0.8,8820,3300,22,0,Gal,d18:1,22:0
11872,1.0,7280,3300,22,0,Gal,d18:1,22:0
11873,1.2,4640,3300,22,0,Gal,d18:1,22:0
11874,1.4,3260,3300,22,0,Gal,d18:1,22:0
11875,1.6,1460,3300,22,0,Gal,d18:1,22:0
11876,1.8,1220,3300,22,0,Gal,d18:1,22:0
11877,2.0,640,3300,22,0,Gal,d18:1,22:0
11878,2.2,220,3300,22,0,Gal,d18:1,22:0
11879,2.4,220,3300,22,0,Gal,d18:1,22:0
11880,2.6,200,3300,22,0,Gal,d18:1,22:0
11881,2.8,120,3300,22,0,Gal,d18:1,22:0
11882,3.0,280,3300,22,0,Gal,d18:1,22:0
11883,3.2,40,3300,22,0,Gal,d18:1,22:0
11884,3.4,60,3300,22,0,Gal,d18:1,22:0
11885,3.6,40,3300,22,0,Gal,d18:1,22:0
11886,3.8,40,3300,22,0,Gal,d18:1,22:0
11887,4.0,40,3300,22,0,Gal,d18:1,22:0
11888,4.2,80,3300,22,0,Gal,d18:1,22:0
11889,4.4,0,3300,22,0,Gal,d18:1,22:0
11890,4.6,0,3300,22,0,Gal,d18:1,22:0
11891,4.8,0,3300,22,0,Gal,d18:1,22:0
11892,5.0,0,3300,22,0,Gal,d18:1,22:0
11893,5.2,0,3300,22,0,Gal,d18:1,22:0
11894,5.4,0,3300,22,0,Gal,d18:1,22:0
11895,5.6,0,3300,22,0,Gal,d18:1,22:0
11896,5.8,0,3300,22,0,Gal,d18:1,22:0
11897,6.0,0,3300,22,0,Gal,d18:1,22:0
11898,6.2,0,3300,22,0,Gal,d18:1,22:0
11899,6.4,0,3300,22,0,Gal,d18:1,22:0
11900,6.6,0,3300,22,0,Gal,d18:1,22:0
11901,6.8,0,3300,22,0,Gal,d18:1,22:0
11902,7.0,0,3300,22,0,Gal,d18:1,22:0
11903,7.2,0,3300,22,0,Gal,d18:1,22:0
11904,7.4,0,3300,22,0,Gal,d18:1,22:0
11905,7.6,0,3300,22,0,Gal,d18:1,22:0
11906,7.8,0,3300,22,0,Gal,d18:1,22:0
11907,8.0,0,3300,22,0,Gal,d18:1,22:0
11908,8.2,0,3300,22,0,Gal,d18:1,22:0
11909,8.4,0,3300,22,0,Gal,d18:1,22:0
11910,8.6,0,3300,22,0,Gal,d18:1,22:0
11911,8.8,0,3300,22,0,Gal,d18:1,22:0
11912,9.0,0,3300,22,0,Gal,d18:1,22:0
11913,9.2,0,3300,22,0,Gal,d18:1,22:0
11914,9.4,0,3300,22,0,Gal,d18:1,22:0
11915,9.6,0,3300,22,0,Gal,d18:1,22:0
11916,9.8,0,3300,22,0,Gal,d18:1,22:0
11917,10.0,0,3300,22,0,Gal,d18:1,22:0
11918,-10.0,0,3400,22,0,Gal,d18:1,22:0
11919,-9.8,0,3400,22,0,Gal,d18:1,22:0
11920,-9.6,0,3400,22,0,Gal,d18:1,22:0
11921,-9.4,0,3400,22,0,Gal,d18:1,22:0
11922,-9.2,0,3400,22,0,Gal,d18:1,22:0
11923,-9.0,0,3400,22,0,Gal,d18:1,22:0
11924,-8.8,0,3400,22,0,Gal,d18:1,22:0
11925,-8.6,0,3400,22,0,Gal,d18:1,22:0
11926,-8.4,0,3400,22,0,Gal,d18:1,22:0
11927,-8.2,0,3400,22,0,Gal,d18:1,22:0
11928,-8.0,0,3400,22,0,Gal,d18:1,22:0
11929,-7.8,0,3400,22,0,Gal,d18:1,22:0
11930,-7.6,0,3400,22,0,Gal,d18:1,22:0
11931,-7.4,0,3400,22,0,Gal,d18:1,22:0
11932,-7.2,0,3400,22,0,Gal,d18:1,22:0
11933,-7.0,0,3400,22,0,Gal,d18:1,22:0
11934,-6.8,0,3400,22,0,Gal,d18:1,22:0
11935,-6.6,0,3400,22,0,Gal,d18:1,22:0
11936,-6.4,0,3400,22,0,Gal,d18:1,22:0
11937,-6.2,0,3400,22,0,Gal,d18:1,22:0
11938,-6.0,0,3400,22,0,Gal,d18:1,22:0
11939,-5.8,0,3400,22,0,Gal,d18:1,22:0
11940,-5.6,0,3400,22,0,Gal,d18:1,22:0
11941,-5.4,0,3400,22,0,Gal,d18:1,22:0
11942,-5.2,0,3400,22,0,Gal,d18:1,22:0
11943,-5.0,0,3400,22,0,Gal,d18:1,22:0
11944,-4.8,0,3400,22,0,Gal,d18:1,22:0
11945,-4.6,0,3400,22,0,Gal,d18:1,22:0
11946,-4.4,0,3400,22,0,Gal,d18:1,22:0
11947,-4.2,0,3400,22,0,Gal,d18:1,22:0
11948,-4.0,0,3400,22,0,Gal,d18:1,22:0
11949,-3.8,0,3400,22,0,Gal,d18:1,22:0
11950,-3.6,0,3400,22,0,Gal,d18:1,22:0
11951,-3.4,0,3400,22,0,Gal,d18:1,22:0
11952,-3.2,0,3400,22,0,Gal,d18:1,22:0
11953,-3.0,0,3400,22,0,Gal,d18:1,22:0
11954,-2.8,0,3400,22,0,Gal,d18:1,22:0
11955,-2.6,0,3400,22,0,Gal,d18:1,22:0
11956,-2.4,40,3400,22,0,Gal,d18:1,22:0
11957,-2.2,0,3400,22,0,Gal,d18:1,22:0
11958,-2.0,0,3400,22,0,Gal,d18:1,22:0
11959,-1.8,20,3400,22,0,Gal,d18:1,22:0
11960,-1.6,100,3400,22,0,Gal,d18:1,22:0
11961,-1.4,80,3400,22,0,Gal,d18:1,22:0
11962,-1.2,60,3400,22,0,Gal,d18:1,22:0
11963,-1.0,100,3400,22,0,Gal,d18:1,22:0
11964,-0.8,100,3400,22,0,Gal,d18:1,22:0
11965,-0.6,280,3400,22,0,Gal,d18:1,22:0
11966,-0.4,1020,3400,22,0,Gal,d18:1,22:0
11967,-0.2,1960,3400,22,0,Gal,d18:1,22:0
11968,0.0,4660,3400,22,0,Gal,d18:1,22:0
11969,0.2,9040,3400,22,0,Gal,d18:1,22:0
11970,0.4,11980,3400,22,0,Gal,d18:1,22:0
11971,0.6,14760,3400,22,0,Gal,d18:1,22:0
11972,0.8,16180,3400,22,0,Gal,d18:1,22:0
11973,1.0,17440,3400,22,0,Gal,d18:1,22:0
11974,1.2,12680,3400,22,0,Gal,d18:1,22:0
11975,1.4,8140,3400,22,0,Gal,d18:1,22:0
11976,1.6,5700,3400,22,0,Gal,d18:1,22:0
11977,1.8,2520,3400,22,0,Gal,d18:1,22:0
11978,2.0,1320,3400,22,0,Gal,d18:1,22:0
11979,2.2,740,3400,22,0,Gal,d18:1,22:0
11980,2.4,360,3400,22,0,Gal,d18:1,22:0
11981,2.6,200,3400,22,0,Gal,d18:1,22:0
11982,2.8,160,3400,22,0,Gal,d18:1,22:0
11983,3.0,100,3400,22,0,Gal,d18:1,22:0
11984,3.2,20,3400,22,0,Gal,d18:1,22:0
11985,3.4,100,3400,22,0,Gal,d18:1,22:0
11986,3.6,100,3400,22,0,Gal,d18:1,22:0
11987,3.8,120,3400,22,0,Gal,d18:1,22:0
11988,4.0,180,3400,22,0,Gal,d18:1,22:0
11989,4.2,80,3400,22,0,Gal,d18:1,22:0
11990,4.4,40,3400,22,0,Gal,d18:1,22:0
11991,4.6,0,3400,22,0,Gal,d18:1,22:0
11992,4.8,20,3400,22,0,Gal,d18:1,22:0
11993,5.0,0,3400,22,0,Gal,d18:1,22:0
11994,5.2,0,3400,22,0,Gal,d18:1,22:0
11995,5.4,0,3400,22,0,Gal,d18:1,22:0
11996,5.6,0,3400,22,0,Gal,d18:1,22:0
11997,5.8,0,3400,22,0,Gal,d18:1,22:0
11998,6.0,0,3400,22,0,Gal,d18:1,22:0
11999,6.2,0,3400,22,0,Gal,d18:1,22:0
12000,6.4,0,3400,22,0,Gal,d18:1,22:0
12001,6.6,0,3400,22,0,Gal,d18:1,22:0
12002,6.8,0,3400,22,0,Gal,d18:1,22:0
12003,7.0,0,3400,22,0,Gal,d18:1,22:0
12004,7.2,0,3400,22,0,Gal,d18:1,22:0
12005,7.4,0,3400,22,0,Gal,d18:1,22:0
12006,7.6,0,3400,22,0,Gal,d18:1,22:0
12007,7.8,0,3400,22,0,Gal,d18:1,22:0
12008,8.0,0,3400,22,0,Gal,d18:1,22:0
12009,8.2,0,3400,22,0,Gal,d18:1,22:0
12010,8.4,0,3400,22,0,Gal,d18:1,22:0
12011,8.6,0,3400,22,0,Gal,d18:1,22:0
12012,8.8,0,3400,22,0,Gal,d18:1,22:0
12013,9.0,0,3400,22,0,Gal,d18:1,22:0
12014,9.2,0,3400,22,0,Gal,d18:1,22:0
12015,9.4,0,3400,22,0,Gal,d18:1,22:0
12016,9.6,0,3400,22,0,Gal,d18:1,22:0
12017,9.8,0,3400,22,0,Gal,d18:1,22:0
12018,10.0,0,3400,22,0,Gal,d18:1,22:0
12019,-10.0,0,3500,22,0,Gal,d18:1,22:0
12020,-9.8,0,3500,22,0,Gal,d18:1,22:0
12021,-9.6,0,3500,22,0,Gal,d18:1,22:0
12022,-9.4,0,3500,22,0,Gal,d18:1,22:0
12023,-9.2,0,3500,22,0,Gal,d18:1,22:0
12024,-9.0,0,3500,22,0,Gal,d18:1,22:0
12025,-8.8,0,3500,22,0,Gal,d18:1,22:0
12026,-8.6,0,3500,22,0,Gal,d18:1,22:0
12027,-8.4,0,3500,22,0,Gal,d18:1,22:0
12028,-8.2,0,3500,22,0,Gal,d18:1,22:0
12029,-8.0,0,3500,22,0,Gal,d18:1,22:0
12030,-7.8,0,3500,22,0,Gal,d18:1,22:0
12031,-7.6,0,3500,22,0,Gal,d18:1,22:0
12032,-7.4,0,3500,22,0,Gal,d18:1,22:0
12033,-7.2,0,3500,22,0,Gal,d18:1,22:0
12034,-7.0,0,3500,22,0,Gal,d18:1,22:0
12035,-6.8,0,3500,22,0,Gal,d18:1,22:0
12036,-6.6,0,3500,22,0,Gal,d18:1,22:0
12037,-6.4,0,3500,22,0,Gal,d18:1,22:0
12038,-6.2,0,3500,22,0,Gal,d18:1,22:0
12039,-6.0,0,3500,22,0,Gal,d18:1,22:0
12040,-5.8,0,3500,22,0,Gal,d18:1,22:0
12041,-5.6,0,3500,22,0,Gal,d18:1,22:0
12042,-5.4,0,3500,22,0,Gal,d18:1,22:0
12043,-5.2,0,3500,22,0,Gal,d18:1,22:0
12044,-5.0,0,3500,22,0,Gal,d18:1,22:0
12045,-4.8,0,3500,22,0,Gal,d18:1,22:0
12046,-4.6,0,3500,22,0,Gal,d18:1,22:0
12047,-4.4,0,3500,22,0,Gal,d18:1,22:0
12048,-4.2,0,3500,22,0,Gal,d18:1,22:0
12049,-4.0,0,3500,22,0,Gal,d18:1,22:0
12050,-3.8,0,3500,22,0,Gal,d18:1,22:0
12051,-3.6,0,3500,22,0,Gal,d18:1,22:0
12052,-3.4,0,3500,22,0,Gal,d18:1,22:0
12053,-3.2,0,3500,22,0,Gal,d18:1,22:0
12054,-3.0,0,3500,22,0,Gal,d18:1,22:0
12055,-2.8,0,3500,22,0,Gal,d18:1,22:0
12056,-2.6,0,3500,22,0,Gal,d18:1,22:0
12057,-2.4,0,3500,22,0,Gal,d18:1,22:0
12058,-2.2,0,3500,22,0,Gal,d18:1,22:0
12059,-2.0,0,3500,22,0,Gal,d18:1,22:0
12060,-1.8,0,3500,22,0,Gal,d18:1,22:0
12061,-1.6,60,3500,22,0,Gal,d18:1,22:0
12062,-1.4,0,3500,22,0,Gal,d18:1,22:0
12063,-1.2,20,3500,22,0,Gal,d18:1,22:0
12064,-1.0,40,3500,22,0,Gal,d18:1,22:0
12065,-0.8,80,3500,22,0,Gal,d18:1,22:0
12066,-0.6,100,3500,22,0,Gal,d18:1,22:0
12067,-0.4,60,3500,22,0,Gal,d18:1,22:0
12068,-0.2,400,3500,22,0,Gal,d18:1,22:0
12069,0.0,760,3500,22,0,Gal,d18:1,22:0
12070,0.2,4080,3500,22,0,Gal,d18:1,22:0
12071,0.4,7340,3500,22,0,Gal,d18:1,22:0
12072,0.6,10800,3500,22,0,Gal,d18:1,22:0
12073,0.8,15680,3500,22,0,Gal,d18:1,22:0
12074,1.0,15800,3500,22,0,Gal,d18:1,22:0
12075,1.2,15280,3500,22,0,Gal,d18:1,22:0
12076,1.4,14960,3500,22,0,Gal,d18:1,22:0
12077,1.6,10220,3500,22,0,Gal,d18:1,22:0
12078,1.8,6240,3500,22,0,Gal,d18:1,22:0
12079,2.0,3540,3500,22,0,Gal,d18:1,22:0
12080,2.2,2160,3500,22,0,Gal,d18:1,22:0
12081,2.4,600,3500,22,0,Gal,d18:1,22:0
12082,2.6,340,3500,22,0,Gal,d18:1,22:0
12083,2.8,160,3500,22,0,Gal,d18:1,22:0
12084,3.0,20,3500,22,0,Gal,d18:1,22:0
12085,3.2,40,3500,22,0,Gal,d18:1,22:0
12086,3.4,240,3500,22,0,Gal,d18:1,22:0
12087,3.6,60,3500,22,0,Gal,d18:1,22:0
12088,3.8,160,3500,22,0,Gal,d18:1,22:0
12089,4.0,180,3500,22,0,Gal,d18:1,22:0
12090,4.2,80,3500,22,0,Gal,d18:1,22:0
12091,4.4,20,3500,22,0,Gal,d18:1,22:0
12092,4.6,0,3500,22,0,Gal,d18:1,22:0
12093,4.8,40,3500,22,0,Gal,d18:1,22:0
12094,5.0,0,3500,22,0,Gal,d18:1,22:0
12095,5.2,0,3500,22,0,Gal,d18:1,22:0
12096,5.4,0,3500,22,0,Gal,d18:1,22:0
12097,5.6,0,3500,22,0,Gal,d18:1,22:0
12098,5.8,0,3500,22,0,Gal,d18:1,22:0
12099,6.0,0,3500,22,0,Gal,d18:1,22:0
12100,6.2,0,3500,22,0,Gal,d18:1,22:0
12101,6.4,0,3500,22,0,Gal,d18:1,22:0
12102,6.6,0,3500,22,0,Gal,d18:1,22:0
12103,6.8,0,3500,22,0,Gal,d18:1,22:0
12104,7.0,0,3500,22,0,Gal,d18:1,22:0
12105,7.2,0,3500,22,0,Gal,d18:1,22:0
12106,7.4,0,3500,22,0,Gal,d18:1,22:0
12107,7.6,0,3500,22,0,Gal,d18:1,22:0
12108,7.8,0,3500,22,0,Gal,d18:1,22:0
12109,8.0,0,3500,22,0,Gal,d18:1,22:0
12110,8.2,0,3500,22,0,Gal,d18:1,22:0
12111,8.4,0,3500,22,0,Gal,d18:1,22:0
12112,8.6,0,3500,22,0,Gal,d18:1,22:0
12113,8.8,0,3500,22,0,Gal,d18:1,22:0
12114,9.0,0,3500,22,0,Gal,d18:1,22:0
12115,9.2,0,3500,22,0,Gal,d18:1,22:0
12116,9.4,0,3500,22,0,Gal,d18:1,22:0
12117,9.6,0,3500,22,0,Gal,d18:1,22:0
12118,9.8,0,3500,22,0,Gal,d18:1,22:0
12119,10.0,0,3500,22,0,Gal,d18:1,22:0
12120,-10.0,0,3600,22,0,Gal,d18:1,22:0
12121,-9.8,0,3600,22,0,Gal,d18:1,22:0
12122,-9.6,0,3600,22,0,Gal,d18:1,22:0
12123,-9.4,0,3600,22,0,Gal,d18:1,22:0
12124,-9.2,0,3600,22,0,Gal,d18:1,22:0
12125,-9.0,0,3600,22,0,Gal,d18:1,22:0
12126,-8.8,0,3600,22,0,Gal,d18:1,22:0
12127,-8.6,0,3600,22,0,Gal,d18:1,22:0
12128,-8.4,0,3600,22,0,Gal,d18:1,22:0
12129,-8.2,0,3600,22,0,Gal,d18:1,22:0
12130,-8.0,0,3600,22,0,Gal,d18:1,22:0
12131,-7.8,0,3600,22,0,Gal,d18:1,22:0
12132,-7.6,0,3600,22,0,Gal,d18:1,22:0
12133,-7.4,0,3600,22,0,Gal,d18:1,22:0
12134,-7.2,0,3600,22,0,Gal,d18:1,22:0
12135,-7.0,0,3600,22,0,Gal,d18:1,22:0
12136,-6.8,0,3600,22,0,Gal,d18:1,22:0
12137,-6.6,0,3600,22,0,Gal,d18:1,22:0
12138,-6.4,0,3600,22,0,Gal,d18:1,22:0
12139,-6.2,0,3600,22,0,Gal,d18:1,22:0
12140,-6.0,0,3600,22,0,Gal,d18:1,22:0
12141,-5.8,0,3600,22,0,Gal,d18:1,22:0
12142,-5.6,0,3600,22,0,Gal,d18:1,22:0
12143,-5.4,0,3600,22,0,Gal,d18:1,22:0
12144,-5.2,0,3600,22,0,Gal,d18:1,22:0
12145,-5.0,0,3600,22,0,Gal,d18:1,22:0
12146,-4.8,0,3600,22,0,Gal,d18:1,22:0
12147,-4.6,0,3600,22,0,Gal,d18:1,22:0
12148,-4.4,0,3600,22,0,Gal,d18:1,22:0
12149,-4.2,0,3600,22,0,Gal,d18:1,22:0
12150,-4.0,0,3600,22,0,Gal,d18:1,22:0
12151,-3.8,0,3600,22,0,Gal,d18:1,22:0
12152,-3.6,0,3600,22,0,Gal,d18:1,22:0
12153,-3.4,40,3600,22,0,Gal,d18:1,22:0
12154,-3.2,0,3600,22,0,Gal,d18:1,22:0
12155,-3.0,0,3600,22,0,Gal,d18:1,22:0
12156,-2.8,20,3600,22,0,Gal,d18:1,22:0
12157,-2.6,60,3600,22,0,Gal,d18:1,22:0
12158,-2.4,0,3600,22,0,Gal,d18:1,22:0
12159,-2.2,0,3600,22,0,Gal,d18:1,22:0
12160,-2.0,0,3600,22,0,Gal,d18:1,22:0
12161,-1.8,40,3600,22,0,Gal,d18:1,22:0
12162,-1.6,40,3600,22,0,Gal,d18:1,22:0
12163,-1.4,40,3600,22,0,Gal,d18:1,22:0
12164,-1.2,40,3600,22,0,Gal,d18:1,22:0
12165,-1.0,60,3600,22,0,Gal,d18:1,22:0
12166,-0.8,140,3600,22,0,Gal,d18:1,22:0
12167,-0.6,100,3600,22,0,Gal,d18:1,22:0
12168,-0.4,240,3600,22,0,Gal,d18:1,22:0
12169,-0.2,460,3600,22,0,Gal,d18:1,22:0
12170,0.0,1940,3600,22,0,Gal,d18:1,22:0
12171,0.2,4800,3600,22,0,Gal,d18:1,22:0
12172,0.4,8860,3600,22,0,Gal,d18:1,22:0
12173,0.6,12140,3600,22,0,Gal,d18:1,22:0
12174,0.8,15560,3600,22,0,Gal,d18:1,22:0
12175,1.0,16460,3600,22,0,Gal,d18:1,22:0
12176,1.2,15880,3600,22,0,Gal,d18:1,22:0
12177,1.4,13020,3600,22,0,Gal,d18:1,22:0
12178,1.6,10180,3600,22,0,Gal,d18:1,22:0
12179,1.8,7700,3600,22,0,Gal,d18:1,22:0
12180,2.0,4460,3600,22,0,Gal,d18:1,22:0
12181,2.2,2620,3600,22,0,Gal,d18:1,22:0
12182,2.4,1240,3600,22,0,Gal,d18:1,22:0
12183,2.6,720,3600,22,0,Gal,d18:1,22:0
12184,2.8,160,3600,22,0,Gal,d18:1,22:0
12185,3.0,220,3600,22,0,Gal,d18:1,22:0
12186,3.2,160,3600,22,0,Gal,d18:1,22:0
12187,3.4,80,3600,22,0,Gal,d18:1,22:0
12188,3.6,260,3600,22,0,Gal,d18:1,22:0
12189,3.8,20,3600,22,0,Gal,d18:1,22:0
12190,4.0,60,3600,22,0,Gal,d18:1,22:0
12191,4.2,40,3600,22,0,Gal,d18:1,22:0
12192,4.4,100,3600,22,0,Gal,d18:1,22:0
12193,4.6,320,3600,22,0,Gal,d18:1,22:0
12194,4.8,20,3600,22,0,Gal,d18:1,22:0
12195,5.0,60,3600,22,0,Gal,d18:1,22:0
12196,5.2,40,3600,22,0,Gal,d18:1,22:0
12197,5.4,0,3600,22,0,Gal,d18:1,22:0
12198,5.6,0,3600,22,0,Gal,d18:1,22:0
12199,5.8,0,3600,22,0,Gal,d18:1,22:0
12200,6.0,0,3600,22,0,Gal,d18:1,22:0
12201,6.2,0,3600,22,0,Gal,d18:1,22:0
12202,6.4,0,3600,22,0,Gal,d18:1,22:0
12203,6.6,0,3600,22,0,Gal,d18:1,22:0
12204,6.8,0,3600,22,0,Gal,d18:1,22:0
12205,7.0,0,3600,22,0,Gal,d18:1,22:0
12206,7.2,0,3600,22,0,Gal,d18:1,22:0
12207,7.4,0,3600,22,0,Gal,d18:1,22:0
12208,7.6,0,3600,22,0,Gal,d18:1,22:0
12209,7.8,0,3600,22,0,Gal,d18:1,22:0
12210,8.0,0,3600,22,0,Gal,d18:1,22:0
12211,8.2,0,3600,22,0,Gal,d18:1,22:0
12212,8.4,0,3600,22,0,Gal,d18:1,22:0
12213,8.6,0,3600,22,0,Gal,d18:1,22:0
12214,8.8,0,3600,22,0,Gal,d18:1,22:0
12215,9.0,0,3600,22,0,Gal,d18:1,22:0
12216,9.2,0,3600,22,0,Gal,d18:1,22:0
12217,9.4,0,3600,22,0,Gal,d18:1,22:0
12218,9.6,0,3600,22,0,Gal,d18:1,22:0
12219,9.8,0,3600,22,0,Gal,d18:1,22:0
12220,10.0,0,3600,22,0,Gal,d18:1,22:0
12221,-10.0,0,3700,22,0,Gal,d18:1,22:0
12222,-9.8,0,3700,22,0,Gal,d18:1,22:0
12223,-9.6,0,3700,22,0,Gal,d18:1,22:0
12224,-9.4,0,3700,22,0,Gal,d18:1,22:0
12225,-9.2,0,3700,22,0,Gal,d18:1,22:0
12226,-9.0,0,3700,22,0,Gal,d18:1,22:0
12227,-8.8,0,3700,22,0,Gal,d18:1,22:0
12228,-8.6,0,3700,22,0,Gal,d18:1,22:0
12229,-8.4,0,3700,22,0,Gal,d18:1,22:0
12230,-8.2,0,3700,22,0,Gal,d18:1,22:0
12231,-8.0,0,3700,22,0,Gal,d18:1,22:0
12232,-7.8,0,3700,22,0,Gal,d18:1,22:0
12233,-7.6,0,3700,22,0,Gal,d18:1,22:0
12234,-7.4,0,3700,22,0,Gal,d18:1,22:0
12235,-7.2,0,3700,22,0,Gal,d18:1,22:0
12236,-7.0,0,3700,22,0,Gal,d18:1,22:0
12237,-6.8,0,3700,22,0,Gal,d18:1,22:0
12238,-6.6,0,3700,22,0,Gal,d18:1,22:0
12239,-6.4,0,3700,22,0,Gal,d18:1,22:0
12240,-6.2,0,3700,22,0,Gal,d18:1,22:0
12241,-6.0,0,3700,22,0,Gal,d18:1,22:0
12242,-5.8,0,3700,22,0,Gal,d18:1,22:0
12243,-5.6,0,3700,22,0,Gal,d18:1,22:0
12244,-5.4,0,3700,22,0,Gal,d18:1,22:0
12245,-5.2,0,3700,22,0,Gal,d18:1,22:0
12246,-5.0,0,3700,22,0,Gal,d18:1,22:0
12247,-4.8,0,3700,22,0,Gal,d18:1,22:0
12248,-4.6,0,3700,22,0,Gal,d18:1,22:0
12249,-4.4,0,3700,22,0,Gal,d18:1,22:0
12250,-4.2,0,3700,22,0,Gal,d18:1,22:0
12251,-4.0,0,3700,22,0,Gal,d18:1,22:0
12252,-3.8,0,3700,22,0,Gal,d18:1,22:0
12253,-3.6,0,3700,22,0,Gal,d18:1,22:0
12254,-3.4,0,3700,22,0,Gal,d18:1,22:0
12255,-3.2,0,3700,22,0,Gal,d18:1,22:0
12256,-3.0,20,3700,22,0,Gal,d18:1,22:0
12257,-2.8,0,3700,22,0,Gal,d18:1,22:0
12258,-2.6,0,3700,22,0,Gal,d18:1,22:0
12259,-2.4,0,3700,22,0,Gal,d18:1,22:0
12260,-2.2,20,3700,22,0,Gal,d18:1,22:0
12261,-2.0,0,3700,22,0,Gal,d18:1,22:0
12262,-1.8,0,3700,22,0,Gal,d18:1,22:0
12263,-1.6,20,3700,22,0,Gal,d18:1,22:0
12264,-1.4,20,3700,22,0,Gal,d18:1,22:0
12265,-1.2,40,3700,22,0,Gal,d18:1,22:0
12266,-1.0,60,3700,22,0,Gal,d18:1,22:0
12267,-0.8,60,3700,22,0,Gal,d18:1,22:0
12268,-0.6,240,3700,22,0,Gal,d18:1,22:0
12269,-0.4,60,3700,22,0,Gal,d18:1,22:0
12270,-0.2,240,3700,22,0,Gal,d18:1,22:0
12271,0.0,1120,3700,22,0,Gal,d18:1,22:0
12272,0.2,1340,3700,22,0,Gal,d18:1,22:0
12273,0.4,3620,3700,22,0,Gal,d18:1,22:0
12274,0.6,6740,3700,22,0,Gal,d18:1,22:0
12275,0.8,13340,3700,22,0,Gal,d18:1,22:0
12276,1.0,15980,3700,22,0,Gal,d18:1,22:0
12277,1.2,18080,3700,22,0,Gal,d18:1,22:0
12278,1.4,15620,3700,22,0,Gal,d18:1,22:0
12279,1.6,12440,3700,22,0,Gal,d18:1,22:0
12280,1.8,9620,3700,22,0,Gal,d18:1,22:0
12281,2.0,7380,3700,22,0,Gal,d18:1,22:0
12282,2.2,4680,3700,22,0,Gal,d18:1,22:0
12283,2.4,2600,3700,22,0,Gal,d18:1,22:0
12284,2.6,2100,3700,22,0,Gal,d18:1,22:0
12285,2.8,820,3700,22,0,Gal,d18:1,22:0
12286,3.0,520,3700,22,0,Gal,d18:1,22:0
12287,3.2,40,3700,22,0,Gal,d18:1,22:0
12288,3.4,100,3700,22,0,Gal,d18:1,22:0
12289,3.6,80,3700,22,0,Gal,d18:1,22:0
12290,3.8,160,3700,22,0,Gal,d18:1,22:0
12291,4.0,40,3700,22,0,Gal,d18:1,22:0
12292,4.2,60,3700,22,0,Gal,d18:1,22:0
12293,4.4,80,3700,22,0,Gal,d18:1,22:0
12294,4.6,120,3700,22,0,Gal,d18:1,22:0
12295,4.8,0,3700,22,0,Gal,d18:1,22:0
12296,5.0,60,3700,22,0,Gal,d18:1,22:0
12297,5.2,80,3700,22,0,Gal,d18:1,22:0
12298,5.4,100,3700,22,0,Gal,d18:1,22:0
12299,5.6,40,3700,22,0,Gal,d18:1,22:0
12300,5.8,0,3700,22,0,Gal,d18:1,22:0
12301,6.0,20,3700,22,0,Gal,d18:1,22:0
12302,6.2,0,3700,22,0,Gal,d18:1,22:0
12303,6.4,0,3700,22,0,Gal,d18:1,22:0
12304,6.6,0,3700,22,0,Gal,d18:1,22:0
12305,6.8,0,3700,22,0,Gal,d18:1,22:0
12306,7.0,0,3700,22,0,Gal,d18:1,22:0
12307,7.2,0,3700,22,0,Gal,d18:1,22:0
12308,7.4,0,3700,22,0,Gal,d18:1,22:0
12309,7.6,0,3700,22,0,Gal,d18:1,22:0
12310,7.8,0,3700,22,0,Gal,d18:1,22:0
12311,8.0,0,3700,22,0,Gal,d18:1,22:0
12312,8.2,0,3700,22,0,Gal,d18:1,22:0
12313,8.4,0,3700,22,0,Gal,d18:1,22:0
12314,8.6,0,3700,22,0,Gal,d18:1,22:0
12315,8.8,0,3700,22,0,Gal,d18:1,22:0
12316,9.0,0,3700,22,0,Gal,d18:1,22:0
12317,9.2,0,3700,22,0,Gal,d18:1,22:0
12318,9.4,0,3700,22,0,Gal,d18:1,22:0
12319,9.6,0,3700,22,0,Gal,d18:1,22:0
12320,9.8,0,3700,22,0,Gal,d18:1,22:0
12321,10.0,0,3700,22,0,Gal,d18:1,22:0
12322,-10.0,0,3800,22,0,Gal,d18:1,22:0
12323,-9.8,0,3800,22,0,Gal,d18:1,22:0
12324,-9.6,0,3800,22,0,Gal,d18:1,22:0
12325,-9.4,0,3800,22,0,Gal,d18:1,22:0
12326,-9.2,0,3800,22,0,Gal,d18:1,22:0
12327,-9.0,0,3800,22,0,Gal,d18:1,22:0
12328,-8.8,0,3800,22,0,Gal,d18:1,22:0
12329,-8.6,0,3800,22,0,Gal,d18:1,22:0
12330,-8.4,0,3800,22,0,Gal,d18:1,22:0
12331,-8.2,0,3800,22,0,Gal,d18:1,22:0
12332,-8.0,0,3800,22,0,Gal,d18:1,22:0
12333,-7.8,0,3800,22,0,Gal,d18:1,22:0
12334,-7.6,0,3800,22,0,Gal,d18:1,22:0
12335,-7.4,0,3800,22,0,Gal,d18:1,22:0
12336,-7.2,0,3800,22,0,Gal,d18:1,22:0
12337,-7.0,0,3800,22,0,Gal,d18:1,22:0
12338,-6.8,0,3800,22,0,Gal,d18:1,22:0
12339,-6.6,0,3800,22,0,Gal,d18:1,22:0
12340,-6.4,0,3800,22,0,Gal,d18:1,22:0
12341,-6.2,0,3800,22,0,Gal,d18:1,22:0
12342,-6.0,0,3800,22,0,Gal,d18:1,22:0
12343,-5.8,0,3800,22,0,Gal,d18:1,22:0
12344,-5.6,0,3800,22,0,Gal,d18:1,22:0
12345,-5.4,0,3800,22,0,Gal,d18:1,22:0
12346,-5.2,0,3800,22,0,Gal,d18:1,22:0
12347,-5.0,0,3800,22,0,Gal,d18:1,22:0
12348,-4.8,0,3800,22,0,Gal,d18:1,22:0
12349,-4.6,0,3800,22,0,Gal,d18:1,22:0
12350,-4.4,0,3800,22,0,Gal,d18:1,22:0
12351,-4.2,0,3800,22,0,Gal,d18:1,22:0
12352,-4.0,0,3800,22,0,Gal,d18:1,22:0
12353,-3.8,0,3800,22,0,Gal,d18:1,22:0
12354,-3.6,0,3800,22,0,Gal,d18:1,22:0
12355,-3.4,0,3800,22,0,Gal,d18:1,22:0
12356,-3.2,0,3800,22,0,Gal,d18:1,22:0
12357,-3.0,0,3800,22,0,Gal,d18:1,22:0
12358,-2.8,0,3800,22,0,Gal,d18:1,22:0
12359,-2.6,20,3800,22,0,Gal,d18:1,22:0
12360,-2.4,40,3800,22,0,Gal,d18:1,22:0
12361,-2.2,0,3800,22,0,Gal,d18:1,22:0
12362,-2.0,20,3800,22,0,Gal,d18:1,22:0
12363,-1.8,20,3800,22,0,Gal,d18:1,22:0
12364,-1.6,80,3800,22,0,Gal,d18:1,22:0
12365,-1.4,0,3800,22,0,Gal,d18:1,22:0
12366,-1.2,140,3800,22,0,Gal,d18:1,22:0
12367,-1.0,40,3800,22,0,Gal,d18:1,22:0
12368,-0.8,80,3800,22,0,Gal,d18:1,22:0
12369,-0.6,180,3800,22,0,Gal,d18:1,22:0
12370,-0.4,20,3800,22,0,Gal,d18:1,22:0
12371,-0.2,240,3800,22,0,Gal,d18:1,22:0
12372,0.0,580,3800,22,0,Gal,d18:1,22:0
12373,0.2,940,3800,22,0,Gal,d18:1,22:0
12374,0.4,2600,3800,22,0,Gal,d18:1,22:0
12375,0.6,5360,3800,22,0,Gal,d18:1,22:0
12376,0.8,10760,3800,22,0,Gal,d18:1,22:0
12377,1.0,16460,3800,22,0,Gal,d18:1,22:0
12378,1.2,15500,3800,22,0,Gal,d18:1,22:0
12379,1.4,14280,3800,22,0,Gal,d18:1,22:0
12380,1.6,12780,3800,22,0,Gal,d18:1,22:0
12381,1.8,7980,3800,22,0,Gal,d18:1,22:0
12382,2.0,7000,3800,22,0,Gal,d18:1,22:0
12383,2.2,5340,3800,22,0,Gal,d18:1,22:0
12384,2.4,3480,3800,22,0,Gal,d18:1,22:0
12385,2.6,1800,3800,22,0,Gal,d18:1,22:0
12386,2.8,1220,3800,22,0,Gal,d18:1,22:0
12387,3.0,540,3800,22,0,Gal,d18:1,22:0
12388,3.2,100,3800,22,0,Gal,d18:1,22:0
12389,3.4,0,3800,22,0,Gal,d18:1,22:0
12390,3.6,0,3800,22,0,Gal,d18:1,22:0
12391,3.8,20,3800,22,0,Gal,d18:1,22:0
12392,4.0,80,3800,22,0,Gal,d18:1,22:0
12393,4.2,240,3800,22,0,Gal,d18:1,22:0
12394,4.4,120,3800,22,0,Gal,d18:1,22:0
12395,4.6,40,3800,22,0,Gal,d18:1,22:0
12396,4.8,60,3800,22,0,Gal,d18:1,22:0
12397,5.0,40,3800,22,0,Gal,d18:1,22:0
12398,5.2,80,3800,22,0,Gal,d18:1,22:0
12399,5.4,80,3800,22,0,Gal,d18:1,22:0
12400,5.6,60,3800,22,0,Gal,d18:1,22:0
12401,5.8,160,3800,22,0,Gal,d18:1,22:0
12402,6.0,60,3800,22,0,Gal,d18:1,22:0
12403,6.2,40,3800,22,0,Gal,d18:1,22:0
12404,6.4,40,3800,22,0,Gal,d18:1,22:0
12405,6.6,0,3800,22,0,Gal,d18:1,22:0
12406,6.8,0,3800,22,0,Gal,d18:1,22:0
12407,7.0,0,3800,22,0,Gal,d18:1,22:0
12408,7.2,0,3800,22,0,Gal,d18:1,22:0
12409,7.4,0,3800,22,0,Gal,d18:1,22:0
12410,7.6,0,3800,22,0,Gal,d18:1,22:0
12411,7.8,0,3800,22,0,Gal,d18:1,22:0
12412,8.0,0,3800,22,0,Gal,d18:1,22:0
12413,8.2,0,3800,22,0,Gal,d18:1,22:0
12414,8.4,0,3800,22,0,Gal,d18:1,22:0
12415,8.6,0,3800,22,0,Gal,d18:1,22:0
12416,8.8,0,3800,22,0,Gal,d18:1,22:0
12417,9.0,0,3800,22,0,Gal,d18:1,22:0
12418,9.2,0,3800,22,0,Gal,d18:1,22:0
12419,9.4,0,3800,22,0,Gal,d18:1,22:0
12420,9.6,0,3800,22,0,Gal,d18:1,22:0
12421,9.8,0,3800,22,0,Gal,d18:1,22:0
12422,10.0,0,3800,22,0,Gal,d18:1,22:0
12423,-10.0,0,3900,22,0,Gal,d18:1,22:0
12424,-9.8,0,3900,22,0,Gal,d18:1,22:0
12425,-9.6,0,3900,22,0,Gal,d18:1,22:0
12426,-9.4,0,3900,22,0,Gal,d18:1,22:0
12427,-9.2,0,3900,22,0,Gal,d18:1,22:0
12428,-9.0,0,3900,22,0,Gal,d18:1,22:0
12429,-8.8,0,3900,22,0,Gal,d18:1,22:0
12430,-8.6,0,3900,22,0,Gal,d18:1,22:0
12431,-8.4,0,3900,22,0,Gal,d18:1,22:0
12432,-8.2,0,3900,22,0,Gal,d18:1,22:0
12433,-8.0,0,3900,22,0,Gal,d18:1,22:0
12434,-7.8,0,3900,22,0,Gal,d18:1,22:0
12435,-7.6,0,3900,22,0,Gal,d18:1,22:0
12436,-7.4,0,3900,22,0,Gal,d18:1,22:0
12437,-7.2,0,3900,22,0,Gal,d18:1,22:0
12438,-7.0,0,3900,22,0,Gal,d18:1,22:0
12439,-6.8,0,3900,22,0,Gal,d18:1,22:0
12440,-6.6,0,3900,22,0,Gal,d18:1,22:0
12441,-6.4,0,3900,22,0,Gal,d18:1,22:0
12442,-6.2,0,3900,22,0,Gal,d18:1,22:0
12443,-6.0,0,3900,22,0,Gal,d18:1,22:0
12444,-5.8,0,3900,22,0,Gal,d18:1,22:0
12445,-5.6,0,3900,22,0,Gal,d18:1,22:0
12446,-5.4,0,3900,22,0,Gal,d18:1,22:0
12447,-5.2,0,3900,22,0,Gal,d18:1,22:0
12448,-5.0,0,3900,22,0,Gal,d18:1,22:0
12449,-4.8,0,3900,22,0,Gal,d18:1,22:0
12450,-4.6,0,3900,22,0,Gal,d18:1,22:0
12451,-4.4,0,3900,22,0,Gal,d18:1,22:0
12452,-4.2,0,3900,22,0,Gal,d18:1,22:0
12453,-4.0,0,3900,22,0,Gal,d18:1,22:0
12454,-3.8,0,3900,22,0,Gal,d18:1,22:0
12455,-3.6,0,3900,22,0,Gal,d18:1,22:0
12456,-3.4,0,3900,22,0,Gal,d18:1,22:0
12457,-3.2,0,3900,22,0,Gal,d18:1,22:0
12458,-3.0,0,3900,22,0,Gal,d18:1,22:0
12459,-2.8,0,3900,22,0,Gal,d18:1,22:0
12460,-2.6,0,3900,22,0,Gal,d18:1,22:0
12461,-2.4,0,3900,22,0,Gal,d18:1,22:0
12462,-2.2,120,3900,22,0,Gal,d18:1,22:0
12463,-2.0,0,3900,22,0,Gal,d18:1,22:0
12464,-1.8,60,3900,22,0,Gal,d18:1,22:0
12465,-1.6,20,3900,22,0,Gal,d18:1,22:0
12466,-1.4,40,3900,22,0,Gal,d18:1,22:0
12467,-1.2,0,3900,22,0,Gal,d18:1,22:0
12468,-1.0,40,3900,22,0,Gal,d18:1,22:0
12469,-0.8,20,3900,22,0,Gal,d18:1,22:0
12470,-0.6,0,3900,22,0,Gal,d18:1,22:0
12471,-0.4,100,3900,22,0,Gal,d18:1,22:0
12472,-0.2,100,3900,22,0,Gal,d18:1,22:0
12473,0.0,520,3900,22,0,Gal,d18:1,22:0
12474,0.2,920,3900,22,0,Gal,d18:1,22:0
12475,0.4,1980,3900,22,0,Gal,d18:1,22:0
12476,0.6,4340,3900,22,0,Gal,d18:1,22:0
12477,0.8,5820,3900,22,0,Gal,d18:1,22:0
12478,1.0,11460,3900,22,0,Gal,d18:1,22:0
12479,1.2,16360,3900,22,0,Gal,d18:1,22:0
12480,1.4,14640,3900,22,0,Gal,d18:1,22:0
12481,1.6,16720,3900,22,0,Gal,d18:1,22:0
12482,1.8,10760,3900,22,0,Gal,d18:1,22:0
12483,2.0,8180,3900,22,0,Gal,d18:1,22:0
12484,2.2,5060,3900,22,0,Gal,d18:1,22:0
12485,2.4,2960,3900,22,0,Gal,d18:1,22:0
12486,2.6,1560,3900,22,0,Gal,d18:1,22:0
12487,2.8,1020,3900,22,0,Gal,d18:1,22:0
12488,3.0,580,3900,22,0,Gal,d18:1,22:0
12489,3.2,280,3900,22,0,Gal,d18:1,22:0
12490,3.4,220,3900,22,0,Gal,d18:1,22:0
12491,3.6,120,3900,22,0,Gal,d18:1,22:0
12492,3.8,20,3900,22,0,Gal,d18:1,22:0
12493,4.0,0,3900,22,0,Gal,d18:1,22:0
12494,4.2,20,3900,22,0,Gal,d18:1,22:0
12495,4.4,160,3900,22,0,Gal,d18:1,22:0
12496,4.6,60,3900,22,0,Gal,d18:1,22:0
12497,4.8,20,3900,22,0,Gal,d18:1,22:0
12498,5.0,80,3900,22,0,Gal,d18:1,22:0
12499,5.2,0,3900,22,0,Gal,d18:1,22:0
12500,5.4,0,3900,22,0,Gal,d18:1,22:0
12501,5.6,0,3900,22,0,Gal,d18:1,22:0
12502,5.8,160,3900,22,0,Gal,d18:1,22:0
12503,6.0,20,3900,22,0,Gal,d18:1,22:0
12504,6.2,60,3900,22,0,Gal,d18:1,22:0
12505,6.4,20,3900,22,0,Gal,d18:1,22:0
12506,6.6,60,3900,22,0,Gal,d18:1,22:0
12507,6.8,0,3900,22,0,Gal,d18:1,22:0
12508,7.0,0,3900,22,0,Gal,d18:1,22:0
12509,7.2,0,3900,22,0,Gal,d18:1,22:0
12510,7.4,0,3900,22,0,Gal,d18:1,22:0
12511,7.6,0,3900,22,0,Gal,d18:1,22:0
12512,7.8,0,3900,22,0,Gal,d18:1,22:0
12513,8.0,0,3900,22,0,Gal,d18:1,22:0
12514,8.2,0,3900,22,0,Gal,d18:1,22:0
12515,8.4,0,3900,22,0,Gal,d18:1,22:0
12516,8.6,0,3900,22,0,Gal,d18:1,22:0
12517,8.8,0,3900,22,0,Gal,d18:1,22:0
12518,9.0,0,3900,22,0,Gal,d18:1,22:0
12519,9.2,0,3900,22,0,Gal,d18:1,22:0
12520,9.4,0,3900,22,0,Gal,d18:1,22:0
12521,9.6,0,3900,22,0,Gal,d18:1,22:0
12522,9.8,0,3900,22,0,Gal,d18:1,22:0
12523,10.0,0,3900,22,0,Gal,d18:1,22:0
12524,-10.0,0,4000,22,0,Gal,d18:1,22:0
12525,-9.8,0,4000,22,0,Gal,d18:1,22:0
12526,-9.6,0,4000,22,0,Gal,d18:1,22:0
12527,-9.4,0,4000,22,0,Gal,d18:1,22:0
12528,-9.2,0,4000,22,0,Gal,d18:1,22:0
12529,-9.0,0,4000,22,0,Gal,d18:1,22:0
12530,-8.8,0,4000,22,0,Gal,d18:1,22:0
12531,-8.6,0,4000,22,0,Gal,d18:1,22:0
12532,-8.4,0,4000,22,0,Gal,d18:1,22:0
12533,-8.2,0,4000,22,0,Gal,d18:1,22:0
12534,-8.0,0,4000,22,0,Gal,d18:1,22:0
12535,-7.8,0,4000,22,0,Gal,d18:1,22:0
12536,-7.6,0,4000,22,0,Gal,d18:1,22:0
12537,-7.4,0,4000,22,0,Gal,d18:1,22:0
12538,-7.2,0,4000,22,0,Gal,d18:1,22:0
12539,-7.0,0,4000,22,0,Gal,d18:1,22:0
12540,-6.8,0,4000,22,0,Gal,d18:1,22:0
12541,-6.6,0,4000,22,0,Gal,d18:1,22:0
12542,-6.4,0,4000,22,0,Gal,d18:1,22:0
12543,-6.2,0,4000,22,0,Gal,d18:1,22:0
12544,-6.0,0,4000,22,0,Gal,d18:1,22:0
12545,-5.8,0,4000,22,0,Gal,d18:1,22:0
12546,-5.6,0,4000,22,0,Gal,d18:1,22:0
12547,-5.4,0,4000,22,0,Gal,d18:1,22:0
12548,-5.2,0,4000,22,0,Gal,d18:1,22:0
12549,-5.0,0,4000,22,0,Gal,d18:1,22:0
12550,-4.8,0,4000,22,0,Gal,d18:1,22:0
12551,-4.6,0,4000,22,0,Gal,d18:1,22:0
12552,-4.4,0,4000,22,0,Gal,d18:1,22:0
12553,-4.2,0,4000,22,0,Gal,d18:1,22:0
12554,-4.0,0,4000,22,0,Gal,d18:1,22:0
12555,-3.8,0,4000,22,0,Gal,d18:1,22:0
12556,-3.6,0,4000,22,0,Gal,d18:1,22:0
12557,-3.4,0,4000,22,0,Gal,d18:1,22:0
12558,-3.2,0,4000,22,0,Gal,d18:1,22:0
12559,-3.0,0,4000,22,0,Gal,d18:1,22:0
12560,-2.8,0,4000,22,0,Gal,d18:1,22:0
12561,-2.6,0,4000,22,0,Gal,d18:1,22:0
12562,-2.4,0,4000,22,0,Gal,d18:1,22:0
12563,-2.2,0,4000,22,0,Gal,d18:1,22:0
12564,-2.0,0,4000,22,0,Gal,d18:1,22:0
12565,-1.8,100,4000,22,0,Gal,d18:1,22:0
12566,-1.6,40,4000,22,0,Gal,d18:1,22:0
12567,-1.4,120,4000,22,0,Gal,d18:1,22:0
12568,-1.2,0,4000,22,0,Gal,d18:1,22:0
12569,-1.0,120,4000,22,0,Gal,d18:1,22:0
12570,-0.8,20,4000,22,0,Gal,d18:1,22:0
12571,-0.6,40,4000,22,0,Gal,d18:1,22:0
12572,-0.4,120,4000,22,0,Gal,d18:1,22:0
12573,-0.2,240,4000,22,0,Gal,d18:1,22:0
12574,0.0,20,4000,22,0,Gal,d18:1,22:0
12575,0.2,60,4000,22,0,Gal,d18:1,22:0
12576,0.4,80,4000,22,0,Gal,d18:1,22:0
12577,0.6,320,4000,22,0,Gal,d18:1,22:0
12578,0.8,640,4000,22,0,Gal,d18:1,22:0
12579,1.0,1240,4000,22,0,Gal,d18:1,22:0
12580,1.2,3280,4000,22,0,Gal,d18:1,22:0
12581,1.4,5820,4000,22,0,Gal,d18:1,22:0
12582,1.6,10820,4000,22,0,Gal,d18:1,22:0
12583,1.8,14160,4000,22,0,Gal,d18:1,22:0
12584,2.0,18800,4000,22,0,Gal,d18:1,22:0
12585,2.2,19840,4000,22,0,Gal,d18:1,22:0
12586,2.4,18780,4000,22,0,Gal,d18:1,22:0
12587,2.6,17300,4000,22,0,Gal,d18:1,22:0
12588,2.8,13760,4000,22,0,Gal,d18:1,22:0
12589,3.0,7460,4000,22,0,Gal,d18:1,22:0
12590,3.2,3360,4000,22,0,Gal,d18:1,22:0
12591,3.4,2540,4000,22,0,Gal,d18:1,22:0
12592,3.6,1480,4000,22,0,Gal,d18:1,22:0
12593,3.8,860,4000,22,0,Gal,d18:1,22:0
12594,4.0,340,4000,22,0,Gal,d18:1,22:0
12595,4.2,180,4000,22,0,Gal,d18:1,22:0
12596,4.4,40,4000,22,0,Gal,d18:1,22:0
12597,4.6,0,4000,22,0,Gal,d18:1,22:0
12598,4.8,0,4000,22,0,Gal,d18:1,22:0
12599,5.0,40,4000,22,0,Gal,d18:1,22:0
12600,5.2,80,4000,22,0,Gal,d18:1,22:0
12601,5.4,180,4000,22,0,Gal,d18:1,22:0
12602,5.6,140,4000,22,0,Gal,d18:1,22:0
12603,5.8,120,4000,22,0,Gal,d18:1,22:0
12604,6.0,20,4000,22,0,Gal,d18:1,22:0
12605,6.2,80,4000,22,0,Gal,d18:1,22:0
12606,6.4,40,4000,22,0,Gal,d18:1,22:0
12607,6.6,80,4000,22,0,Gal,d18:1,22:0
12608,6.8,220,4000,22,0,Gal,d18:1,22:0
12609,7.0,20,4000,22,0,Gal,d18:1,22:0
12610,7.2,20,4000,22,0,Gal,d18:1,22:0
12611,7.4,0,4000,22,0,Gal,d18:1,22:0
12612,7.6,60,4000,22,0,Gal,d18:1,22:0
12613,7.8,0,4000,22,0,Gal,d18:1,22:0
12614,8.0,0,4000,22,0,Gal,d18:1,22:0
12615,8.2,0,4000,22,0,Gal,d18:1,22:0
12616,8.4,0,4000,22,0,Gal,d18:1,22:0
12617,8.6,0,4000,22,0,Gal,d18:1,22:0
12618,8.8,0,4000,22,0,Gal,d18:1,22:0
12619,9.0,0,4000,22,0,Gal,d18:1,22:0
12620,9.2,0,4000,22,0,Gal,d18:1,22:0
12621,9.4,0,4000,22,0,Gal,d18:1,22:0
12622,9.6,0,4000,22,0,Gal,d18:1,22:0
12623,9.8,0,4000,22,0,Gal,d18:1,22:0
12624,10.0,0,4000,22,0,Gal,d18:1,22:0
12625,-10.0,0,4100,22,0,Gal,d18:1,22:0
12626,-9.8,0,4100,22,0,Gal,d18:1,22:0
12627,-9.6,0,4100,22,0,Gal,d18:1,22:0
12628,-9.4,0,4100,22,0,Gal,d18:1,22:0
12629,-9.2,0,4100,22,0,Gal,d18:1,22:0
12630,-9.0,0,4100,22,0,Gal,d18:1,22:0
12631,-8.8,0,4100,22,0,Gal,d18:1,22:0
12632,-8.6,0,4100,22,0,Gal,d18:1,22:0
12633,-8.4,0,4100,22,0,Gal,d18:1,22:0
12634,-8.2,0,4100,22,0,Gal,d18:1,22:0
12635,-8.0,0,4100,22,0,Gal,d18:1,22:0
12636,-7.8,0,4100,22,0,Gal,d18:1,22:0
12637,-7.6,0,4100,22,0,Gal,d18:1,22:0
12638,-7.4,0,4100,22,0,Gal,d18:1,22:0
12639,-7.2,0,4100,22,0,Gal,d18:1,22:0
12640,-7.0,0,4100,22,0,Gal,d18:1,22:0
12641,-6.8,0,4100,22,0,Gal,d18:1,22:0
12642,-6.6,0,4100,22,0,Gal,d18:1,22:0
12643,-6.4,0,4100,22,0,Gal,d18:1,22:0
12644,-6.2,0,4100,22,0,Gal,d18:1,22:0
12645,-6.0,0,4100,22,0,Gal,d18:1,22:0
12646,-5.8,0,4100,22,0,Gal,d18:1,22:0
12647,-5.6,0,4100,22,0,Gal,d18:1,22:0
12648,-5.4,0,4100,22,0,Gal,d18:1,22:0
12649,-5.2,0,4100,22,0,Gal,d18:1,22:0
12650,-5.0,0,4100,22,0,Gal,d18:1,22:0
12651,-4.8,0,4100,22,0,Gal,d18:1,22:0
12652,-4.6,0,4100,22,0,Gal,d18:1,22:0
12653,-4.4,0,4100,22,0,Gal,d18:1,22:0
12654,-4.2,0,4100,22,0,Gal,d18:1,22:0
12655,-4.0,0,4100,22,0,Gal,d18:1,22:0
12656,-3.8,0,4100,22,0,Gal,d18:1,22:0
12657,-3.6,0,4100,22,0,Gal,d18:1,22:0
12658,-3.4,0,4100,22,0,Gal,d18:1,22:0
12659,-3.2,0,4100,22,0,Gal,d18:1,22:0
12660,-3.0,0,4100,22,0,Gal,d18:1,22:0
12661,-2.8,0,4100,22,0,Gal,d18:1,22:0
12662,-2.6,0,4100,22,0,Gal,d18:1,22:0
12663,-2.4,0,4100,22,0,Gal,d18:1,22:0
12664,-2.2,40,4100,22,0,Gal,d18:1,22:0
12665,-2.0,40,4100,22,0,Gal,d18:1,22:0
12666,-1.8,0,4100,22,0,Gal,d18:1,22:0
12667,-1.6,20,4100,22,0,Gal,d18:1,22:0
12668,-1.4,0,4100,22,0,Gal,d18:1,22:0
12669,-1.2,20,4100,22,0,Gal,d18:1,22:0
12670,-1.0,80,4100,22,0,Gal,d18:1,22:0
12671,-0.8,80,4100,22,0,Gal,d18:1,22:0
12672,-0.6,80,4100,22,0,Gal,d18:1,22:0
12673,-0.4,100,4100,22,0,Gal,d18:1,22:0
12674,-0.2,20,4100,22,0,Gal,d18:1,22:0
12675,0.0,0,4100,22,0,Gal,d18:1,22:0
12676,0.2,40,4100,22,0,Gal,d18:1,22:0
12677,0.4,100,4100,22,0,Gal,d18:1,22:0
12678,0.6,400,4100,22,0,Gal,d18:1,22:0
12679,0.8,900,4100,22,0,Gal,d18:1,22:0
12680,1.0,1360,4100,22,0,Gal,d18:1,22:0
12681,1.2,3800,4100,22,0,Gal,d18:1,22:0
12682,1.4,5520,4100,22,0,Gal,d18:1,22:0
12683,1.6,11760,4100,22,0,Gal,d18:1,22:0
12684,1.8,14860,4100,22,0,Gal,d18:1,22:0
12685,2.0,14320,4100,22,0,Gal,d18:1,22:0
12686,2.2,12620,4100,22,0,Gal,d18:1,22:0
12687,2.4,8820,4100,22,0,Gal,d18:1,22:0
12688,2.6,6380,4100,22,0,Gal,d18:1,22:0
12689,2.8,4220,4100,22,0,Gal,d18:1,22:0
12690,3.0,3520,4100,22,0,Gal,d18:1,22:0
12691,3.2,2420,4100,22,0,Gal,d18:1,22:0
12692,3.4,1680,4100,22,0,Gal,d18:1,22:0
12693,3.6,720,4100,22,0,Gal,d18:1,22:0
12694,3.8,320,4100,22,0,Gal,d18:1,22:0
12695,4.0,180,4100,22,0,Gal,d18:1,22:0
12696,4.2,40,4100,22,0,Gal,d18:1,22:0
12697,4.4,40,4100,22,0,Gal,d18:1,22:0
12698,4.6,40,4100,22,0,Gal,d18:1,22:0
12699,4.8,200,4100,22,0,Gal,d18:1,22:0
12700,5.0,80,4100,22,0,Gal,d18:1,22:0
12701,5.2,240,4100,22,0,Gal,d18:1,22:0
12702,5.4,160,4100,22,0,Gal,d18:1,22:0
12703,5.6,20,4100,22,0,Gal,d18:1,22:0
12704,5.8,0,4100,22,0,Gal,d18:1,22:0
12705,6.0,20,4100,22,0,Gal,d18:1,22:0
12706,6.2,0,4100,22,0,Gal,d18:1,22:0
12707,6.4,100,4100,22,0,Gal,d18:1,22:0
12708,6.6,80,4100,22,0,Gal,d18:1,22:0
12709,6.8,160,4100,22,0,Gal,d18:1,22:0
12710,7.0,20,4100,22,0,Gal,d18:1,22:0
12711,7.2,0,4100,22,0,Gal,d18:1,22:0
12712,7.4,0,4100,22,0,Gal,d18:1,22:0
12713,7.6,0,4100,22,0,Gal,d18:1,22:0
12714,7.8,0,4100,22,0,Gal,d18:1,22:0
12715,8.0,0,4100,22,0,Gal,d18:1,22:0
12716,8.2,40,4100,22,0,Gal,d18:1,22:0
12717,8.4,0,4100,22,0,Gal,d18:1,22:0
12718,8.6,0,4100,22,0,Gal,d18:1,22:0
12719,8.8,0,4100,22,0,Gal,d18:1,22:0
12720,9.0,0,4100,22,0,Gal,d18:1,22:0
12721,9.2,0,4100,22,0,Gal,d18:1,22:0
12722,9.4,0,4100,22,0,Gal,d18:1,22:0
12723,9.6,0,4100,22,0,Gal,d18:1,22:0
12724,9.8,0,4100,22,0,Gal,d18:1,22:0
12725,10.0,0,4100,22,0,Gal,d18:1,22:0
12726,-10.0,0,0,23,0,Gal,d18:1,23:0
12727,-9.8,0,0,23,0,Gal,d18:1,23:0
12728,-9.6,0,0,23,0,Gal,d18:1,23:0
12729,-9.4,0,0,23,0,Gal,d18:1,23:0
12730,-9.2,0,0,23,0,Gal,d18:1,23:0
12731,-9.0,0,0,23,0,Gal,d18:1,23:0
12732,-8.8,0,0,23,0,Gal,d18:1,23:0
12733,-8.6,0,0,23,0,Gal,d18:1,23:0
12734,-8.4,0,0,23,0,Gal,d18:1,23:0
12735,-8.2,0,0,23,0,Gal,d18:1,23:0
12736,-8.0,0,0,23,0,Gal,d18:1,23:0
12737,-7.8,0,0,23,0,Gal,d18:1,23:0
12738,-7.6,0,0,23,0,Gal,d18:1,23:0
12739,-7.4,0,0,23,0,Gal,d18:1,23:0
12740,-7.2,0,0,23,0,Gal,d18:1,23:0
12741,-7.0,0,0,23,0,Gal,d18:1,23:0
12742,-6.8,0,0,23,0,Gal,d18:1,23:0
12743,-6.6,0,0,23,0,Gal,d18:1,23:0
12744,-6.4,0,0,23,0,Gal,d18:1,23:0
12745,-6.2,0,0,23,0,Gal,d18:1,23:0
12746,-6.0,0,0,23,0,Gal,d18:1,23:0
12747,-5.8,0,0,23,0,Gal,d18:1,23:0
12748,-5.6,0,0,23,0,Gal,d18:1,23:0
12749,-5.4,0,0,23,0,Gal,d18:1,23:0
12750,-5.2,0,0,23,0,Gal,d18:1,23:0
12751,-5.0,0,0,23,0,Gal,d18:1,23:0
12752,-4.8,0,0,23,0,Gal,d18:1,23:0
12753,-4.6,0,0,23,0,Gal,d18:1,23:0
12754,-4.4,0,0,23,0,Gal,d18:1,23:0
12755,-4.2,0,0,23,0,Gal,d18:1,23:0
12756,-4.0,0,0,23,0,Gal,d18:1,23:0
12757,-3.8,0,0,23,0,Gal,d18:1,23:0
12758,-3.6,0,0,23,0,Gal,d18:1,23:0
12759,-3.4,0,0,23,0,Gal,d18:1,23:0
12760,-3.2,0,0,23,0,Gal,d18:1,23:0
12761,-3.0,0,0,23,0,Gal,d18:1,23:0
12762,-2.8,0,0,23,0,Gal,d18:1,23:0
12763,-2.6,0,0,23,0,Gal,d18:1,23:0
12764,-2.4,0,0,23,0,Gal,d18:1,23:0
12765,-2.2,0,0,23,0,Gal,d18:1,23:0
12766,-2.0,0,0,23,0,Gal,d18:1,23:0
12767,-1.8,0,0,23,0,Gal,d18:1,23:0
12768,-1.6,0,0,23,0,Gal,d18:1,23:0
12769,-1.4,60,0,23,0,Gal,d18:1,23:0
12770,-1.2,320,0,23,0,Gal,d18:1,23:0
12771,-1.0,1040,0,23,0,Gal,d18:1,23:0
12772,-0.8,2460,0,23,0,Gal,d18:1,23:0
12773,-0.6,2840,0,23,0,Gal,d18:1,23:0
12774,-0.4,3460,0,23,0,Gal,d18:1,23:0
12775,-0.2,3260,0,23,0,Gal,d18:1,23:0
12776,0.0,2460,0,23,0,Gal,d18:1,23:0
12777,0.2,2020,0,23,0,Gal,d18:1,23:0
12778,0.4,2100,0,23,0,Gal,d18:1,23:0
12779,0.6,1460,0,23,0,Gal,d18:1,23:0
12780,0.8,1180,0,23,0,Gal,d18:1,23:0
12781,1.0,600,0,23,0,Gal,d18:1,23:0
12782,1.2,100,0,23,0,Gal,d18:1,23:0
12783,1.4,40,0,23,0,Gal,d18:1,23:0
12784,1.6,0,0,23,0,Gal,d18:1,23:0
12785,1.8,0,0,23,0,Gal,d18:1,23:0
12786,2.0,0,0,23,0,Gal,d18:1,23:0
12787,2.2,0,0,23,0,Gal,d18:1,23:0
12788,2.4,0,0,23,0,Gal,d18:1,23:0
12789,2.6,0,0,23,0,Gal,d18:1,23:0
12790,2.8,0,0,23,0,Gal,d18:1,23:0
12791,3.0,0,0,23,0,Gal,d18:1,23:0
12792,3.2,0,0,23,0,Gal,d18:1,23:0
12793,3.4,0,0,23,0,Gal,d18:1,23:0
12794,3.6,0,0,23,0,Gal,d18:1,23:0
12795,3.8,0,0,23,0,Gal,d18:1,23:0
12796,4.0,0,0,23,0,Gal,d18:1,23:0
12797,4.2,0,0,23,0,Gal,d18:1,23:0
12798,4.4,0,0,23,0,Gal,d18:1,23:0
12799,4.6,0,0,23,0,Gal,d18:1,23:0
12800,4.8,0,0,23,0,Gal,d18:1,23:0
12801,5.0,0,0,23,0,Gal,d18:1,23:0
12802,5.2,0,0,23,0,Gal,d18:1,23:0
12803,5.4,0,0,23,0,Gal,d18:1,23:0
12804,5.6,0,0,23,0,Gal,d18:1,23:0
12805,5.8,0,0,23,0,Gal,d18:1,23:0
12806,6.0,0,0,23,0,Gal,d18:1,23:0
12807,6.2,0,0,23,0,Gal,d18:1,23:0
12808,6.4,0,0,23,0,Gal,d18:1,23:0
12809,6.6,0,0,23,0,Gal,d18:1,23:0
12810,6.8,0,0,23,0,Gal,d18:1,23:0
12811,7.0,0,0,23,0,Gal,d18:1,23:0
12812,7.2,0,0,23,0,Gal,d18:1,23:0
12813,7.4,0,0,23,0,Gal,d18:1,23:0
12814,7.6,0,0,23,0,Gal,d18:1,23:0
12815,7.8,0,0,23,0,Gal,d18:1,23:0
12816,8.0,0,0,23,0,Gal,d18:1,23:0
12817,8.2,0,0,23,0,Gal,d18:1,23:0
12818,8.4,0,0,23,0,Gal,d18:1,23:0
12819,8.6,0,0,23,0,Gal,d18:1,23:0
12820,8.8,0,0,23,0,Gal,d18:1,23:0
12821,9.0,0,0,23,0,Gal,d18:1,23:0
12822,9.2,0,0,23,0,Gal,d18:1,23:0
12823,9.4,0,0,23,0,Gal,d18:1,23:0
12824,9.6,0,0,23,0,Gal,d18:1,23:0
12825,9.8,0,0,23,0,Gal,d18:1,23:0
12826,10.0,0,0,23,0,Gal,d18:1,23:0
12827,-10.0,0,100,23,0,Gal,d18:1,23:0
12828,-9.8,0,100,23,0,Gal,d18:1,23:0
12829,-9.6,0,100,23,0,Gal,d18:1,23:0
12830,-9.4,0,100,23,0,Gal,d18:1,23:0
12831,-9.2,0,100,23,0,Gal,d18:1,23:0
12832,-9.0,0,100,23,0,Gal,d18:1,23:0
12833,-8.8,0,100,23,0,Gal,d18:1,23:0
12834,-8.6,0,100,23,0,Gal,d18:1,23:0
12835,-8.4,0,100,23,0,Gal,d18:1,23:0
12836,-8.2,0,100,23,0,Gal,d18:1,23:0
12837,-8.0,0,100,23,0,Gal,d18:1,23:0
12838,-7.8,0,100,23,0,Gal,d18:1,23:0
12839,-7.6,0,100,23,0,Gal,d18:1,23:0
12840,-7.4,0,100,23,0,Gal,d18:1,23:0
12841,-7.2,0,100,23,0,Gal,d18:1,23:0
12842,-7.0,0,100,23,0,Gal,d18:1,23:0
12843,-6.8,0,100,23,0,Gal,d18:1,23:0
12844,-6.6,0,100,23,0,Gal,d18:1,23:0
12845,-6.4,0,100,23,0,Gal,d18:1,23:0
12846,-6.2,0,100,23,0,Gal,d18:1,23:0
12847,-6.0,0,100,23,0,Gal,d18:1,23:0
12848,-5.8,0,100,23,0,Gal,d18:1,23:0
12849,-5.6,0,100,23,0,Gal,d18:1,23:0
12850,-5.4,0,100,23,0,Gal,d18:1,23:0
12851,-5.2,0,100,23,0,Gal,d18:1,23:0
12852,-5.0,0,100,23,0,Gal,d18:1,23:0
12853,-4.8,0,100,23,0,Gal,d18:1,23:0
12854,-4.6,0,100,23,0,Gal,d18:1,23:0
12855,-4.4,0,100,23,0,Gal,d18:1,23:0
12856,-4.2,0,100,23,0,Gal,d18:1,23:0
12857,-4.0,0,100,23,0,Gal,d18:1,23:0
12858,-3.8,0,100,23,0,Gal,d18:1,23:0
12859,-3.6,0,100,23,0,Gal,d18:1,23:0
12860,-3.4,0,100,23,0,Gal,d18:1,23:0
12861,-3.2,0,100,23,0,Gal,d18:1,23:0
12862,-3.0,0,100,23,0,Gal,d18:1,23:0
12863,-2.8,0,100,23,0,Gal,d18:1,23:0
12864,-2.6,0,100,23,0,Gal,d18:1,23:0
12865,-2.4,0,100,23,0,Gal,d18:1,23:0
12866,-2.2,0,100,23,0,Gal,d18:1,23:0
12867,-2.0,0,100,23,0,Gal,d18:1,23:0
12868,-1.8,0,100,23,0,Gal,d18:1,23:0
12869,-1.6,0,100,23,0,Gal,d18:1,23:0
12870,-1.4,140,100,23,0,Gal,d18:1,23:0
12871,-1.2,700,100,23,0,Gal,d18:1,23:0
12872,-1.0,1420,100,23,0,Gal,d18:1,23:0
12873,-0.8,2740,100,23,0,Gal,d18:1,23:0
12874,-0.6,4840,100,23,0,Gal,d18:1,23:0
12875,-0.4,4540,100,23,0,Gal,d18:1,23:0
12876,-0.2,3420,100,23,0,Gal,d18:1,23:0
12877,0.0,3280,100,23,0,Gal,d18:1,23:0
12878,0.2,1820,100,23,0,Gal,d18:1,23:0
12879,0.4,1820,100,23,0,Gal,d18:1,23:0
12880,0.6,2140,100,23,0,Gal,d18:1,23:0
12881,0.8,1260,100,23,0,Gal,d18:1,23:0
12882,1.0,900,100,23,0,Gal,d18:1,23:0
12883,1.2,140,100,23,0,Gal,d18:1,23:0
12884,1.4,120,100,23,0,Gal,d18:1,23:0
12885,1.6,0,100,23,0,Gal,d18:1,23:0
12886,1.8,0,100,23,0,Gal,d18:1,23:0
12887,2.0,0,100,23,0,Gal,d18:1,23:0
12888,2.2,0,100,23,0,Gal,d18:1,23:0
12889,2.4,0,100,23,0,Gal,d18:1,23:0
12890,2.6,0,100,23,0,Gal,d18:1,23:0
12891,2.8,0,100,23,0,Gal,d18:1,23:0
12892,3.0,0,100,23,0,Gal,d18:1,23:0
12893,3.2,0,100,23,0,Gal,d18:1,23:0
12894,3.4,0,100,23,0,Gal,d18:1,23:0
12895,3.6,0,100,23,0,Gal,d18:1,23:0
12896,3.8,0,100,23,0,Gal,d18:1,23:0
12897,4.0,0,100,23,0,Gal,d18:1,23:0
12898,4.2,0,100,23,0,Gal,d18:1,23:0
12899,4.4,0,100,23,0,Gal,d18:1,23:0
12900,4.6,0,100,23,0,Gal,d18:1,23:0
12901,4.8,0,100,23,0,Gal,d18:1,23:0
12902,5.0,0,100,23,0,Gal,d18:1,23:0
12903,5.2,0,100,23,0,Gal,d18:1,23:0
12904,5.4,0,100,23,0,Gal,d18:1,23:0
12905,5.6,0,100,23,0,Gal,d18:1,23:0
12906,5.8,0,100,23,0,Gal,d18:1,23:0
12907,6.0,0,100,23,0,Gal,d18:1,23:0
12908,6.2,0,100,23,0,Gal,d18:1,23:0
12909,6.4,0,100,23,0,Gal,d18:1,23:0
12910,6.6,0,100,23,0,Gal,d18:1,23:0
12911,6.8,0,100,23,0,Gal,d18:1,23:0
12912,7.0,0,100,23,0,Gal,d18:1,23:0
12913,7.2,0,100,23,0,Gal,d18:1,23:0
12914,7.4,0,100,23,0,Gal,d18:1,23:0
12915,7.6,0,100,23,0,Gal,d18:1,23:0
12916,7.8,0,100,23,0,Gal,d18:1,23:0
12917,8.0,0,100,23,0,Gal,d18:1,23:0
12918,8.2,0,100,23,0,Gal,d18:1,23:0
12919,8.4,0,100,23,0,Gal,d18:1,23:0
12920,8.6,0,100,23,0,Gal,d18:1,23:0
12921,8.8,0,100,23,0,Gal,d18:1,23:0
12922,9.0,0,100,23,0,Gal,d18:1,23:0
12923,9.2,0,100,23,0,Gal,d18:1,23:0
12924,9.4,0,100,23,0,Gal,d18:1,23:0
12925,9.6,0,100,23,0,Gal,d18:1,23:0
12926,9.8,0,100,23,0,Gal,d18:1,23:0
12927,10.0,0,100,23,0,Gal,d18:1,23:0
12928,-10.0,0,200,23,0,Gal,d18:1,23:0
12929,-9.8,0,200,23,0,Gal,d18:1,23:0
12930,-9.6,0,200,23,0,Gal,d18:1,23:0
12931,-9.4,0,200,23,0,Gal,d18:1,23:0
12932,-9.2,0,200,23,0,Gal,d18:1,23:0
12933,-9.0,0,200,23,0,Gal,d18:1,23:0
12934,-8.8,0,200,23,0,Gal,d18:1,23:0
12935,-8.6,0,200,23,0,Gal,d18:1,23:0
12936,-8.4,0,200,23,0,Gal,d18:1,23:0
12937,-8.2,0,200,23,0,Gal,d18:1,23:0
12938,-8.0,0,200,23,0,Gal,d18:1,23:0
12939,-7.8,0,200,23,0,Gal,d18:1,23:0
12940,-7.6,0,200,23,0,Gal,d18:1,23:0
12941,-7.4,0,200,23,0,Gal,d18:1,23:0
12942,-7.2,0,200,23,0,Gal,d18:1,23:0
12943,-7.0,0,200,23,0,Gal,d18:1,23:0
12944,-6.8,0,200,23,0,Gal,d18:1,23:0
12945,-6.6,0,200,23,0,Gal,d18:1,23:0
12946,-6.4,0,200,23,0,Gal,d18:1,23:0
12947,-6.2,0,200,23,0,Gal,d18:1,23:0
12948,-6.0,0,200,23,0,Gal,d18:1,23:0
12949,-5.8,0,200,23,0,Gal,d18:1,23:0
12950,-5.6,0,200,23,0,Gal,d18:1,23:0
12951,-5.4,0,200,23,0,Gal,d18:1,23:0
12952,-5.2,0,200,23,0,Gal,d18:1,23:0
12953,-5.0,0,200,23,0,Gal,d18:1,23:0
12954,-4.8,0,200,23,0,Gal,d18:1,23:0
12955,-4.6,0,200,23,0,Gal,d18:1,23:0
12956,-4.4,0,200,23,0,Gal,d18:1,23:0
12957,-4.2,0,200,23,0,Gal,d18:1,23:0
12958,-4.0,0,200,23,0,Gal,d18:1,23:0
12959,-3.8,0,200,23,0,Gal,d18:1,23:0
12960,-3.6,0,200,23,0,Gal,d18:1,23:0
12961,-3.4,0,200,23,0,Gal,d18:1,23:0
12962,-3.2,0,200,23,0,Gal,d18:1,23:0
12963,-3.0,0,200,23,0,Gal,d18:1,23:0
12964,-2.8,0,200,23,0,Gal,d18:1,23:0
12965,-2.6,0,200,23,0,Gal,d18:1,23:0
12966,-2.4,0,200,23,0,Gal,d18:1,23:0
12967,-2.2,0,200,23,0,Gal,d18:1,23:0
12968,-2.0,0,200,23,0,Gal,d18:1,23:0
12969,-1.8,0,200,23,0,Gal,d18:1,23:0
12970,-1.6,0,200,23,0,Gal,d18:1,23:0
12971,-1.4,0,200,23,0,Gal,d18:1,23:0
12972,-1.2,340,200,23,0,Gal,d18:1,23:0
12973,-1.0,1000,200,23,0,Gal,d18:1,23:0
12974,-0.8,2640,200,23,0,Gal,d18:1,23:0
12975,-0.6,3440,200,23,0,Gal,d18:1,23:0
12976,-0.4,3620,200,23,0,Gal,d18:1,23:0
12977,-0.2,2700,200,23,0,Gal,d18:1,23:0
12978,0.0,1720,200,23,0,Gal,d18:1,23:0
12979,0.2,1820,200,23,0,Gal,d18:1,23:0
12980,0.4,1460,200,23,0,Gal,d18:1,23:0
12981,0.6,1680,200,23,0,Gal,d18:1,23:0
12982,0.8,780,200,23,0,Gal,d18:1,23:0
12983,1.0,780,200,23,0,Gal,d18:1,23:0
12984,1.2,240,200,23,0,Gal,d18:1,23:0
12985,1.4,20,200,23,0,Gal,d18:1,23:0
12986,1.6,0,200,23,0,Gal,d18:1,23:0
12987,1.8,0,200,23,0,Gal,d18:1,23:0
12988,2.0,0,200,23,0,Gal,d18:1,23:0
12989,2.2,0,200,23,0,Gal,d18:1,23:0
12990,2.4,0,200,23,0,Gal,d18:1,23:0
12991,2.6,0,200,23,0,Gal,d18:1,23:0
12992,2.8,0,200,23,0,Gal,d18:1,23:0
12993,3.0,0,200,23,0,Gal,d18:1,23:0
12994,3.2,0,200,23,0,Gal,d18:1,23:0
12995,3.4,0,200,23,0,Gal,d18:1,23:0
12996,3.6,0,200,23,0,Gal,d18:1,23:0
12997,3.8,0,200,23,0,Gal,d18:1,23:0
12998,4.0,0,200,23,0,Gal,d18:1,23:0
12999,4.2,0,200,23,0,Gal,d18:1,23:0
13000,4.4,0,200,23,0,Gal,d18:1,23:0
13001,4.6,0,200,23,0,Gal,d18:1,23:0
13002,4.8,0,200,23,0,Gal,d18:1,23:0
13003,5.0,0,200,23,0,Gal,d18:1,23:0
13004,5.2,0,200,23,0,Gal,d18:1,23:0
13005,5.4,0,200,23,0,Gal,d18:1,23:0
13006,5.6,0,200,23,0,Gal,d18:1,23:0
13007,5.8,0,200,23,0,Gal,d18:1,23:0
13008,6.0,0,200,23,0,Gal,d18:1,23:0
13009,6.2,0,200,23,0,Gal,d18:1,23:0
13010,6.4,0,200,23,0,Gal,d18:1,23:0
13011,6.6,0,200,23,0,Gal,d18:1,23:0
13012,6.8,0,200,23,0,Gal,d18:1,23:0
13013,7.0,0,200,23,0,Gal,d18:1,23:0
13014,7.2,0,200,23,0,Gal,d18:1,23:0
13015,7.4,0,200,23,0,Gal,d18:1,23:0
13016,7.6,0,200,23,0,Gal,d18:1,23:0
13017,7.8,0,200,23,0,Gal,d18:1,23:0
13018,8.0,0,200,23,0,Gal,d18:1,23:0
13019,8.2,0,200,23,0,Gal,d18:1,23:0
13020,8.4,0,200,23,0,Gal,d18:1,23:0
13021,8.6,0,200,23,0,Gal,d18:1,23:0
13022,8.8,0,200,23,0,Gal,d18:1,23:0
13023,9.0,0,200,23,0,Gal,d18:1,23:0
13024,9.2,0,200,23,0,Gal,d18:1,23:0
13025,9.4,0,200,23,0,Gal,d18:1,23:0
13026,9.6,0,200,23,0,Gal,d18:1,23:0
13027,9.8,0,200,23,0,Gal,d18:1,23:0
13028,10.0,0,200,23,0,Gal,d18:1,23:0
13029,-10.0,0,300,23,0,Gal,d18:1,23:0
13030,-9.8,0,300,23,0,Gal,d18:1,23:0
13031,-9.6,0,300,23,0,Gal,d18:1,23:0
13032,-9.4,0,300,23,0,Gal,d18:1,23:0
13033,-9.2,0,300,23,0,Gal,d18:1,23:0
13034,-9.0,0,300,23,0,Gal,d18:1,23:0
13035,-8.8,0,300,23,0,Gal,d18:1,23:0
13036,-8.6,0,300,23,0,Gal,d18:1,23:0
13037,-8.4,0,300,23,0,Gal,d18:1,23:0
13038,-8.2,0,300,23,0,Gal,d18:1,23:0
13039,-8.0,0,300,23,0,Gal,d18:1,23:0
13040,-7.8,0,300,23,0,Gal,d18:1,23:0
13041,-7.6,0,300,23,0,Gal,d18:1,23:0
13042,-7.4,0,300,23,0,Gal,d18:1,23:0
13043,-7.2,0,300,23,0,Gal,d18:1,23:0
13044,-7.0,0,300,23,0,Gal,d18:1,23:0
13045,-6.8,0,300,23,0,Gal,d18:1,23:0
13046,-6.6,0,300,23,0,Gal,d18:1,23:0
13047,-6.4,0,300,23,0,Gal,d18:1,23:0
13048,-6.2,0,300,23,0,Gal,d18:1,23:0
13049,-6.0,0,300,23,0,Gal,d18:1,23:0
13050,-5.8,0,300,23,0,Gal,d18:1,23:0
13051,-5.6,0,300,23,0,Gal,d18:1,23:0
13052,-5.4,0,300,23,0,Gal,d18:1,23:0
13053,-5.2,0,300,23,0,Gal,d18:1,23:0
13054,-5.0,0,300,23,0,Gal,d18:1,23:0
13055,-4.8,0,300,23,0,Gal,d18:1,23:0
13056,-4.6,0,300,23,0,Gal,d18:1,23:0
13057,-4.4,0,300,23,0,Gal,d18:1,23:0
13058,-4.2,0,300,23,0,Gal,d18:1,23:0
13059,-4.0,0,300,23,0,Gal,d18:1,23:0
13060,-3.8,0,300,23,0,Gal,d18:1,23:0
13061,-3.6,0,300,23,0,Gal,d18:1,23:0
13062,-3.4,0,300,23,0,Gal,d18:1,23:0
13063,-3.2,0,300,23,0,Gal,d18:1,23:0
13064,-3.0,0,300,23,0,Gal,d18:1,23:0
13065,-2.8,0,300,23,0,Gal,d18:1,23:0
13066,-2.6,0,300,23,0,Gal,d18:1,23:0
13067,-2.4,0,300,23,0,Gal,d18:1,23:0
13068,-2.2,0,300,23,0,Gal,d18:1,23:0
13069,-2.0,0,300,23,0,Gal,d18:1,23:0
13070,-1.8,0,300,23,0,Gal,d18:1,23:0
13071,-1.6,20,300,23,0,Gal,d18:1,23:0
13072,-1.4,120,300,23,0,Gal,d18:1,23:0
13073,-1.2,360,300,23,0,Gal,d18:1,23:0
13074,-1.0,1400,300,23,0,Gal,d18:1,23:0
13075,-0.8,2900,300,23,0,Gal,d18:1,23:0
13076,-0.6,3440,300,23,0,Gal,d18:1,23:0
13077,-0.4,3340,300,23,0,Gal,d18:1,23:0
13078,-0.2,2620,300,23,0,Gal,d18:1,23:0
13079,0.0,2680,300,23,0,Gal,d18:1,23:0
13080,0.2,2300,300,23,0,Gal,d18:1,23:0
13081,0.4,1900,300,23,0,Gal,d18:1,23:0
13082,0.6,1340,300,23,0,Gal,d18:1,23:0
13083,0.8,1120,300,23,0,Gal,d18:1,23:0
13084,1.0,940,300,23,0,Gal,d18:1,23:0
13085,1.2,160,300,23,0,Gal,d18:1,23:0
13086,1.4,20,300,23,0,Gal,d18:1,23:0
13087,1.6,0,300,23,0,Gal,d18:1,23:0
13088,1.8,0,300,23,0,Gal,d18:1,23:0
13089,2.0,0,300,23,0,Gal,d18:1,23:0
13090,2.2,0,300,23,0,Gal,d18:1,23:0
13091,2.4,0,300,23,0,Gal,d18:1,23:0
13092,2.6,0,300,23,0,Gal,d18:1,23:0
13093,2.8,0,300,23,0,Gal,d18:1,23:0
13094,3.0,0,300,23,0,Gal,d18:1,23:0
13095,3.2,0,300,23,0,Gal,d18:1,23:0
13096,3.4,0,300,23,0,Gal,d18:1,23:0
13097,3.6,0,300,23,0,Gal,d18:1,23:0
13098,3.8,0,300,23,0,Gal,d18:1,23:0
13099,4.0,0,300,23,0,Gal,d18:1,23:0
13100,4.2,0,300,23,0,Gal,d18:1,23:0
13101,4.4,0,300,23,0,Gal,d18:1,23:0
13102,4.6,0,300,23,0,Gal,d18:1,23:0
13103,4.8,0,300,23,0,Gal,d18:1,23:0
13104,5.0,0,300,23,0,Gal,d18:1,23:0
13105,5.2,0,300,23,0,Gal,d18:1,23:0
13106,5.4,0,300,23,0,Gal,d18:1,23:0
13107,5.6,0,300,23,0,Gal,d18:1,23:0
13108,5.8,0,300,23,0,Gal,d18:1,23:0
13109,6.0,0,300,23,0,Gal,d18:1,23:0
13110,6.2,0,300,23,0,Gal,d18:1,23:0
13111,6.4,0,300,23,0,Gal,d18:1,23:0
13112,6.6,0,300,23,0,Gal,d18:1,23:0
13113,6.8,0,300,23,0,Gal,d18:1,23:0
13114,7.0,0,300,23,0,Gal,d18:1,23:0
13115,7.2,0,300,23,0,Gal,d18:1,23:0
13116,7.4,0,300,23,0,Gal,d18:1,23:0
13117,7.6,0,300,23,0,Gal,d18:1,23:0
13118,7.8,0,300,23,0,Gal,d18:1,23:0
13119,8.0,0,300,23,0,Gal,d18:1,23:0
13120,8.2,0,300,23,0,Gal,d18:1,23:0
13121,8.4,0,300,23,0,Gal,d18:1,23:0
13122,8.6,0,300,23,0,Gal,d18:1,23:0
13123,8.8,0,300,23,0,Gal,d18:1,23:0
13124,9.0,0,300,23,0,Gal,d18:1,23:0
13125,9.2,0,300,23,0,Gal,d18:1,23:0
13126,9.4,0,300,23,0,Gal,d18:1,23:0
13127,9.6,0,300,23,0,Gal,d18:1,23:0
13128,9.8,0,300,23,0,Gal,d18:1,23:0
13129,10.0,0,300,23,0,Gal,d18:1,23:0
13130,-10.0,0,400,23,0,Gal,d18:1,23:0
13131,-9.8,0,400,23,0,Gal,d18:1,23:0
13132,-9.6,0,400,23,0,Gal,d18:1,23:0
13133,-9.4,0,400,23,0,Gal,d18:1,23:0
13134,-9.2,0,400,23,0,Gal,d18:1,23:0
13135,-9.0,0,400,23,0,Gal,d18:1,23:0
13136,-8.8,0,400,23,0,Gal,d18:1,23:0
13137,-8.6,0,400,23,0,Gal,d18:1,23:0
13138,-8.4,0,400,23,0,Gal,d18:1,23:0
13139,-8.2,0,400,23,0,Gal,d18:1,23:0
13140,-8.0,0,400,23,0,Gal,d18:1,23:0
13141,-7.8,0,400,23,0,Gal,d18:1,23:0
13142,-7.6,0,400,23,0,Gal,d18:1,23:0
13143,-7.4,0,400,23,0,Gal,d18:1,23:0
13144,-7.2,0,400,23,0,Gal,d18:1,23:0
13145,-7.0,0,400,23,0,Gal,d18:1,23:0
13146,-6.8,0,400,23,0,Gal,d18:1,23:0
13147,-6.6,0,400,23,0,Gal,d18:1,23:0
13148,-6.4,0,400,23,0,Gal,d18:1,23:0
13149,-6.2,0,400,23,0,Gal,d18:1,23:0
13150,-6.0,0,400,23,0,Gal,d18:1,23:0
13151,-5.8,0,400,23,0,Gal,d18:1,23:0
13152,-5.6,0,400,23,0,Gal,d18:1,23:0
13153,-5.4,0,400,23,0,Gal,d18:1,23:0
13154,-5.2,0,400,23,0,Gal,d18:1,23:0
13155,-5.0,0,400,23,0,Gal,d18:1,23:0
13156,-4.8,0,400,23,0,Gal,d18:1,23:0
13157,-4.6,0,400,23,0,Gal,d18:1,23:0
13158,-4.4,0,400,23,0,Gal,d18:1,23:0
13159,-4.2,0,400,23,0,Gal,d18:1,23:0
13160,-4.0,0,400,23,0,Gal,d18:1,23:0
13161,-3.8,0,400,23,0,Gal,d18:1,23:0
13162,-3.6,0,400,23,0,Gal,d18:1,23:0
13163,-3.4,0,400,23,0,Gal,d18:1,23:0
13164,-3.2,0,400,23,0,Gal,d18:1,23:0
13165,-3.0,0,400,23,0,Gal,d18:1,23:0
13166,-2.8,0,400,23,0,Gal,d18:1,23:0
13167,-2.6,0,400,23,0,Gal,d18:1,23:0
13168,-2.4,0,400,23,0,Gal,d18:1,23:0
13169,-2.2,0,400,23,0,Gal,d18:1,23:0
13170,-2.0,0,400,23,0,Gal,d18:1,23:0
13171,-1.8,0,400,23,0,Gal,d18:1,23:0
13172,-1.6,0,400,23,0,Gal,d18:1,23:0
13173,-1.4,0,400,23,0,Gal,d18:1,23:0
13174,-1.2,440,400,23,0,Gal,d18:1,23:0
13175,-1.0,1920,400,23,0,Gal,d18:1,23:0
13176,-0.8,2760,400,23,0,Gal,d18:1,23:0
13177,-0.6,4940,400,23,0,Gal,d18:1,23:0
13178,-0.4,4200,400,23,0,Gal,d18:1,23:0
13179,-0.2,2640,400,23,0,Gal,d18:1,23:0
13180,0.0,2860,400,23,0,Gal,d18:1,23:0
13181,0.2,2600,400,23,0,Gal,d18:1,23:0
13182,0.4,1740,400,23,0,Gal,d18:1,23:0
13183,0.6,1760,400,23,0,Gal,d18:1,23:0
13184,0.8,1740,400,23,0,Gal,d18:1,23:0
13185,1.0,800,400,23,0,Gal,d18:1,23:0
13186,1.2,240,400,23,0,Gal,d18:1,23:0
13187,1.4,20,400,23,0,Gal,d18:1,23:0
13188,1.6,0,400,23,0,Gal,d18:1,23:0
13189,1.8,0,400,23,0,Gal,d18:1,23:0
13190,2.0,0,400,23,0,Gal,d18:1,23:0
13191,2.2,0,400,23,0,Gal,d18:1,23:0
13192,2.4,0,400,23,0,Gal,d18:1,23:0
13193,2.6,0,400,23,0,Gal,d18:1,23:0
13194,2.8,0,400,23,0,Gal,d18:1,23:0
13195,3.0,0,400,23,0,Gal,d18:1,23:0
13196,3.2,0,400,23,0,Gal,d18:1,23:0
13197,3.4,0,400,23,0,Gal,d18:1,23:0
13198,3.6,0,400,23,0,Gal,d18:1,23:0
13199,3.8,0,400,23,0,Gal,d18:1,23:0
13200,4.0,0,400,23,0,Gal,d18:1,23:0
13201,4.2,0,400,23,0,Gal,d18:1,23:0
13202,4.4,0,400,23,0,Gal,d18:1,23:0
13203,4.6,0,400,23,0,Gal,d18:1,23:0
13204,4.8,0,400,23,0,Gal,d18:1,23:0
13205,5.0,0,400,23,0,Gal,d18:1,23:0
13206,5.2,0,400,23,0,Gal,d18:1,23:0
13207,5.4,0,400,23,0,Gal,d18:1,23:0
13208,5.6,0,400,23,0,Gal,d18:1,23:0
13209,5.8,0,400,23,0,Gal,d18:1,23:0
13210,6.0,0,400,23,0,Gal,d18:1,23:0
13211,6.2,0,400,23,0,Gal,d18:1,23:0
13212,6.4,0,400,23,0,Gal,d18:1,23:0
13213,6.6,0,400,23,0,Gal,d18:1,23:0
13214,6.8,0,400,23,0,Gal,d18:1,23:0
13215,7.0,0,400,23,0,Gal,d18:1,23:0
13216,7.2,0,400,23,0,Gal,d18:1,23:0
13217,7.4,0,400,23,0,Gal,d18:1,23:0
13218,7.6,0,400,23,0,Gal,d18:1,23:0
13219,7.8,0,400,23,0,Gal,d18:1,23:0
13220,8.0,0,400,23,0,Gal,d18:1,23:0
13221,8.2,0,400,23,0,Gal,d18:1,23:0
13222,8.4,0,400,23,0,Gal,d18:1,23:0
13223,8.6,0,400,23,0,Gal,d18:1,23:0
13224,8.8,0,400,23,0,Gal,d18:1,23:0
13225,9.0,0,400,23,0,Gal,d18:1,23:0
13226,9.2,0,400,23,0,Gal,d18:1,23:0
13227,9.4,0,400,23,0,Gal,d18:1,23:0
13228,9.6,0,400,23,0,Gal,d18:1,23:0
13229,9.8,0,400,23,0,Gal,d18:1,23:0
13230,10.0,0,400,23,0,Gal,d18:1,23:0
13231,-10.0,0,500,23,0,Gal,d18:1,23:0
13232,-9.8,0,500,23,0,Gal,d18:1,23:0
13233,-9.6,0,500,23,0,Gal,d18:1,23:0
13234,-9.4,0,500,23,0,Gal,d18:1,23:0
13235,-9.2,0,500,23,0,Gal,d18:1,23:0
13236,-9.0,0,500,23,0,Gal,d18:1,23:0
13237,-8.8,0,500,23,0,Gal,d18:1,23:0
13238,-8.6,0,500,23,0,Gal,d18:1,23:0
13239,-8.4,0,500,23,0,Gal,d18:1,23:0
13240,-8.2,0,500,23,0,Gal,d18:1,23:0
13241,-8.0,0,500,23,0,Gal,d18:1,23:0
13242,-7.8,0,500,23,0,Gal,d18:1,23:0
13243,-7.6,0,500,23,0,Gal,d18:1,23:0
13244,-7.4,0,500,23,0,Gal,d18:1,23:0
13245,-7.2,0,500,23,0,Gal,d18:1,23:0
13246,-7.0,0,500,23,0,Gal,d18:1,23:0
13247,-6.8,0,500,23,0,Gal,d18:1,23:0
13248,-6.6,0,500,23,0,Gal,d18:1,23:0
13249,-6.4,0,500,23,0,Gal,d18:1,23:0
13250,-6.2,0,500,23,0,Gal,d18:1,23:0
13251,-6.0,0,500,23,0,Gal,d18:1,23:0
13252,-5.8,0,500,23,0,Gal,d18:1,23:0
13253,-5.6,0,500,23,0,Gal,d18:1,23:0
13254,-5.4,0,500,23,0,Gal,d18:1,23:0
13255,-5.2,0,500,23,0,Gal,d18:1,23:0
13256,-5.0,0,500,23,0,Gal,d18:1,23:0
13257,-4.8,0,500,23,0,Gal,d18:1,23:0
13258,-4.6,0,500,23,0,Gal,d18:1,23:0
13259,-4.4,0,500,23,0,Gal,d18:1,23:0
13260,-4.2,0,500,23,0,Gal,d18:1,23:0
13261,-4.0,0,500,23,0,Gal,d18:1,23:0
13262,-3.8,0,500,23,0,Gal,d18:1,23:0
13263,-3.6,0,500,23,0,Gal,d18:1,23:0
13264,-3.4,0,500,23,0,Gal,d18:1,23:0
13265,-3.2,0,500,23,0,Gal,d18:1,23:0
13266,-3.0,0,500,23,0,Gal,d18:1,23:0
13267,-2.8,0,500,23,0,Gal,d18:1,23:0
13268,-2.6,0,500,23,0,Gal,d18:1,23:0
13269,-2.4,0,500,23,0,Gal,d18:1,23:0
13270,-2.2,0,500,23,0,Gal,d18:1,23:0
13271,-2.0,0,500,23,0,Gal,d18:1,23:0
13272,-1.8,0,500,23,0,Gal,d18:1,23:0
13273,-1.6,20,500,23,0,Gal,d18:1,23:0
13274,-1.4,100,500,23,0,Gal,d18:1,23:0
13275,-1.2,580,500,23,0,Gal,d18:1,23:0
13276,-1.0,1760,500,23,0,Gal,d18:1,23:0
13277,-0.8,2340,500,23,0,Gal,d18:1,23:0
13278,-0.6,3600,500,23,0,Gal,d18:1,23:0
13279,-0.4,3500,500,23,0,Gal,d18:1,23:0
13280,-0.2,2560,500,23,0,Gal,d18:1,23:0
13281,0.0,2300,500,23,0,Gal,d18:1,23:0
13282,0.2,1680,500,23,0,Gal,d18:1,23:0
13283,0.4,1760,500,23,0,Gal,d18:1,23:0
13284,0.6,1820,500,23,0,Gal,d18:1,23:0
13285,0.8,2000,500,23,0,Gal,d18:1,23:0
13286,1.0,400,500,23,0,Gal,d18:1,23:0
13287,1.2,200,500,23,0,Gal,d18:1,23:0
13288,1.4,20,500,23,0,Gal,d18:1,23:0
13289,1.6,0,500,23,0,Gal,d18:1,23:0
13290,1.8,0,500,23,0,Gal,d18:1,23:0
13291,2.0,0,500,23,0,Gal,d18:1,23:0
13292,2.2,0,500,23,0,Gal,d18:1,23:0
13293,2.4,0,500,23,0,Gal,d18:1,23:0
13294,2.6,0,500,23,0,Gal,d18:1,23:0
13295,2.8,0,500,23,0,Gal,d18:1,23:0
13296,3.0,0,500,23,0,Gal,d18:1,23:0
13297,3.2,0,500,23,0,Gal,d18:1,23:0
13298,3.4,0,500,23,0,Gal,d18:1,23:0
13299,3.6,0,500,23,0,Gal,d18:1,23:0
13300,3.8,0,500,23,0,Gal,d18:1,23:0
13301,4.0,0,500,23,0,Gal,d18:1,23:0
13302,4.2,0,500,23,0,Gal,d18:1,23:0
13303,4.4,0,500,23,0,Gal,d18:1,23:0
13304,4.6,0,500,23,0,Gal,d18:1,23:0
13305,4.8,0,500,23,0,Gal,d18:1,23:0
13306,5.0,0,500,23,0,Gal,d18:1,23:0
13307,5.2,0,500,23,0,Gal,d18:1,23:0
13308,5.4,0,500,23,0,Gal,d18:1,23:0
13309,5.6,0,500,23,0,Gal,d18:1,23:0
13310,5.8,0,500,23,0,Gal,d18:1,23:0
13311,6.0,0,500,23,0,Gal,d18:1,23:0
13312,6.2,0,500,23,0,Gal,d18:1,23:0
13313,6.4,0,500,23,0,Gal,d18:1,23:0
13314,6.6,0,500,23,0,Gal,d18:1,23:0
13315,6.8,0,500,23,0,Gal,d18:1,23:0
13316,7.0,0,500,23,0,Gal,d18:1,23:0
13317,7.2,0,500,23,0,Gal,d18:1,23:0
13318,7.4,0,500,23,0,Gal,d18:1,23:0
13319,7.6,0,500,23,0,Gal,d18:1,23:0
13320,7.8,0,500,23,0,Gal,d18:1,23:0
13321,8.0,0,500,23,0,Gal,d18:1,23:0
13322,8.2,0,500,23,0,Gal,d18:1,23:0
13323,8.4,0,500,23,0,Gal,d18:1,23:0
13324,8.6,0,500,23,0,Gal,d18:1,23:0
13325,8.8,0,500,23,0,Gal,d18:1,23:0
13326,9.0,0,500,23,0,Gal,d18:1,23:0
13327,9.2,0,500,23,0,Gal,d18:1,23:0
13328,9.4,0,500,23,0,Gal,d18:1,23:0
13329,9.6,0,500,23,0,Gal,d18:1,23:0
13330,9.8,0,500,23,0,Gal,d18:1,23:0
13331,10.0,0,500,23,0,Gal,d18:1,23:0
13332,-10.0,0,600,23,0,Gal,d18:1,23:0
13333,-9.8,0,600,23,0,Gal,d18:1,23:0
13334,-9.6,0,600,23,0,Gal,d18:1,23:0
13335,-9.4,0,600,23,0,Gal,d18:1,23:0
13336,-9.2,0,600,23,0,Gal,d18:1,23:0
13337,-9.0,0,600,23,0,Gal,d18:1,23:0
13338,-8.8,0,600,23,0,Gal,d18:1,23:0
13339,-8.6,0,600,23,0,Gal,d18:1,23:0
13340,-8.4,0,600,23,0,Gal,d18:1,23:0
13341,-8.2,0,600,23,0,Gal,d18:1,23:0
13342,-8.0,0,600,23,0,Gal,d18:1,23:0
13343,-7.8,0,600,23,0,Gal,d18:1,23:0
13344,-7.6,0,600,23,0,Gal,d18:1,23:0
13345,-7.4,0,600,23,0,Gal,d18:1,23:0
13346,-7.2,0,600,23,0,Gal,d18:1,23:0
13347,-7.0,0,600,23,0,Gal,d18:1,23:0
13348,-6.8,0,600,23,0,Gal,d18:1,23:0
13349,-6.6,0,600,23,0,Gal,d18:1,23:0
13350,-6.4,0,600,23,0,Gal,d18:1,23:0
13351,-6.2,0,600,23,0,Gal,d18:1,23:0
13352,-6.0,0,600,23,0,Gal,d18:1,23:0
13353,-5.8,0,600,23,0,Gal,d18:1,23:0
13354,-5.6,0,600,23,0,Gal,d18:1,23:0
13355,-5.4,0,600,23,0,Gal,d18:1,23:0
13356,-5.2,0,600,23,0,Gal,d18:1,23:0
13357,-5.0,0,600,23,0,Gal,d18:1,23:0
13358,-4.8,0,600,23,0,Gal,d18:1,23:0
13359,-4.6,0,600,23,0,Gal,d18:1,23:0
13360,-4.4,0,600,23,0,Gal,d18:1,23:0
13361,-4.2,0,600,23,0,Gal,d18:1,23:0
13362,-4.0,0,600,23,0,Gal,d18:1,23:0
13363,-3.8,0,600,23,0,Gal,d18:1,23:0
13364,-3.6,0,600,23,0,Gal,d18:1,23:0
13365,-3.4,0,600,23,0,Gal,d18:1,23:0
13366,-3.2,0,600,23,0,Gal,d18:1,23:0
13367,-3.0,0,600,23,0,Gal,d18:1,23:0
13368,-2.8,0,600,23,0,Gal,d18:1,23:0
13369,-2.6,0,600,23,0,Gal,d18:1,23:0
13370,-2.4,0,600,23,0,Gal,d18:1,23:0
13371,-2.2,0,600,23,0,Gal,d18:1,23:0
13372,-2.0,0,600,23,0,Gal,d18:1,23:0
13373,-1.8,0,600,23,0,Gal,d18:1,23:0
13374,-1.6,0,600,23,0,Gal,d18:1,23:0
13375,-1.4,180,600,23,0,Gal,d18:1,23:0
13376,-1.2,460,600,23,0,Gal,d18:1,23:0
13377,-1.0,1740,600,23,0,Gal,d18:1,23:0
13378,-0.8,2780,600,23,0,Gal,d18:1,23:0
13379,-0.6,3640,600,23,0,Gal,d18:1,23:0
13380,-0.4,3060,600,23,0,Gal,d18:1,23:0
13381,-0.2,2260,600,23,0,Gal,d18:1,23:0
13382,0.0,2140,600,23,0,Gal,d18:1,23:0
13383,0.2,1560,600,23,0,Gal,d18:1,23:0
13384,0.4,1380,600,23,0,Gal,d18:1,23:0
13385,0.6,1720,600,23,0,Gal,d18:1,23:0
13386,0.8,1560,600,23,0,Gal,d18:1,23:0
13387,1.0,860,600,23,0,Gal,d18:1,23:0
13388,1.2,200,600,23,0,Gal,d18:1,23:0
13389,1.4,0,600,23,0,Gal,d18:1,23:0
13390,1.6,0,600,23,0,Gal,d18:1,23:0
13391,1.8,0,600,23,0,Gal,d18:1,23:0
13392,2.0,0,600,23,0,Gal,d18:1,23:0
13393,2.2,0,600,23,0,Gal,d18:1,23:0
13394,2.4,0,600,23,0,Gal,d18:1,23:0
13395,2.6,0,600,23,0,Gal,d18:1,23:0
13396,2.8,0,600,23,0,Gal,d18:1,23:0
13397,3.0,0,600,23,0,Gal,d18:1,23:0
13398,3.2,0,600,23,0,Gal,d18:1,23:0
13399,3.4,0,600,23,0,Gal,d18:1,23:0
13400,3.6,0,600,23,0,Gal,d18:1,23:0
13401,3.8,0,600,23,0,Gal,d18:1,23:0
13402,4.0,0,600,23,0,Gal,d18:1,23:0
13403,4.2,0,600,23,0,Gal,d18:1,23:0
13404,4.4,0,600,23,0,Gal,d18:1,23:0
13405,4.6,0,600,23,0,Gal,d18:1,23:0
13406,4.8,0,600,23,0,Gal,d18:1,23:0
13407,5.0,0,600,23,0,Gal,d18:1,23:0
13408,5.2,0,600,23,0,Gal,d18:1,23:0
13409,5.4,0,600,23,0,Gal,d18:1,23:0
13410,5.6,0,600,23,0,Gal,d18:1,23:0
13411,5.8,0,600,23,0,Gal,d18:1,23:0
13412,6.0,0,600,23,0,Gal,d18:1,23:0
13413,6.2,0,600,23,0,Gal,d18:1,23:0
13414,6.4,0,600,23,0,Gal,d18:1,23:0
13415,6.6,0,600,23,0,Gal,d18:1,23:0
13416,6.8,0,600,23,0,Gal,d18:1,23:0
13417,7.0,0,600,23,0,Gal,d18:1,23:0
13418,7.2,0,600,23,0,Gal,d18:1,23:0
13419,7.4,0,600,23,0,Gal,d18:1,23:0
13420,7.6,0,600,23,0,Gal,d18:1,23:0
13421,7.8,0,600,23,0,Gal,d18:1,23:0
13422,8.0,0,600,23,0,Gal,d18:1,23:0
13423,8.2,0,600,23,0,Gal,d18:1,23:0
13424,8.4,0,600,23,0,Gal,d18:1,23:0
13425,8.6,0,600,23,0,Gal,d18:1,23:0
13426,8.8,0,600,23,0,Gal,d18:1,23:0
13427,9.0,0,600,23,0,Gal,d18:1,23:0
13428,9.2,0,600,23,0,Gal,d18:1,23:0
13429,9.4,0,600,23,0,Gal,d18:1,23:0
13430,9.6,0,600,23,0,Gal,d18:1,23:0
13431,9.8,0,600,23,0,Gal,d18:1,23:0
13432,10.0,0,600,23,0,Gal,d18:1,23:0
13433,-10.0,0,700,23,0,Gal,d18:1,23:0
13434,-9.8,0,700,23,0,Gal,d18:1,23:0
13435,-9.6,0,700,23,0,Gal,d18:1,23:0
13436,-9.4,0,700,23,0,Gal,d18:1,23:0
13437,-9.2,0,700,23,0,Gal,d18:1,23:0
13438,-9.0,0,700,23,0,Gal,d18:1,23:0
13439,-8.8,0,700,23,0,Gal,d18:1,23:0
13440,-8.6,0,700,23,0,Gal,d18:1,23:0
13441,-8.4,0,700,23,0,Gal,d18:1,23:0
13442,-8.2,0,700,23,0,Gal,d18:1,23:0
13443,-8.0,0,700,23,0,Gal,d18:1,23:0
13444,-7.8,0,700,23,0,Gal,d18:1,23:0
13445,-7.6,0,700,23,0,Gal,d18:1,23:0
13446,-7.4,0,700,23,0,Gal,d18:1,23:0
13447,-7.2,0,700,23,0,Gal,d18:1,23:0
13448,-7.0,0,700,23,0,Gal,d18:1,23:0
13449,-6.8,0,700,23,0,Gal,d18:1,23:0
13450,-6.6,0,700,23,0,Gal,d18:1,23:0
13451,-6.4,0,700,23,0,Gal,d18:1,23:0
13452,-6.2,0,700,23,0,Gal,d18:1,23:0
13453,-6.0,0,700,23,0,Gal,d18:1,23:0
13454,-5.8,0,700,23,0,Gal,d18:1,23:0
13455,-5.6,0,700,23,0,Gal,d18:1,23:0
13456,-5.4,0,700,23,0,Gal,d18:1,23:0
13457,-5.2,0,700,23,0,Gal,d18:1,23:0
13458,-5.0,0,700,23,0,Gal,d18:1,23:0
13459,-4.8,0,700,23,0,Gal,d18:1,23:0
13460,-4.6,0,700,23,0,Gal,d18:1,23:0
13461,-4.4,0,700,23,0,Gal,d18:1,23:0
13462,-4.2,0,700,23,0,Gal,d18:1,23:0
13463,-4.0,0,700,23,0,Gal,d18:1,23:0
13464,-3.8,0,700,23,0,Gal,d18:1,23:0
13465,-3.6,0,700,23,0,Gal,d18:1,23:0
13466,-3.4,0,700,23,0,Gal,d18:1,23:0
13467,-3.2,0,700,23,0,Gal,d18:1,23:0
13468,-3.0,0,700,23,0,Gal,d18:1,23:0
13469,-2.8,0,700,23,0,Gal,d18:1,23:0
13470,-2.6,0,700,23,0,Gal,d18:1,23:0
13471,-2.4,0,700,23,0,Gal,d18:1,23:0
13472,-2.2,0,700,23,0,Gal,d18:1,23:0
13473,-2.0,0,700,23,0,Gal,d18:1,23:0
13474,-1.8,0,700,23,0,Gal,d18:1,23:0
13475,-1.6,0,700,23,0,Gal,d18:1,23:0
13476,-1.4,40,700,23,0,Gal,d18:1,23:0
13477,-1.2,540,700,23,0,Gal,d18:1,23:0
13478,-1.0,1320,700,23,0,Gal,d18:1,23:0
13479,-0.8,2440,700,23,0,Gal,d18:1,23:0
13480,-0.6,3500,700,23,0,Gal,d18:1,23:0
13481,-0.4,3640,700,23,0,Gal,d18:1,23:0
13482,-0.2,2680,700,23,0,Gal,d18:1,23:0
13483,0.0,2500,700,23,0,Gal,d18:1,23:0
13484,0.2,3580,700,23,0,Gal,d18:1,23:0
13485,0.4,2920,700,23,0,Gal,d18:1,23:0
13486,0.6,2120,700,23,0,Gal,d18:1,23:0
13487,0.8,1340,700,23,0,Gal,d18:1,23:0
13488,1.0,940,700,23,0,Gal,d18:1,23:0
13489,1.2,160,700,23,0,Gal,d18:1,23:0
13490,1.4,0,700,23,0,Gal,d18:1,23:0
13491,1.6,0,700,23,0,Gal,d18:1,23:0
13492,1.8,0,700,23,0,Gal,d18:1,23:0
13493,2.0,0,700,23,0,Gal,d18:1,23:0
13494,2.2,0,700,23,0,Gal,d18:1,23:0
13495,2.4,0,700,23,0,Gal,d18:1,23:0
13496,2.6,0,700,23,0,Gal,d18:1,23:0
13497,2.8,0,700,23,0,Gal,d18:1,23:0
13498,3.0,0,700,23,0,Gal,d18:1,23:0
13499,3.2,0,700,23,0,Gal,d18:1,23:0
13500,3.4,0,700,23,0,Gal,d18:1,23:0
13501,3.6,0,700,23,0,Gal,d18:1,23:0
13502,3.8,0,700,23,0,Gal,d18:1,23:0
13503,4.0,0,700,23,0,Gal,d18:1,23:0
13504,4.2,0,700,23,0,Gal,d18:1,23:0
13505,4.4,0,700,23,0,Gal,d18:1,23:0
13506,4.6,0,700,23,0,Gal,d18:1,23:0
13507,4.8,0,700,23,0,Gal,d18:1,23:0
13508,5.0,0,700,23,0,Gal,d18:1,23:0
13509,5.2,0,700,23,0,Gal,d18:1,23:0
13510,5.4,0,700,23,0,Gal,d18:1,23:0
13511,5.6,0,700,23,0,Gal,d18:1,23:0
13512,5.8,0,700,23,0,Gal,d18:1,23:0
13513,6.0,0,700,23,0,Gal,d18:1,23:0
13514,6.2,0,700,23,0,Gal,d18:1,23:0
13515,6.4,0,700,23,0,Gal,d18:1,23:0
13516,6.6,0,700,23,0,Gal,d18:1,23:0
13517,6.8,0,700,23,0,Gal,d18:1,23:0
13518,7.0,0,700,23,0,Gal,d18:1,23:0
13519,7.2,0,700,23,0,Gal,d18:1,23:0
13520,7.4,0,700,23,0,Gal,d18:1,23:0
13521,7.6,0,700,23,0,Gal,d18:1,23:0
13522,7.8,0,700,23,0,Gal,d18:1,23:0
13523,8.0,0,700,23,0,Gal,d18:1,23:0
13524,8.2,0,700,23,0,Gal,d18:1,23:0
13525,8.4,0,700,23,0,Gal,d18:1,23:0
13526,8.6,0,700,23,0,Gal,d18:1,23:0
13527,8.8,0,700,23,0,Gal,d18:1,23:0
13528,9.0,0,700,23,0,Gal,d18:1,23:0
13529,9.2,0,700,23,0,Gal,d18:1,23:0
13530,9.4,0,700,23,0,Gal,d18:1,23:0
13531,9.6,0,700,23,0,Gal,d18:1,23:0
13532,9.8,0,700,23,0,Gal,d18:1,23:0
13533,10.0,0,700,23,0,Gal,d18:1,23:0
13534,-10.0,0,800,23,0,Gal,d18:1,23:0
13535,-9.8,0,800,23,0,Gal,d18:1,23:0
13536,-9.6,0,800,23,0,Gal,d18:1,23:0
13537,-9.4,0,800,23,0,Gal,d18:1,23:0
13538,-9.2,0,800,23,0,Gal,d18:1,23:0
13539,-9.0,0,800,23,0,Gal,d18:1,23:0
13540,-8.8,0,800,23,0,Gal,d18:1,23:0
13541,-8.6,0,800,23,0,Gal,d18:1,23:0
13542,-8.4,0,800,23,0,Gal,d18:1,23:0
13543,-8.2,0,800,23,0,Gal,d18:1,23:0
13544,-8.0,0,800,23,0,Gal,d18:1,23:0
13545,-7.8,0,800,23,0,Gal,d18:1,23:0
13546,-7.6,0,800,23,0,Gal,d18:1,23:0
13547,-7.4,0,800,23,0,Gal,d18:1,23:0
13548,-7.2,0,800,23,0,Gal,d18:1,23:0
13549,-7.0,0,800,23,0,Gal,d18:1,23:0
13550,-6.8,0,800,23,0,Gal,d18:1,23:0
13551,-6.6,0,800,23,0,Gal,d18:1,23:0
13552,-6.4,0,800,23,0,Gal,d18:1,23:0
13553,-6.2,0,800,23,0,Gal,d18:1,23:0
13554,-6.0,0,800,23,0,Gal,d18:1,23:0
13555,-5.8,0,800,23,0,Gal,d18:1,23:0
13556,-5.6,0,800,23,0,Gal,d18:1,23:0
13557,-5.4,0,800,23,0,Gal,d18:1,23:0
13558,-5.2,0,800,23,0,Gal,d18:1,23:0
13559,-5.0,0,800,23,0,Gal,d18:1,23:0
13560,-4.8,0,800,23,0,Gal,d18:1,23:0
13561,-4.6,0,800,23,0,Gal,d18:1,23:0
13562,-4.4,0,800,23,0,Gal,d18:1,23:0
13563,-4.2,0,800,23,0,Gal,d18:1,23:0
13564,-4.0,0,800,23,0,Gal,d18:1,23:0
13565,-3.8,0,800,23,0,Gal,d18:1,23:0
13566,-3.6,0,800,23,0,Gal,d18:1,23:0
13567,-3.4,0,800,23,0,Gal,d18:1,23:0
13568,-3.2,0,800,23,0,Gal,d18:1,23:0
13569,-3.0,0,800,23,0,Gal,d18:1,23:0
13570,-2.8,0,800,23,0,Gal,d18:1,23:0
13571,-2.6,0,800,23,0,Gal,d18:1,23:0
13572,-2.4,0,800,23,0,Gal,d18:1,23:0
13573,-2.2,0,800,23,0,Gal,d18:1,23:0
13574,-2.0,0,800,23,0,Gal,d18:1,23:0
13575,-1.8,0,800,23,0,Gal,d18:1,23:0
13576,-1.6,0,800,23,0,Gal,d18:1,23:0
13577,-1.4,40,800,23,0,Gal,d18:1,23:0
13578,-1.2,460,800,23,0,Gal,d18:1,23:0
13579,-1.0,1320,800,23,0,Gal,d18:1,23:0
13580,-0.8,3220,800,23,0,Gal,d18:1,23:0
13581,-0.6,3260,800,23,0,Gal,d18:1,23:0
13582,-0.4,3340,800,23,0,Gal,d18:1,23:0
13583,-0.2,3440,800,23,0,Gal,d18:1,23:0
13584,0.0,3280,800,23,0,Gal,d18:1,23:0
13585,0.2,2800,800,23,0,Gal,d18:1,23:0
13586,0.4,3300,800,23,0,Gal,d18:1,23:0
13587,0.6,1840,800,23,0,Gal,d18:1,23:0
13588,0.8,1120,800,23,0,Gal,d18:1,23:0
13589,1.0,980,800,23,0,Gal,d18:1,23:0
13590,1.2,240,800,23,0,Gal,d18:1,23:0
13591,1.4,40,800,23,0,Gal,d18:1,23:0
13592,1.6,0,800,23,0,Gal,d18:1,23:0
13593,1.8,0,800,23,0,Gal,d18:1,23:0
13594,2.0,0,800,23,0,Gal,d18:1,23:0
13595,2.2,0,800,23,0,Gal,d18:1,23:0
13596,2.4,0,800,23,0,Gal,d18:1,23:0
13597,2.6,0,800,23,0,Gal,d18:1,23:0
13598,2.8,0,800,23,0,Gal,d18:1,23:0
13599,3.0,0,800,23,0,Gal,d18:1,23:0
13600,3.2,0,800,23,0,Gal,d18:1,23:0
13601,3.4,0,800,23,0,Gal,d18:1,23:0
13602,3.6,0,800,23,0,Gal,d18:1,23:0
13603,3.8,0,800,23,0,Gal,d18:1,23:0
13604,4.0,0,800,23,0,Gal,d18:1,23:0
13605,4.2,0,800,23,0,Gal,d18:1,23:0
13606,4.4,0,800,23,0,Gal,d18:1,23:0
13607,4.6,0,800,23,0,Gal,d18:1,23:0
13608,4.8,0,800,23,0,Gal,d18:1,23:0
13609,5.0,0,800,23,0,Gal,d18:1,23:0
13610,5.2,0,800,23,0,Gal,d18:1,23:0
13611,5.4,0,800,23,0,Gal,d18:1,23:0
13612,5.6,0,800,23,0,Gal,d18:1,23:0
13613,5.8,0,800,23,0,Gal,d18:1,23:0
13614,6.0,0,800,23,0,Gal,d18:1,23:0
13615,6.2,0,800,23,0,Gal,d18:1,23:0
13616,6.4,0,800,23,0,Gal,d18:1,23:0
13617,6.6,0,800,23,0,Gal,d18:1,23:0
13618,6.8,0,800,23,0,Gal,d18:1,23:0
13619,7.0,0,800,23,0,Gal,d18:1,23:0
13620,7.2,0,800,23,0,Gal,d18:1,23:0
13621,7.4,0,800,23,0,Gal,d18:1,23:0
13622,7.6,0,800,23,0,Gal,d18:1,23:0
13623,7.8,0,800,23,0,Gal,d18:1,23:0
13624,8.0,0,800,23,0,Gal,d18:1,23:0
13625,8.2,0,800,23,0,Gal,d18:1,23:0
13626,8.4,0,800,23,0,Gal,d18:1,23:0
13627,8.6,0,800,23,0,Gal,d18:1,23:0
13628,8.8,0,800,23,0,Gal,d18:1,23:0
13629,9.0,0,800,23,0,Gal,d18:1,23:0
13630,9.2,0,800,23,0,Gal,d18:1,23:0
13631,9.4,0,800,23,0,Gal,d18:1,23:0
13632,9.6,0,800,23,0,Gal,d18:1,23:0
13633,9.8,0,800,23,0,Gal,d18:1,23:0
13634,10.0,0,800,23,0,Gal,d18:1,23:0
13635,-10.0,0,900,23,0,Gal,d18:1,23:0
13636,-9.8,0,900,23,0,Gal,d18:1,23:0
13637,-9.6,0,900,23,0,Gal,d18:1,23:0
13638,-9.4,0,900,23,0,Gal,d18:1,23:0
13639,-9.2,0,900,23,0,Gal,d18:1,23:0
13640,-9.0,0,900,23,0,Gal,d18:1,23:0
13641,-8.8,0,900,23,0,Gal,d18:1,23:0
13642,-8.6,0,900,23,0,Gal,d18:1,23:0
13643,-8.4,0,900,23,0,Gal,d18:1,23:0
13644,-8.2,0,900,23,0,Gal,d18:1,23:0
13645,-8.0,0,900,23,0,Gal,d18:1,23:0
13646,-7.8,0,900,23,0,Gal,d18:1,23:0
13647,-7.6,0,900,23,0,Gal,d18:1,23:0
13648,-7.4,0,900,23,0,Gal,d18:1,23:0
13649,-7.2,0,900,23,0,Gal,d18:1,23:0
13650,-7.0,0,900,23,0,Gal,d18:1,23:0
13651,-6.8,0,900,23,0,Gal,d18:1,23:0
13652,-6.6,0,900,23,0,Gal,d18:1,23:0
13653,-6.4,0,900,23,0,Gal,d18:1,23:0
13654,-6.2,0,900,23,0,Gal,d18:1,23:0
13655,-6.0,0,900,23,0,Gal,d18:1,23:0
13656,-5.8,0,900,23,0,Gal,d18:1,23:0
13657,-5.6,0,900,23,0,Gal,d18:1,23:0
13658,-5.4,0,900,23,0,Gal,d18:1,23:0
13659,-5.2,0,900,23,0,Gal,d18:1,23:0
13660,-5.0,0,900,23,0,Gal,d18:1,23:0
13661,-4.8,0,900,23,0,Gal,d18:1,23:0
13662,-4.6,0,900,23,0,Gal,d18:1,23:0
13663,-4.4,0,900,23,0,Gal,d18:1,23:0
13664,-4.2,0,900,23,0,Gal,d18:1,23:0
13665,-4.0,0,900,23,0,Gal,d18:1,23:0
13666,-3.8,0,900,23,0,Gal,d18:1,23:0
13667,-3.6,0,900,23,0,Gal,d18:1,23:0
13668,-3.4,0,900,23,0,Gal,d18:1,23:0
13669,-3.2,0,900,23,0,Gal,d18:1,23:0
13670,-3.0,0,900,23,0,Gal,d18:1,23:0
13671,-2.8,0,900,23,0,Gal,d18:1,23:0
13672,-2.6,0,900,23,0,Gal,d18:1,23:0
13673,-2.4,0,900,23,0,Gal,d18:1,23:0
13674,-2.2,0,900,23,0,Gal,d18:1,23:0
13675,-2.0,0,900,23,0,Gal,d18:1,23:0
13676,-1.8,40,900,23,0,Gal,d18:1,23:0
13677,-1.6,40,900,23,0,Gal,d18:1,23:0
13678,-1.4,0,900,23,0,Gal,d18:1,23:0
13679,-1.2,380,900,23,0,Gal,d18:1,23:0
13680,-1.0,1200,900,23,0,Gal,d18:1,23:0
13681,-0.8,2080,900,23,0,Gal,d18:1,23:0
13682,-0.6,3040,900,23,0,Gal,d18:1,23:0
13683,-0.4,4260,900,23,0,Gal,d18:1,23:0
13684,-0.2,3140,900,23,0,Gal,d18:1,23:0
13685,0.0,2060,900,23,0,Gal,d18:1,23:0
13686,0.2,3000,900,23,0,Gal,d18:1,23:0
13687,0.4,2900,900,23,0,Gal,d18:1,23:0
13688,0.6,1940,900,23,0,Gal,d18:1,23:0
13689,0.8,1200,900,23,0,Gal,d18:1,23:0
13690,1.0,920,900,23,0,Gal,d18:1,23:0
13691,1.2,200,900,23,0,Gal,d18:1,23:0
13692,1.4,0,900,23,0,Gal,d18:1,23:0
13693,1.6,0,900,23,0,Gal,d18:1,23:0
13694,1.8,0,900,23,0,Gal,d18:1,23:0
13695,2.0,0,900,23,0,Gal,d18:1,23:0
13696,2.2,0,900,23,0,Gal,d18:1,23:0
13697,2.4,0,900,23,0,Gal,d18:1,23:0
13698,2.6,0,900,23,0,Gal,d18:1,23:0
13699,2.8,0,900,23,0,Gal,d18:1,23:0
13700,3.0,0,900,23,0,Gal,d18:1,23:0
13701,3.2,0,900,23,0,Gal,d18:1,23:0
13702,3.4,0,900,23,0,Gal,d18:1,23:0
13703,3.6,0,900,23,0,Gal,d18:1,23:0
13704,3.8,0,900,23,0,Gal,d18:1,23:0
13705,4.0,0,900,23,0,Gal,d18:1,23:0
13706,4.2,0,900,23,0,Gal,d18:1,23:0
13707,4.4,0,900,23,0,Gal,d18:1,23:0
13708,4.6,0,900,23,0,Gal,d18:1,23:0
13709,4.8,0,900,23,0,Gal,d18:1,23:0
13710,5.0,0,900,23,0,Gal,d18:1,23:0
13711,5.2,0,900,23,0,Gal,d18:1,23:0
13712,5.4,0,900,23,0,Gal,d18:1,23:0
13713,5.6,0,900,23,0,Gal,d18:1,23:0
13714,5.8,0,900,23,0,Gal,d18:1,23:0
13715,6.0,0,900,23,0,Gal,d18:1,23:0
13716,6.2,0,900,23,0,Gal,d18:1,23:0
13717,6.4,0,900,23,0,Gal,d18:1,23:0
13718,6.6,0,900,23,0,Gal,d18:1,23:0
13719,6.8,0,900,23,0,Gal,d18:1,23:0
13720,7.0,0,900,23,0,Gal,d18:1,23:0
13721,7.2,0,900,23,0,Gal,d18:1,23:0
13722,7.4,0,900,23,0,Gal,d18:1,23:0
13723,7.6,0,900,23,0,Gal,d18:1,23:0
13724,7.8,0,900,23,0,Gal,d18:1,23:0
13725,8.0,0,900,23,0,Gal,d18:1,23:0
13726,8.2,0,900,23,0,Gal,d18:1,23:0
13727,8.4,0,900,23,0,Gal,d18:1,23:0
13728,8.6,0,900,23,0,Gal,d18:1,23:0
13729,8.8,0,900,23,0,Gal,d18:1,23:0
13730,9.0,0,900,23,0,Gal,d18:1,23:0
13731,9.2,0,900,23,0,Gal,d18:1,23:0
13732,9.4,0,900,23,0,Gal,d18:1,23:0
13733,9.6,0,900,23,0,Gal,d18:1,23:0
13734,9.8,0,900,23,0,Gal,d18:1,23:0
13735,10.0,0,900,23,0,Gal,d18:1,23:0
13736,-10.0,0,1000,23,0,Gal,d18:1,23:0
13737,-9.8,0,1000,23,0,Gal,d18:1,23:0
13738,-9.6,0,1000,23,0,Gal,d18:1,23:0
13739,-9.4,0,1000,23,0,Gal,d18:1,23:0
13740,-9.2,0,1000,23,0,Gal,d18:1,23:0
13741,-9.0,0,1000,23,0,Gal,d18:1,23:0
13742,-8.8,0,1000,23,0,Gal,d18:1,23:0
13743,-8.6,0,1000,23,0,Gal,d18:1,23:0
13744,-8.4,0,1000,23,0,Gal,d18:1,23:0
13745,-8.2,0,1000,23,0,Gal,d18:1,23:0
13746,-8.0,0,1000,23,0,Gal,d18:1,23:0
13747,-7.8,0,1000,23,0,Gal,d18:1,23:0
13748,-7.6,0,1000,23,0,Gal,d18:1,23:0
13749,-7.4,0,1000,23,0,Gal,d18:1,23:0
13750,-7.2,0,1000,23,0,Gal,d18:1,23:0
13751,-7.0,0,1000,23,0,Gal,d18:1,23:0
13752,-6.8,0,1000,23,0,Gal,d18:1,23:0
13753,-6.6,0,1000,23,0,Gal,d18:1,23:0
13754,-6.4,0,1000,23,0,Gal,d18:1,23:0
13755,-6.2,0,1000,23,0,Gal,d18:1,23:0
13756,-6.0,0,1000,23,0,Gal,d18:1,23:0
13757,-5.8,0,1000,23,0,Gal,d18:1,23:0
13758,-5.6,0,1000,23,0,Gal,d18:1,23:0
13759,-5.4,0,1000,23,0,Gal,d18:1,23:0
13760,-5.2,0,1000,23,0,Gal,d18:1,23:0
13761,-5.0,0,1000,23,0,Gal,d18:1,23:0
13762,-4.8,0,1000,23,0,Gal,d18:1,23:0
13763,-4.6,0,1000,23,0,Gal,d18:1,23:0
13764,-4.4,0,1000,23,0,Gal,d18:1,23:0
13765,-4.2,0,1000,23,0,Gal,d18:1,23:0
13766,-4.0,0,1000,23,0,Gal,d18:1,23:0
13767,-3.8,0,1000,23,0,Gal,d18:1,23:0
13768,-3.6,0,1000,23,0,Gal,d18:1,23:0
13769,-3.4,0,1000,23,0,Gal,d18:1,23:0
13770,-3.2,0,1000,23,0,Gal,d18:1,23:0
13771,-3.0,0,1000,23,0,Gal,d18:1,23:0
13772,-2.8,0,1000,23,0,Gal,d18:1,23:0
13773,-2.6,0,1000,23,0,Gal,d18:1,23:0
13774,-2.4,0,1000,23,0,Gal,d18:1,23:0
13775,-2.2,0,1000,23,0,Gal,d18:1,23:0
13776,-2.0,0,1000,23,0,Gal,d18:1,23:0
13777,-1.8,0,1000,23,0,Gal,d18:1,23:0
13778,-1.6,0,1000,23,0,Gal,d18:1,23:0
13779,-1.4,20,1000,23,0,Gal,d18:1,23:0
13780,-1.2,460,1000,23,0,Gal,d18:1,23:0
13781,-1.0,1240,1000,23,0,Gal,d18:1,23:0
13782,-0.8,2740,1000,23,0,Gal,d18:1,23:0
13783,-0.6,4580,1000,23,0,Gal,d18:1,23:0
13784,-0.4,4080,1000,23,0,Gal,d18:1,23:0
13785,-0.2,5060,1000,23,0,Gal,d18:1,23:0
13786,0.0,3780,1000,23,0,Gal,d18:1,23:0
13787,0.2,3740,1000,23,0,Gal,d18:1,23:0
13788,0.4,2460,1000,23,0,Gal,d18:1,23:0
13789,0.6,2040,1000,23,0,Gal,d18:1,23:0
13790,0.8,1080,1000,23,0,Gal,d18:1,23:0
13791,1.0,560,1000,23,0,Gal,d18:1,23:0
13792,1.2,180,1000,23,0,Gal,d18:1,23:0
13793,1.4,0,1000,23,0,Gal,d18:1,23:0
13794,1.6,0,1000,23,0,Gal,d18:1,23:0
13795,1.8,0,1000,23,0,Gal,d18:1,23:0
13796,2.0,0,1000,23,0,Gal,d18:1,23:0
13797,2.2,0,1000,23,0,Gal,d18:1,23:0
13798,2.4,0,1000,23,0,Gal,d18:1,23:0
13799,2.6,0,1000,23,0,Gal,d18:1,23:0
13800,2.8,0,1000,23,0,Gal,d18:1,23:0
13801,3.0,0,1000,23,0,Gal,d18:1,23:0
13802,3.2,0,1000,23,0,Gal,d18:1,23:0
13803,3.4,0,1000,23,0,Gal,d18:1,23:0
13804,3.6,0,1000,23,0,Gal,d18:1,23:0
13805,3.8,0,1000,23,0,Gal,d18:1,23:0
13806,4.0,0,1000,23,0,Gal,d18:1,23:0
13807,4.2,0,1000,23,0,Gal,d18:1,23:0
13808,4.4,0,1000,23,0,Gal,d18:1,23:0
13809,4.6,0,1000,23,0,Gal,d18:1,23:0
13810,4.8,0,1000,23,0,Gal,d18:1,23:0
13811,5.0,0,1000,23,0,Gal,d18:1,23:0
13812,5.2,0,1000,23,0,Gal,d18:1,23:0
13813,5.4,0,1000,23,0,Gal,d18:1,23:0
13814,5.6,0,1000,23,0,Gal,d18:1,23:0
13815,5.8,0,1000,23,0,Gal,d18:1,23:0
13816,6.0,0,1000,23,0,Gal,d18:1,23:0
13817,6.2,0,1000,23,0,Gal,d18:1,23:0
13818,6.4,0,1000,23,0,Gal,d18:1,23:0
13819,6.6,0,1000,23,0,Gal,d18:1,23:0
13820,6.8,0,1000,23,0,Gal,d18:1,23:0
13821,7.0,0,1000,23,0,Gal,d18:1,23:0
13822,7.2,0,1000,23,0,Gal,d18:1,23:0
13823,7.4,0,1000,23,0,Gal,d18:1,23:0
13824,7.6,0,1000,23,0,Gal,d18:1,23:0
13825,7.8,0,1000,23,0,Gal,d18:1,23:0
13826,8.0,0,1000,23,0,Gal,d18:1,23:0
13827,8.2,0,1000,23,0,Gal,d18:1,23:0
13828,8.4,0,1000,23,0,Gal,d18:1,23:0
13829,8.6,0,1000,23,0,Gal,d18:1,23:0
13830,8.8,0,1000,23,0,Gal,d18:1,23:0
13831,9.0,0,1000,23,0,Gal,d18:1,23:0
13832,9.2,0,1000,23,0,Gal,d18:1,23:0
13833,9.4,0,1000,23,0,Gal,d18:1,23:0
13834,9.6,0,1000,23,0,Gal,d18:1,23:0
13835,9.8,0,1000,23,0,Gal,d18:1,23:0
13836,10.0,0,1000,23,0,Gal,d18:1,23:0
13837,-10.0,0,1100,23,0,Gal,d18:1,23:0
13838,-9.8,0,1100,23,0,Gal,d18:1,23:0
13839,-9.6,0,1100,23,0,Gal,d18:1,23:0
13840,-9.4,0,1100,23,0,Gal,d18:1,23:0
13841,-9.2,0,1100,23,0,Gal,d18:1,23:0
13842,-9.0,0,1100,23,0,Gal,d18:1,23:0
13843,-8.8,0,1100,23,0,Gal,d18:1,23:0
13844,-8.6,0,1100,23,0,Gal,d18:1,23:0
13845,-8.4,0,1100,23,0,Gal,d18:1,23:0
13846,-8.2,0,1100,23,0,Gal,d18:1,23:0
13847,-8.0,0,1100,23,0,Gal,d18:1,23:0
13848,-7.8,0,1100,23,0,Gal,d18:1,23:0
13849,-7.6,0,1100,23,0,Gal,d18:1,23:0
13850,-7.4,0,1100,23,0,Gal,d18:1,23:0
13851,-7.2,0,1100,23,0,Gal,d18:1,23:0
13852,-7.0,0,1100,23,0,Gal,d18:1,23:0
13853,-6.8,0,1100,23,0,Gal,d18:1,23:0
13854,-6.6,0,1100,23,0,Gal,d18:1,23:0
13855,-6.4,0,1100,23,0,Gal,d18:1,23:0
13856,-6.2,0,1100,23,0,Gal,d18:1,23:0
13857,-6.0,0,1100,23,0,Gal,d18:1,23:0
13858,-5.8,0,1100,23,0,Gal,d18:1,23:0
13859,-5.6,0,1100,23,0,Gal,d18:1,23:0
13860,-5.4,0,1100,23,0,Gal,d18:1,23:0
13861,-5.2,0,1100,23,0,Gal,d18:1,23:0
13862,-5.0,0,1100,23,0,Gal,d18:1,23:0
13863,-4.8,0,1100,23,0,Gal,d18:1,23:0
13864,-4.6,0,1100,23,0,Gal,d18:1,23:0
13865,-4.4,0,1100,23,0,Gal,d18:1,23:0
13866,-4.2,0,1100,23,0,Gal,d18:1,23:0
13867,-4.0,0,1100,23,0,Gal,d18:1,23:0
13868,-3.8,0,1100,23,0,Gal,d18:1,23:0
13869,-3.6,0,1100,23,0,Gal,d18:1,23:0
13870,-3.4,0,1100,23,0,Gal,d18:1,23:0
13871,-3.2,0,1100,23,0,Gal,d18:1,23:0
13872,-3.0,0,1100,23,0,Gal,d18:1,23:0
13873,-2.8,0,1100,23,0,Gal,d18:1,23:0
13874,-2.6,0,1100,23,0,Gal,d18:1,23:0
13875,-2.4,0,1100,23,0,Gal,d18:1,23:0
13876,-2.2,0,1100,23,0,Gal,d18:1,23:0
13877,-2.0,0,1100,23,0,Gal,d18:1,23:0
13878,-1.8,0,1100,23,0,Gal,d18:1,23:0
13879,-1.6,20,1100,23,0,Gal,d18:1,23:0
13880,-1.4,0,1100,23,0,Gal,d18:1,23:0
13881,-1.2,440,1100,23,0,Gal,d18:1,23:0
13882,-1.0,1780,1100,23,0,Gal,d18:1,23:0
13883,-0.8,2680,1100,23,0,Gal,d18:1,23:0
13884,-0.6,4220,1100,23,0,Gal,d18:1,23:0
13885,-0.4,5100,1100,23,0,Gal,d18:1,23:0
13886,-0.2,4540,1100,23,0,Gal,d18:1,23:0
13887,0.0,3700,1100,23,0,Gal,d18:1,23:0
13888,0.2,5160,1100,23,0,Gal,d18:1,23:0
13889,0.4,2580,1100,23,0,Gal,d18:1,23:0
13890,0.6,2740,1100,23,0,Gal,d18:1,23:0
13891,0.8,1500,1100,23,0,Gal,d18:1,23:0
13892,1.0,540,1100,23,0,Gal,d18:1,23:0
13893,1.2,160,1100,23,0,Gal,d18:1,23:0
13894,1.4,20,1100,23,0,Gal,d18:1,23:0
13895,1.6,0,1100,23,0,Gal,d18:1,23:0
13896,1.8,0,1100,23,0,Gal,d18:1,23:0
13897,2.0,0,1100,23,0,Gal,d18:1,23:0
13898,2.2,0,1100,23,0,Gal,d18:1,23:0
13899,2.4,0,1100,23,0,Gal,d18:1,23:0
13900,2.6,0,1100,23,0,Gal,d18:1,23:0
13901,2.8,0,1100,23,0,Gal,d18:1,23:0
13902,3.0,0,1100,23,0,Gal,d18:1,23:0
13903,3.2,0,1100,23,0,Gal,d18:1,23:0
13904,3.4,0,1100,23,0,Gal,d18:1,23:0
13905,3.6,0,1100,23,0,Gal,d18:1,23:0
13906,3.8,0,1100,23,0,Gal,d18:1,23:0
13907,4.0,0,1100,23,0,Gal,d18:1,23:0
13908,4.2,0,1100,23,0,Gal,d18:1,23:0
13909,4.4,0,1100,23,0,Gal,d18:1,23:0
13910,4.6,0,1100,23,0,Gal,d18:1,23:0
13911,4.8,0,1100,23,0,Gal,d18:1,23:0
13912,5.0,0,1100,23,0,Gal,d18:1,23:0
13913,5.2,0,1100,23,0,Gal,d18:1,23:0
13914,5.4,0,1100,23,0,Gal,d18:1,23:0
13915,5.6,0,1100,23,0,Gal,d18:1,23:0
13916,5.8,0,1100,23,0,Gal,d18:1,23:0
13917,6.0,0,1100,23,0,Gal,d18:1,23:0
13918,6.2,0,1100,23,0,Gal,d18:1,23:0
13919,6.4,0,1100,23,0,Gal,d18:1,23:0
13920,6.6,0,1100,23,0,Gal,d18:1,23:0
13921,6.8,0,1100,23,0,Gal,d18:1,23:0
13922,7.0,0,1100,23,0,Gal,d18:1,23:0
13923,7.2,0,1100,23,0,Gal,d18:1,23:0
13924,7.4,0,1100,23,0,Gal,d18:1,23:0
13925,7.6,0,1100,23,0,Gal,d18:1,23:0
13926,7.8,0,1100,23,0,Gal,d18:1,23:0
13927,8.0,0,1100,23,0,Gal,d18:1,23:0
13928,8.2,0,1100,23,0,Gal,d18:1,23:0
13929,8.4,0,1100,23,0,Gal,d18:1,23:0
13930,8.6,0,1100,23,0,Gal,d18:1,23:0
13931,8.8,0,1100,23,0,Gal,d18:1,23:0
13932,9.0,0,1100,23,0,Gal,d18:1,23:0
13933,9.2,0,1100,23,0,Gal,d18:1,23:0
13934,9.4,0,1100,23,0,Gal,d18:1,23:0
13935,9.6,0,1100,23,0,Gal,d18:1,23:0
13936,9.8,0,1100,23,0,Gal,d18:1,23:0
13937,10.0,0,1100,23,0,Gal,d18:1,23:0
13938,-10.0,0,1200,23,0,Gal,d18:1,23:0
13939,-9.8,0,1200,23,0,Gal,d18:1,23:0
13940,-9.6,0,1200,23,0,Gal,d18:1,23:0
13941,-9.4,0,1200,23,0,Gal,d18:1,23:0
13942,-9.2,0,1200,23,0,Gal,d18:1,23:0
13943,-9.0,0,1200,23,0,Gal,d18:1,23:0
13944,-8.8,0,1200,23,0,Gal,d18:1,23:0
13945,-8.6,0,1200,23,0,Gal,d18:1,23:0
13946,-8.4,0,1200,23,0,Gal,d18:1,23:0
13947,-8.2,0,1200,23,0,Gal,d18:1,23:0
13948,-8.0,0,1200,23,0,Gal,d18:1,23:0
13949,-7.8,0,1200,23,0,Gal,d18:1,23:0
13950,-7.6,0,1200,23,0,Gal,d18:1,23:0
13951,-7.4,0,1200,23,0,Gal,d18:1,23:0
13952,-7.2,0,1200,23,0,Gal,d18:1,23:0
13953,-7.0,0,1200,23,0,Gal,d18:1,23:0
13954,-6.8,0,1200,23,0,Gal,d18:1,23:0
13955,-6.6,0,1200,23,0,Gal,d18:1,23:0
13956,-6.4,0,1200,23,0,Gal,d18:1,23:0
13957,-6.2,0,1200,23,0,Gal,d18:1,23:0
13958,-6.0,0,1200,23,0,Gal,d18:1,23:0
13959,-5.8,0,1200,23,0,Gal,d18:1,23:0
13960,-5.6,0,1200,23,0,Gal,d18:1,23:0
13961,-5.4,0,1200,23,0,Gal,d18:1,23:0
13962,-5.2,0,1200,23,0,Gal,d18:1,23:0
13963,-5.0,0,1200,23,0,Gal,d18:1,23:0
13964,-4.8,0,1200,23,0,Gal,d18:1,23:0
13965,-4.6,0,1200,23,0,Gal,d18:1,23:0
13966,-4.4,0,1200,23,0,Gal,d18:1,23:0
13967,-4.2,0,1200,23,0,Gal,d18:1,23:0
13968,-4.0,0,1200,23,0,Gal,d18:1,23:0
13969,-3.8,0,1200,23,0,Gal,d18:1,23:0
13970,-3.6,0,1200,23,0,Gal,d18:1,23:0
13971,-3.4,0,1200,23,0,Gal,d18:1,23:0
13972,-3.2,0,1200,23,0,Gal,d18:1,23:0
13973,-3.0,0,1200,23,0,Gal,d18:1,23:0
13974,-2.8,0,1200,23,0,Gal,d18:1,23:0
13975,-2.6,0,1200,23,0,Gal,d18:1,23:0
13976,-2.4,0,1200,23,0,Gal,d18:1,23:0
13977,-2.2,0,1200,23,0,Gal,d18:1,23:0
13978,-2.0,0,1200,23,0,Gal,d18:1,23:0
13979,-1.8,0,1200,23,0,Gal,d18:1,23:0
13980,-1.6,0,1200,23,0,Gal,d18:1,23:0
13981,-1.4,140,1200,23,0,Gal,d18:1,23:0
13982,-1.2,700,1200,23,0,Gal,d18:1,23:0
13983,-1.0,1200,1200,23,0,Gal,d18:1,23:0
13984,-0.8,2360,1200,23,0,Gal,d18:1,23:0
13985,-0.6,3860,1200,23,0,Gal,d18:1,23:0
13986,-0.4,4600,1200,23,0,Gal,d18:1,23:0
13987,-0.2,5160,1200,23,0,Gal,d18:1,23:0
13988,0.0,4720,1200,23,0,Gal,d18:1,23:0
13989,0.2,4240,1200,23,0,Gal,d18:1,23:0
13990,0.4,3600,1200,23,0,Gal,d18:1,23:0
13991,0.6,2420,1200,23,0,Gal,d18:1,23:0
13992,0.8,1060,1200,23,0,Gal,d18:1,23:0
13993,1.0,380,1200,23,0,Gal,d18:1,23:0
13994,1.2,80,1200,23,0,Gal,d18:1,23:0
13995,1.4,0,1200,23,0,Gal,d18:1,23:0
13996,1.6,0,1200,23,0,Gal,d18:1,23:0
13997,1.8,0,1200,23,0,Gal,d18:1,23:0
13998,2.0,0,1200,23,0,Gal,d18:1,23:0
13999,2.2,0,1200,23,0,Gal,d18:1,23:0
14000,2.4,0,1200,23,0,Gal,d18:1,23:0
14001,2.6,0,1200,23,0,Gal,d18:1,23:0
14002,2.8,0,1200,23,0,Gal,d18:1,23:0
14003,3.0,0,1200,23,0,Gal,d18:1,23:0
14004,3.2,0,1200,23,0,Gal,d18:1,23:0
14005,3.4,0,1200,23,0,Gal,d18:1,23:0
14006,3.6,0,1200,23,0,Gal,d18:1,23:0
14007,3.8,0,1200,23,0,Gal,d18:1,23:0
14008,4.0,0,1200,23,0,Gal,d18:1,23:0
14009,4.2,0,1200,23,0,Gal,d18:1,23:0
14010,4.4,0,1200,23,0,Gal,d18:1,23:0
14011,4.6,0,1200,23,0,Gal,d18:1,23:0
14012,4.8,0,1200,23,0,Gal,d18:1,23:0
14013,5.0,0,1200,23,0,Gal,d18:1,23:0
14014,5.2,0,1200,23,0,Gal,d18:1,23:0
14015,5.4,0,1200,23,0,Gal,d18:1,23:0
14016,5.6,0,1200,23,0,Gal,d18:1,23:0
14017,5.8,0,1200,23,0,Gal,d18:1,23:0
14018,6.0,0,1200,23,0,Gal,d18:1,23:0
14019,6.2,0,1200,23,0,Gal,d18:1,23:0
14020,6.4,0,1200,23,0,Gal,d18:1,23:0
14021,6.6,0,1200,23,0,Gal,d18:1,23:0
14022,6.8,0,1200,23,0,Gal,d18:1,23:0
14023,7.0,0,1200,23,0,Gal,d18:1,23:0
14024,7.2,0,1200,23,0,Gal,d18:1,23:0
14025,7.4,0,1200,23,0,Gal,d18:1,23:0
14026,7.6,0,1200,23,0,Gal,d18:1,23:0
14027,7.8,0,1200,23,0,Gal,d18:1,23:0
14028,8.0,0,1200,23,0,Gal,d18:1,23:0
14029,8.2,0,1200,23,0,Gal,d18:1,23:0
14030,8.4,0,1200,23,0,Gal,d18:1,23:0
14031,8.6,0,1200,23,0,Gal,d18:1,23:0
14032,8.8,0,1200,23,0,Gal,d18:1,23:0
14033,9.0,0,1200,23,0,Gal,d18:1,23:0
14034,9.2,0,1200,23,0,Gal,d18:1,23:0
14035,9.4,0,1200,23,0,Gal,d18:1,23:0
14036,9.6,0,1200,23,0,Gal,d18:1,23:0
14037,9.8,0,1200,23,0,Gal,d18:1,23:0
14038,10.0,0,1200,23,0,Gal,d18:1,23:0
14039,-10.0,0,1300,23,0,Gal,d18:1,23:0
14040,-9.8,0,1300,23,0,Gal,d18:1,23:0
14041,-9.6,0,1300,23,0,Gal,d18:1,23:0
14042,-9.4,0,1300,23,0,Gal,d18:1,23:0
14043,-9.2,0,1300,23,0,Gal,d18:1,23:0
14044,-9.0,0,1300,23,0,Gal,d18:1,23:0
14045,-8.8,0,1300,23,0,Gal,d18:1,23:0
14046,-8.6,0,1300,23,0,Gal,d18:1,23:0
14047,-8.4,0,1300,23,0,Gal,d18:1,23:0
14048,-8.2,0,1300,23,0,Gal,d18:1,23:0
14049,-8.0,0,1300,23,0,Gal,d18:1,23:0
14050,-7.8,0,1300,23,0,Gal,d18:1,23:0
14051,-7.6,0,1300,23,0,Gal,d18:1,23:0
14052,-7.4,0,1300,23,0,Gal,d18:1,23:0
14053,-7.2,0,1300,23,0,Gal,d18:1,23:0
14054,-7.0,0,1300,23,0,Gal,d18:1,23:0
14055,-6.8,0,1300,23,0,Gal,d18:1,23:0
14056,-6.6,0,1300,23,0,Gal,d18:1,23:0
14057,-6.4,0,1300,23,0,Gal,d18:1,23:0
14058,-6.2,0,1300,23,0,Gal,d18:1,23:0
14059,-6.0,0,1300,23,0,Gal,d18:1,23:0
14060,-5.8,0,1300,23,0,Gal,d18:1,23:0
14061,-5.6,0,1300,23,0,Gal,d18:1,23:0
14062,-5.4,0,1300,23,0,Gal,d18:1,23:0
14063,-5.2,0,1300,23,0,Gal,d18:1,23:0
14064,-5.0,0,1300,23,0,Gal,d18:1,23:0
14065,-4.8,0,1300,23,0,Gal,d18:1,23:0
14066,-4.6,0,1300,23,0,Gal,d18:1,23:0
14067,-4.4,0,1300,23,0,Gal,d18:1,23:0
14068,-4.2,0,1300,23,0,Gal,d18:1,23:0
14069,-4.0,0,1300,23,0,Gal,d18:1,23:0
14070,-3.8,0,1300,23,0,Gal,d18:1,23:0
14071,-3.6,0,1300,23,0,Gal,d18:1,23:0
14072,-3.4,0,1300,23,0,Gal,d18:1,23:0
14073,-3.2,0,1300,23,0,Gal,d18:1,23:0
14074,-3.0,0,1300,23,0,Gal,d18:1,23:0
14075,-2.8,0,1300,23,0,Gal,d18:1,23:0
14076,-2.6,0,1300,23,0,Gal,d18:1,23:0
14077,-2.4,0,1300,23,0,Gal,d18:1,23:0
14078,-2.2,0,1300,23,0,Gal,d18:1,23:0
14079,-2.0,0,1300,23,0,Gal,d18:1,23:0
14080,-1.8,0,1300,23,0,Gal,d18:1,23:0
14081,-1.6,0,1300,23,0,Gal,d18:1,23:0
14082,-1.4,120,1300,23,0,Gal,d18:1,23:0
14083,-1.2,280,1300,23,0,Gal,d18:1,23:0
14084,-1.0,1020,1300,23,0,Gal,d18:1,23:0
14085,-0.8,2500,1300,23,0,Gal,d18:1,23:0
14086,-0.6,5200,1300,23,0,Gal,d18:1,23:0
14087,-0.4,6720,1300,23,0,Gal,d18:1,23:0
14088,-0.2,6100,1300,23,0,Gal,d18:1,23:0
14089,0.0,5900,1300,23,0,Gal,d18:1,23:0
14090,0.2,4600,1300,23,0,Gal,d18:1,23:0
14091,0.4,3660,1300,23,0,Gal,d18:1,23:0
14092,0.6,2300,1300,23,0,Gal,d18:1,23:0
14093,0.8,1040,1300,23,0,Gal,d18:1,23:0
14094,1.0,460,1300,23,0,Gal,d18:1,23:0
14095,1.2,80,1300,23,0,Gal,d18:1,23:0
14096,1.4,0,1300,23,0,Gal,d18:1,23:0
14097,1.6,0,1300,23,0,Gal,d18:1,23:0
14098,1.8,0,1300,23,0,Gal,d18:1,23:0
14099,2.0,0,1300,23,0,Gal,d18:1,23:0
14100,2.2,0,1300,23,0,Gal,d18:1,23:0
14101,2.4,0,1300,23,0,Gal,d18:1,23:0
14102,2.6,0,1300,23,0,Gal,d18:1,23:0
14103,2.8,0,1300,23,0,Gal,d18:1,23:0
14104,3.0,0,1300,23,0,Gal,d18:1,23:0
14105,3.2,0,1300,23,0,Gal,d18:1,23:0
14106,3.4,0,1300,23,0,Gal,d18:1,23:0
14107,3.6,0,1300,23,0,Gal,d18:1,23:0
14108,3.8,0,1300,23,0,Gal,d18:1,23:0
14109,4.0,0,1300,23,0,Gal,d18:1,23:0
14110,4.2,0,1300,23,0,Gal,d18:1,23:0
14111,4.4,0,1300,23,0,Gal,d18:1,23:0
14112,4.6,0,1300,23,0,Gal,d18:1,23:0
14113,4.8,0,1300,23,0,Gal,d18:1,23:0
14114,5.0,0,1300,23,0,Gal,d18:1,23:0
14115,5.2,0,1300,23,0,Gal,d18:1,23:0
14116,5.4,0,1300,23,0,Gal,d18:1,23:0
14117,5.6,0,1300,23,0,Gal,d18:1,23:0
14118,5.8,0,1300,23,0,Gal,d18:1,23:0
14119,6.0,0,1300,23,0,Gal,d18:1,23:0
14120,6.2,0,1300,23,0,Gal,d18:1,23:0
14121,6.4,0,1300,23,0,Gal,d18:1,23:0
14122,6.6,0,1300,23,0,Gal,d18:1,23:0
14123,6.8,0,1300,23,0,Gal,d18:1,23:0
14124,7.0,0,1300,23,0,Gal,d18:1,23:0
14125,7.2,0,1300,23,0,Gal,d18:1,23:0
14126,7.4,0,1300,23,0,Gal,d18:1,23:0
14127,7.6,0,1300,23,0,Gal,d18:1,23:0
14128,7.8,0,1300,23,0,Gal,d18:1,23:0
14129,8.0,0,1300,23,0,Gal,d18:1,23:0
14130,8.2,0,1300,23,0,Gal,d18:1,23:0
14131,8.4,0,1300,23,0,Gal,d18:1,23:0
14132,8.6,0,1300,23,0,Gal,d18:1,23:0
14133,8.8,0,1300,23,0,Gal,d18:1,23:0
14134,9.0,0,1300,23,0,Gal,d18:1,23:0
14135,9.2,0,1300,23,0,Gal,d18:1,23:0
14136,9.4,0,1300,23,0,Gal,d18:1,23:0
14137,9.6,0,1300,23,0,Gal,d18:1,23:0
14138,9.8,0,1300,23,0,Gal,d18:1,23:0
14139,10.0,0,1300,23,0,Gal,d18:1,23:0
14140,-10.0,0,1400,23,0,Gal,d18:1,23:0
14141,-9.8,0,1400,23,0,Gal,d18:1,23:0
14142,-9.6,0,1400,23,0,Gal,d18:1,23:0
14143,-9.4,0,1400,23,0,Gal,d18:1,23:0
14144,-9.2,0,1400,23,0,Gal,d18:1,23:0
14145,-9.0,0,1400,23,0,Gal,d18:1,23:0
14146,-8.8,0,1400,23,0,Gal,d18:1,23:0
14147,-8.6,0,1400,23,0,Gal,d18:1,23:0
14148,-8.4,0,1400,23,0,Gal,d18:1,23:0
14149,-8.2,0,1400,23,0,Gal,d18:1,23:0
14150,-8.0,0,1400,23,0,Gal,d18:1,23:0
14151,-7.8,0,1400,23,0,Gal,d18:1,23:0
14152,-7.6,0,1400,23,0,Gal,d18:1,23:0
14153,-7.4,0,1400,23,0,Gal,d18:1,23:0
14154,-7.2,0,1400,23,0,Gal,d18:1,23:0
14155,-7.0,0,1400,23,0,Gal,d18:1,23:0
14156,-6.8,0,1400,23,0,Gal,d18:1,23:0
14157,-6.6,0,1400,23,0,Gal,d18:1,23:0
14158,-6.4,0,1400,23,0,Gal,d18:1,23:0
14159,-6.2,0,1400,23,0,Gal,d18:1,23:0
14160,-6.0,0,1400,23,0,Gal,d18:1,23:0
14161,-5.8,0,1400,23,0,Gal,d18:1,23:0
14162,-5.6,0,1400,23,0,Gal,d18:1,23:0
14163,-5.4,0,1400,23,0,Gal,d18:1,23:0
14164,-5.2,0,1400,23,0,Gal,d18:1,23:0
14165,-5.0,0,1400,23,0,Gal,d18:1,23:0
14166,-4.8,0,1400,23,0,Gal,d18:1,23:0
14167,-4.6,0,1400,23,0,Gal,d18:1,23:0
14168,-4.4,0,1400,23,0,Gal,d18:1,23:0
14169,-4.2,0,1400,23,0,Gal,d18:1,23:0
14170,-4.0,0,1400,23,0,Gal,d18:1,23:0
14171,-3.8,0,1400,23,0,Gal,d18:1,23:0
14172,-3.6,0,1400,23,0,Gal,d18:1,23:0
14173,-3.4,0,1400,23,0,Gal,d18:1,23:0
14174,-3.2,0,1400,23,0,Gal,d18:1,23:0
14175,-3.0,0,1400,23,0,Gal,d18:1,23:0
14176,-2.8,0,1400,23,0,Gal,d18:1,23:0
14177,-2.6,0,1400,23,0,Gal,d18:1,23:0
14178,-2.4,0,1400,23,0,Gal,d18:1,23:0
14179,-2.2,0,1400,23,0,Gal,d18:1,23:0
14180,-2.0,0,1400,23,0,Gal,d18:1,23:0
14181,-1.8,0,1400,23,0,Gal,d18:1,23:0
14182,-1.6,40,1400,23,0,Gal,d18:1,23:0
14183,-1.4,140,1400,23,0,Gal,d18:1,23:0
14184,-1.2,320,1400,23,0,Gal,d18:1,23:0
14185,-1.0,1480,1400,23,0,Gal,d18:1,23:0
14186,-0.8,3520,1400,23,0,Gal,d18:1,23:0
14187,-0.6,5360,1400,23,0,Gal,d18:1,23:0
14188,-0.4,6280,1400,23,0,Gal,d18:1,23:0
14189,-0.2,6220,1400,23,0,Gal,d18:1,23:0
14190,0.0,6220,1400,23,0,Gal,d18:1,23:0
14191,0.2,5100,1400,23,0,Gal,d18:1,23:0
14192,0.4,2620,1400,23,0,Gal,d18:1,23:0
14193,0.6,2740,1400,23,0,Gal,d18:1,23:0
14194,0.8,1640,1400,23,0,Gal,d18:1,23:0
14195,1.0,560,1400,23,0,Gal,d18:1,23:0
14196,1.2,100,1400,23,0,Gal,d18:1,23:0
14197,1.4,0,1400,23,0,Gal,d18:1,23:0
14198,1.6,0,1400,23,0,Gal,d18:1,23:0
14199,1.8,0,1400,23,0,Gal,d18:1,23:0
14200,2.0,0,1400,23,0,Gal,d18:1,23:0
14201,2.2,0,1400,23,0,Gal,d18:1,23:0
14202,2.4,0,1400,23,0,Gal,d18:1,23:0
14203,2.6,0,1400,23,0,Gal,d18:1,23:0
14204,2.8,0,1400,23,0,Gal,d18:1,23:0
14205,3.0,0,1400,23,0,Gal,d18:1,23:0
14206,3.2,0,1400,23,0,Gal,d18:1,23:0
14207,3.4,0,1400,23,0,Gal,d18:1,23:0
14208,3.6,0,1400,23,0,Gal,d18:1,23:0
14209,3.8,0,1400,23,0,Gal,d18:1,23:0
14210,4.0,0,1400,23,0,Gal,d18:1,23:0
14211,4.2,0,1400,23,0,Gal,d18:1,23:0
14212,4.4,0,1400,23,0,Gal,d18:1,23:0
14213,4.6,0,1400,23,0,Gal,d18:1,23:0
14214,4.8,0,1400,23,0,Gal,d18:1,23:0
14215,5.0,0,1400,23,0,Gal,d18:1,23:0
14216,5.2,0,1400,23,0,Gal,d18:1,23:0
14217,5.4,0,1400,23,0,Gal,d18:1,23:0
14218,5.6,0,1400,23,0,Gal,d18:1,23:0
14219,5.8,0,1400,23,0,Gal,d18:1,23:0
14220,6.0,0,1400,23,0,Gal,d18:1,23:0
14221,6.2,0,1400,23,0,Gal,d18:1,23:0
14222,6.4,0,1400,23,0,Gal,d18:1,23:0
14223,6.6,0,1400,23,0,Gal,d18:1,23:0
14224,6.8,0,1400,23,0,Gal,d18:1,23:0
14225,7.0,0,1400,23,0,Gal,d18:1,23:0
14226,7.2,0,1400,23,0,Gal,d18:1,23:0
14227,7.4,0,1400,23,0,Gal,d18:1,23:0
14228,7.6,0,1400,23,0,Gal,d18:1,23:0
14229,7.8,0,1400,23,0,Gal,d18:1,23:0
14230,8.0,0,1400,23,0,Gal,d18:1,23:0
14231,8.2,0,1400,23,0,Gal,d18:1,23:0
14232,8.4,0,1400,23,0,Gal,d18:1,23:0
14233,8.6,0,1400,23,0,Gal,d18:1,23:0
14234,8.8,0,1400,23,0,Gal,d18:1,23:0
14235,9.0,0,1400,23,0,Gal,d18:1,23:0
14236,9.2,0,1400,23,0,Gal,d18:1,23:0
14237,9.4,0,1400,23,0,Gal,d18:1,23:0
14238,9.6,0,1400,23,0,Gal,d18:1,23:0
14239,9.8,0,1400,23,0,Gal,d18:1,23:0
14240,10.0,0,1400,23,0,Gal,d18:1,23:0
14241,-10.0,0,1500,23,0,Gal,d18:1,23:0
14242,-9.8,0,1500,23,0,Gal,d18:1,23:0
14243,-9.6,0,1500,23,0,Gal,d18:1,23:0
14244,-9.4,0,1500,23,0,Gal,d18:1,23:0
14245,-9.2,0,1500,23,0,Gal,d18:1,23:0
14246,-9.0,0,1500,23,0,Gal,d18:1,23:0
14247,-8.8,0,1500,23,0,Gal,d18:1,23:0
14248,-8.6,0,1500,23,0,Gal,d18:1,23:0
14249,-8.4,0,1500,23,0,Gal,d18:1,23:0
14250,-8.2,0,1500,23,0,Gal,d18:1,23:0
14251,-8.0,0,1500,23,0,Gal,d18:1,23:0
14252,-7.8,0,1500,23,0,Gal,d18:1,23:0
14253,-7.6,0,1500,23,0,Gal,d18:1,23:0
14254,-7.4,0,1500,23,0,Gal,d18:1,23:0
14255,-7.2,0,1500,23,0,Gal,d18:1,23:0
14256,-7.0,0,1500,23,0,Gal,d18:1,23:0
14257,-6.8,0,1500,23,0,Gal,d18:1,23:0
14258,-6.6,0,1500,23,0,Gal,d18:1,23:0
14259,-6.4,0,1500,23,0,Gal,d18:1,23:0
14260,-6.2,0,1500,23,0,Gal,d18:1,23:0
14261,-6.0,0,1500,23,0,Gal,d18:1,23:0
14262,-5.8,0,1500,23,0,Gal,d18:1,23:0
14263,-5.6,0,1500,23,0,Gal,d18:1,23:0
14264,-5.4,0,1500,23,0,Gal,d18:1,23:0
14265,-5.2,0,1500,23,0,Gal,d18:1,23:0
14266,-5.0,0,1500,23,0,Gal,d18:1,23:0
14267,-4.8,0,1500,23,0,Gal,d18:1,23:0
14268,-4.6,0,1500,23,0,Gal,d18:1,23:0
14269,-4.4,0,1500,23,0,Gal,d18:1,23:0
14270,-4.2,0,1500,23,0,Gal,d18:1,23:0
14271,-4.0,0,1500,23,0,Gal,d18:1,23:0
14272,-3.8,0,1500,23,0,Gal,d18:1,23:0
14273,-3.6,0,1500,23,0,Gal,d18:1,23:0
14274,-3.4,0,1500,23,0,Gal,d18:1,23:0
14275,-3.2,0,1500,23,0,Gal,d18:1,23:0
14276,-3.0,0,1500,23,0,Gal,d18:1,23:0
14277,-2.8,0,1500,23,0,Gal,d18:1,23:0
14278,-2.6,0,1500,23,0,Gal,d18:1,23:0
14279,-2.4,0,1500,23,0,Gal,d18:1,23:0
14280,-2.2,0,1500,23,0,Gal,d18:1,23:0
14281,-2.0,0,1500,23,0,Gal,d18:1,23:0
14282,-1.8,0,1500,23,0,Gal,d18:1,23:0
14283,-1.6,0,1500,23,0,Gal,d18:1,23:0
14284,-1.4,20,1500,23,0,Gal,d18:1,23:0
14285,-1.2,360,1500,23,0,Gal,d18:1,23:0
14286,-1.0,980,1500,23,0,Gal,d18:1,23:0
14287,-0.8,3060,1500,23,0,Gal,d18:1,23:0
14288,-0.6,5460,1500,23,0,Gal,d18:1,23:0
14289,-0.4,7240,1500,23,0,Gal,d18:1,23:0
14290,-0.2,8240,1500,23,0,Gal,d18:1,23:0
14291,0.0,6620,1500,23,0,Gal,d18:1,23:0
14292,0.2,5420,1500,23,0,Gal,d18:1,23:0
14293,0.4,3520,1500,23,0,Gal,d18:1,23:0
14294,0.6,3560,1500,23,0,Gal,d18:1,23:0
14295,0.8,1160,1500,23,0,Gal,d18:1,23:0
14296,1.0,840,1500,23,0,Gal,d18:1,23:0
14297,1.2,120,1500,23,0,Gal,d18:1,23:0
14298,1.4,20,1500,23,0,Gal,d18:1,23:0
14299,1.6,0,1500,23,0,Gal,d18:1,23:0
14300,1.8,0,1500,23,0,Gal,d18:1,23:0
14301,2.0,0,1500,23,0,Gal,d18:1,23:0
14302,2.2,0,1500,23,0,Gal,d18:1,23:0
14303,2.4,0,1500,23,0,Gal,d18:1,23:0
14304,2.6,0,1500,23,0,Gal,d18:1,23:0
14305,2.8,0,1500,23,0,Gal,d18:1,23:0
14306,3.0,0,1500,23,0,Gal,d18:1,23:0
14307,3.2,0,1500,23,0,Gal,d18:1,23:0
14308,3.4,0,1500,23,0,Gal,d18:1,23:0
14309,3.6,0,1500,23,0,Gal,d18:1,23:0
14310,3.8,0,1500,23,0,Gal,d18:1,23:0
14311,4.0,0,1500,23,0,Gal,d18:1,23:0
14312,4.2,0,1500,23,0,Gal,d18:1,23:0
14313,4.4,0,1500,23,0,Gal,d18:1,23:0
14314,4.6,0,1500,23,0,Gal,d18:1,23:0
14315,4.8,0,1500,23,0,Gal,d18:1,23:0
14316,5.0,0,1500,23,0,Gal,d18:1,23:0
14317,5.2,0,1500,23,0,Gal,d18:1,23:0
14318,5.4,0,1500,23,0,Gal,d18:1,23:0
14319,5.6,0,1500,23,0,Gal,d18:1,23:0
14320,5.8,0,1500,23,0,Gal,d18:1,23:0
14321,6.0,0,1500,23,0,Gal,d18:1,23:0
14322,6.2,0,1500,23,0,Gal,d18:1,23:0
14323,6.4,0,1500,23,0,Gal,d18:1,23:0
14324,6.6,0,1500,23,0,Gal,d18:1,23:0
14325,6.8,0,1500,23,0,Gal,d18:1,23:0
14326,7.0,0,1500,23,0,Gal,d18:1,23:0
14327,7.2,0,1500,23,0,Gal,d18:1,23:0
14328,7.4,0,1500,23,0,Gal,d18:1,23:0
14329,7.6,0,1500,23,0,Gal,d18:1,23:0
14330,7.8,0,1500,23,0,Gal,d18:1,23:0
14331,8.0,0,1500,23,0,Gal,d18:1,23:0
14332,8.2,0,1500,23,0,Gal,d18:1,23:0
14333,8.4,0,1500,23,0,Gal,d18:1,23:0
14334,8.6,0,1500,23,0,Gal,d18:1,23:0
14335,8.8,0,1500,23,0,Gal,d18:1,23:0
14336,9.0,0,1500,23,0,Gal,d18:1,23:0
14337,9.2,0,1500,23,0,Gal,d18:1,23:0
14338,9.4,0,1500,23,0,Gal,d18:1,23:0
14339,9.6,0,1500,23,0,Gal,d18:1,23:0
14340,9.8,0,1500,23,0,Gal,d18:1,23:0
14341,10.0,0,1500,23,0,Gal,d18:1,23:0
14342,-10.0,0,1600,23,0,Gal,d18:1,23:0
14343,-9.8,0,1600,23,0,Gal,d18:1,23:0
14344,-9.6,0,1600,23,0,Gal,d18:1,23:0
14345,-9.4,0,1600,23,0,Gal,d18:1,23:0
14346,-9.2,0,1600,23,0,Gal,d18:1,23:0
14347,-9.0,0,1600,23,0,Gal,d18:1,23:0
14348,-8.8,0,1600,23,0,Gal,d18:1,23:0
14349,-8.6,0,1600,23,0,Gal,d18:1,23:0
14350,-8.4,0,1600,23,0,Gal,d18:1,23:0
14351,-8.2,0,1600,23,0,Gal,d18:1,23:0
14352,-8.0,0,1600,23,0,Gal,d18:1,23:0
14353,-7.8,0,1600,23,0,Gal,d18:1,23:0
14354,-7.6,0,1600,23,0,Gal,d18:1,23:0
14355,-7.4,0,1600,23,0,Gal,d18:1,23:0
14356,-7.2,0,1600,23,0,Gal,d18:1,23:0
14357,-7.0,0,1600,23,0,Gal,d18:1,23:0
14358,-6.8,0,1600,23,0,Gal,d18:1,23:0
14359,-6.6,0,1600,23,0,Gal,d18:1,23:0
14360,-6.4,0,1600,23,0,Gal,d18:1,23:0
14361,-6.2,0,1600,23,0,Gal,d18:1,23:0
14362,-6.0,0,1600,23,0,Gal,d18:1,23:0
14363,-5.8,0,1600,23,0,Gal,d18:1,23:0
14364,-5.6,0,1600,23,0,Gal,d18:1,23:0
14365,-5.4,0,1600,23,0,Gal,d18:1,23:0
14366,-5.2,0,1600,23,0,Gal,d18:1,23:0
14367,-5.0,0,1600,23,0,Gal,d18:1,23:0
14368,-4.8,0,1600,23,0,Gal,d18:1,23:0
14369,-4.6,0,1600,23,0,Gal,d18:1,23:0
14370,-4.4,0,1600,23,0,Gal,d18:1,23:0
14371,-4.2,0,1600,23,0,Gal,d18:1,23:0
14372,-4.0,0,1600,23,0,Gal,d18:1,23:0
14373,-3.8,0,1600,23,0,Gal,d18:1,23:0
14374,-3.6,0,1600,23,0,Gal,d18:1,23:0
14375,-3.4,0,1600,23,0,Gal,d18:1,23:0
14376,-3.2,0,1600,23,0,Gal,d18:1,23:0
14377,-3.0,0,1600,23,0,Gal,d18:1,23:0
14378,-2.8,0,1600,23,0,Gal,d18:1,23:0
14379,-2.6,0,1600,23,0,Gal,d18:1,23:0
14380,-2.4,0,1600,23,0,Gal,d18:1,23:0
14381,-2.2,0,1600,23,0,Gal,d18:1,23:0
14382,-2.0,0,1600,23,0,Gal,d18:1,23:0
14383,-1.8,0,1600,23,0,Gal,d18:1,23:0
14384,-1.6,0,1600,23,0,Gal,d18:1,23:0
14385,-1.4,20,1600,23,0,Gal,d18:1,23:0
14386,-1.2,180,1600,23,0,Gal,d18:1,23:0
14387,-1.0,1000,1600,23,0,Gal,d18:1,23:0
14388,-0.8,3200,1600,23,0,Gal,d18:1,23:0
14389,-0.6,5760,1600,23,0,Gal,d18:1,23:0
14390,-0.4,8100,1600,23,0,Gal,d18:1,23:0
14391,-0.2,8060,1600,23,0,Gal,d18:1,23:0
14392,0.0,8400,1600,23,0,Gal,d18:1,23:0
14393,0.2,6540,1600,23,0,Gal,d18:1,23:0
14394,0.4,4420,1600,23,0,Gal,d18:1,23:0
14395,0.6,2540,1600,23,0,Gal,d18:1,23:0
14396,0.8,1920,1600,23,0,Gal,d18:1,23:0
14397,1.0,640,1600,23,0,Gal,d18:1,23:0
14398,1.2,80,1600,23,0,Gal,d18:1,23:0
14399,1.4,40,1600,23,0,Gal,d18:1,23:0
14400,1.6,0,1600,23,0,Gal,d18:1,23:0
14401,1.8,0,1600,23,0,Gal,d18:1,23:0
14402,2.0,0,1600,23,0,Gal,d18:1,23:0
14403,2.2,0,1600,23,0,Gal,d18:1,23:0
14404,2.4,0,1600,23,0,Gal,d18:1,23:0
14405,2.6,0,1600,23,0,Gal,d18:1,23:0
14406,2.8,0,1600,23,0,Gal,d18:1,23:0
14407,3.0,0,1600,23,0,Gal,d18:1,23:0
14408,3.2,0,1600,23,0,Gal,d18:1,23:0
14409,3.4,0,1600,23,0,Gal,d18:1,23:0
14410,3.6,0,1600,23,0,Gal,d18:1,23:0
14411,3.8,0,1600,23,0,Gal,d18:1,23:0
14412,4.0,0,1600,23,0,Gal,d18:1,23:0
14413,4.2,0,1600,23,0,Gal,d18:1,23:0
14414,4.4,0,1600,23,0,Gal,d18:1,23:0
14415,4.6,0,1600,23,0,Gal,d18:1,23:0
14416,4.8,0,1600,23,0,Gal,d18:1,23:0
14417,5.0,0,1600,23,0,Gal,d18:1,23:0
14418,5.2,0,1600,23,0,Gal,d18:1,23:0
14419,5.4,0,1600,23,0,Gal,d18:1,23:0
14420,5.6,0,1600,23,0,Gal,d18:1,23:0
14421,5.8,0,1600,23,0,Gal,d18:1,23:0
14422,6.0,0,1600,23,0,Gal,d18:1,23:0
14423,6.2,0,1600,23,0,Gal,d18:1,23:0
14424,6.4,0,1600,23,0,Gal,d18:1,23:0
14425,6.6,0,1600,23,0,Gal,d18:1,23:0
14426,6.8,0,1600,23,0,Gal,d18:1,23:0
14427,7.0,0,1600,23,0,Gal,d18:1,23:0
14428,7.2,0,1600,23,0,Gal,d18:1,23:0
14429,7.4,0,1600,23,0,Gal,d18:1,23:0
14430,7.6,0,1600,23,0,Gal,d18:1,23:0
14431,7.8,0,1600,23,0,Gal,d18:1,23:0
14432,8.0,0,1600,23,0,Gal,d18:1,23:0
14433,8.2,0,1600,23,0,Gal,d18:1,23:0
14434,8.4,0,1600,23,0,Gal,d18:1,23:0
14435,8.6,0,1600,23,0,Gal,d18:1,23:0
14436,8.8,0,1600,23,0,Gal,d18:1,23:0
14437,9.0,0,1600,23,0,Gal,d18:1,23:0
14438,9.2,0,1600,23,0,Gal,d18:1,23:0
14439,9.4,0,1600,23,0,Gal,d18:1,23:0
14440,9.6,0,1600,23,0,Gal,d18:1,23:0
14441,9.8,0,1600,23,0,Gal,d18:1,23:0
14442,10.0,0,1600,23,0,Gal,d18:1,23:0
14443,-10.0,0,1700,23,0,Gal,d18:1,23:0
14444,-9.8,0,1700,23,0,Gal,d18:1,23:0
14445,-9.6,0,1700,23,0,Gal,d18:1,23:0
14446,-9.4,0,1700,23,0,Gal,d18:1,23:0
14447,-9.2,0,1700,23,0,Gal,d18:1,23:0
14448,-9.0,0,1700,23,0,Gal,d18:1,23:0
14449,-8.8,0,1700,23,0,Gal,d18:1,23:0
14450,-8.6,0,1700,23,0,Gal,d18:1,23:0
14451,-8.4,0,1700,23,0,Gal,d18:1,23:0
14452,-8.2,0,1700,23,0,Gal,d18:1,23:0
14453,-8.0,0,1700,23,0,Gal,d18:1,23:0
14454,-7.8,0,1700,23,0,Gal,d18:1,23:0
14455,-7.6,0,1700,23,0,Gal,d18:1,23:0
14456,-7.4,0,1700,23,0,Gal,d18:1,23:0
14457,-7.2,0,1700,23,0,Gal,d18:1,23:0
14458,-7.0,0,1700,23,0,Gal,d18:1,23:0
14459,-6.8,0,1700,23,0,Gal,d18:1,23:0
14460,-6.6,0,1700,23,0,Gal,d18:1,23:0
14461,-6.4,0,1700,23,0,Gal,d18:1,23:0
14462,-6.2,0,1700,23,0,Gal,d18:1,23:0
14463,-6.0,0,1700,23,0,Gal,d18:1,23:0
14464,-5.8,0,1700,23,0,Gal,d18:1,23:0
14465,-5.6,0,1700,23,0,Gal,d18:1,23:0
14466,-5.4,0,1700,23,0,Gal,d18:1,23:0
14467,-5.2,0,1700,23,0,Gal,d18:1,23:0
14468,-5.0,0,1700,23,0,Gal,d18:1,23:0
14469,-4.8,0,1700,23,0,Gal,d18:1,23:0
14470,-4.6,0,1700,23,0,Gal,d18:1,23:0
14471,-4.4,0,1700,23,0,Gal,d18:1,23:0
14472,-4.2,0,1700,23,0,Gal,d18:1,23:0
14473,-4.0,0,1700,23,0,Gal,d18:1,23:0
14474,-3.8,0,1700,23,0,Gal,d18:1,23:0
14475,-3.6,0,1700,23,0,Gal,d18:1,23:0
14476,-3.4,0,1700,23,0,Gal,d18:1,23:0
14477,-3.2,0,1700,23,0,Gal,d18:1,23:0
14478,-3.0,0,1700,23,0,Gal,d18:1,23:0
14479,-2.8,0,1700,23,0,Gal,d18:1,23:0
14480,-2.6,0,1700,23,0,Gal,d18:1,23:0
14481,-2.4,0,1700,23,0,Gal,d18:1,23:0
14482,-2.2,0,1700,23,0,Gal,d18:1,23:0
14483,-2.0,0,1700,23,0,Gal,d18:1,23:0
14484,-1.8,0,1700,23,0,Gal,d18:1,23:0
14485,-1.6,60,1700,23,0,Gal,d18:1,23:0
14486,-1.4,160,1700,23,0,Gal,d18:1,23:0
14487,-1.2,580,1700,23,0,Gal,d18:1,23:0
14488,-1.0,1560,1700,23,0,Gal,d18:1,23:0
14489,-0.8,4300,1700,23,0,Gal,d18:1,23:0
14490,-0.6,7160,1700,23,0,Gal,d18:1,23:0
14491,-0.4,7640,1700,23,0,Gal,d18:1,23:0
14492,-0.2,6820,1700,23,0,Gal,d18:1,23:0
14493,0.0,6400,1700,23,0,Gal,d18:1,23:0
14494,0.2,5700,1700,23,0,Gal,d18:1,23:0
14495,0.4,3140,1700,23,0,Gal,d18:1,23:0
14496,0.6,2560,1700,23,0,Gal,d18:1,23:0
14497,0.8,1420,1700,23,0,Gal,d18:1,23:0
14498,1.0,540,1700,23,0,Gal,d18:1,23:0
14499,1.2,20,1700,23,0,Gal,d18:1,23:0
14500,1.4,40,1700,23,0,Gal,d18:1,23:0
14501,1.6,0,1700,23,0,Gal,d18:1,23:0
14502,1.8,0,1700,23,0,Gal,d18:1,23:0
14503,2.0,0,1700,23,0,Gal,d18:1,23:0
14504,2.2,0,1700,23,0,Gal,d18:1,23:0
14505,2.4,0,1700,23,0,Gal,d18:1,23:0
14506,2.6,0,1700,23,0,Gal,d18:1,23:0
14507,2.8,0,1700,23,0,Gal,d18:1,23:0
14508,3.0,0,1700,23,0,Gal,d18:1,23:0
14509,3.2,0,1700,23,0,Gal,d18:1,23:0
14510,3.4,0,1700,23,0,Gal,d18:1,23:0
14511,3.6,0,1700,23,0,Gal,d18:1,23:0
14512,3.8,0,1700,23,0,Gal,d18:1,23:0
14513,4.0,0,1700,23,0,Gal,d18:1,23:0
14514,4.2,0,1700,23,0,Gal,d18:1,23:0
14515,4.4,0,1700,23,0,Gal,d18:1,23:0
14516,4.6,0,1700,23,0,Gal,d18:1,23:0
14517,4.8,0,1700,23,0,Gal,d18:1,23:0
14518,5.0,0,1700,23,0,Gal,d18:1,23:0
14519,5.2,0,1700,23,0,Gal,d18:1,23:0
14520,5.4,0,1700,23,0,Gal,d18:1,23:0
14521,5.6,0,1700,23,0,Gal,d18:1,23:0
14522,5.8,0,1700,23,0,Gal,d18:1,23:0
14523,6.0,0,1700,23,0,Gal,d18:1,23:0
14524,6.2,0,1700,23,0,Gal,d18:1,23:0
14525,6.4,0,1700,23,0,Gal,d18:1,23:0
14526,6.6,0,1700,23,0,Gal,d18:1,23:0
14527,6.8,0,1700,23,0,Gal,d18:1,23:0
14528,7.0,0,1700,23,0,Gal,d18:1,23:0
14529,7.2,0,1700,23,0,Gal,d18:1,23:0
14530,7.4,0,1700,23,0,Gal,d18:1,23:0
14531,7.6,0,1700,23,0,Gal,d18:1,23:0
14532,7.8,0,1700,23,0,Gal,d18:1,23:0
14533,8.0,0,1700,23,0,Gal,d18:1,23:0
14534,8.2,0,1700,23,0,Gal,d18:1,23:0
14535,8.4,0,1700,23,0,Gal,d18:1,23:0
14536,8.6,0,1700,23,0,Gal,d18:1,23:0
14537,8.8,0,1700,23,0,Gal,d18:1,23:0
14538,9.0,0,1700,23,0,Gal,d18:1,23:0
14539,9.2,0,1700,23,0,Gal,d18:1,23:0
14540,9.4,0,1700,23,0,Gal,d18:1,23:0
14541,9.6,0,1700,23,0,Gal,d18:1,23:0
14542,9.8,0,1700,23,0,Gal,d18:1,23:0
14543,10.0,0,1700,23,0,Gal,d18:1,23:0
14544,-10.0,0,1800,23,0,Gal,d18:1,23:0
14545,-9.8,0,1800,23,0,Gal,d18:1,23:0
14546,-9.6,0,1800,23,0,Gal,d18:1,23:0
14547,-9.4,0,1800,23,0,Gal,d18:1,23:0
14548,-9.2,0,1800,23,0,Gal,d18:1,23:0
14549,-9.0,0,1800,23,0,Gal,d18:1,23:0
14550,-8.8,0,1800,23,0,Gal,d18:1,23:0
14551,-8.6,0,1800,23,0,Gal,d18:1,23:0
14552,-8.4,0,1800,23,0,Gal,d18:1,23:0
14553,-8.2,0,1800,23,0,Gal,d18:1,23:0
14554,-8.0,0,1800,23,0,Gal,d18:1,23:0
14555,-7.8,0,1800,23,0,Gal,d18:1,23:0
14556,-7.6,0,1800,23,0,Gal,d18:1,23:0
14557,-7.4,0,1800,23,0,Gal,d18:1,23:0
14558,-7.2,0,1800,23,0,Gal,d18:1,23:0
14559,-7.0,0,1800,23,0,Gal,d18:1,23:0
14560,-6.8,0,1800,23,0,Gal,d18:1,23:0
14561,-6.6,0,1800,23,0,Gal,d18:1,23:0
14562,-6.4,0,1800,23,0,Gal,d18:1,23:0
14563,-6.2,0,1800,23,0,Gal,d18:1,23:0
14564,-6.0,0,1800,23,0,Gal,d18:1,23:0
14565,-5.8,0,1800,23,0,Gal,d18:1,23:0
14566,-5.6,0,1800,23,0,Gal,d18:1,23:0
14567,-5.4,0,1800,23,0,Gal,d18:1,23:0
14568,-5.2,0,1800,23,0,Gal,d18:1,23:0
14569,-5.0,0,1800,23,0,Gal,d18:1,23:0
14570,-4.8,0,1800,23,0,Gal,d18:1,23:0
14571,-4.6,0,1800,23,0,Gal,d18:1,23:0
14572,-4.4,0,1800,23,0,Gal,d18:1,23:0
14573,-4.2,0,1800,23,0,Gal,d18:1,23:0
14574,-4.0,0,1800,23,0,Gal,d18:1,23:0
14575,-3.8,0,1800,23,0,Gal,d18:1,23:0
14576,-3.6,0,1800,23,0,Gal,d18:1,23:0
14577,-3.4,0,1800,23,0,Gal,d18:1,23:0
14578,-3.2,0,1800,23,0,Gal,d18:1,23:0
14579,-3.0,0,1800,23,0,Gal,d18:1,23:0
14580,-2.8,0,1800,23,0,Gal,d18:1,23:0
14581,-2.6,0,1800,23,0,Gal,d18:1,23:0
14582,-2.4,0,1800,23,0,Gal,d18:1,23:0
14583,-2.2,0,1800,23,0,Gal,d18:1,23:0
14584,-2.0,0,1800,23,0,Gal,d18:1,23:0
14585,-1.8,0,1800,23,0,Gal,d18:1,23:0
14586,-1.6,0,1800,23,0,Gal,d18:1,23:0
14587,-1.4,40,1800,23,0,Gal,d18:1,23:0
14588,-1.2,420,1800,23,0,Gal,d18:1,23:0
14589,-1.0,1800,1800,23,0,Gal,d18:1,23:0
14590,-0.8,3820,1800,23,0,Gal,d18:1,23:0
14591,-0.6,6560,1800,23,0,Gal,d18:1,23:0
14592,-0.4,8160,1800,23,0,Gal,d18:1,23:0
14593,-0.2,8240,1800,23,0,Gal,d18:1,23:0
14594,0.0,6180,1800,23,0,Gal,d18:1,23:0
14595,0.2,6720,1800,23,0,Gal,d18:1,23:0
14596,0.4,4380,1800,23,0,Gal,d18:1,23:0
14597,0.6,2760,1800,23,0,Gal,d18:1,23:0
14598,0.8,1560,1800,23,0,Gal,d18:1,23:0
14599,1.0,680,1800,23,0,Gal,d18:1,23:0
14600,1.2,180,1800,23,0,Gal,d18:1,23:0
14601,1.4,60,1800,23,0,Gal,d18:1,23:0
14602,1.6,0,1800,23,0,Gal,d18:1,23:0
14603,1.8,0,1800,23,0,Gal,d18:1,23:0
14604,2.0,0,1800,23,0,Gal,d18:1,23:0
14605,2.2,0,1800,23,0,Gal,d18:1,23:0
14606,2.4,0,1800,23,0,Gal,d18:1,23:0
14607,2.6,0,1800,23,0,Gal,d18:1,23:0
14608,2.8,0,1800,23,0,Gal,d18:1,23:0
14609,3.0,0,1800,23,0,Gal,d18:1,23:0
14610,3.2,0,1800,23,0,Gal,d18:1,23:0
14611,3.4,0,1800,23,0,Gal,d18:1,23:0
14612,3.6,0,1800,23,0,Gal,d18:1,23:0
14613,3.8,0,1800,23,0,Gal,d18:1,23:0
14614,4.0,0,1800,23,0,Gal,d18:1,23:0
14615,4.2,0,1800,23,0,Gal,d18:1,23:0
14616,4.4,0,1800,23,0,Gal,d18:1,23:0
14617,4.6,0,1800,23,0,Gal,d18:1,23:0
14618,4.8,0,1800,23,0,Gal,d18:1,23:0
14619,5.0,0,1800,23,0,Gal,d18:1,23:0
14620,5.2,0,1800,23,0,Gal,d18:1,23:0
14621,5.4,0,1800,23,0,Gal,d18:1,23:0
14622,5.6,0,1800,23,0,Gal,d18:1,23:0
14623,5.8,0,1800,23,0,Gal,d18:1,23:0
14624,6.0,0,1800,23,0,Gal,d18:1,23:0
14625,6.2,0,1800,23,0,Gal,d18:1,23:0
14626,6.4,0,1800,23,0,Gal,d18:1,23:0
14627,6.6,0,1800,23,0,Gal,d18:1,23:0
14628,6.8,0,1800,23,0,Gal,d18:1,23:0
14629,7.0,0,1800,23,0,Gal,d18:1,23:0
14630,7.2,0,1800,23,0,Gal,d18:1,23:0
14631,7.4,0,1800,23,0,Gal,d18:1,23:0
14632,7.6,0,1800,23,0,Gal,d18:1,23:0
14633,7.8,0,1800,23,0,Gal,d18:1,23:0
14634,8.0,0,1800,23,0,Gal,d18:1,23:0
14635,8.2,0,1800,23,0,Gal,d18:1,23:0
14636,8.4,0,1800,23,0,Gal,d18:1,23:0
14637,8.6,0,1800,23,0,Gal,d18:1,23:0
14638,8.8,0,1800,23,0,Gal,d18:1,23:0
14639,9.0,0,1800,23,0,Gal,d18:1,23:0
14640,9.2,0,1800,23,0,Gal,d18:1,23:0
14641,9.4,0,1800,23,0,Gal,d18:1,23:0
14642,9.6,0,1800,23,0,Gal,d18:1,23:0
14643,9.8,0,1800,23,0,Gal,d18:1,23:0
14644,10.0,0,1800,23,0,Gal,d18:1,23:0
14645,-10.0,0,1900,23,0,Gal,d18:1,23:0
14646,-9.8,0,1900,23,0,Gal,d18:1,23:0
14647,-9.6,0,1900,23,0,Gal,d18:1,23:0
14648,-9.4,0,1900,23,0,Gal,d18:1,23:0
14649,-9.2,0,1900,23,0,Gal,d18:1,23:0
14650,-9.0,0,1900,23,0,Gal,d18:1,23:0
14651,-8.8,0,1900,23,0,Gal,d18:1,23:0
14652,-8.6,0,1900,23,0,Gal,d18:1,23:0
14653,-8.4,0,1900,23,0,Gal,d18:1,23:0
14654,-8.2,0,1900,23,0,Gal,d18:1,23:0
14655,-8.0,0,1900,23,0,Gal,d18:1,23:0
14656,-7.8,0,1900,23,0,Gal,d18:1,23:0
14657,-7.6,0,1900,23,0,Gal,d18:1,23:0
14658,-7.4,0,1900,23,0,Gal,d18:1,23:0
14659,-7.2,0,1900,23,0,Gal,d18:1,23:0
14660,-7.0,0,1900,23,0,Gal,d18:1,23:0
14661,-6.8,0,1900,23,0,Gal,d18:1,23:0
14662,-6.6,0,1900,23,0,Gal,d18:1,23:0
14663,-6.4,0,1900,23,0,Gal,d18:1,23:0
14664,-6.2,0,1900,23,0,Gal,d18:1,23:0
14665,-6.0,0,1900,23,0,Gal,d18:1,23:0
14666,-5.8,0,1900,23,0,Gal,d18:1,23:0
14667,-5.6,0,1900,23,0,Gal,d18:1,23:0
14668,-5.4,0,1900,23,0,Gal,d18:1,23:0
14669,-5.2,0,1900,23,0,Gal,d18:1,23:0
14670,-5.0,0,1900,23,0,Gal,d18:1,23:0
14671,-4.8,0,1900,23,0,Gal,d18:1,23:0
14672,-4.6,0,1900,23,0,Gal,d18:1,23:0
14673,-4.4,0,1900,23,0,Gal,d18:1,23:0
14674,-4.2,0,1900,23,0,Gal,d18:1,23:0
14675,-4.0,0,1900,23,0,Gal,d18:1,23:0
14676,-3.8,0,1900,23,0,Gal,d18:1,23:0
14677,-3.6,0,1900,23,0,Gal,d18:1,23:0
14678,-3.4,0,1900,23,0,Gal,d18:1,23:0
14679,-3.2,0,1900,23,0,Gal,d18:1,23:0
14680,-3.0,0,1900,23,0,Gal,d18:1,23:0
14681,-2.8,0,1900,23,0,Gal,d18:1,23:0
14682,-2.6,0,1900,23,0,Gal,d18:1,23:0
14683,-2.4,0,1900,23,0,Gal,d18:1,23:0
14684,-2.2,0,1900,23,0,Gal,d18:1,23:0
14685,-2.0,0,1900,23,0,Gal,d18:1,23:0
14686,-1.8,0,1900,23,0,Gal,d18:1,23:0
14687,-1.6,0,1900,23,0,Gal,d18:1,23:0
14688,-1.4,120,1900,23,0,Gal,d18:1,23:0
14689,-1.2,840,1900,23,0,Gal,d18:1,23:0
14690,-1.0,1780,1900,23,0,Gal,d18:1,23:0
14691,-0.8,4440,1900,23,0,Gal,d18:1,23:0
14692,-0.6,8060,1900,23,0,Gal,d18:1,23:0
14693,-0.4,8920,1900,23,0,Gal,d18:1,23:0
14694,-0.2,6840,1900,23,0,Gal,d18:1,23:0
14695,0.0,6500,1900,23,0,Gal,d18:1,23:0
14696,0.2,4120,1900,23,0,Gal,d18:1,23:0
14697,0.4,3460,1900,23,0,Gal,d18:1,23:0
14698,0.6,2680,1900,23,0,Gal,d18:1,23:0
14699,0.8,1140,1900,23,0,Gal,d18:1,23:0
14700,1.0,360,1900,23,0,Gal,d18:1,23:0
14701,1.2,140,1900,23,0,Gal,d18:1,23:0
14702,1.4,20,1900,23,0,Gal,d18:1,23:0
14703,1.6,0,1900,23,0,Gal,d18:1,23:0
14704,1.8,0,1900,23,0,Gal,d18:1,23:0
14705,2.0,0,1900,23,0,Gal,d18:1,23:0
14706,2.2,0,1900,23,0,Gal,d18:1,23:0
14707,2.4,0,1900,23,0,Gal,d18:1,23:0
14708,2.6,0,1900,23,0,Gal,d18:1,23:0
14709,2.8,0,1900,23,0,Gal,d18:1,23:0
14710,3.0,0,1900,23,0,Gal,d18:1,23:0
14711,3.2,0,1900,23,0,Gal,d18:1,23:0
14712,3.4,0,1900,23,0,Gal,d18:1,23:0
14713,3.6,0,1900,23,0,Gal,d18:1,23:0
14714,3.8,0,1900,23,0,Gal,d18:1,23:0
14715,4.0,0,1900,23,0,Gal,d18:1,23:0
14716,4.2,0,1900,23,0,Gal,d18:1,23:0
14717,4.4,0,1900,23,0,Gal,d18:1,23:0
14718,4.6,0,1900,23,0,Gal,d18:1,23:0
14719,4.8,0,1900,23,0,Gal,d18:1,23:0
14720,5.0,0,1900,23,0,Gal,d18:1,23:0
14721,5.2,0,1900,23,0,Gal,d18:1,23:0
14722,5.4,0,1900,23,0,Gal,d18:1,23:0
14723,5.6,0,1900,23,0,Gal,d18:1,23:0
14724,5.8,0,1900,23,0,Gal,d18:1,23:0
14725,6.0,0,1900,23,0,Gal,d18:1,23:0
14726,6.2,0,1900,23,0,Gal,d18:1,23:0
14727,6.4,0,1900,23,0,Gal,d18:1,23:0
14728,6.6,0,1900,23,0,Gal,d18:1,23:0
14729,6.8,0,1900,23,0,Gal,d18:1,23:0
14730,7.0,0,1900,23,0,Gal,d18:1,23:0
14731,7.2,0,1900,23,0,Gal,d18:1,23:0
14732,7.4,0,1900,23,0,Gal,d18:1,23:0
14733,7.6,0,1900,23,0,Gal,d18:1,23:0
14734,7.8,0,1900,23,0,Gal,d18:1,23:0
14735,8.0,0,1900,23,0,Gal,d18:1,23:0
14736,8.2,0,1900,23,0,Gal,d18:1,23:0
14737,8.4,0,1900,23,0,Gal,d18:1,23:0
14738,8.6,0,1900,23,0,Gal,d18:1,23:0
14739,8.8,0,1900,23,0,Gal,d18:1,23:0
14740,9.0,0,1900,23,0,Gal,d18:1,23:0
14741,9.2,0,1900,23,0,Gal,d18:1,23:0
14742,9.4,0,1900,23,0,Gal,d18:1,23:0
14743,9.6,0,1900,23,0,Gal,d18:1,23:0
14744,9.8,0,1900,23,0,Gal,d18:1,23:0
14745,10.0,0,1900,23,0,Gal,d18:1,23:0
14746,-10.0,0,2000,23,0,Gal,d18:1,23:0
14747,-9.8,0,2000,23,0,Gal,d18:1,23:0
14748,-9.6,0,2000,23,0,Gal,d18:1,23:0
14749,-9.4,0,2000,23,0,Gal,d18:1,23:0
14750,-9.2,0,2000,23,0,Gal,d18:1,23:0
14751,-9.0,0,2000,23,0,Gal,d18:1,23:0
14752,-8.8,0,2000,23,0,Gal,d18:1,23:0
14753,-8.6,0,2000,23,0,Gal,d18:1,23:0
14754,-8.4,0,2000,23,0,Gal,d18:1,23:0
14755,-8.2,0,2000,23,0,Gal,d18:1,23:0
14756,-8.0,0,2000,23,0,Gal,d18:1,23:0
14757,-7.8,0,2000,23,0,Gal,d18:1,23:0
14758,-7.6,0,2000,23,0,Gal,d18:1,23:0
14759,-7.4,0,2000,23,0,Gal,d18:1,23:0
14760,-7.2,0,2000,23,0,Gal,d18:1,23:0
14761,-7.0,0,2000,23,0,Gal,d18:1,23:0
14762,-6.8,0,2000,23,0,Gal,d18:1,23:0
14763,-6.6,0,2000,23,0,Gal,d18:1,23:0
14764,-6.4,0,2000,23,0,Gal,d18:1,23:0
14765,-6.2,0,2000,23,0,Gal,d18:1,23:0
14766,-6.0,0,2000,23,0,Gal,d18:1,23:0
14767,-5.8,0,2000,23,0,Gal,d18:1,23:0
14768,-5.6,0,2000,23,0,Gal,d18:1,23:0
14769,-5.4,0,2000,23,0,Gal,d18:1,23:0
14770,-5.2,0,2000,23,0,Gal,d18:1,23:0
14771,-5.0,0,2000,23,0,Gal,d18:1,23:0
14772,-4.8,0,2000,23,0,Gal,d18:1,23:0
14773,-4.6,0,2000,23,0,Gal,d18:1,23:0
14774,-4.4,0,2000,23,0,Gal,d18:1,23:0
14775,-4.2,0,2000,23,0,Gal,d18:1,23:0
14776,-4.0,0,2000,23,0,Gal,d18:1,23:0
14777,-3.8,0,2000,23,0,Gal,d18:1,23:0
14778,-3.6,0,2000,23,0,Gal,d18:1,23:0
14779,-3.4,0,2000,23,0,Gal,d18:1,23:0
14780,-3.2,0,2000,23,0,Gal,d18:1,23:0
14781,-3.0,0,2000,23,0,Gal,d18:1,23:0
14782,-2.8,0,2000,23,0,Gal,d18:1,23:0
14783,-2.6,0,2000,23,0,Gal,d18:1,23:0
14784,-2.4,0,2000,23,0,Gal,d18:1,23:0
14785,-2.2,0,2000,23,0,Gal,d18:1,23:0
14786,-2.0,0,2000,23,0,Gal,d18:1,23:0
14787,-1.8,0,2000,23,0,Gal,d18:1,23:0
14788,-1.6,0,2000,23,0,Gal,d18:1,23:0
14789,-1.4,60,2000,23,0,Gal,d18:1,23:0
14790,-1.2,160,2000,23,0,Gal,d18:1,23:0
14791,-1.0,1440,2000,23,0,Gal,d18:1,23:0
14792,-0.8,3540,2000,23,0,Gal,d18:1,23:0
14793,-0.6,7640,2000,23,0,Gal,d18:1,23:0
14794,-0.4,10400,2000,23,0,Gal,d18:1,23:0
14795,-0.2,11960,2000,23,0,Gal,d18:1,23:0
14796,0.0,10020,2000,23,0,Gal,d18:1,23:0
14797,0.2,6960,2000,23,0,Gal,d18:1,23:0
14798,0.4,4860,2000,23,0,Gal,d18:1,23:0
14799,0.6,4420,2000,23,0,Gal,d18:1,23:0
14800,0.8,1980,2000,23,0,Gal,d18:1,23:0
14801,1.0,1100,2000,23,0,Gal,d18:1,23:0
14802,1.2,260,2000,23,0,Gal,d18:1,23:0
14803,1.4,40,2000,23,0,Gal,d18:1,23:0
14804,1.6,20,2000,23,0,Gal,d18:1,23:0
14805,1.8,0,2000,23,0,Gal,d18:1,23:0
14806,2.0,0,2000,23,0,Gal,d18:1,23:0
14807,2.2,0,2000,23,0,Gal,d18:1,23:0
14808,2.4,0,2000,23,0,Gal,d18:1,23:0
14809,2.6,0,2000,23,0,Gal,d18:1,23:0
14810,2.8,0,2000,23,0,Gal,d18:1,23:0
14811,3.0,0,2000,23,0,Gal,d18:1,23:0
14812,3.2,0,2000,23,0,Gal,d18:1,23:0
14813,3.4,0,2000,23,0,Gal,d18:1,23:0
14814,3.6,0,2000,23,0,Gal,d18:1,23:0
14815,3.8,0,2000,23,0,Gal,d18:1,23:0
14816,4.0,0,2000,23,0,Gal,d18:1,23:0
14817,4.2,0,2000,23,0,Gal,d18:1,23:0
14818,4.4,0,2000,23,0,Gal,d18:1,23:0
14819,4.6,0,2000,23,0,Gal,d18:1,23:0
14820,4.8,0,2000,23,0,Gal,d18:1,23:0
14821,5.0,0,2000,23,0,Gal,d18:1,23:0
14822,5.2,0,2000,23,0,Gal,d18:1,23:0
14823,5.4,0,2000,23,0,Gal,d18:1,23:0
14824,5.6,0,2000,23,0,Gal,d18:1,23:0
14825,5.8,0,2000,23,0,Gal,d18:1,23:0
14826,6.0,0,2000,23,0,Gal,d18:1,23:0
14827,6.2,0,2000,23,0,Gal,d18:1,23:0
14828,6.4,0,2000,23,0,Gal,d18:1,23:0
14829,6.6,0,2000,23,0,Gal,d18:1,23:0
14830,6.8,0,2000,23,0,Gal,d18:1,23:0
14831,7.0,0,2000,23,0,Gal,d18:1,23:0
14832,7.2,0,2000,23,0,Gal,d18:1,23:0
14833,7.4,0,2000,23,0,Gal,d18:1,23:0
14834,7.6,0,2000,23,0,Gal,d18:1,23:0
14835,7.8,0,2000,23,0,Gal,d18:1,23:0
14836,8.0,0,2000,23,0,Gal,d18:1,23:0
14837,8.2,0,2000,23,0,Gal,d18:1,23:0
14838,8.4,0,2000,23,0,Gal,d18:1,23:0
14839,8.6,0,2000,23,0,Gal,d18:1,23:0
14840,8.8,0,2000,23,0,Gal,d18:1,23:0
14841,9.0,0,2000,23,0,Gal,d18:1,23:0
14842,9.2,0,2000,23,0,Gal,d18:1,23:0
14843,9.4,0,2000,23,0,Gal,d18:1,23:0
14844,9.6,0,2000,23,0,Gal,d18:1,23:0
14845,9.8,0,2000,23,0,Gal,d18:1,23:0
14846,10.0,0,2000,23,0,Gal,d18:1,23:0
14847,-10.0,0,2100,23,0,Gal,d18:1,23:0
14848,-9.8,0,2100,23,0,Gal,d18:1,23:0
14849,-9.6,0,2100,23,0,Gal,d18:1,23:0
14850,-9.4,0,2100,23,0,Gal,d18:1,23:0
14851,-9.2,0,2100,23,0,Gal,d18:1,23:0
14852,-9.0,0,2100,23,0,Gal,d18:1,23:0
14853,-8.8,0,2100,23,0,Gal,d18:1,23:0
14854,-8.6,0,2100,23,0,Gal,d18:1,23:0
14855,-8.4,0,2100,23,0,Gal,d18:1,23:0
14856,-8.2,0,2100,23,0,Gal,d18:1,23:0
14857,-8.0,0,2100,23,0,Gal,d18:1,23:0
14858,-7.8,0,2100,23,0,Gal,d18:1,23:0
14859,-7.6,0,2100,23,0,Gal,d18:1,23:0
14860,-7.4,0,2100,23,0,Gal,d18:1,23:0
14861,-7.2,0,2100,23,0,Gal,d18:1,23:0
14862,-7.0,0,2100,23,0,Gal,d18:1,23:0
14863,-6.8,0,2100,23,0,Gal,d18:1,23:0
14864,-6.6,0,2100,23,0,Gal,d18:1,23:0
14865,-6.4,0,2100,23,0,Gal,d18:1,23:0
14866,-6.2,0,2100,23,0,Gal,d18:1,23:0
14867,-6.0,0,2100,23,0,Gal,d18:1,23:0
14868,-5.8,0,2100,23,0,Gal,d18:1,23:0
14869,-5.6,0,2100,23,0,Gal,d18:1,23:0
14870,-5.4,0,2100,23,0,Gal,d18:1,23:0
14871,-5.2,0,2100,23,0,Gal,d18:1,23:0
14872,-5.0,0,2100,23,0,Gal,d18:1,23:0
14873,-4.8,0,2100,23,0,Gal,d18:1,23:0
14874,-4.6,0,2100,23,0,Gal,d18:1,23:0
14875,-4.4,0,2100,23,0,Gal,d18:1,23:0
14876,-4.2,0,2100,23,0,Gal,d18:1,23:0
14877,-4.0,0,2100,23,0,Gal,d18:1,23:0
14878,-3.8,0,2100,23,0,Gal,d18:1,23:0
14879,-3.6,0,2100,23,0,Gal,d18:1,23:0
14880,-3.4,0,2100,23,0,Gal,d18:1,23:0
14881,-3.2,0,2100,23,0,Gal,d18:1,23:0
14882,-3.0,0,2100,23,0,Gal,d18:1,23:0
14883,-2.8,0,2100,23,0,Gal,d18:1,23:0
14884,-2.6,0,2100,23,0,Gal,d18:1,23:0
14885,-2.4,0,2100,23,0,Gal,d18:1,23:0
14886,-2.2,0,2100,23,0,Gal,d18:1,23:0
14887,-2.0,0,2100,23,0,Gal,d18:1,23:0
14888,-1.8,0,2100,23,0,Gal,d18:1,23:0
14889,-1.6,0,2100,23,0,Gal,d18:1,23:0
14890,-1.4,120,2100,23,0,Gal,d18:1,23:0
14891,-1.2,200,2100,23,0,Gal,d18:1,23:0
14892,-1.0,1080,2100,23,0,Gal,d18:1,23:0
14893,-0.8,2820,2100,23,0,Gal,d18:1,23:0
14894,-0.6,6800,2100,23,0,Gal,d18:1,23:0
14895,-0.4,11340,2100,23,0,Gal,d18:1,23:0
14896,-0.2,11340,2100,23,0,Gal,d18:1,23:0
14897,0.0,10460,2100,23,0,Gal,d18:1,23:0
14898,0.2,9340,2100,23,0,Gal,d18:1,23:0
14899,0.4,6120,2100,23,0,Gal,d18:1,23:0
14900,0.6,4780,2100,23,0,Gal,d18:1,23:0
14901,0.8,2360,2100,23,0,Gal,d18:1,23:0
14902,1.0,1500,2100,23,0,Gal,d18:1,23:0
14903,1.2,400,2100,23,0,Gal,d18:1,23:0
14904,1.4,240,2100,23,0,Gal,d18:1,23:0
14905,1.6,0,2100,23,0,Gal,d18:1,23:0
14906,1.8,0,2100,23,0,Gal,d18:1,23:0
14907,2.0,0,2100,23,0,Gal,d18:1,23:0
14908,2.2,0,2100,23,0,Gal,d18:1,23:0
14909,2.4,0,2100,23,0,Gal,d18:1,23:0
14910,2.6,0,2100,23,0,Gal,d18:1,23:0
14911,2.8,0,2100,23,0,Gal,d18:1,23:0
14912,3.0,0,2100,23,0,Gal,d18:1,23:0
14913,3.2,0,2100,23,0,Gal,d18:1,23:0
14914,3.4,0,2100,23,0,Gal,d18:1,23:0
14915,3.6,0,2100,23,0,Gal,d18:1,23:0
14916,3.8,0,2100,23,0,Gal,d18:1,23:0
14917,4.0,0,2100,23,0,Gal,d18:1,23:0
14918,4.2,0,2100,23,0,Gal,d18:1,23:0
14919,4.4,0,2100,23,0,Gal,d18:1,23:0
14920,4.6,0,2100,23,0,Gal,d18:1,23:0
14921,4.8,0,2100,23,0,Gal,d18:1,23:0
14922,5.0,0,2100,23,0,Gal,d18:1,23:0
14923,5.2,0,2100,23,0,Gal,d18:1,23:0
14924,5.4,0,2100,23,0,Gal,d18:1,23:0
14925,5.6,0,2100,23,0,Gal,d18:1,23:0
14926,5.8,0,2100,23,0,Gal,d18:1,23:0
14927,6.0,0,2100,23,0,Gal,d18:1,23:0
14928,6.2,0,2100,23,0,Gal,d18:1,23:0
14929,6.4,0,2100,23,0,Gal,d18:1,23:0
14930,6.6,0,2100,23,0,Gal,d18:1,23:0
14931,6.8,0,2100,23,0,Gal,d18:1,23:0
14932,7.0,0,2100,23,0,Gal,d18:1,23:0
14933,7.2,0,2100,23,0,Gal,d18:1,23:0
14934,7.4,0,2100,23,0,Gal,d18:1,23:0
14935,7.6,0,2100,23,0,Gal,d18:1,23:0
14936,7.8,0,2100,23,0,Gal,d18:1,23:0
14937,8.0,0,2100,23,0,Gal,d18:1,23:0
14938,8.2,0,2100,23,0,Gal,d18:1,23:0
14939,8.4,0,2100,23,0,Gal,d18:1,23:0
14940,8.6,0,2100,23,0,Gal,d18:1,23:0
14941,8.8,0,2100,23,0,Gal,d18:1,23:0
14942,9.0,0,2100,23,0,Gal,d18:1,23:0
14943,9.2,0,2100,23,0,Gal,d18:1,23:0
14944,9.4,0,2100,23,0,Gal,d18:1,23:0
14945,9.6,0,2100,23,0,Gal,d18:1,23:0
14946,9.8,0,2100,23,0,Gal,d18:1,23:0
14947,10.0,0,2100,23,0,Gal,d18:1,23:0
14948,-10.0,0,2200,23,0,Gal,d18:1,23:0
14949,-9.8,0,2200,23,0,Gal,d18:1,23:0
14950,-9.6,0,2200,23,0,Gal,d18:1,23:0
14951,-9.4,0,2200,23,0,Gal,d18:1,23:0
14952,-9.2,0,2200,23,0,Gal,d18:1,23:0
14953,-9.0,0,2200,23,0,Gal,d18:1,23:0
14954,-8.8,0,2200,23,0,Gal,d18:1,23:0
14955,-8.6,0,2200,23,0,Gal,d18:1,23:0
14956,-8.4,0,2200,23,0,Gal,d18:1,23:0
14957,-8.2,0,2200,23,0,Gal,d18:1,23:0
14958,-8.0,0,2200,23,0,Gal,d18:1,23:0
14959,-7.8,0,2200,23,0,Gal,d18:1,23:0
14960,-7.6,0,2200,23,0,Gal,d18:1,23:0
14961,-7.4,0,2200,23,0,Gal,d18:1,23:0
14962,-7.2,0,2200,23,0,Gal,d18:1,23:0
14963,-7.0,0,2200,23,0,Gal,d18:1,23:0
14964,-6.8,0,2200,23,0,Gal,d18:1,23:0
14965,-6.6,0,2200,23,0,Gal,d18:1,23:0
14966,-6.4,0,2200,23,0,Gal,d18:1,23:0
14967,-6.2,0,2200,23,0,Gal,d18:1,23:0
14968,-6.0,0,2200,23,0,Gal,d18:1,23:0
14969,-5.8,0,2200,23,0,Gal,d18:1,23:0
14970,-5.6,0,2200,23,0,Gal,d18:1,23:0
14971,-5.4,0,2200,23,0,Gal,d18:1,23:0
14972,-5.2,0,2200,23,0,Gal,d18:1,23:0
14973,-5.0,0,2200,23,0,Gal,d18:1,23:0
14974,-4.8,0,2200,23,0,Gal,d18:1,23:0
14975,-4.6,0,2200,23,0,Gal,d18:1,23:0
14976,-4.4,0,2200,23,0,Gal,d18:1,23:0
14977,-4.2,0,2200,23,0,Gal,d18:1,23:0
14978,-4.0,0,2200,23,0,Gal,d18:1,23:0
14979,-3.8,0,2200,23,0,Gal,d18:1,23:0
14980,-3.6,0,2200,23,0,Gal,d18:1,23:0
14981,-3.4,0,2200,23,0,Gal,d18:1,23:0
14982,-3.2,0,2200,23,0,Gal,d18:1,23:0
14983,-3.0,0,2200,23,0,Gal,d18:1,23:0
14984,-2.8,0,2200,23,0,Gal,d18:1,23:0
14985,-2.6,0,2200,23,0,Gal,d18:1,23:0
14986,-2.4,0,2200,23,0,Gal,d18:1,23:0
14987,-2.2,0,2200,23,0,Gal,d18:1,23:0
14988,-2.0,0,2200,23,0,Gal,d18:1,23:0
14989,-1.8,0,2200,23,0,Gal,d18:1,23:0
14990,-1.6,40,2200,23,0,Gal,d18:1,23:0
14991,-1.4,40,2200,23,0,Gal,d18:1,23:0
14992,-1.2,520,2200,23,0,Gal,d18:1,23:0
14993,-1.0,1740,2200,23,0,Gal,d18:1,23:0
14994,-0.8,3940,2200,23,0,Gal,d18:1,23:0
14995,-0.6,7220,2200,23,0,Gal,d18:1,23:0
14996,-0.4,9740,2200,23,0,Gal,d18:1,23:0
14997,-0.2,10920,2200,23,0,Gal,d18:1,23:0
14998,0.0,8340,2200,23,0,Gal,d18:1,23:0
14999,0.2,8160,2200,23,0,Gal,d18:1,23:0
15000,0.4,5960,2200,23,0,Gal,d18:1,23:0
15001,0.6,3560,2200,23,0,Gal,d18:1,23:0
15002,0.8,1820,2200,23,0,Gal,d18:1,23:0
15003,1.0,1040,2200,23,0,Gal,d18:1,23:0
15004,1.2,260,2200,23,0,Gal,d18:1,23:0
15005,1.4,60,2200,23,0,Gal,d18:1,23:0
15006,1.6,60,2200,23,0,Gal,d18:1,23:0
15007,1.8,0,2200,23,0,Gal,d18:1,23:0
15008,2.0,0,2200,23,0,Gal,d18:1,23:0
15009,2.2,0,2200,23,0,Gal,d18:1,23:0
15010,2.4,0,2200,23,0,Gal,d18:1,23:0
15011,2.6,0,2200,23,0,Gal,d18:1,23:0
15012,2.8,0,2200,23,0,Gal,d18:1,23:0
15013,3.0,0,2200,23,0,Gal,d18:1,23:0
15014,3.2,0,2200,23,0,Gal,d18:1,23:0
15015,3.4,0,2200,23,0,Gal,d18:1,23:0
15016,3.6,0,2200,23,0,Gal,d18:1,23:0
15017,3.8,0,2200,23,0,Gal,d18:1,23:0
15018,4.0,0,2200,23,0,Gal,d18:1,23:0
15019,4.2,0,2200,23,0,Gal,d18:1,23:0
15020,4.4,0,2200,23,0,Gal,d18:1,23:0
15021,4.6,0,2200,23,0,Gal,d18:1,23:0
15022,4.8,0,2200,23,0,Gal,d18:1,23:0
15023,5.0,0,2200,23,0,Gal,d18:1,23:0
15024,5.2,0,2200,23,0,Gal,d18:1,23:0
15025,5.4,0,2200,23,0,Gal,d18:1,23:0
15026,5.6,0,2200,23,0,Gal,d18:1,23:0
15027,5.8,0,2200,23,0,Gal,d18:1,23:0
15028,6.0,0,2200,23,0,Gal,d18:1,23:0
15029,6.2,20,2200,23,0,Gal,d18:1,23:0
15030,6.4,0,2200,23,0,Gal,d18:1,23:0
15031,6.6,0,2200,23,0,Gal,d18:1,23:0
15032,6.8,0,2200,23,0,Gal,d18:1,23:0
15033,7.0,0,2200,23,0,Gal,d18:1,23:0
15034,7.2,0,2200,23,0,Gal,d18:1,23:0
15035,7.4,0,2200,23,0,Gal,d18:1,23:0
15036,7.6,0,2200,23,0,Gal,d18:1,23:0
15037,7.8,0,2200,23,0,Gal,d18:1,23:0
15038,8.0,0,2200,23,0,Gal,d18:1,23:0
15039,8.2,0,2200,23,0,Gal,d18:1,23:0
15040,8.4,0,2200,23,0,Gal,d18:1,23:0
15041,8.6,0,2200,23,0,Gal,d18:1,23:0
15042,8.8,0,2200,23,0,Gal,d18:1,23:0
15043,9.0,0,2200,23,0,Gal,d18:1,23:0
15044,9.2,0,2200,23,0,Gal,d18:1,23:0
15045,9.4,0,2200,23,0,Gal,d18:1,23:0
15046,9.6,0,2200,23,0,Gal,d18:1,23:0
15047,9.8,0,2200,23,0,Gal,d18:1,23:0
15048,10.0,0,2200,23,0,Gal,d18:1,23:0
15049,-10.0,0,2300,23,0,Gal,d18:1,23:0
15050,-9.8,0,2300,23,0,Gal,d18:1,23:0
15051,-9.6,0,2300,23,0,Gal,d18:1,23:0
15052,-9.4,0,2300,23,0,Gal,d18:1,23:0
15053,-9.2,0,2300,23,0,Gal,d18:1,23:0
15054,-9.0,0,2300,23,0,Gal,d18:1,23:0
15055,-8.8,0,2300,23,0,Gal,d18:1,23:0
15056,-8.6,0,2300,23,0,Gal,d18:1,23:0
15057,-8.4,0,2300,23,0,Gal,d18:1,23:0
15058,-8.2,0,2300,23,0,Gal,d18:1,23:0
15059,-8.0,0,2300,23,0,Gal,d18:1,23:0
15060,-7.8,0,2300,23,0,Gal,d18:1,23:0
15061,-7.6,0,2300,23,0,Gal,d18:1,23:0
15062,-7.4,0,2300,23,0,Gal,d18:1,23:0
15063,-7.2,0,2300,23,0,Gal,d18:1,23:0
15064,-7.0,0,2300,23,0,Gal,d18:1,23:0
15065,-6.8,0,2300,23,0,Gal,d18:1,23:0
15066,-6.6,0,2300,23,0,Gal,d18:1,23:0
15067,-6.4,0,2300,23,0,Gal,d18:1,23:0
15068,-6.2,0,2300,23,0,Gal,d18:1,23:0
15069,-6.0,0,2300,23,0,Gal,d18:1,23:0
15070,-5.8,0,2300,23,0,Gal,d18:1,23:0
15071,-5.6,0,2300,23,0,Gal,d18:1,23:0
15072,-5.4,0,2300,23,0,Gal,d18:1,23:0
15073,-5.2,0,2300,23,0,Gal,d18:1,23:0
15074,-5.0,0,2300,23,0,Gal,d18:1,23:0
15075,-4.8,0,2300,23,0,Gal,d18:1,23:0
15076,-4.6,0,2300,23,0,Gal,d18:1,23:0
15077,-4.4,0,2300,23,0,Gal,d18:1,23:0
15078,-4.2,0,2300,23,0,Gal,d18:1,23:0
15079,-4.0,0,2300,23,0,Gal,d18:1,23:0
15080,-3.8,0,2300,23,0,Gal,d18:1,23:0
15081,-3.6,0,2300,23,0,Gal,d18:1,23:0
15082,-3.4,0,2300,23,0,Gal,d18:1,23:0
15083,-3.2,0,2300,23,0,Gal,d18:1,23:0
15084,-3.0,0,2300,23,0,Gal,d18:1,23:0
15085,-2.8,0,2300,23,0,Gal,d18:1,23:0
15086,-2.6,0,2300,23,0,Gal,d18:1,23:0
15087,-2.4,0,2300,23,0,Gal,d18:1,23:0
15088,-2.2,0,2300,23,0,Gal,d18:1,23:0
15089,-2.0,0,2300,23,0,Gal,d18:1,23:0
15090,-1.8,60,2300,23,0,Gal,d18:1,23:0
15091,-1.6,60,2300,23,0,Gal,d18:1,23:0
15092,-1.4,160,2300,23,0,Gal,d18:1,23:0
15093,-1.2,620,2300,23,0,Gal,d18:1,23:0
15094,-1.0,1860,2300,23,0,Gal,d18:1,23:0
15095,-0.8,3920,2300,23,0,Gal,d18:1,23:0
15096,-0.6,6720,2300,23,0,Gal,d18:1,23:0
15097,-0.4,10240,2300,23,0,Gal,d18:1,23:0
15098,-0.2,11700,2300,23,0,Gal,d18:1,23:0
15099,0.0,8500,2300,23,0,Gal,d18:1,23:0
15100,0.2,7540,2300,23,0,Gal,d18:1,23:0
15101,0.4,4400,2300,23,0,Gal,d18:1,23:0
15102,0.6,2700,2300,23,0,Gal,d18:1,23:0
15103,0.8,1320,2300,23,0,Gal,d18:1,23:0
15104,1.0,600,2300,23,0,Gal,d18:1,23:0
15105,1.2,460,2300,23,0,Gal,d18:1,23:0
15106,1.4,220,2300,23,0,Gal,d18:1,23:0
15107,1.6,0,2300,23,0,Gal,d18:1,23:0
15108,1.8,40,2300,23,0,Gal,d18:1,23:0
15109,2.0,0,2300,23,0,Gal,d18:1,23:0
15110,2.2,0,2300,23,0,Gal,d18:1,23:0
15111,2.4,0,2300,23,0,Gal,d18:1,23:0
15112,2.6,0,2300,23,0,Gal,d18:1,23:0
15113,2.8,0,2300,23,0,Gal,d18:1,23:0
15114,3.0,0,2300,23,0,Gal,d18:1,23:0
15115,3.2,0,2300,23,0,Gal,d18:1,23:0
15116,3.4,0,2300,23,0,Gal,d18:1,23:0
15117,3.6,0,2300,23,0,Gal,d18:1,23:0
15118,3.8,0,2300,23,0,Gal,d18:1,23:0
15119,4.0,0,2300,23,0,Gal,d18:1,23:0
15120,4.2,0,2300,23,0,Gal,d18:1,23:0
15121,4.4,0,2300,23,0,Gal,d18:1,23:0
15122,4.6,0,2300,23,0,Gal,d18:1,23:0
15123,4.8,0,2300,23,0,Gal,d18:1,23:0
15124,5.0,0,2300,23,0,Gal,d18:1,23:0
15125,5.2,0,2300,23,0,Gal,d18:1,23:0
15126,5.4,0,2300,23,0,Gal,d18:1,23:0
15127,5.6,0,2300,23,0,Gal,d18:1,23:0
15128,5.8,0,2300,23,0,Gal,d18:1,23:0
15129,6.0,0,2300,23,0,Gal,d18:1,23:0
15130,6.2,0,2300,23,0,Gal,d18:1,23:0
15131,6.4,0,2300,23,0,Gal,d18:1,23:0
15132,6.6,0,2300,23,0,Gal,d18:1,23:0
15133,6.8,0,2300,23,0,Gal,d18:1,23:0
15134,7.0,0,2300,23,0,Gal,d18:1,23:0
15135,7.2,0,2300,23,0,Gal,d18:1,23:0
15136,7.4,0,2300,23,0,Gal,d18:1,23:0
15137,7.6,0,2300,23,0,Gal,d18:1,23:0
15138,7.8,0,2300,23,0,Gal,d18:1,23:0
15139,8.0,0,2300,23,0,Gal,d18:1,23:0
15140,8.2,0,2300,23,0,Gal,d18:1,23:0
15141,8.4,0,2300,23,0,Gal,d18:1,23:0
15142,8.6,0,2300,23,0,Gal,d18:1,23:0
15143,8.8,0,2300,23,0,Gal,d18:1,23:0
15144,9.0,0,2300,23,0,Gal,d18:1,23:0
15145,9.2,0,2300,23,0,Gal,d18:1,23:0
15146,9.4,0,2300,23,0,Gal,d18:1,23:0
15147,9.6,0,2300,23,0,Gal,d18:1,23:0
15148,9.8,0,2300,23,0,Gal,d18:1,23:0
15149,10.0,0,2300,23,0,Gal,d18:1,23:0
15150,-10.0,0,2400,23,0,Gal,d18:1,23:0
15151,-9.8,0,2400,23,0,Gal,d18:1,23:0
15152,-9.6,0,2400,23,0,Gal,d18:1,23:0
15153,-9.4,0,2400,23,0,Gal,d18:1,23:0
15154,-9.2,0,2400,23,0,Gal,d18:1,23:0
15155,-9.0,0,2400,23,0,Gal,d18:1,23:0
15156,-8.8,0,2400,23,0,Gal,d18:1,23:0
15157,-8.6,0,2400,23,0,Gal,d18:1,23:0
15158,-8.4,0,2400,23,0,Gal,d18:1,23:0
15159,-8.2,0,2400,23,0,Gal,d18:1,23:0
15160,-8.0,0,2400,23,0,Gal,d18:1,23:0
15161,-7.8,0,2400,23,0,Gal,d18:1,23:0
15162,-7.6,0,2400,23,0,Gal,d18:1,23:0
15163,-7.4,0,2400,23,0,Gal,d18:1,23:0
15164,-7.2,0,2400,23,0,Gal,d18:1,23:0
15165,-7.0,0,2400,23,0,Gal,d18:1,23:0
15166,-6.8,0,2400,23,0,Gal,d18:1,23:0
15167,-6.6,0,2400,23,0,Gal,d18:1,23:0
15168,-6.4,0,2400,23,0,Gal,d18:1,23:0
15169,-6.2,0,2400,23,0,Gal,d18:1,23:0
15170,-6.0,0,2400,23,0,Gal,d18:1,23:0
15171,-5.8,0,2400,23,0,Gal,d18:1,23:0
15172,-5.6,0,2400,23,0,Gal,d18:1,23:0
15173,-5.4,0,2400,23,0,Gal,d18:1,23:0
15174,-5.2,0,2400,23,0,Gal,d18:1,23:0
15175,-5.0,0,2400,23,0,Gal,d18:1,23:0
15176,-4.8,0,2400,23,0,Gal,d18:1,23:0
15177,-4.6,0,2400,23,0,Gal,d18:1,23:0
15178,-4.4,0,2400,23,0,Gal,d18:1,23:0
15179,-4.2,0,2400,23,0,Gal,d18:1,23:0
15180,-4.0,0,2400,23,0,Gal,d18:1,23:0
15181,-3.8,0,2400,23,0,Gal,d18:1,23:0
15182,-3.6,0,2400,23,0,Gal,d18:1,23:0
15183,-3.4,0,2400,23,0,Gal,d18:1,23:0
15184,-3.2,0,2400,23,0,Gal,d18:1,23:0
15185,-3.0,0,2400,23,0,Gal,d18:1,23:0
15186,-2.8,0,2400,23,0,Gal,d18:1,23:0
15187,-2.6,0,2400,23,0,Gal,d18:1,23:0
15188,-2.4,0,2400,23,0,Gal,d18:1,23:0
15189,-2.2,0,2400,23,0,Gal,d18:1,23:0
15190,-2.0,40,2400,23,0,Gal,d18:1,23:0
15191,-1.8,0,2400,23,0,Gal,d18:1,23:0
15192,-1.6,20,2400,23,0,Gal,d18:1,23:0
15193,-1.4,140,2400,23,0,Gal,d18:1,23:0
15194,-1.2,680,2400,23,0,Gal,d18:1,23:0
15195,-1.0,2000,2400,23,0,Gal,d18:1,23:0
15196,-0.8,4140,2400,23,0,Gal,d18:1,23:0
15197,-0.6,7520,2400,23,0,Gal,d18:1,23:0
15198,-0.4,9960,2400,23,0,Gal,d18:1,23:0
15199,-0.2,9360,2400,23,0,Gal,d18:1,23:0
15200,0.0,11280,2400,23,0,Gal,d18:1,23:0
15201,0.2,8900,2400,23,0,Gal,d18:1,23:0
15202,0.4,8040,2400,23,0,Gal,d18:1,23:0
15203,0.6,4880,2400,23,0,Gal,d18:1,23:0
15204,0.8,2700,2400,23,0,Gal,d18:1,23:0
15205,1.0,1240,2400,23,0,Gal,d18:1,23:0
15206,1.2,760,2400,23,0,Gal,d18:1,23:0
15207,1.4,100,2400,23,0,Gal,d18:1,23:0
15208,1.6,140,2400,23,0,Gal,d18:1,23:0
15209,1.8,0,2400,23,0,Gal,d18:1,23:0
15210,2.0,0,2400,23,0,Gal,d18:1,23:0
15211,2.2,0,2400,23,0,Gal,d18:1,23:0
15212,2.4,0,2400,23,0,Gal,d18:1,23:0
15213,2.6,0,2400,23,0,Gal,d18:1,23:0
15214,2.8,0,2400,23,0,Gal,d18:1,23:0
15215,3.0,0,2400,23,0,Gal,d18:1,23:0
15216,3.2,0,2400,23,0,Gal,d18:1,23:0
15217,3.4,0,2400,23,0,Gal,d18:1,23:0
15218,3.6,0,2400,23,0,Gal,d18:1,23:0
15219,3.8,0,2400,23,0,Gal,d18:1,23:0
15220,4.0,0,2400,23,0,Gal,d18:1,23:0
15221,4.2,0,2400,23,0,Gal,d18:1,23:0
15222,4.4,0,2400,23,0,Gal,d18:1,23:0
15223,4.6,0,2400,23,0,Gal,d18:1,23:0
15224,4.8,0,2400,23,0,Gal,d18:1,23:0
15225,5.0,0,2400,23,0,Gal,d18:1,23:0
15226,5.2,0,2400,23,0,Gal,d18:1,23:0
15227,5.4,0,2400,23,0,Gal,d18:1,23:0
15228,5.6,0,2400,23,0,Gal,d18:1,23:0
15229,5.8,0,2400,23,0,Gal,d18:1,23:0
15230,6.0,0,2400,23,0,Gal,d18:1,23:0
15231,6.2,0,2400,23,0,Gal,d18:1,23:0
15232,6.4,0,2400,23,0,Gal,d18:1,23:0
15233,6.6,0,2400,23,0,Gal,d18:1,23:0
15234,6.8,0,2400,23,0,Gal,d18:1,23:0
15235,7.0,0,2400,23,0,Gal,d18:1,23:0
15236,7.2,0,2400,23,0,Gal,d18:1,23:0
15237,7.4,0,2400,23,0,Gal,d18:1,23:0
15238,7.6,0,2400,23,0,Gal,d18:1,23:0
15239,7.8,0,2400,23,0,Gal,d18:1,23:0
15240,8.0,0,2400,23,0,Gal,d18:1,23:0
15241,8.2,0,2400,23,0,Gal,d18:1,23:0
15242,8.4,0,2400,23,0,Gal,d18:1,23:0
15243,8.6,0,2400,23,0,Gal,d18:1,23:0
15244,8.8,0,2400,23,0,Gal,d18:1,23:0
15245,9.0,0,2400,23,0,Gal,d18:1,23:0
15246,9.2,0,2400,23,0,Gal,d18:1,23:0
15247,9.4,0,2400,23,0,Gal,d18:1,23:0
15248,9.6,0,2400,23,0,Gal,d18:1,23:0
15249,9.8,0,2400,23,0,Gal,d18:1,23:0
15250,10.0,0,2400,23,0,Gal,d18:1,23:0
15251,-10.0,0,2500,23,0,Gal,d18:1,23:0
15252,-9.8,0,2500,23,0,Gal,d18:1,23:0
15253,-9.6,0,2500,23,0,Gal,d18:1,23:0
15254,-9.4,0,2500,23,0,Gal,d18:1,23:0
15255,-9.2,0,2500,23,0,Gal,d18:1,23:0
15256,-9.0,0,2500,23,0,Gal,d18:1,23:0
15257,-8.8,0,2500,23,0,Gal,d18:1,23:0
15258,-8.6,0,2500,23,0,Gal,d18:1,23:0
15259,-8.4,0,2500,23,0,Gal,d18:1,23:0
15260,-8.2,0,2500,23,0,Gal,d18:1,23:0
15261,-8.0,0,2500,23,0,Gal,d18:1,23:0
15262,-7.8,0,2500,23,0,Gal,d18:1,23:0
15263,-7.6,0,2500,23,0,Gal,d18:1,23:0
15264,-7.4,0,2500,23,0,Gal,d18:1,23:0
15265,-7.2,0,2500,23,0,Gal,d18:1,23:0
15266,-7.0,0,2500,23,0,Gal,d18:1,23:0
15267,-6.8,0,2500,23,0,Gal,d18:1,23:0
15268,-6.6,0,2500,23,0,Gal,d18:1,23:0
15269,-6.4,0,2500,23,0,Gal,d18:1,23:0
15270,-6.2,0,2500,23,0,Gal,d18:1,23:0
15271,-6.0,0,2500,23,0,Gal,d18:1,23:0
15272,-5.8,0,2500,23,0,Gal,d18:1,23:0
15273,-5.6,0,2500,23,0,Gal,d18:1,23:0
15274,-5.4,0,2500,23,0,Gal,d18:1,23:0
15275,-5.2,0,2500,23,0,Gal,d18:1,23:0
15276,-5.0,0,2500,23,0,Gal,d18:1,23:0
15277,-4.8,0,2500,23,0,Gal,d18:1,23:0
15278,-4.6,0,2500,23,0,Gal,d18:1,23:0
15279,-4.4,0,2500,23,0,Gal,d18:1,23:0
15280,-4.2,0,2500,23,0,Gal,d18:1,23:0
15281,-4.0,0,2500,23,0,Gal,d18:1,23:0
15282,-3.8,0,2500,23,0,Gal,d18:1,23:0
15283,-3.6,0,2500,23,0,Gal,d18:1,23:0
15284,-3.4,0,2500,23,0,Gal,d18:1,23:0
15285,-3.2,0,2500,23,0,Gal,d18:1,23:0
15286,-3.0,0,2500,23,0,Gal,d18:1,23:0
15287,-2.8,0,2500,23,0,Gal,d18:1,23:0
15288,-2.6,0,2500,23,0,Gal,d18:1,23:0
15289,-2.4,0,2500,23,0,Gal,d18:1,23:0
15290,-2.2,0,2500,23,0,Gal,d18:1,23:0
15291,-2.0,40,2500,23,0,Gal,d18:1,23:0
15292,-1.8,40,2500,23,0,Gal,d18:1,23:0
15293,-1.6,100,2500,23,0,Gal,d18:1,23:0
15294,-1.4,240,2500,23,0,Gal,d18:1,23:0
15295,-1.2,380,2500,23,0,Gal,d18:1,23:0
15296,-1.0,1160,2500,23,0,Gal,d18:1,23:0
15297,-0.8,2560,2500,23,0,Gal,d18:1,23:0
15298,-0.6,6860,2500,23,0,Gal,d18:1,23:0
15299,-0.4,8920,2500,23,0,Gal,d18:1,23:0
15300,-0.2,11400,2500,23,0,Gal,d18:1,23:0
15301,0.0,8940,2500,23,0,Gal,d18:1,23:0
15302,0.2,7960,2500,23,0,Gal,d18:1,23:0
15303,0.4,5820,2500,23,0,Gal,d18:1,23:0
15304,0.6,4100,2500,23,0,Gal,d18:1,23:0
15305,0.8,3100,2500,23,0,Gal,d18:1,23:0
15306,1.0,1420,2500,23,0,Gal,d18:1,23:0
15307,1.2,660,2500,23,0,Gal,d18:1,23:0
15308,1.4,180,2500,23,0,Gal,d18:1,23:0
15309,1.6,40,2500,23,0,Gal,d18:1,23:0
15310,1.8,80,2500,23,0,Gal,d18:1,23:0
15311,2.0,0,2500,23,0,Gal,d18:1,23:0
15312,2.2,0,2500,23,0,Gal,d18:1,23:0
15313,2.4,0,2500,23,0,Gal,d18:1,23:0
15314,2.6,0,2500,23,0,Gal,d18:1,23:0
15315,2.8,0,2500,23,0,Gal,d18:1,23:0
15316,3.0,0,2500,23,0,Gal,d18:1,23:0
15317,3.2,0,2500,23,0,Gal,d18:1,23:0
15318,3.4,0,2500,23,0,Gal,d18:1,23:0
15319,3.6,0,2500,23,0,Gal,d18:1,23:0
15320,3.8,0,2500,23,0,Gal,d18:1,23:0
15321,4.0,0,2500,23,0,Gal,d18:1,23:0
15322,4.2,0,2500,23,0,Gal,d18:1,23:0
15323,4.4,0,2500,23,0,Gal,d18:1,23:0
15324,4.6,0,2500,23,0,Gal,d18:1,23:0
15325,4.8,0,2500,23,0,Gal,d18:1,23:0
15326,5.0,0,2500,23,0,Gal,d18:1,23:0
15327,5.2,0,2500,23,0,Gal,d18:1,23:0
15328,5.4,0,2500,23,0,Gal,d18:1,23:0
15329,5.6,0,2500,23,0,Gal,d18:1,23:0
15330,5.8,0,2500,23,0,Gal,d18:1,23:0
15331,6.0,0,2500,23,0,Gal,d18:1,23:0
15332,6.2,0,2500,23,0,Gal,d18:1,23:0
15333,6.4,0,2500,23,0,Gal,d18:1,23:0
15334,6.6,0,2500,23,0,Gal,d18:1,23:0
15335,6.8,0,2500,23,0,Gal,d18:1,23:0
15336,7.0,0,2500,23,0,Gal,d18:1,23:0
15337,7.2,0,2500,23,0,Gal,d18:1,23:0
15338,7.4,0,2500,23,0,Gal,d18:1,23:0
15339,7.6,0,2500,23,0,Gal,d18:1,23:0
15340,7.8,0,2500,23,0,Gal,d18:1,23:0
15341,8.0,0,2500,23,0,Gal,d18:1,23:0
15342,8.2,0,2500,23,0,Gal,d18:1,23:0
15343,8.4,0,2500,23,0,Gal,d18:1,23:0
15344,8.6,0,2500,23,0,Gal,d18:1,23:0
15345,8.8,0,2500,23,0,Gal,d18:1,23:0
15346,9.0,0,2500,23,0,Gal,d18:1,23:0
15347,9.2,0,2500,23,0,Gal,d18:1,23:0
15348,9.4,0,2500,23,0,Gal,d18:1,23:0
15349,9.6,0,2500,23,0,Gal,d18:1,23:0
15350,9.8,0,2500,23,0,Gal,d18:1,23:0
15351,10.0,0,2500,23,0,Gal,d18:1,23:0
15352,-10.0,0,2600,23,0,Gal,d18:1,23:0
15353,-9.8,0,2600,23,0,Gal,d18:1,23:0
15354,-9.6,0,2600,23,0,Gal,d18:1,23:0
15355,-9.4,0,2600,23,0,Gal,d18:1,23:0
15356,-9.2,0,2600,23,0,Gal,d18:1,23:0
15357,-9.0,0,2600,23,0,Gal,d18:1,23:0
15358,-8.8,0,2600,23,0,Gal,d18:1,23:0
15359,-8.6,0,2600,23,0,Gal,d18:1,23:0
15360,-8.4,0,2600,23,0,Gal,d18:1,23:0
15361,-8.2,0,2600,23,0,Gal,d18:1,23:0
15362,-8.0,0,2600,23,0,Gal,d18:1,23:0
15363,-7.8,0,2600,23,0,Gal,d18:1,23:0
15364,-7.6,0,2600,23,0,Gal,d18:1,23:0
15365,-7.4,0,2600,23,0,Gal,d18:1,23:0
15366,-7.2,0,2600,23,0,Gal,d18:1,23:0
15367,-7.0,0,2600,23,0,Gal,d18:1,23:0
15368,-6.8,0,2600,23,0,Gal,d18:1,23:0
15369,-6.6,0,2600,23,0,Gal,d18:1,23:0
15370,-6.4,0,2600,23,0,Gal,d18:1,23:0
15371,-6.2,0,2600,23,0,Gal,d18:1,23:0
15372,-6.0,0,2600,23,0,Gal,d18:1,23:0
15373,-5.8,0,2600,23,0,Gal,d18:1,23:0
15374,-5.6,0,2600,23,0,Gal,d18:1,23:0
15375,-5.4,0,2600,23,0,Gal,d18:1,23:0
15376,-5.2,0,2600,23,0,Gal,d18:1,23:0
15377,-5.0,0,2600,23,0,Gal,d18:1,23:0
15378,-4.8,0,2600,23,0,Gal,d18:1,23:0
15379,-4.6,0,2600,23,0,Gal,d18:1,23:0
15380,-4.4,0,2600,23,0,Gal,d18:1,23:0
15381,-4.2,0,2600,23,0,Gal,d18:1,23:0
15382,-4.0,0,2600,23,0,Gal,d18:1,23:0
15383,-3.8,0,2600,23,0,Gal,d18:1,23:0
15384,-3.6,0,2600,23,0,Gal,d18:1,23:0
15385,-3.4,0,2600,23,0,Gal,d18:1,23:0
15386,-3.2,0,2600,23,0,Gal,d18:1,23:0
15387,-3.0,0,2600,23,0,Gal,d18:1,23:0
15388,-2.8,0,2600,23,0,Gal,d18:1,23:0
15389,-2.6,0,2600,23,0,Gal,d18:1,23:0
15390,-2.4,0,2600,23,0,Gal,d18:1,23:0
15391,-2.2,0,2600,23,0,Gal,d18:1,23:0
15392,-2.0,0,2600,23,0,Gal,d18:1,23:0
15393,-1.8,20,2600,23,0,Gal,d18:1,23:0
15394,-1.6,40,2600,23,0,Gal,d18:1,23:0
15395,-1.4,220,2600,23,0,Gal,d18:1,23:0
15396,-1.2,580,2600,23,0,Gal,d18:1,23:0
15397,-1.0,1460,2600,23,0,Gal,d18:1,23:0
15398,-0.8,3120,2600,23,0,Gal,d18:1,23:0
15399,-0.6,5920,2600,23,0,Gal,d18:1,23:0
15400,-0.4,8700,2600,23,0,Gal,d18:1,23:0
15401,-0.2,9560,2600,23,0,Gal,d18:1,23:0
15402,0.0,10840,2600,23,0,Gal,d18:1,23:0
15403,0.2,9020,2600,23,0,Gal,d18:1,23:0
15404,0.4,7880,2600,23,0,Gal,d18:1,23:0
15405,0.6,5260,2600,23,0,Gal,d18:1,23:0
15406,0.8,3040,2600,23,0,Gal,d18:1,23:0
15407,1.0,1000,2600,23,0,Gal,d18:1,23:0
15408,1.2,480,2600,23,0,Gal,d18:1,23:0
15409,1.4,400,2600,23,0,Gal,d18:1,23:0
15410,1.6,120,2600,23,0,Gal,d18:1,23:0
15411,1.8,40,2600,23,0,Gal,d18:1,23:0
15412,2.0,40,2600,23,0,Gal,d18:1,23:0
15413,2.2,0,2600,23,0,Gal,d18:1,23:0
15414,2.4,0,2600,23,0,Gal,d18:1,23:0
15415,2.6,0,2600,23,0,Gal,d18:1,23:0
15416,2.8,0,2600,23,0,Gal,d18:1,23:0
15417,3.0,0,2600,23,0,Gal,d18:1,23:0
15418,3.2,0,2600,23,0,Gal,d18:1,23:0
15419,3.4,0,2600,23,0,Gal,d18:1,23:0
15420,3.6,0,2600,23,0,Gal,d18:1,23:0
15421,3.8,0,2600,23,0,Gal,d18:1,23:0
15422,4.0,0,2600,23,0,Gal,d18:1,23:0
15423,4.2,0,2600,23,0,Gal,d18:1,23:0
15424,4.4,0,2600,23,0,Gal,d18:1,23:0
15425,4.6,0,2600,23,0,Gal,d18:1,23:0
15426,4.8,0,2600,23,0,Gal,d18:1,23:0
15427,5.0,0,2600,23,0,Gal,d18:1,23:0
15428,5.2,0,2600,23,0,Gal,d18:1,23:0
15429,5.4,0,2600,23,0,Gal,d18:1,23:0
15430,5.6,0,2600,23,0,Gal,d18:1,23:0
15431,5.8,0,2600,23,0,Gal,d18:1,23:0
15432,6.0,0,2600,23,0,Gal,d18:1,23:0
15433,6.2,0,2600,23,0,Gal,d18:1,23:0
15434,6.4,0,2600,23,0,Gal,d18:1,23:0
15435,6.6,0,2600,23,0,Gal,d18:1,23:0
15436,6.8,0,2600,23,0,Gal,d18:1,23:0
15437,7.0,0,2600,23,0,Gal,d18:1,23:0
15438,7.2,0,2600,23,0,Gal,d18:1,23:0
15439,7.4,0,2600,23,0,Gal,d18:1,23:0
15440,7.6,0,2600,23,0,Gal,d18:1,23:0
15441,7.8,0,2600,23,0,Gal,d18:1,23:0
15442,8.0,0,2600,23,0,Gal,d18:1,23:0
15443,8.2,0,2600,23,0,Gal,d18:1,23:0
15444,8.4,0,2600,23,0,Gal,d18:1,23:0
15445,8.6,0,2600,23,0,Gal,d18:1,23:0
15446,8.8,0,2600,23,0,Gal,d18:1,23:0
15447,9.0,0,2600,23,0,Gal,d18:1,23:0
15448,9.2,0,2600,23,0,Gal,d18:1,23:0
15449,9.4,0,2600,23,0,Gal,d18:1,23:0
15450,9.6,0,2600,23,0,Gal,d18:1,23:0
15451,9.8,0,2600,23,0,Gal,d18:1,23:0
15452,10.0,0,2600,23,0,Gal,d18:1,23:0
15453,-10.0,0,2700,23,0,Gal,d18:1,23:0
15454,-9.8,0,2700,23,0,Gal,d18:1,23:0
15455,-9.6,0,2700,23,0,Gal,d18:1,23:0
15456,-9.4,0,2700,23,0,Gal,d18:1,23:0
15457,-9.2,0,2700,23,0,Gal,d18:1,23:0
15458,-9.0,0,2700,23,0,Gal,d18:1,23:0
15459,-8.8,0,2700,23,0,Gal,d18:1,23:0
15460,-8.6,0,2700,23,0,Gal,d18:1,23:0
15461,-8.4,0,2700,23,0,Gal,d18:1,23:0
15462,-8.2,0,2700,23,0,Gal,d18:1,23:0
15463,-8.0,0,2700,23,0,Gal,d18:1,23:0
15464,-7.8,0,2700,23,0,Gal,d18:1,23:0
15465,-7.6,0,2700,23,0,Gal,d18:1,23:0
15466,-7.4,0,2700,23,0,Gal,d18:1,23:0
15467,-7.2,0,2700,23,0,Gal,d18:1,23:0
15468,-7.0,0,2700,23,0,Gal,d18:1,23:0
15469,-6.8,0,2700,23,0,Gal,d18:1,23:0
15470,-6.6,0,2700,23,0,Gal,d18:1,23:0
15471,-6.4,0,2700,23,0,Gal,d18:1,23:0
15472,-6.2,0,2700,23,0,Gal,d18:1,23:0
15473,-6.0,0,2700,23,0,Gal,d18:1,23:0
15474,-5.8,0,2700,23,0,Gal,d18:1,23:0
15475,-5.6,0,2700,23,0,Gal,d18:1,23:0
15476,-5.4,0,2700,23,0,Gal,d18:1,23:0
15477,-5.2,0,2700,23,0,Gal,d18:1,23:0
15478,-5.0,0,2700,23,0,Gal,d18:1,23:0
15479,-4.8,0,2700,23,0,Gal,d18:1,23:0
15480,-4.6,0,2700,23,0,Gal,d18:1,23:0
15481,-4.4,0,2700,23,0,Gal,d18:1,23:0
15482,-4.2,0,2700,23,0,Gal,d18:1,23:0
15483,-4.0,0,2700,23,0,Gal,d18:1,23:0
15484,-3.8,0,2700,23,0,Gal,d18:1,23:0
15485,-3.6,0,2700,23,0,Gal,d18:1,23:0
15486,-3.4,0,2700,23,0,Gal,d18:1,23:0
15487,-3.2,0,2700,23,0,Gal,d18:1,23:0
15488,-3.0,0,2700,23,0,Gal,d18:1,23:0
15489,-2.8,0,2700,23,0,Gal,d18:1,23:0
15490,-2.6,0,2700,23,0,Gal,d18:1,23:0
15491,-2.4,0,2700,23,0,Gal,d18:1,23:0
15492,-2.2,0,2700,23,0,Gal,d18:1,23:0
15493,-2.0,0,2700,23,0,Gal,d18:1,23:0
15494,-1.8,60,2700,23,0,Gal,d18:1,23:0
15495,-1.6,60,2700,23,0,Gal,d18:1,23:0
15496,-1.4,140,2700,23,0,Gal,d18:1,23:0
15497,-1.2,320,2700,23,0,Gal,d18:1,23:0
15498,-1.0,460,2700,23,0,Gal,d18:1,23:0
15499,-0.8,1020,2700,23,0,Gal,d18:1,23:0
15500,-0.6,2580,2700,23,0,Gal,d18:1,23:0
15501,-0.4,6420,2700,23,0,Gal,d18:1,23:0
15502,-0.2,10200,2700,23,0,Gal,d18:1,23:0
15503,0.0,12920,2700,23,0,Gal,d18:1,23:0
15504,0.2,12680,2700,23,0,Gal,d18:1,23:0
15505,0.4,10240,2700,23,0,Gal,d18:1,23:0
15506,0.6,9200,2700,23,0,Gal,d18:1,23:0
15507,0.8,5480,2700,23,0,Gal,d18:1,23:0
15508,1.0,5260,2700,23,0,Gal,d18:1,23:0
15509,1.2,2880,2700,23,0,Gal,d18:1,23:0
15510,1.4,1100,2700,23,0,Gal,d18:1,23:0
15511,1.6,140,2700,23,0,Gal,d18:1,23:0
15512,1.8,280,2700,23,0,Gal,d18:1,23:0
15513,2.0,120,2700,23,0,Gal,d18:1,23:0
15514,2.2,20,2700,23,0,Gal,d18:1,23:0
15515,2.4,40,2700,23,0,Gal,d18:1,23:0
15516,2.6,0,2700,23,0,Gal,d18:1,23:0
15517,2.8,0,2700,23,0,Gal,d18:1,23:0
15518,3.0,0,2700,23,0,Gal,d18:1,23:0
15519,3.2,0,2700,23,0,Gal,d18:1,23:0
15520,3.4,0,2700,23,0,Gal,d18:1,23:0
15521,3.6,0,2700,23,0,Gal,d18:1,23:0
15522,3.8,0,2700,23,0,Gal,d18:1,23:0
15523,4.0,0,2700,23,0,Gal,d18:1,23:0
15524,4.2,0,2700,23,0,Gal,d18:1,23:0
15525,4.4,0,2700,23,0,Gal,d18:1,23:0
15526,4.6,0,2700,23,0,Gal,d18:1,23:0
15527,4.8,0,2700,23,0,Gal,d18:1,23:0
15528,5.0,0,2700,23,0,Gal,d18:1,23:0
15529,5.2,0,2700,23,0,Gal,d18:1,23:0
15530,5.4,0,2700,23,0,Gal,d18:1,23:0
15531,5.6,0,2700,23,0,Gal,d18:1,23:0
15532,5.8,0,2700,23,0,Gal,d18:1,23:0
15533,6.0,0,2700,23,0,Gal,d18:1,23:0
15534,6.2,0,2700,23,0,Gal,d18:1,23:0
15535,6.4,0,2700,23,0,Gal,d18:1,23:0
15536,6.6,0,2700,23,0,Gal,d18:1,23:0
15537,6.8,0,2700,23,0,Gal,d18:1,23:0
15538,7.0,0,2700,23,0,Gal,d18:1,23:0
15539,7.2,0,2700,23,0,Gal,d18:1,23:0
15540,7.4,0,2700,23,0,Gal,d18:1,23:0
15541,7.6,0,2700,23,0,Gal,d18:1,23:0
15542,7.8,0,2700,23,0,Gal,d18:1,23:0
15543,8.0,0,2700,23,0,Gal,d18:1,23:0
15544,8.2,0,2700,23,0,Gal,d18:1,23:0
15545,8.4,0,2700,23,0,Gal,d18:1,23:0
15546,8.6,0,2700,23,0,Gal,d18:1,23:0
15547,8.8,0,2700,23,0,Gal,d18:1,23:0
15548,9.0,0,2700,23,0,Gal,d18:1,23:0
15549,9.2,0,2700,23,0,Gal,d18:1,23:0
15550,9.4,0,2700,23,0,Gal,d18:1,23:0
15551,9.6,0,2700,23,0,Gal,d18:1,23:0
15552,9.8,0,2700,23,0,Gal,d18:1,23:0
15553,10.0,0,2700,23,0,Gal,d18:1,23:0
15554,-10.0,0,2800,23,0,Gal,d18:1,23:0
15555,-9.8,0,2800,23,0,Gal,d18:1,23:0
15556,-9.6,0,2800,23,0,Gal,d18:1,23:0
15557,-9.4,0,2800,23,0,Gal,d18:1,23:0
15558,-9.2,0,2800,23,0,Gal,d18:1,23:0
15559,-9.0,0,2800,23,0,Gal,d18:1,23:0
15560,-8.8,0,2800,23,0,Gal,d18:1,23:0
15561,-8.6,0,2800,23,0,Gal,d18:1,23:0
15562,-8.4,0,2800,23,0,Gal,d18:1,23:0
15563,-8.2,0,2800,23,0,Gal,d18:1,23:0
15564,-8.0,0,2800,23,0,Gal,d18:1,23:0
15565,-7.8,0,2800,23,0,Gal,d18:1,23:0
15566,-7.6,0,2800,23,0,Gal,d18:1,23:0
15567,-7.4,0,2800,23,0,Gal,d18:1,23:0
15568,-7.2,0,2800,23,0,Gal,d18:1,23:0
15569,-7.0,0,2800,23,0,Gal,d18:1,23:0
15570,-6.8,0,2800,23,0,Gal,d18:1,23:0
15571,-6.6,0,2800,23,0,Gal,d18:1,23:0
15572,-6.4,0,2800,23,0,Gal,d18:1,23:0
15573,-6.2,0,2800,23,0,Gal,d18:1,23:0
15574,-6.0,0,2800,23,0,Gal,d18:1,23:0
15575,-5.8,0,2800,23,0,Gal,d18:1,23:0
15576,-5.6,0,2800,23,0,Gal,d18:1,23:0
15577,-5.4,0,2800,23,0,Gal,d18:1,23:0
15578,-5.2,0,2800,23,0,Gal,d18:1,23:0
15579,-5.0,0,2800,23,0,Gal,d18:1,23:0
15580,-4.8,0,2800,23,0,Gal,d18:1,23:0
15581,-4.6,0,2800,23,0,Gal,d18:1,23:0
15582,-4.4,0,2800,23,0,Gal,d18:1,23:0
15583,-4.2,0,2800,23,0,Gal,d18:1,23:0
15584,-4.0,0,2800,23,0,Gal,d18:1,23:0
15585,-3.8,0,2800,23,0,Gal,d18:1,23:0
15586,-3.6,0,2800,23,0,Gal,d18:1,23:0
15587,-3.4,0,2800,23,0,Gal,d18:1,23:0
15588,-3.2,0,2800,23,0,Gal,d18:1,23:0
15589,-3.0,0,2800,23,0,Gal,d18:1,23:0
15590,-2.8,0,2800,23,0,Gal,d18:1,23:0
15591,-2.6,0,2800,23,0,Gal,d18:1,23:0
15592,-2.4,0,2800,23,0,Gal,d18:1,23:0
15593,-2.2,0,2800,23,0,Gal,d18:1,23:0
15594,-2.0,0,2800,23,0,Gal,d18:1,23:0
15595,-1.8,0,2800,23,0,Gal,d18:1,23:0
15596,-1.6,0,2800,23,0,Gal,d18:1,23:0
15597,-1.4,240,2800,23,0,Gal,d18:1,23:0
15598,-1.2,200,2800,23,0,Gal,d18:1,23:0
15599,-1.0,320,2800,23,0,Gal,d18:1,23:0
15600,-0.8,740,2800,23,0,Gal,d18:1,23:0
15601,-0.6,2860,2800,23,0,Gal,d18:1,23:0
15602,-0.4,5020,2800,23,0,Gal,d18:1,23:0
15603,-0.2,9300,2800,23,0,Gal,d18:1,23:0
15604,0.0,14060,2800,23,0,Gal,d18:1,23:0
15605,0.2,12360,2800,23,0,Gal,d18:1,23:0
15606,0.4,12160,2800,23,0,Gal,d18:1,23:0
15607,0.6,10580,2800,23,0,Gal,d18:1,23:0
15608,0.8,7060,2800,23,0,Gal,d18:1,23:0
15609,1.0,3180,2800,23,0,Gal,d18:1,23:0
15610,1.2,2000,2800,23,0,Gal,d18:1,23:0
15611,1.4,1060,2800,23,0,Gal,d18:1,23:0
15612,1.6,360,2800,23,0,Gal,d18:1,23:0
15613,1.8,160,2800,23,0,Gal,d18:1,23:0
15614,2.0,80,2800,23,0,Gal,d18:1,23:0
15615,2.2,40,2800,23,0,Gal,d18:1,23:0
15616,2.4,80,2800,23,0,Gal,d18:1,23:0
15617,2.6,0,2800,23,0,Gal,d18:1,23:0
15618,2.8,40,2800,23,0,Gal,d18:1,23:0
15619,3.0,20,2800,23,0,Gal,d18:1,23:0
15620,3.2,0,2800,23,0,Gal,d18:1,23:0
15621,3.4,0,2800,23,0,Gal,d18:1,23:0
15622,3.6,0,2800,23,0,Gal,d18:1,23:0
15623,3.8,0,2800,23,0,Gal,d18:1,23:0
15624,4.0,0,2800,23,0,Gal,d18:1,23:0
15625,4.2,0,2800,23,0,Gal,d18:1,23:0
15626,4.4,0,2800,23,0,Gal,d18:1,23:0
15627,4.6,20,2800,23,0,Gal,d18:1,23:0
15628,4.8,0,2800,23,0,Gal,d18:1,23:0
15629,5.0,0,2800,23,0,Gal,d18:1,23:0
15630,5.2,0,2800,23,0,Gal,d18:1,23:0
15631,5.4,0,2800,23,0,Gal,d18:1,23:0
15632,5.6,0,2800,23,0,Gal,d18:1,23:0
15633,5.8,0,2800,23,0,Gal,d18:1,23:0
15634,6.0,0,2800,23,0,Gal,d18:1,23:0
15635,6.2,0,2800,23,0,Gal,d18:1,23:0
15636,6.4,0,2800,23,0,Gal,d18:1,23:0
15637,6.6,0,2800,23,0,Gal,d18:1,23:0
15638,6.8,0,2800,23,0,Gal,d18:1,23:0
15639,7.0,0,2800,23,0,Gal,d18:1,23:0
15640,7.2,0,2800,23,0,Gal,d18:1,23:0
15641,7.4,0,2800,23,0,Gal,d18:1,23:0
15642,7.6,0,2800,23,0,Gal,d18:1,23:0
15643,7.8,0,2800,23,0,Gal,d18:1,23:0
15644,8.0,0,2800,23,0,Gal,d18:1,23:0
15645,8.2,0,2800,23,0,Gal,d18:1,23:0
15646,8.4,0,2800,23,0,Gal,d18:1,23:0
15647,8.6,0,2800,23,0,Gal,d18:1,23:0
15648,8.8,0,2800,23,0,Gal,d18:1,23:0
15649,9.0,0,2800,23,0,Gal,d18:1,23:0
15650,9.2,0,2800,23,0,Gal,d18:1,23:0
15651,9.4,0,2800,23,0,Gal,d18:1,23:0
15652,9.6,0,2800,23,0,Gal,d18:1,23:0
15653,9.8,0,2800,23,0,Gal,d18:1,23:0
15654,10.0,0,2800,23,0,Gal,d18:1,23:0
15655,-10.0,0,2900,23,0,Gal,d18:1,23:0
15656,-9.8,0,2900,23,0,Gal,d18:1,23:0
15657,-9.6,0,2900,23,0,Gal,d18:1,23:0
15658,-9.4,0,2900,23,0,Gal,d18:1,23:0
15659,-9.2,0,2900,23,0,Gal,d18:1,23:0
15660,-9.0,0,2900,23,0,Gal,d18:1,23:0
15661,-8.8,0,2900,23,0,Gal,d18:1,23:0
15662,-8.6,0,2900,23,0,Gal,d18:1,23:0
15663,-8.4,0,2900,23,0,Gal,d18:1,23:0
15664,-8.2,0,2900,23,0,Gal,d18:1,23:0
15665,-8.0,0,2900,23,0,Gal,d18:1,23:0
15666,-7.8,0,2900,23,0,Gal,d18:1,23:0
15667,-7.6,0,2900,23,0,Gal,d18:1,23:0
15668,-7.4,0,2900,23,0,Gal,d18:1,23:0
15669,-7.2,0,2900,23,0,Gal,d18:1,23:0
15670,-7.0,0,2900,23,0,Gal,d18:1,23:0
15671,-6.8,0,2900,23,0,Gal,d18:1,23:0
15672,-6.6,0,2900,23,0,Gal,d18:1,23:0
15673,-6.4,0,2900,23,0,Gal,d18:1,23:0
15674,-6.2,0,2900,23,0,Gal,d18:1,23:0
15675,-6.0,0,2900,23,0,Gal,d18:1,23:0
15676,-5.8,0,2900,23,0,Gal,d18:1,23:0
15677,-5.6,0,2900,23,0,Gal,d18:1,23:0
15678,-5.4,0,2900,23,0,Gal,d18:1,23:0
15679,-5.2,0,2900,23,0,Gal,d18:1,23:0
15680,-5.0,0,2900,23,0,Gal,d18:1,23:0
15681,-4.8,0,2900,23,0,Gal,d18:1,23:0
15682,-4.6,0,2900,23,0,Gal,d18:1,23:0
15683,-4.4,0,2900,23,0,Gal,d18:1,23:0
15684,-4.2,0,2900,23,0,Gal,d18:1,23:0
15685,-4.0,0,2900,23,0,Gal,d18:1,23:0
15686,-3.8,0,2900,23,0,Gal,d18:1,23:0
15687,-3.6,0,2900,23,0,Gal,d18:1,23:0
15688,-3.4,0,2900,23,0,Gal,d18:1,23:0
15689,-3.2,0,2900,23,0,Gal,d18:1,23:0
15690,-3.0,0,2900,23,0,Gal,d18:1,23:0
15691,-2.8,0,2900,23,0,Gal,d18:1,23:0
15692,-2.6,0,2900,23,0,Gal,d18:1,23:0
15693,-2.4,0,2900,23,0,Gal,d18:1,23:0
15694,-2.2,20,2900,23,0,Gal,d18:1,23:0
15695,-2.0,0,2900,23,0,Gal,d18:1,23:0
15696,-1.8,80,2900,23,0,Gal,d18:1,23:0
15697,-1.6,40,2900,23,0,Gal,d18:1,23:0
15698,-1.4,100,2900,23,0,Gal,d18:1,23:0
15699,-1.2,380,2900,23,0,Gal,d18:1,23:0
15700,-1.0,160,2900,23,0,Gal,d18:1,23:0
15701,-0.8,580,2900,23,0,Gal,d18:1,23:0
15702,-0.6,1160,2900,23,0,Gal,d18:1,23:0
15703,-0.4,4280,2900,23,0,Gal,d18:1,23:0
15704,-0.2,8860,2900,23,0,Gal,d18:1,23:0
15705,0.0,11420,2900,23,0,Gal,d18:1,23:0
15706,0.2,14120,2900,23,0,Gal,d18:1,23:0
15707,0.4,11900,2900,23,0,Gal,d18:1,23:0
15708,0.6,11040,2900,23,0,Gal,d18:1,23:0
15709,0.8,9620,2900,23,0,Gal,d18:1,23:0
15710,1.0,5880,2900,23,0,Gal,d18:1,23:0
15711,1.2,3640,2900,23,0,Gal,d18:1,23:0
15712,1.4,1900,2900,23,0,Gal,d18:1,23:0
15713,1.6,700,2900,23,0,Gal,d18:1,23:0
15714,1.8,340,2900,23,0,Gal,d18:1,23:0
15715,2.0,120,2900,23,0,Gal,d18:1,23:0
15716,2.2,120,2900,23,0,Gal,d18:1,23:0
15717,2.4,60,2900,23,0,Gal,d18:1,23:0
15718,2.6,40,2900,23,0,Gal,d18:1,23:0
15719,2.8,20,2900,23,0,Gal,d18:1,23:0
15720,3.0,20,2900,23,0,Gal,d18:1,23:0
15721,3.2,0,2900,23,0,Gal,d18:1,23:0
15722,3.4,0,2900,23,0,Gal,d18:1,23:0
15723,3.6,0,2900,23,0,Gal,d18:1,23:0
15724,3.8,0,2900,23,0,Gal,d18:1,23:0
15725,4.0,0,2900,23,0,Gal,d18:1,23:0
15726,4.2,0,2900,23,0,Gal,d18:1,23:0
15727,4.4,0,2900,23,0,Gal,d18:1,23:0
15728,4.6,0,2900,23,0,Gal,d18:1,23:0
15729,4.8,0,2900,23,0,Gal,d18:1,23:0
15730,5.0,0,2900,23,0,Gal,d18:1,23:0
15731,5.2,0,2900,23,0,Gal,d18:1,23:0
15732,5.4,0,2900,23,0,Gal,d18:1,23:0
15733,5.6,0,2900,23,0,Gal,d18:1,23:0
15734,5.8,0,2900,23,0,Gal,d18:1,23:0
15735,6.0,0,2900,23,0,Gal,d18:1,23:0
15736,6.2,0,2900,23,0,Gal,d18:1,23:0
15737,6.4,0,2900,23,0,Gal,d18:1,23:0
15738,6.6,0,2900,23,0,Gal,d18:1,23:0
15739,6.8,0,2900,23,0,Gal,d18:1,23:0
15740,7.0,0,2900,23,0,Gal,d18:1,23:0
15741,7.2,0,2900,23,0,Gal,d18:1,23:0
15742,7.4,0,2900,23,0,Gal,d18:1,23:0
15743,7.6,0,2900,23,0,Gal,d18:1,23:0
15744,7.8,0,2900,23,0,Gal,d18:1,23:0
15745,8.0,0,2900,23,0,Gal,d18:1,23:0
15746,8.2,0,2900,23,0,Gal,d18:1,23:0
15747,8.4,0,2900,23,0,Gal,d18:1,23:0
15748,8.6,0,2900,23,0,Gal,d18:1,23:0
15749,8.8,0,2900,23,0,Gal,d18:1,23:0
15750,9.0,0,2900,23,0,Gal,d18:1,23:0
15751,9.2,0,2900,23,0,Gal,d18:1,23:0
15752,9.4,0,2900,23,0,Gal,d18:1,23:0
15753,9.6,0,2900,23,0,Gal,d18:1,23:0
15754,9.8,0,2900,23,0,Gal,d18:1,23:0
15755,10.0,0,2900,23,0,Gal,d18:1,23:0
15756,-10.0,0,3000,23,0,Gal,d18:1,23:0
15757,-9.8,0,3000,23,0,Gal,d18:1,23:0
15758,-9.6,0,3000,23,0,Gal,d18:1,23:0
15759,-9.4,0,3000,23,0,Gal,d18:1,23:0
15760,-9.2,0,3000,23,0,Gal,d18:1,23:0
15761,-9.0,0,3000,23,0,Gal,d18:1,23:0
15762,-8.8,0,3000,23,0,Gal,d18:1,23:0
15763,-8.6,0,3000,23,0,Gal,d18:1,23:0
15764,-8.4,0,3000,23,0,Gal,d18:1,23:0
15765,-8.2,0,3000,23,0,Gal,d18:1,23:0
15766,-8.0,0,3000,23,0,Gal,d18:1,23:0
15767,-7.8,0,3000,23,0,Gal,d18:1,23:0
15768,-7.6,0,3000,23,0,Gal,d18:1,23:0
15769,-7.4,0,3000,23,0,Gal,d18:1,23:0
15770,-7.2,0,3000,23,0,Gal,d18:1,23:0
15771,-7.0,0,3000,23,0,Gal,d18:1,23:0
15772,-6.8,0,3000,23,0,Gal,d18:1,23:0
15773,-6.6,0,3000,23,0,Gal,d18:1,23:0
15774,-6.4,0,3000,23,0,Gal,d18:1,23:0
15775,-6.2,0,3000,23,0,Gal,d18:1,23:0
15776,-6.0,0,3000,23,0,Gal,d18:1,23:0
15777,-5.8,0,3000,23,0,Gal,d18:1,23:0
15778,-5.6,0,3000,23,0,Gal,d18:1,23:0
15779,-5.4,0,3000,23,0,Gal,d18:1,23:0
15780,-5.2,0,3000,23,0,Gal,d18:1,23:0
15781,-5.0,0,3000,23,0,Gal,d18:1,23:0
15782,-4.8,0,3000,23,0,Gal,d18:1,23:0
15783,-4.6,0,3000,23,0,Gal,d18:1,23:0
15784,-4.4,0,3000,23,0,Gal,d18:1,23:0
15785,-4.2,0,3000,23,0,Gal,d18:1,23:0
15786,-4.0,0,3000,23,0,Gal,d18:1,23:0
15787,-3.8,0,3000,23,0,Gal,d18:1,23:0
15788,-3.6,0,3000,23,0,Gal,d18:1,23:0
15789,-3.4,0,3000,23,0,Gal,d18:1,23:0
15790,-3.2,0,3000,23,0,Gal,d18:1,23:0
15791,-3.0,0,3000,23,0,Gal,d18:1,23:0
15792,-2.8,0,3000,23,0,Gal,d18:1,23:0
15793,-2.6,0,3000,23,0,Gal,d18:1,23:0
15794,-2.4,0,3000,23,0,Gal,d18:1,23:0
15795,-2.2,0,3000,23,0,Gal,d18:1,23:0
15796,-2.0,0,3000,23,0,Gal,d18:1,23:0
15797,-1.8,0,3000,23,0,Gal,d18:1,23:0
15798,-1.6,180,3000,23,0,Gal,d18:1,23:0
15799,-1.4,240,3000,23,0,Gal,d18:1,23:0
15800,-1.2,120,3000,23,0,Gal,d18:1,23:0
15801,-1.0,280,3000,23,0,Gal,d18:1,23:0
15802,-0.8,820,3000,23,0,Gal,d18:1,23:0
15803,-0.6,1420,3000,23,0,Gal,d18:1,23:0
15804,-0.4,3660,3000,23,0,Gal,d18:1,23:0
15805,-0.2,7580,3000,23,0,Gal,d18:1,23:0
15806,0.0,11580,3000,23,0,Gal,d18:1,23:0
15807,0.2,13320,3000,23,0,Gal,d18:1,23:0
15808,0.4,11760,3000,23,0,Gal,d18:1,23:0
15809,0.6,8700,3000,23,0,Gal,d18:1,23:0
15810,0.8,7720,3000,23,0,Gal,d18:1,23:0
15811,1.0,4320,3000,23,0,Gal,d18:1,23:0
15812,1.2,3140,3000,23,0,Gal,d18:1,23:0
15813,1.4,1520,3000,23,0,Gal,d18:1,23:0
15814,1.6,560,3000,23,0,Gal,d18:1,23:0
15815,1.8,220,3000,23,0,Gal,d18:1,23:0
15816,2.0,120,3000,23,0,Gal,d18:1,23:0
15817,2.2,40,3000,23,0,Gal,d18:1,23:0
15818,2.4,100,3000,23,0,Gal,d18:1,23:0
15819,2.6,40,3000,23,0,Gal,d18:1,23:0
15820,2.8,140,3000,23,0,Gal,d18:1,23:0
15821,3.0,120,3000,23,0,Gal,d18:1,23:0
15822,3.2,0,3000,23,0,Gal,d18:1,23:0
15823,3.4,0,3000,23,0,Gal,d18:1,23:0
15824,3.6,0,3000,23,0,Gal,d18:1,23:0
15825,3.8,0,3000,23,0,Gal,d18:1,23:0
15826,4.0,0,3000,23,0,Gal,d18:1,23:0
15827,4.2,0,3000,23,0,Gal,d18:1,23:0
15828,4.4,0,3000,23,0,Gal,d18:1,23:0
15829,4.6,0,3000,23,0,Gal,d18:1,23:0
15830,4.8,0,3000,23,0,Gal,d18:1,23:0
15831,5.0,0,3000,23,0,Gal,d18:1,23:0
15832,5.2,0,3000,23,0,Gal,d18:1,23:0
15833,5.4,0,3000,23,0,Gal,d18:1,23:0
15834,5.6,0,3000,23,0,Gal,d18:1,23:0
15835,5.8,0,3000,23,0,Gal,d18:1,23:0
15836,6.0,0,3000,23,0,Gal,d18:1,23:0
15837,6.2,0,3000,23,0,Gal,d18:1,23:0
15838,6.4,0,3000,23,0,Gal,d18:1,23:0
15839,6.6,0,3000,23,0,Gal,d18:1,23:0
15840,6.8,0,3000,23,0,Gal,d18:1,23:0
15841,7.0,0,3000,23,0,Gal,d18:1,23:0
15842,7.2,0,3000,23,0,Gal,d18:1,23:0
15843,7.4,0,3000,23,0,Gal,d18:1,23:0
15844,7.6,0,3000,23,0,Gal,d18:1,23:0
15845,7.8,0,3000,23,0,Gal,d18:1,23:0
15846,8.0,0,3000,23,0,Gal,d18:1,23:0
15847,8.2,0,3000,23,0,Gal,d18:1,23:0
15848,8.4,0,3000,23,0,Gal,d18:1,23:0
15849,8.6,0,3000,23,0,Gal,d18:1,23:0
15850,8.8,0,3000,23,0,Gal,d18:1,23:0
15851,9.0,0,3000,23,0,Gal,d18:1,23:0
15852,9.2,0,3000,23,0,Gal,d18:1,23:0
15853,9.4,0,3000,23,0,Gal,d18:1,23:0
15854,9.6,0,3000,23,0,Gal,d18:1,23:0
15855,9.8,0,3000,23,0,Gal,d18:1,23:0
15856,10.0,0,3000,23,0,Gal,d18:1,23:0
15857,-10.0,0,3100,23,0,Gal,d18:1,23:0
15858,-9.8,0,3100,23,0,Gal,d18:1,23:0
15859,-9.6,0,3100,23,0,Gal,d18:1,23:0
15860,-9.4,0,3100,23,0,Gal,d18:1,23:0
15861,-9.2,0,3100,23,0,Gal,d18:1,23:0
15862,-9.0,0,3100,23,0,Gal,d18:1,23:0
15863,-8.8,0,3100,23,0,Gal,d18:1,23:0
15864,-8.6,0,3100,23,0,Gal,d18:1,23:0
15865,-8.4,0,3100,23,0,Gal,d18:1,23:0
15866,-8.2,0,3100,23,0,Gal,d18:1,23:0
15867,-8.0,0,3100,23,0,Gal,d18:1,23:0
15868,-7.8,0,3100,23,0,Gal,d18:1,23:0
15869,-7.6,0,3100,23,0,Gal,d18:1,23:0
15870,-7.4,0,3100,23,0,Gal,d18:1,23:0
15871,-7.2,0,3100,23,0,Gal,d18:1,23:0
15872,-7.0,0,3100,23,0,Gal,d18:1,23:0
15873,-6.8,0,3100,23,0,Gal,d18:1,23:0
15874,-6.6,0,3100,23,0,Gal,d18:1,23:0
15875,-6.4,0,3100,23,0,Gal,d18:1,23:0
15876,-6.2,0,3100,23,0,Gal,d18:1,23:0
15877,-6.0,0,3100,23,0,Gal,d18:1,23:0
15878,-5.8,0,3100,23,0,Gal,d18:1,23:0
15879,-5.6,0,3100,23,0,Gal,d18:1,23:0
15880,-5.4,0,3100,23,0,Gal,d18:1,23:0
15881,-5.2,0,3100,23,0,Gal,d18:1,23:0
15882,-5.0,0,3100,23,0,Gal,d18:1,23:0
15883,-4.8,0,3100,23,0,Gal,d18:1,23:0
15884,-4.6,0,3100,23,0,Gal,d18:1,23:0
15885,-4.4,0,3100,23,0,Gal,d18:1,23:0
15886,-4.2,0,3100,23,0,Gal,d18:1,23:0
15887,-4.0,0,3100,23,0,Gal,d18:1,23:0
15888,-3.8,0,3100,23,0,Gal,d18:1,23:0
15889,-3.6,0,3100,23,0,Gal,d18:1,23:0
15890,-3.4,0,3100,23,0,Gal,d18:1,23:0
15891,-3.2,0,3100,23,0,Gal,d18:1,23:0
15892,-3.0,0,3100,23,0,Gal,d18:1,23:0
15893,-2.8,0,3100,23,0,Gal,d18:1,23:0
15894,-2.6,0,3100,23,0,Gal,d18:1,23:0
15895,-2.4,0,3100,23,0,Gal,d18:1,23:0
15896,-2.2,180,3100,23,0,Gal,d18:1,23:0
15897,-2.0,120,3100,23,0,Gal,d18:1,23:0
15898,-1.8,60,3100,23,0,Gal,d18:1,23:0
15899,-1.6,220,3100,23,0,Gal,d18:1,23:0
15900,-1.4,280,3100,23,0,Gal,d18:1,23:0
15901,-1.2,400,3100,23,0,Gal,d18:1,23:0
15902,-1.0,560,3100,23,0,Gal,d18:1,23:0
15903,-0.8,1440,3100,23,0,Gal,d18:1,23:0
15904,-0.6,3660,3100,23,0,Gal,d18:1,23:0
15905,-0.4,6720,3100,23,0,Gal,d18:1,23:0
15906,-0.2,8320,3100,23,0,Gal,d18:1,23:0
15907,0.0,10840,3100,23,0,Gal,d18:1,23:0
15908,0.2,10620,3100,23,0,Gal,d18:1,23:0
15909,0.4,10000,3100,23,0,Gal,d18:1,23:0
15910,0.6,8380,3100,23,0,Gal,d18:1,23:0
15911,0.8,7120,3100,23,0,Gal,d18:1,23:0
15912,1.0,4480,3100,23,0,Gal,d18:1,23:0
15913,1.2,2220,3100,23,0,Gal,d18:1,23:0
15914,1.4,1320,3100,23,0,Gal,d18:1,23:0
15915,1.6,780,3100,23,0,Gal,d18:1,23:0
15916,1.8,620,3100,23,0,Gal,d18:1,23:0
15917,2.0,420,3100,23,0,Gal,d18:1,23:0
15918,2.2,20,3100,23,0,Gal,d18:1,23:0
15919,2.4,40,3100,23,0,Gal,d18:1,23:0
15920,2.6,0,3100,23,0,Gal,d18:1,23:0
15921,2.8,20,3100,23,0,Gal,d18:1,23:0
15922,3.0,0,3100,23,0,Gal,d18:1,23:0
15923,3.2,0,3100,23,0,Gal,d18:1,23:0
15924,3.4,40,3100,23,0,Gal,d18:1,23:0
15925,3.6,0,3100,23,0,Gal,d18:1,23:0
15926,3.8,0,3100,23,0,Gal,d18:1,23:0
15927,4.0,0,3100,23,0,Gal,d18:1,23:0
15928,4.2,0,3100,23,0,Gal,d18:1,23:0
15929,4.4,0,3100,23,0,Gal,d18:1,23:0
15930,4.6,0,3100,23,0,Gal,d18:1,23:0
15931,4.8,0,3100,23,0,Gal,d18:1,23:0
15932,5.0,0,3100,23,0,Gal,d18:1,23:0
15933,5.2,0,3100,23,0,Gal,d18:1,23:0
15934,5.4,0,3100,23,0,Gal,d18:1,23:0
15935,5.6,0,3100,23,0,Gal,d18:1,23:0
15936,5.8,0,3100,23,0,Gal,d18:1,23:0
15937,6.0,0,3100,23,0,Gal,d18:1,23:0
15938,6.2,0,3100,23,0,Gal,d18:1,23:0
15939,6.4,0,3100,23,0,Gal,d18:1,23:0
15940,6.6,0,3100,23,0,Gal,d18:1,23:0
15941,6.8,0,3100,23,0,Gal,d18:1,23:0
15942,7.0,0,3100,23,0,Gal,d18:1,23:0
15943,7.2,0,3100,23,0,Gal,d18:1,23:0
15944,7.4,0,3100,23,0,Gal,d18:1,23:0
15945,7.6,0,3100,23,0,Gal,d18:1,23:0
15946,7.8,0,3100,23,0,Gal,d18:1,23:0
15947,8.0,0,3100,23,0,Gal,d18:1,23:0
15948,8.2,0,3100,23,0,Gal,d18:1,23:0
15949,8.4,0,3100,23,0,Gal,d18:1,23:0
15950,8.6,0,3100,23,0,Gal,d18:1,23:0
15951,8.8,0,3100,23,0,Gal,d18:1,23:0
15952,9.0,0,3100,23,0,Gal,d18:1,23:0
15953,9.2,0,3100,23,0,Gal,d18:1,23:0
15954,9.4,0,3100,23,0,Gal,d18:1,23:0
15955,9.6,0,3100,23,0,Gal,d18:1,23:0
15956,9.8,0,3100,23,0,Gal,d18:1,23:0
15957,10.0,0,3100,23,0,Gal,d18:1,23:0
15958,-10.0,0,3200,23,0,Gal,d18:1,23:0
15959,-9.8,0,3200,23,0,Gal,d18:1,23:0
15960,-9.6,0,3200,23,0,Gal,d18:1,23:0
15961,-9.4,0,3200,23,0,Gal,d18:1,23:0
15962,-9.2,0,3200,23,0,Gal,d18:1,23:0
15963,-9.0,0,3200,23,0,Gal,d18:1,23:0
15964,-8.8,0,3200,23,0,Gal,d18:1,23:0
15965,-8.6,0,3200,23,0,Gal,d18:1,23:0
15966,-8.4,0,3200,23,0,Gal,d18:1,23:0
15967,-8.2,0,3200,23,0,Gal,d18:1,23:0
15968,-8.0,0,3200,23,0,Gal,d18:1,23:0
15969,-7.8,0,3200,23,0,Gal,d18:1,23:0
15970,-7.6,0,3200,23,0,Gal,d18:1,23:0
15971,-7.4,0,3200,23,0,Gal,d18:1,23:0
15972,-7.2,0,3200,23,0,Gal,d18:1,23:0
15973,-7.0,0,3200,23,0,Gal,d18:1,23:0
15974,-6.8,0,3200,23,0,Gal,d18:1,23:0
15975,-6.6,0,3200,23,0,Gal,d18:1,23:0
15976,-6.4,0,3200,23,0,Gal,d18:1,23:0
15977,-6.2,0,3200,23,0,Gal,d18:1,23:0
15978,-6.0,0,3200,23,0,Gal,d18:1,23:0
15979,-5.8,0,3200,23,0,Gal,d18:1,23:0
15980,-5.6,0,3200,23,0,Gal,d18:1,23:0
15981,-5.4,0,3200,23,0,Gal,d18:1,23:0
15982,-5.2,0,3200,23,0,Gal,d18:1,23:0
15983,-5.0,0,3200,23,0,Gal,d18:1,23:0
15984,-4.8,0,3200,23,0,Gal,d18:1,23:0
15985,-4.6,0,3200,23,0,Gal,d18:1,23:0
15986,-4.4,0,3200,23,0,Gal,d18:1,23:0
15987,-4.2,0,3200,23,0,Gal,d18:1,23:0
15988,-4.0,0,3200,23,0,Gal,d18:1,23:0
15989,-3.8,0,3200,23,0,Gal,d18:1,23:0
15990,-3.6,0,3200,23,0,Gal,d18:1,23:0
15991,-3.4,0,3200,23,0,Gal,d18:1,23:0
15992,-3.2,0,3200,23,0,Gal,d18:1,23:0
15993,-3.0,0,3200,23,0,Gal,d18:1,23:0
15994,-2.8,0,3200,23,0,Gal,d18:1,23:0
15995,-2.6,0,3200,23,0,Gal,d18:1,23:0
15996,-2.4,0,3200,23,0,Gal,d18:1,23:0
15997,-2.2,0,3200,23,0,Gal,d18:1,23:0
15998,-2.0,20,3200,23,0,Gal,d18:1,23:0
15999,-1.8,40,3200,23,0,Gal,d18:1,23:0
16000,-1.6,140,3200,23,0,Gal,d18:1,23:0
16001,-1.4,400,3200,23,0,Gal,d18:1,23:0
16002,-1.2,320,3200,23,0,Gal,d18:1,23:0
16003,-1.0,400,3200,23,0,Gal,d18:1,23:0
16004,-0.8,560,3200,23,0,Gal,d18:1,23:0
16005,-0.6,520,3200,23,0,Gal,d18:1,23:0
16006,-0.4,1760,3200,23,0,Gal,d18:1,23:0
16007,-0.2,4460,3200,23,0,Gal,d18:1,23:0
16008,0.0,7940,3200,23,0,Gal,d18:1,23:0
16009,0.2,10760,3200,23,0,Gal,d18:1,23:0
16010,0.4,13900,3200,23,0,Gal,d18:1,23:0
16011,0.6,9880,3200,23,0,Gal,d18:1,23:0
16012,0.8,9860,3200,23,0,Gal,d18:1,23:0
16013,1.0,7800,3200,23,0,Gal,d18:1,23:0
16014,1.2,4400,3200,23,0,Gal,d18:1,23:0
16015,1.4,2780,3200,23,0,Gal,d18:1,23:0
16016,1.6,1540,3200,23,0,Gal,d18:1,23:0
16017,1.8,900,3200,23,0,Gal,d18:1,23:0
16018,2.0,480,3200,23,0,Gal,d18:1,23:0
16019,2.2,400,3200,23,0,Gal,d18:1,23:0
16020,2.4,100,3200,23,0,Gal,d18:1,23:0
16021,2.6,20,3200,23,0,Gal,d18:1,23:0
16022,2.8,120,3200,23,0,Gal,d18:1,23:0
16023,3.0,0,3200,23,0,Gal,d18:1,23:0
16024,3.2,40,3200,23,0,Gal,d18:1,23:0
16025,3.4,0,3200,23,0,Gal,d18:1,23:0
16026,3.6,0,3200,23,0,Gal,d18:1,23:0
16027,3.8,0,3200,23,0,Gal,d18:1,23:0
16028,4.0,0,3200,23,0,Gal,d18:1,23:0
16029,4.2,0,3200,23,0,Gal,d18:1,23:0
16030,4.4,0,3200,23,0,Gal,d18:1,23:0
16031,4.6,0,3200,23,0,Gal,d18:1,23:0
16032,4.8,0,3200,23,0,Gal,d18:1,23:0
16033,5.0,0,3200,23,0,Gal,d18:1,23:0
16034,5.2,0,3200,23,0,Gal,d18:1,23:0
16035,5.4,0,3200,23,0,Gal,d18:1,23:0
16036,5.6,0,3200,23,0,Gal,d18:1,23:0
16037,5.8,0,3200,23,0,Gal,d18:1,23:0
16038,6.0,0,3200,23,0,Gal,d18:1,23:0
16039,6.2,0,3200,23,0,Gal,d18:1,23:0
16040,6.4,0,3200,23,0,Gal,d18:1,23:0
16041,6.6,0,3200,23,0,Gal,d18:1,23:0
16042,6.8,0,3200,23,0,Gal,d18:1,23:0
16043,7.0,0,3200,23,0,Gal,d18:1,23:0
16044,7.2,0,3200,23,0,Gal,d18:1,23:0
16045,7.4,0,3200,23,0,Gal,d18:1,23:0
16046,7.6,0,3200,23,0,Gal,d18:1,23:0
16047,7.8,0,3200,23,0,Gal,d18:1,23:0
16048,8.0,0,3200,23,0,Gal,d18:1,23:0
16049,8.2,0,3200,23,0,Gal,d18:1,23:0
16050,8.4,0,3200,23,0,Gal,d18:1,23:0
16051,8.6,0,3200,23,0,Gal,d18:1,23:0
16052,8.8,0,3200,23,0,Gal,d18:1,23:0
16053,9.0,0,3200,23,0,Gal,d18:1,23:0
16054,9.2,0,3200,23,0,Gal,d18:1,23:0
16055,9.4,0,3200,23,0,Gal,d18:1,23:0
16056,9.6,0,3200,23,0,Gal,d18:1,23:0
16057,9.8,0,3200,23,0,Gal,d18:1,23:0
16058,10.0,0,3200,23,0,Gal,d18:1,23:0
16059,-10.0,0,3300,23,0,Gal,d18:1,23:0
16060,-9.8,0,3300,23,0,Gal,d18:1,23:0
16061,-9.6,0,3300,23,0,Gal,d18:1,23:0
16062,-9.4,0,3300,23,0,Gal,d18:1,23:0
16063,-9.2,0,3300,23,0,Gal,d18:1,23:0
16064,-9.0,0,3300,23,0,Gal,d18:1,23:0
16065,-8.8,0,3300,23,0,Gal,d18:1,23:0
16066,-8.6,0,3300,23,0,Gal,d18:1,23:0
16067,-8.4,0,3300,23,0,Gal,d18:1,23:0
16068,-8.2,0,3300,23,0,Gal,d18:1,23:0
16069,-8.0,0,3300,23,0,Gal,d18:1,23:0
16070,-7.8,0,3300,23,0,Gal,d18:1,23:0
16071,-7.6,0,3300,23,0,Gal,d18:1,23:0
16072,-7.4,0,3300,23,0,Gal,d18:1,23:0
16073,-7.2,0,3300,23,0,Gal,d18:1,23:0
16074,-7.0,0,3300,23,0,Gal,d18:1,23:0
16075,-6.8,0,3300,23,0,Gal,d18:1,23:0
16076,-6.6,0,3300,23,0,Gal,d18:1,23:0
16077,-6.4,0,3300,23,0,Gal,d18:1,23:0
16078,-6.2,0,3300,23,0,Gal,d18:1,23:0
16079,-6.0,0,3300,23,0,Gal,d18:1,23:0
16080,-5.8,0,3300,23,0,Gal,d18:1,23:0
16081,-5.6,0,3300,23,0,Gal,d18:1,23:0
16082,-5.4,0,3300,23,0,Gal,d18:1,23:0
16083,-5.2,0,3300,23,0,Gal,d18:1,23:0
16084,-5.0,0,3300,23,0,Gal,d18:1,23:0
16085,-4.8,0,3300,23,0,Gal,d18:1,23:0
16086,-4.6,0,3300,23,0,Gal,d18:1,23:0
16087,-4.4,0,3300,23,0,Gal,d18:1,23:0
16088,-4.2,0,3300,23,0,Gal,d18:1,23:0
16089,-4.0,0,3300,23,0,Gal,d18:1,23:0
16090,-3.8,0,3300,23,0,Gal,d18:1,23:0
16091,-3.6,0,3300,23,0,Gal,d18:1,23:0
16092,-3.4,0,3300,23,0,Gal,d18:1,23:0
16093,-3.2,0,3300,23,0,Gal,d18:1,23:0
16094,-3.0,0,3300,23,0,Gal,d18:1,23:0
16095,-2.8,0,3300,23,0,Gal,d18:1,23:0
16096,-2.6,0,3300,23,0,Gal,d18:1,23:0
16097,-2.4,0,3300,23,0,Gal,d18:1,23:0
16098,-2.2,0,3300,23,0,Gal,d18:1,23:0
16099,-2.0,0,3300,23,0,Gal,d18:1,23:0
16100,-1.8,0,3300,23,0,Gal,d18:1,23:0
16101,-1.6,120,3300,23,0,Gal,d18:1,23:0
16102,-1.4,120,3300,23,0,Gal,d18:1,23:0
16103,-1.2,120,3300,23,0,Gal,d18:1,23:0
16104,-1.0,340,3300,23,0,Gal,d18:1,23:0
16105,-0.8,340,3300,23,0,Gal,d18:1,23:0
16106,-0.6,380,3300,23,0,Gal,d18:1,23:0
16107,-0.4,640,3300,23,0,Gal,d18:1,23:0
16108,-0.2,1600,3300,23,0,Gal,d18:1,23:0
16109,0.0,4060,3300,23,0,Gal,d18:1,23:0
16110,0.2,8840,3300,23,0,Gal,d18:1,23:0
16111,0.4,12340,3300,23,0,Gal,d18:1,23:0
16112,0.6,13200,3300,23,0,Gal,d18:1,23:0
16113,0.8,15720,3300,23,0,Gal,d18:1,23:0
16114,1.0,12860,3300,23,0,Gal,d18:1,23:0
16115,1.2,9980,3300,23,0,Gal,d18:1,23:0
16116,1.4,8000,3300,23,0,Gal,d18:1,23:0
16117,1.6,5900,3300,23,0,Gal,d18:1,23:0
16118,1.8,2720,3300,23,0,Gal,d18:1,23:0
16119,2.0,1140,3300,23,0,Gal,d18:1,23:0
16120,2.2,460,3300,23,0,Gal,d18:1,23:0
16121,2.4,80,3300,23,0,Gal,d18:1,23:0
16122,2.6,140,3300,23,0,Gal,d18:1,23:0
16123,2.8,40,3300,23,0,Gal,d18:1,23:0
16124,3.0,20,3300,23,0,Gal,d18:1,23:0
16125,3.2,0,3300,23,0,Gal,d18:1,23:0
16126,3.4,120,3300,23,0,Gal,d18:1,23:0
16127,3.6,100,3300,23,0,Gal,d18:1,23:0
16128,3.8,20,3300,23,0,Gal,d18:1,23:0
16129,4.0,0,3300,23,0,Gal,d18:1,23:0
16130,4.2,0,3300,23,0,Gal,d18:1,23:0
16131,4.4,60,3300,23,0,Gal,d18:1,23:0
16132,4.6,0,3300,23,0,Gal,d18:1,23:0
16133,4.8,0,3300,23,0,Gal,d18:1,23:0
16134,5.0,0,3300,23,0,Gal,d18:1,23:0
16135,5.2,0,3300,23,0,Gal,d18:1,23:0
16136,5.4,0,3300,23,0,Gal,d18:1,23:0
16137,5.6,0,3300,23,0,Gal,d18:1,23:0
16138,5.8,0,3300,23,0,Gal,d18:1,23:0
16139,6.0,0,3300,23,0,Gal,d18:1,23:0
16140,6.2,0,3300,23,0,Gal,d18:1,23:0
16141,6.4,0,3300,23,0,Gal,d18:1,23:0
16142,6.6,0,3300,23,0,Gal,d18:1,23:0
16143,6.8,0,3300,23,0,Gal,d18:1,23:0
16144,7.0,0,3300,23,0,Gal,d18:1,23:0
16145,7.2,0,3300,23,0,Gal,d18:1,23:0
16146,7.4,0,3300,23,0,Gal,d18:1,23:0
16147,7.6,0,3300,23,0,Gal,d18:1,23:0
16148,7.8,0,3300,23,0,Gal,d18:1,23:0
16149,8.0,0,3300,23,0,Gal,d18:1,23:0
16150,8.2,0,3300,23,0,Gal,d18:1,23:0
16151,8.4,0,3300,23,0,Gal,d18:1,23:0
16152,8.6,0,3300,23,0,Gal,d18:1,23:0
16153,8.8,0,3300,23,0,Gal,d18:1,23:0
16154,9.0,0,3300,23,0,Gal,d18:1,23:0
16155,9.2,0,3300,23,0,Gal,d18:1,23:0
16156,9.4,0,3300,23,0,Gal,d18:1,23:0
16157,9.6,0,3300,23,0,Gal,d18:1,23:0
16158,9.8,0,3300,23,0,Gal,d18:1,23:0
16159,10.0,0,3300,23,0,Gal,d18:1,23:0
16160,-10.0,0,3400,23,0,Gal,d18:1,23:0
16161,-9.8,0,3400,23,0,Gal,d18:1,23:0
16162,-9.6,0,3400,23,0,Gal,d18:1,23:0
16163,-9.4,0,3400,23,0,Gal,d18:1,23:0
16164,-9.2,0,3400,23,0,Gal,d18:1,23:0
16165,-9.0,0,3400,23,0,Gal,d18:1,23:0
16166,-8.8,0,3400,23,0,Gal,d18:1,23:0
16167,-8.6,0,3400,23,0,Gal,d18:1,23:0
16168,-8.4,0,3400,23,0,Gal,d18:1,23:0
16169,-8.2,0,3400,23,0,Gal,d18:1,23:0
16170,-8.0,0,3400,23,0,Gal,d18:1,23:0
16171,-7.8,0,3400,23,0,Gal,d18:1,23:0
16172,-7.6,0,3400,23,0,Gal,d18:1,23:0
16173,-7.4,0,3400,23,0,Gal,d18:1,23:0
16174,-7.2,0,3400,23,0,Gal,d18:1,23:0
16175,-7.0,0,3400,23,0,Gal,d18:1,23:0
16176,-6.8,0,3400,23,0,Gal,d18:1,23:0
16177,-6.6,0,3400,23,0,Gal,d18:1,23:0
16178,-6.4,0,3400,23,0,Gal,d18:1,23:0
16179,-6.2,0,3400,23,0,Gal,d18:1,23:0
16180,-6.0,0,3400,23,0,Gal,d18:1,23:0
16181,-5.8,0,3400,23,0,Gal,d18:1,23:0
16182,-5.6,0,3400,23,0,Gal,d18:1,23:0
16183,-5.4,0,3400,23,0,Gal,d18:1,23:0
16184,-5.2,0,3400,23,0,Gal,d18:1,23:0
16185,-5.0,0,3400,23,0,Gal,d18:1,23:0
16186,-4.8,0,3400,23,0,Gal,d18:1,23:0
16187,-4.6,0,3400,23,0,Gal,d18:1,23:0
16188,-4.4,0,3400,23,0,Gal,d18:1,23:0
16189,-4.2,0,3400,23,0,Gal,d18:1,23:0
16190,-4.0,0,3400,23,0,Gal,d18:1,23:0
16191,-3.8,0,3400,23,0,Gal,d18:1,23:0
16192,-3.6,0,3400,23,0,Gal,d18:1,23:0
16193,-3.4,0,3400,23,0,Gal,d18:1,23:0
16194,-3.2,40,3400,23,0,Gal,d18:1,23:0
16195,-3.0,0,3400,23,0,Gal,d18:1,23:0
16196,-2.8,0,3400,23,0,Gal,d18:1,23:0
16197,-2.6,20,3400,23,0,Gal,d18:1,23:0
16198,-2.4,20,3400,23,0,Gal,d18:1,23:0
16199,-2.2,40,3400,23,0,Gal,d18:1,23:0
16200,-2.0,0,3400,23,0,Gal,d18:1,23:0
16201,-1.8,180,3400,23,0,Gal,d18:1,23:0
16202,-1.6,220,3400,23,0,Gal,d18:1,23:0
16203,-1.4,360,3400,23,0,Gal,d18:1,23:0
16204,-1.2,240,3400,23,0,Gal,d18:1,23:0
16205,-1.0,140,3400,23,0,Gal,d18:1,23:0
16206,-0.8,440,3400,23,0,Gal,d18:1,23:0
16207,-0.6,1000,3400,23,0,Gal,d18:1,23:0
16208,-0.4,1980,3400,23,0,Gal,d18:1,23:0
16209,-0.2,5140,3400,23,0,Gal,d18:1,23:0
16210,0.0,7180,3400,23,0,Gal,d18:1,23:0
16211,0.2,9540,3400,23,0,Gal,d18:1,23:0
16212,0.4,11380,3400,23,0,Gal,d18:1,23:0
16213,0.6,11020,3400,23,0,Gal,d18:1,23:0
16214,0.8,9860,3400,23,0,Gal,d18:1,23:0
16215,1.0,7900,3400,23,0,Gal,d18:1,23:0
16216,1.2,5360,3400,23,0,Gal,d18:1,23:0
16217,1.4,3360,3400,23,0,Gal,d18:1,23:0
16218,1.6,1920,3400,23,0,Gal,d18:1,23:0
16219,1.8,1100,3400,23,0,Gal,d18:1,23:0
16220,2.0,940,3400,23,0,Gal,d18:1,23:0
16221,2.2,240,3400,23,0,Gal,d18:1,23:0
16222,2.4,280,3400,23,0,Gal,d18:1,23:0
16223,2.6,60,3400,23,0,Gal,d18:1,23:0
16224,2.8,0,3400,23,0,Gal,d18:1,23:0
16225,3.0,0,3400,23,0,Gal,d18:1,23:0
16226,3.2,40,3400,23,0,Gal,d18:1,23:0
16227,3.4,60,3400,23,0,Gal,d18:1,23:0
16228,3.6,180,3400,23,0,Gal,d18:1,23:0
16229,3.8,0,3400,23,0,Gal,d18:1,23:0
16230,4.0,0,3400,23,0,Gal,d18:1,23:0
16231,4.2,40,3400,23,0,Gal,d18:1,23:0
16232,4.4,100,3400,23,0,Gal,d18:1,23:0
16233,4.6,0,3400,23,0,Gal,d18:1,23:0
16234,4.8,40,3400,23,0,Gal,d18:1,23:0
16235,5.0,0,3400,23,0,Gal,d18:1,23:0
16236,5.2,0,3400,23,0,Gal,d18:1,23:0
16237,5.4,0,3400,23,0,Gal,d18:1,23:0
16238,5.6,0,3400,23,0,Gal,d18:1,23:0
16239,5.8,0,3400,23,0,Gal,d18:1,23:0
16240,6.0,0,3400,23,0,Gal,d18:1,23:0
16241,6.2,0,3400,23,0,Gal,d18:1,23:0
16242,6.4,0,3400,23,0,Gal,d18:1,23:0
16243,6.6,0,3400,23,0,Gal,d18:1,23:0
16244,6.8,0,3400,23,0,Gal,d18:1,23:0
16245,7.0,0,3400,23,0,Gal,d18:1,23:0
16246,7.2,0,3400,23,0,Gal,d18:1,23:0
16247,7.4,0,3400,23,0,Gal,d18:1,23:0
16248,7.6,0,3400,23,0,Gal,d18:1,23:0
16249,7.8,0,3400,23,0,Gal,d18:1,23:0
16250,8.0,0,3400,23,0,Gal,d18:1,23:0
16251,8.2,0,3400,23,0,Gal,d18:1,23:0
16252,8.4,0,3400,23,0,Gal,d18:1,23:0
16253,8.6,0,3400,23,0,Gal,d18:1,23:0
16254,8.8,0,3400,23,0,Gal,d18:1,23:0
16255,9.0,0,3400,23,0,Gal,d18:1,23:0
16256,9.2,0,3400,23,0,Gal,d18:1,23:0
16257,9.4,0,3400,23,0,Gal,d18:1,23:0
16258,9.6,0,3400,23,0,Gal,d18:1,23:0
16259,9.8,0,3400,23,0,Gal,d18:1,23:0
16260,10.0,0,3400,23,0,Gal,d18:1,23:0
16261,-10.0,0,3500,23,0,Gal,d18:1,23:0
16262,-9.8,0,3500,23,0,Gal,d18:1,23:0
16263,-9.6,0,3500,23,0,Gal,d18:1,23:0
16264,-9.4,0,3500,23,0,Gal,d18:1,23:0
16265,-9.2,0,3500,23,0,Gal,d18:1,23:0
16266,-9.0,0,3500,23,0,Gal,d18:1,23:0
16267,-8.8,0,3500,23,0,Gal,d18:1,23:0
16268,-8.6,0,3500,23,0,Gal,d18:1,23:0
16269,-8.4,0,3500,23,0,Gal,d18:1,23:0
16270,-8.2,0,3500,23,0,Gal,d18:1,23:0
16271,-8.0,0,3500,23,0,Gal,d18:1,23:0
16272,-7.8,0,3500,23,0,Gal,d18:1,23:0
16273,-7.6,0,3500,23,0,Gal,d18:1,23:0
16274,-7.4,0,3500,23,0,Gal,d18:1,23:0
16275,-7.2,0,3500,23,0,Gal,d18:1,23:0
16276,-7.0,0,3500,23,0,Gal,d18:1,23:0
16277,-6.8,0,3500,23,0,Gal,d18:1,23:0
16278,-6.6,0,3500,23,0,Gal,d18:1,23:0
16279,-6.4,0,3500,23,0,Gal,d18:1,23:0
16280,-6.2,0,3500,23,0,Gal,d18:1,23:0
16281,-6.0,0,3500,23,0,Gal,d18:1,23:0
16282,-5.8,0,3500,23,0,Gal,d18:1,23:0
16283,-5.6,0,3500,23,0,Gal,d18:1,23:0
16284,-5.4,0,3500,23,0,Gal,d18:1,23:0
16285,-5.2,0,3500,23,0,Gal,d18:1,23:0
16286,-5.0,0,3500,23,0,Gal,d18:1,23:0
16287,-4.8,0,3500,23,0,Gal,d18:1,23:0
16288,-4.6,0,3500,23,0,Gal,d18:1,23:0
16289,-4.4,0,3500,23,0,Gal,d18:1,23:0
16290,-4.2,0,3500,23,0,Gal,d18:1,23:0
16291,-4.0,0,3500,23,0,Gal,d18:1,23:0
16292,-3.8,0,3500,23,0,Gal,d18:1,23:0
16293,-3.6,0,3500,23,0,Gal,d18:1,23:0
16294,-3.4,0,3500,23,0,Gal,d18:1,23:0
16295,-3.2,0,3500,23,0,Gal,d18:1,23:0
16296,-3.0,0,3500,23,0,Gal,d18:1,23:0
16297,-2.8,0,3500,23,0,Gal,d18:1,23:0
16298,-2.6,0,3500,23,0,Gal,d18:1,23:0
16299,-2.4,20,3500,23,0,Gal,d18:1,23:0
16300,-2.2,0,3500,23,0,Gal,d18:1,23:0
16301,-2.0,60,3500,23,0,Gal,d18:1,23:0
16302,-1.8,80,3500,23,0,Gal,d18:1,23:0
16303,-1.6,60,3500,23,0,Gal,d18:1,23:0
16304,-1.4,280,3500,23,0,Gal,d18:1,23:0
16305,-1.2,320,3500,23,0,Gal,d18:1,23:0
16306,-1.0,380,3500,23,0,Gal,d18:1,23:0
16307,-0.8,420,3500,23,0,Gal,d18:1,23:0
16308,-0.6,200,3500,23,0,Gal,d18:1,23:0
16309,-0.4,420,3500,23,0,Gal,d18:1,23:0
16310,-0.2,960,3500,23,0,Gal,d18:1,23:0
16311,0.0,2540,3500,23,0,Gal,d18:1,23:0
16312,0.2,5000,3500,23,0,Gal,d18:1,23:0
16313,0.4,9600,3500,23,0,Gal,d18:1,23:0
16314,0.6,11860,3500,23,0,Gal,d18:1,23:0
16315,0.8,12420,3500,23,0,Gal,d18:1,23:0
16316,1.0,15000,3500,23,0,Gal,d18:1,23:0
16317,1.2,11580,3500,23,0,Gal,d18:1,23:0
16318,1.4,10060,3500,23,0,Gal,d18:1,23:0
16319,1.6,7140,3500,23,0,Gal,d18:1,23:0
16320,1.8,2660,3500,23,0,Gal,d18:1,23:0
16321,2.0,1920,3500,23,0,Gal,d18:1,23:0
16322,2.2,1120,3500,23,0,Gal,d18:1,23:0
16323,2.4,700,3500,23,0,Gal,d18:1,23:0
16324,2.6,180,3500,23,0,Gal,d18:1,23:0
16325,2.8,120,3500,23,0,Gal,d18:1,23:0
16326,3.0,40,3500,23,0,Gal,d18:1,23:0
16327,3.2,40,3500,23,0,Gal,d18:1,23:0
16328,3.4,0,3500,23,0,Gal,d18:1,23:0
16329,3.6,0,3500,23,0,Gal,d18:1,23:0
16330,3.8,60,3500,23,0,Gal,d18:1,23:0
16331,4.0,80,3500,23,0,Gal,d18:1,23:0
16332,4.2,40,3500,23,0,Gal,d18:1,23:0
16333,4.4,40,3500,23,0,Gal,d18:1,23:0
16334,4.6,0,3500,23,0,Gal,d18:1,23:0
16335,4.8,0,3500,23,0,Gal,d18:1,23:0
16336,5.0,0,3500,23,0,Gal,d18:1,23:0
16337,5.2,0,3500,23,0,Gal,d18:1,23:0
16338,5.4,0,3500,23,0,Gal,d18:1,23:0
16339,5.6,0,3500,23,0,Gal,d18:1,23:0
16340,5.8,0,3500,23,0,Gal,d18:1,23:0
16341,6.0,0,3500,23,0,Gal,d18:1,23:0
16342,6.2,0,3500,23,0,Gal,d18:1,23:0
16343,6.4,0,3500,23,0,Gal,d18:1,23:0
16344,6.6,0,3500,23,0,Gal,d18:1,23:0
16345,6.8,0,3500,23,0,Gal,d18:1,23:0
16346,7.0,0,3500,23,0,Gal,d18:1,23:0
16347,7.2,0,3500,23,0,Gal,d18:1,23:0
16348,7.4,0,3500,23,0,Gal,d18:1,23:0
16349,7.6,0,3500,23,0,Gal,d18:1,23:0
16350,7.8,0,3500,23,0,Gal,d18:1,23:0
16351,8.0,0,3500,23,0,Gal,d18:1,23:0
16352,8.2,0,3500,23,0,Gal,d18:1,23:0
16353,8.4,0,3500,23,0,Gal,d18:1,23:0
16354,8.6,0,3500,23,0,Gal,d18:1,23:0
16355,8.8,0,3500,23,0,Gal,d18:1,23:0
16356,9.0,0,3500,23,0,Gal,d18:1,23:0
16357,9.2,0,3500,23,0,Gal,d18:1,23:0
16358,9.4,0,3500,23,0,Gal,d18:1,23:0
16359,9.6,0,3500,23,0,Gal,d18:1,23:0
16360,9.8,0,3500,23,0,Gal,d18:1,23:0
16361,10.0,0,3500,23,0,Gal,d18:1,23:0
16362,-10.0,0,3600,23,0,Gal,d18:1,23:0
16363,-9.8,0,3600,23,0,Gal,d18:1,23:0
16364,-9.6,0,3600,23,0,Gal,d18:1,23:0
16365,-9.4,0,3600,23,0,Gal,d18:1,23:0
16366,-9.2,0,3600,23,0,Gal,d18:1,23:0
16367,-9.0,0,3600,23,0,Gal,d18:1,23:0
16368,-8.8,0,3600,23,0,Gal,d18:1,23:0
16369,-8.6,0,3600,23,0,Gal,d18:1,23:0
16370,-8.4,0,3600,23,0,Gal,d18:1,23:0
16371,-8.2,0,3600,23,0,Gal,d18:1,23:0
16372,-8.0,0,3600,23,0,Gal,d18:1,23:0
16373,-7.8,0,3600,23,0,Gal,d18:1,23:0
16374,-7.6,0,3600,23,0,Gal,d18:1,23:0
16375,-7.4,0,3600,23,0,Gal,d18:1,23:0
16376,-7.2,0,3600,23,0,Gal,d18:1,23:0
16377,-7.0,0,3600,23,0,Gal,d18:1,23:0
16378,-6.8,0,3600,23,0,Gal,d18:1,23:0
16379,-6.6,0,3600,23,0,Gal,d18:1,23:0
16380,-6.4,0,3600,23,0,Gal,d18:1,23:0
16381,-6.2,0,3600,23,0,Gal,d18:1,23:0
16382,-6.0,0,3600,23,0,Gal,d18:1,23:0
16383,-5.8,0,3600,23,0,Gal,d18:1,23:0
16384,-5.6,0,3600,23,0,Gal,d18:1,23:0
16385,-5.4,0,3600,23,0,Gal,d18:1,23:0
16386,-5.2,0,3600,23,0,Gal,d18:1,23:0
16387,-5.0,0,3600,23,0,Gal,d18:1,23:0
16388,-4.8,0,3600,23,0,Gal,d18:1,23:0
16389,-4.6,0,3600,23,0,Gal,d18:1,23:0
16390,-4.4,0,3600,23,0,Gal,d18:1,23:0
16391,-4.2,0,3600,23,0,Gal,d18:1,23:0
16392,-4.0,0,3600,23,0,Gal,d18:1,23:0
16393,-3.8,0,3600,23,0,Gal,d18:1,23:0
16394,-3.6,0,3600,23,0,Gal,d18:1,23:0
16395,-3.4,0,3600,23,0,Gal,d18:1,23:0
16396,-3.2,0,3600,23,0,Gal,d18:1,23:0
16397,-3.0,0,3600,23,0,Gal,d18:1,23:0
16398,-2.8,0,3600,23,0,Gal,d18:1,23:0
16399,-2.6,0,3600,23,0,Gal,d18:1,23:0
16400,-2.4,0,3600,23,0,Gal,d18:1,23:0
16401,-2.2,0,3600,23,0,Gal,d18:1,23:0
16402,-2.0,0,3600,23,0,Gal,d18:1,23:0
16403,-1.8,40,3600,23,0,Gal,d18:1,23:0
16404,-1.6,120,3600,23,0,Gal,d18:1,23:0
16405,-1.4,200,3600,23,0,Gal,d18:1,23:0
16406,-1.2,220,3600,23,0,Gal,d18:1,23:0
16407,-1.0,320,3600,23,0,Gal,d18:1,23:0
16408,-0.8,180,3600,23,0,Gal,d18:1,23:0
16409,-0.6,140,3600,23,0,Gal,d18:1,23:0
16410,-0.4,80,3600,23,0,Gal,d18:1,23:0
16411,-0.2,220,3600,23,0,Gal,d18:1,23:0
16412,0.0,1040,3600,23,0,Gal,d18:1,23:0
16413,0.2,3420,3600,23,0,Gal,d18:1,23:0
16414,0.4,7740,3600,23,0,Gal,d18:1,23:0
16415,0.6,8920,3600,23,0,Gal,d18:1,23:0
16416,0.8,13460,3600,23,0,Gal,d18:1,23:0
16417,1.0,11940,3600,23,0,Gal,d18:1,23:0
16418,1.2,10340,3600,23,0,Gal,d18:1,23:0
16419,1.4,8400,3600,23,0,Gal,d18:1,23:0
16420,1.6,7120,3600,23,0,Gal,d18:1,23:0
16421,1.8,4860,3600,23,0,Gal,d18:1,23:0
16422,2.0,2780,3600,23,0,Gal,d18:1,23:0
16423,2.2,1280,3600,23,0,Gal,d18:1,23:0
16424,2.4,920,3600,23,0,Gal,d18:1,23:0
16425,2.6,560,3600,23,0,Gal,d18:1,23:0
16426,2.8,380,3600,23,0,Gal,d18:1,23:0
16427,3.0,60,3600,23,0,Gal,d18:1,23:0
16428,3.2,20,3600,23,0,Gal,d18:1,23:0
16429,3.4,60,3600,23,0,Gal,d18:1,23:0
16430,3.6,80,3600,23,0,Gal,d18:1,23:0
16431,3.8,20,3600,23,0,Gal,d18:1,23:0
16432,4.0,0,3600,23,0,Gal,d18:1,23:0
16433,4.2,100,3600,23,0,Gal,d18:1,23:0
16434,4.4,80,3600,23,0,Gal,d18:1,23:0
16435,4.6,0,3600,23,0,Gal,d18:1,23:0
16436,4.8,40,3600,23,0,Gal,d18:1,23:0
16437,5.0,20,3600,23,0,Gal,d18:1,23:0
16438,5.2,60,3600,23,0,Gal,d18:1,23:0
16439,5.4,0,3600,23,0,Gal,d18:1,23:0
16440,5.6,0,3600,23,0,Gal,d18:1,23:0
16441,5.8,0,3600,23,0,Gal,d18:1,23:0
16442,6.0,0,3600,23,0,Gal,d18:1,23:0
16443,6.2,0,3600,23,0,Gal,d18:1,23:0
16444,6.4,0,3600,23,0,Gal,d18:1,23:0
16445,6.6,0,3600,23,0,Gal,d18:1,23:0
16446,6.8,0,3600,23,0,Gal,d18:1,23:0
16447,7.0,0,3600,23,0,Gal,d18:1,23:0
16448,7.2,0,3600,23,0,Gal,d18:1,23:0
16449,7.4,0,3600,23,0,Gal,d18:1,23:0
16450,7.6,0,3600,23,0,Gal,d18:1,23:0
16451,7.8,0,3600,23,0,Gal,d18:1,23:0
16452,8.0,0,3600,23,0,Gal,d18:1,23:0
16453,8.2,0,3600,23,0,Gal,d18:1,23:0
16454,8.4,0,3600,23,0,Gal,d18:1,23:0
16455,8.6,0,3600,23,0,Gal,d18:1,23:0
16456,8.8,0,3600,23,0,Gal,d18:1,23:0
16457,9.0,0,3600,23,0,Gal,d18:1,23:0
16458,9.2,0,3600,23,0,Gal,d18:1,23:0
16459,9.4,0,3600,23,0,Gal,d18:1,23:0
16460,9.6,0,3600,23,0,Gal,d18:1,23:0
16461,9.8,0,3600,23,0,Gal,d18:1,23:0
16462,10.0,0,3600,23,0,Gal,d18:1,23:0
16463,-10.0,0,3700,23,0,Gal,d18:1,23:0
16464,-9.8,0,3700,23,0,Gal,d18:1,23:0
16465,-9.6,0,3700,23,0,Gal,d18:1,23:0
16466,-9.4,0,3700,23,0,Gal,d18:1,23:0
16467,-9.2,0,3700,23,0,Gal,d18:1,23:0
16468,-9.0,0,3700,23,0,Gal,d18:1,23:0
16469,-8.8,0,3700,23,0,Gal,d18:1,23:0
16470,-8.6,0,3700,23,0,Gal,d18:1,23:0
16471,-8.4,0,3700,23,0,Gal,d18:1,23:0
16472,-8.2,0,3700,23,0,Gal,d18:1,23:0
16473,-8.0,0,3700,23,0,Gal,d18:1,23:0
16474,-7.8,0,3700,23,0,Gal,d18:1,23:0
16475,-7.6,0,3700,23,0,Gal,d18:1,23:0
16476,-7.4,0,3700,23,0,Gal,d18:1,23:0
16477,-7.2,0,3700,23,0,Gal,d18:1,23:0
16478,-7.0,0,3700,23,0,Gal,d18:1,23:0
16479,-6.8,0,3700,23,0,Gal,d18:1,23:0
16480,-6.6,0,3700,23,0,Gal,d18:1,23:0
16481,-6.4,0,3700,23,0,Gal,d18:1,23:0
16482,-6.2,0,3700,23,0,Gal,d18:1,23:0
16483,-6.0,0,3700,23,0,Gal,d18:1,23:0
16484,-5.8,0,3700,23,0,Gal,d18:1,23:0
16485,-5.6,0,3700,23,0,Gal,d18:1,23:0
16486,-5.4,0,3700,23,0,Gal,d18:1,23:0
16487,-5.2,0,3700,23,0,Gal,d18:1,23:0
16488,-5.0,0,3700,23,0,Gal,d18:1,23:0
16489,-4.8,0,3700,23,0,Gal,d18:1,23:0
16490,-4.6,0,3700,23,0,Gal,d18:1,23:0
16491,-4.4,0,3700,23,0,Gal,d18:1,23:0
16492,-4.2,0,3700,23,0,Gal,d18:1,23:0
16493,-4.0,0,3700,23,0,Gal,d18:1,23:0
16494,-3.8,0,3700,23,0,Gal,d18:1,23:0
16495,-3.6,0,3700,23,0,Gal,d18:1,23:0
16496,-3.4,0,3700,23,0,Gal,d18:1,23:0
16497,-3.2,0,3700,23,0,Gal,d18:1,23:0
16498,-3.0,40,3700,23,0,Gal,d18:1,23:0
16499,-2.8,0,3700,23,0,Gal,d18:1,23:0
16500,-2.6,0,3700,23,0,Gal,d18:1,23:0
16501,-2.4,0,3700,23,0,Gal,d18:1,23:0
16502,-2.2,40,3700,23,0,Gal,d18:1,23:0
16503,-2.0,40,3700,23,0,Gal,d18:1,23:0
16504,-1.8,20,3700,23,0,Gal,d18:1,23:0
16505,-1.6,0,3700,23,0,Gal,d18:1,23:0
16506,-1.4,0,3700,23,0,Gal,d18:1,23:0
16507,-1.2,140,3700,23,0,Gal,d18:1,23:0
16508,-1.0,0,3700,23,0,Gal,d18:1,23:0
16509,-0.8,260,3700,23,0,Gal,d18:1,23:0
16510,-0.6,520,3700,23,0,Gal,d18:1,23:0
16511,-0.4,420,3700,23,0,Gal,d18:1,23:0
16512,-0.2,300,3700,23,0,Gal,d18:1,23:0
16513,0.0,240,3700,23,0,Gal,d18:1,23:0
16514,0.2,340,3700,23,0,Gal,d18:1,23:0
16515,0.4,500,3700,23,0,Gal,d18:1,23:0
16516,0.6,1960,3700,23,0,Gal,d18:1,23:0
16517,0.8,5940,3700,23,0,Gal,d18:1,23:0
16518,1.0,12180,3700,23,0,Gal,d18:1,23:0
16519,1.2,15640,3700,23,0,Gal,d18:1,23:0
16520,1.4,13980,3700,23,0,Gal,d18:1,23:0
16521,1.6,11180,3700,23,0,Gal,d18:1,23:0
16522,1.8,8420,3700,23,0,Gal,d18:1,23:0
16523,2.0,5260,3700,23,0,Gal,d18:1,23:0
16524,2.2,3780,3700,23,0,Gal,d18:1,23:0
16525,2.4,1840,3700,23,0,Gal,d18:1,23:0
16526,2.6,1260,3700,23,0,Gal,d18:1,23:0
16527,2.8,680,3700,23,0,Gal,d18:1,23:0
16528,3.0,260,3700,23,0,Gal,d18:1,23:0
16529,3.2,100,3700,23,0,Gal,d18:1,23:0
16530,3.4,40,3700,23,0,Gal,d18:1,23:0
16531,3.6,0,3700,23,0,Gal,d18:1,23:0
16532,3.8,0,3700,23,0,Gal,d18:1,23:0
16533,4.0,0,3700,23,0,Gal,d18:1,23:0
16534,4.2,0,3700,23,0,Gal,d18:1,23:0
16535,4.4,0,3700,23,0,Gal,d18:1,23:0
16536,4.6,60,3700,23,0,Gal,d18:1,23:0
16537,4.8,80,3700,23,0,Gal,d18:1,23:0
16538,5.0,0,3700,23,0,Gal,d18:1,23:0
16539,5.2,60,3700,23,0,Gal,d18:1,23:0
16540,5.4,40,3700,23,0,Gal,d18:1,23:0
16541,5.6,20,3700,23,0,Gal,d18:1,23:0
16542,5.8,0,3700,23,0,Gal,d18:1,23:0
16543,6.0,0,3700,23,0,Gal,d18:1,23:0
16544,6.2,0,3700,23,0,Gal,d18:1,23:0
16545,6.4,0,3700,23,0,Gal,d18:1,23:0
16546,6.6,0,3700,23,0,Gal,d18:1,23:0
16547,6.8,0,3700,23,0,Gal,d18:1,23:0
16548,7.0,0,3700,23,0,Gal,d18:1,23:0
16549,7.2,0,3700,23,0,Gal,d18:1,23:0
16550,7.4,0,3700,23,0,Gal,d18:1,23:0
16551,7.6,0,3700,23,0,Gal,d18:1,23:0
16552,7.8,0,3700,23,0,Gal,d18:1,23:0
16553,8.0,0,3700,23,0,Gal,d18:1,23:0
16554,8.2,0,3700,23,0,Gal,d18:1,23:0
16555,8.4,0,3700,23,0,Gal,d18:1,23:0
16556,8.6,0,3700,23,0,Gal,d18:1,23:0
16557,8.8,0,3700,23,0,Gal,d18:1,23:0
16558,9.0,0,3700,23,0,Gal,d18:1,23:0
16559,9.2,0,3700,23,0,Gal,d18:1,23:0
16560,9.4,0,3700,23,0,Gal,d18:1,23:0
16561,9.6,0,3700,23,0,Gal,d18:1,23:0
16562,9.8,0,3700,23,0,Gal,d18:1,23:0
16563,10.0,0,3700,23,0,Gal,d18:1,23:0
16564,-10.0,0,3800,23,0,Gal,d18:1,23:0
16565,-9.8,0,3800,23,0,Gal,d18:1,23:0
16566,-9.6,0,3800,23,0,Gal,d18:1,23:0
16567,-9.4,0,3800,23,0,Gal,d18:1,23:0
16568,-9.2,0,3800,23,0,Gal,d18:1,23:0
16569,-9.0,0,3800,23,0,Gal,d18:1,23:0
16570,-8.8,0,3800,23,0,Gal,d18:1,23:0
16571,-8.6,0,3800,23,0,Gal,d18:1,23:0
16572,-8.4,0,3800,23,0,Gal,d18:1,23:0
16573,-8.2,0,3800,23,0,Gal,d18:1,23:0
16574,-8.0,0,3800,23,0,Gal,d18:1,23:0
16575,-7.8,0,3800,23,0,Gal,d18:1,23:0
16576,-7.6,0,3800,23,0,Gal,d18:1,23:0
16577,-7.4,0,3800,23,0,Gal,d18:1,23:0
16578,-7.2,0,3800,23,0,Gal,d18:1,23:0
16579,-7.0,0,3800,23,0,Gal,d18:1,23:0
16580,-6.8,0,3800,23,0,Gal,d18:1,23:0
16581,-6.6,0,3800,23,0,Gal,d18:1,23:0
16582,-6.4,0,3800,23,0,Gal,d18:1,23:0
16583,-6.2,0,3800,23,0,Gal,d18:1,23:0
16584,-6.0,0,3800,23,0,Gal,d18:1,23:0
16585,-5.8,0,3800,23,0,Gal,d18:1,23:0
16586,-5.6,0,3800,23,0,Gal,d18:1,23:0
16587,-5.4,0,3800,23,0,Gal,d18:1,23:0
16588,-5.2,0,3800,23,0,Gal,d18:1,23:0
16589,-5.0,0,3800,23,0,Gal,d18:1,23:0
16590,-4.8,0,3800,23,0,Gal,d18:1,23:0
16591,-4.6,0,3800,23,0,Gal,d18:1,23:0
16592,-4.4,0,3800,23,0,Gal,d18:1,23:0
16593,-4.2,0,3800,23,0,Gal,d18:1,23:0
16594,-4.0,0,3800,23,0,Gal,d18:1,23:0
16595,-3.8,0,3800,23,0,Gal,d18:1,23:0
16596,-3.6,0,3800,23,0,Gal,d18:1,23:0
16597,-3.4,0,3800,23,0,Gal,d18:1,23:0
16598,-3.2,40,3800,23,0,Gal,d18:1,23:0
16599,-3.0,0,3800,23,0,Gal,d18:1,23:0
16600,-2.8,0,3800,23,0,Gal,d18:1,23:0
16601,-2.6,0,3800,23,0,Gal,d18:1,23:0
16602,-2.4,0,3800,23,0,Gal,d18:1,23:0
16603,-2.2,0,3800,23,0,Gal,d18:1,23:0
16604,-2.0,0,3800,23,0,Gal,d18:1,23:0
16605,-1.8,0,3800,23,0,Gal,d18:1,23:0
16606,-1.6,60,3800,23,0,Gal,d18:1,23:0
16607,-1.4,140,3800,23,0,Gal,d18:1,23:0
16608,-1.2,200,3800,23,0,Gal,d18:1,23:0
16609,-1.0,160,3800,23,0,Gal,d18:1,23:0
16610,-0.8,360,3800,23,0,Gal,d18:1,23:0
16611,-0.6,140,3800,23,0,Gal,d18:1,23:0
16612,-0.4,200,3800,23,0,Gal,d18:1,23:0
16613,-0.2,140,3800,23,0,Gal,d18:1,23:0
16614,0.0,260,3800,23,0,Gal,d18:1,23:0
16615,0.2,300,3800,23,0,Gal,d18:1,23:0
16616,0.4,1180,3800,23,0,Gal,d18:1,23:0
16617,0.6,3460,3800,23,0,Gal,d18:1,23:0
16618,0.8,6500,3800,23,0,Gal,d18:1,23:0
16619,1.0,9180,3800,23,0,Gal,d18:1,23:0
16620,1.2,11980,3800,23,0,Gal,d18:1,23:0
16621,1.4,12640,3800,23,0,Gal,d18:1,23:0
16622,1.6,11760,3800,23,0,Gal,d18:1,23:0
16623,1.8,9100,3800,23,0,Gal,d18:1,23:0
16624,2.0,4880,3800,23,0,Gal,d18:1,23:0
16625,2.2,2520,3800,23,0,Gal,d18:1,23:0
16626,2.4,2180,3800,23,0,Gal,d18:1,23:0
16627,2.6,1500,3800,23,0,Gal,d18:1,23:0
16628,2.8,740,3800,23,0,Gal,d18:1,23:0
16629,3.0,440,3800,23,0,Gal,d18:1,23:0
16630,3.2,320,3800,23,0,Gal,d18:1,23:0
16631,3.4,180,3800,23,0,Gal,d18:1,23:0
16632,3.6,0,3800,23,0,Gal,d18:1,23:0
16633,3.8,0,3800,23,0,Gal,d18:1,23:0
16634,4.0,0,3800,23,0,Gal,d18:1,23:0
16635,4.2,0,3800,23,0,Gal,d18:1,23:0
16636,4.4,20,3800,23,0,Gal,d18:1,23:0
16637,4.6,0,3800,23,0,Gal,d18:1,23:0
16638,4.8,20,3800,23,0,Gal,d18:1,23:0
16639,5.0,0,3800,23,0,Gal,d18:1,23:0
16640,5.2,40,3800,23,0,Gal,d18:1,23:0
16641,5.4,100,3800,23,0,Gal,d18:1,23:0
16642,5.6,40,3800,23,0,Gal,d18:1,23:0
16643,5.8,0,3800,23,0,Gal,d18:1,23:0
16644,6.0,0,3800,23,0,Gal,d18:1,23:0
16645,6.2,0,3800,23,0,Gal,d18:1,23:0
16646,6.4,0,3800,23,0,Gal,d18:1,23:0
16647,6.6,0,3800,23,0,Gal,d18:1,23:0
16648,6.8,0,3800,23,0,Gal,d18:1,23:0
16649,7.0,0,3800,23,0,Gal,d18:1,23:0
16650,7.2,0,3800,23,0,Gal,d18:1,23:0
16651,7.4,0,3800,23,0,Gal,d18:1,23:0
16652,7.6,0,3800,23,0,Gal,d18:1,23:0
16653,7.8,0,3800,23,0,Gal,d18:1,23:0
16654,8.0,0,3800,23,0,Gal,d18:1,23:0
16655,8.2,0,3800,23,0,Gal,d18:1,23:0
16656,8.4,0,3800,23,0,Gal,d18:1,23:0
16657,8.6,0,3800,23,0,Gal,d18:1,23:0
16658,8.8,0,3800,23,0,Gal,d18:1,23:0
16659,9.0,0,3800,23,0,Gal,d18:1,23:0
16660,9.2,0,3800,23,0,Gal,d18:1,23:0
16661,9.4,0,3800,23,0,Gal,d18:1,23:0
16662,9.6,0,3800,23,0,Gal,d18:1,23:0
16663,9.8,0,3800,23,0,Gal,d18:1,23:0
16664,10.0,60,3800,23,0,Gal,d18:1,23:0
16665,-10.0,0,3900,23,0,Gal,d18:1,23:0
16666,-9.8,0,3900,23,0,Gal,d18:1,23:0
16667,-9.6,0,3900,23,0,Gal,d18:1,23:0
16668,-9.4,0,3900,23,0,Gal,d18:1,23:0
16669,-9.2,0,3900,23,0,Gal,d18:1,23:0
16670,-9.0,0,3900,23,0,Gal,d18:1,23:0
16671,-8.8,0,3900,23,0,Gal,d18:1,23:0
16672,-8.6,0,3900,23,0,Gal,d18:1,23:0
16673,-8.4,0,3900,23,0,Gal,d18:1,23:0
16674,-8.2,0,3900,23,0,Gal,d18:1,23:0
16675,-8.0,0,3900,23,0,Gal,d18:1,23:0
16676,-7.8,0,3900,23,0,Gal,d18:1,23:0
16677,-7.6,0,3900,23,0,Gal,d18:1,23:0
16678,-7.4,0,3900,23,0,Gal,d18:1,23:0
16679,-7.2,0,3900,23,0,Gal,d18:1,23:0
16680,-7.0,0,3900,23,0,Gal,d18:1,23:0
16681,-6.8,0,3900,23,0,Gal,d18:1,23:0
16682,-6.6,0,3900,23,0,Gal,d18:1,23:0
16683,-6.4,0,3900,23,0,Gal,d18:1,23:0
16684,-6.2,0,3900,23,0,Gal,d18:1,23:0
16685,-6.0,0,3900,23,0,Gal,d18:1,23:0
16686,-5.8,0,3900,23,0,Gal,d18:1,23:0
16687,-5.6,0,3900,23,0,Gal,d18:1,23:0
16688,-5.4,0,3900,23,0,Gal,d18:1,23:0
16689,-5.2,0,3900,23,0,Gal,d18:1,23:0
16690,-5.0,0,3900,23,0,Gal,d18:1,23:0
16691,-4.8,0,3900,23,0,Gal,d18:1,23:0
16692,-4.6,0,3900,23,0,Gal,d18:1,23:0
16693,-4.4,0,3900,23,0,Gal,d18:1,23:0
16694,-4.2,0,3900,23,0,Gal,d18:1,23:0
16695,-4.0,0,3900,23,0,Gal,d18:1,23:0
16696,-3.8,0,3900,23,0,Gal,d18:1,23:0
16697,-3.6,0,3900,23,0,Gal,d18:1,23:0
16698,-3.4,0,3900,23,0,Gal,d18:1,23:0
16699,-3.2,0,3900,23,0,Gal,d18:1,23:0
16700,-3.0,0,3900,23,0,Gal,d18:1,23:0
16701,-2.8,0,3900,23,0,Gal,d18:1,23:0
16702,-2.6,0,3900,23,0,Gal,d18:1,23:0
16703,-2.4,0,3900,23,0,Gal,d18:1,23:0
16704,-2.2,120,3900,23,0,Gal,d18:1,23:0
16705,-2.0,0,3900,23,0,Gal,d18:1,23:0
16706,-1.8,260,3900,23,0,Gal,d18:1,23:0
16707,-1.6,140,3900,23,0,Gal,d18:1,23:0
16708,-1.4,200,3900,23,0,Gal,d18:1,23:0
16709,-1.2,400,3900,23,0,Gal,d18:1,23:0
16710,-1.0,320,3900,23,0,Gal,d18:1,23:0
16711,-0.8,260,3900,23,0,Gal,d18:1,23:0
16712,-0.6,160,3900,23,0,Gal,d18:1,23:0
16713,-0.4,120,3900,23,0,Gal,d18:1,23:0
16714,-0.2,360,3900,23,0,Gal,d18:1,23:0
16715,0.0,220,3900,23,0,Gal,d18:1,23:0
16716,0.2,380,3900,23,0,Gal,d18:1,23:0
16717,0.4,1100,3900,23,0,Gal,d18:1,23:0
16718,0.6,2400,3900,23,0,Gal,d18:1,23:0
16719,0.8,4600,3900,23,0,Gal,d18:1,23:0
16720,1.0,7820,3900,23,0,Gal,d18:1,23:0
16721,1.2,11460,3900,23,0,Gal,d18:1,23:0
16722,1.4,16160,3900,23,0,Gal,d18:1,23:0
16723,1.6,12900,3900,23,0,Gal,d18:1,23:0
16724,1.8,12080,3900,23,0,Gal,d18:1,23:0
16725,2.0,9300,3900,23,0,Gal,d18:1,23:0
16726,2.2,7180,3900,23,0,Gal,d18:1,23:0
16727,2.4,4960,3900,23,0,Gal,d18:1,23:0
16728,2.6,2980,3900,23,0,Gal,d18:1,23:0
16729,2.8,1920,3900,23,0,Gal,d18:1,23:0
16730,3.0,1200,3900,23,0,Gal,d18:1,23:0
16731,3.2,500,3900,23,0,Gal,d18:1,23:0
16732,3.4,520,3900,23,0,Gal,d18:1,23:0
16733,3.6,140,3900,23,0,Gal,d18:1,23:0
16734,3.8,80,3900,23,0,Gal,d18:1,23:0
16735,4.0,0,3900,23,0,Gal,d18:1,23:0
16736,4.2,0,3900,23,0,Gal,d18:1,23:0
16737,4.4,20,3900,23,0,Gal,d18:1,23:0
16738,4.6,20,3900,23,0,Gal,d18:1,23:0
16739,4.8,0,3900,23,0,Gal,d18:1,23:0
16740,5.0,0,3900,23,0,Gal,d18:1,23:0
16741,5.2,0,3900,23,0,Gal,d18:1,23:0
16742,5.4,20,3900,23,0,Gal,d18:1,23:0
16743,5.6,40,3900,23,0,Gal,d18:1,23:0
16744,5.8,60,3900,23,0,Gal,d18:1,23:0
16745,6.0,80,3900,23,0,Gal,d18:1,23:0
16746,6.2,80,3900,23,0,Gal,d18:1,23:0
16747,6.4,40,3900,23,0,Gal,d18:1,23:0
16748,6.6,40,3900,23,0,Gal,d18:1,23:0
16749,6.8,60,3900,23,0,Gal,d18:1,23:0
16750,7.0,0,3900,23,0,Gal,d18:1,23:0
16751,7.2,0,3900,23,0,Gal,d18:1,23:0
16752,7.4,0,3900,23,0,Gal,d18:1,23:0
16753,7.6,0,3900,23,0,Gal,d18:1,23:0
16754,7.8,0,3900,23,0,Gal,d18:1,23:0
16755,8.0,0,3900,23,0,Gal,d18:1,23:0
16756,8.2,0,3900,23,0,Gal,d18:1,23:0
16757,8.4,0,3900,23,0,Gal,d18:1,23:0
16758,8.6,0,3900,23,0,Gal,d18:1,23:0
16759,8.8,0,3900,23,0,Gal,d18:1,23:0
16760,9.0,0,3900,23,0,Gal,d18:1,23:0
16761,9.2,0,3900,23,0,Gal,d18:1,23:0
16762,9.4,0,3900,23,0,Gal,d18:1,23:0
16763,9.6,0,3900,23,0,Gal,d18:1,23:0
16764,9.8,0,3900,23,0,Gal,d18:1,23:0
16765,10.0,0,3900,23,0,Gal,d18:1,23:0
16766,-10.0,0,4000,23,0,Gal,d18:1,23:0
16767,-9.8,0,4000,23,0,Gal,d18:1,23:0
16768,-9.6,0,4000,23,0,Gal,d18:1,23:0
16769,-9.4,0,4000,23,0,Gal,d18:1,23:0
16770,-9.2,0,4000,23,0,Gal,d18:1,23:0
16771,-9.0,0,4000,23,0,Gal,d18:1,23:0
16772,-8.8,0,4000,23,0,Gal,d18:1,23:0
16773,-8.6,0,4000,23,0,Gal,d18:1,23:0
16774,-8.4,0,4000,23,0,Gal,d18:1,23:0
16775,-8.2,0,4000,23,0,Gal,d18:1,23:0
16776,-8.0,0,4000,23,0,Gal,d18:1,23:0
16777,-7.8,0,4000,23,0,Gal,d18:1,23:0
16778,-7.6,0,4000,23,0,Gal,d18:1,23:0
16779,-7.4,0,4000,23,0,Gal,d18:1,23:0
16780,-7.2,0,4000,23,0,Gal,d18:1,23:0
16781,-7.0,0,4000,23,0,Gal,d18:1,23:0
16782,-6.8,0,4000,23,0,Gal,d18:1,23:0
16783,-6.6,0,4000,23,0,Gal,d18:1,23:0
16784,-6.4,0,4000,23,0,Gal,d18:1,23:0
16785,-6.2,0,4000,23,0,Gal,d18:1,23:0
16786,-6.0,0,4000,23,0,Gal,d18:1,23:0
16787,-5.8,0,4000,23,0,Gal,d18:1,23:0
16788,-5.6,0,4000,23,0,Gal,d18:1,23:0
16789,-5.4,0,4000,23,0,Gal,d18:1,23:0
16790,-5.2,0,4000,23,0,Gal,d18:1,23:0
16791,-5.0,0,4000,23,0,Gal,d18:1,23:0
16792,-4.8,0,4000,23,0,Gal,d18:1,23:0
16793,-4.6,20,4000,23,0,Gal,d18:1,23:0
16794,-4.4,0,4000,23,0,Gal,d18:1,23:0
16795,-4.2,0,4000,23,0,Gal,d18:1,23:0
16796,-4.0,0,4000,23,0,Gal,d18:1,23:0
16797,-3.8,0,4000,23,0,Gal,d18:1,23:0
16798,-3.6,0,4000,23,0,Gal,d18:1,23:0
16799,-3.4,0,4000,23,0,Gal,d18:1,23:0
16800,-3.2,0,4000,23,0,Gal,d18:1,23:0
16801,-3.0,0,4000,23,0,Gal,d18:1,23:0
16802,-2.8,0,4000,23,0,Gal,d18:1,23:0
16803,-2.6,0,4000,23,0,Gal,d18:1,23:0
16804,-2.4,0,4000,23,0,Gal,d18:1,23:0
16805,-2.2,0,4000,23,0,Gal,d18:1,23:0
16806,-2.0,20,4000,23,0,Gal,d18:1,23:0
16807,-1.8,60,4000,23,0,Gal,d18:1,23:0
16808,-1.6,0,4000,23,0,Gal,d18:1,23:0
16809,-1.4,240,4000,23,0,Gal,d18:1,23:0
16810,-1.2,160,4000,23,0,Gal,d18:1,23:0
16811,-1.0,180,4000,23,0,Gal,d18:1,23:0
16812,-0.8,420,4000,23,0,Gal,d18:1,23:0
16813,-0.6,140,4000,23,0,Gal,d18:1,23:0
16814,-0.4,120,4000,23,0,Gal,d18:1,23:0
16815,-0.2,220,4000,23,0,Gal,d18:1,23:0
16816,0.0,120,4000,23,0,Gal,d18:1,23:0
16817,0.2,80,4000,23,0,Gal,d18:1,23:0
16818,0.4,260,4000,23,0,Gal,d18:1,23:0
16819,0.6,2240,4000,23,0,Gal,d18:1,23:0
16820,0.8,4640,4000,23,0,Gal,d18:1,23:0
16821,1.0,6980,4000,23,0,Gal,d18:1,23:0
16822,1.2,10640,4000,23,0,Gal,d18:1,23:0
16823,1.4,13620,4000,23,0,Gal,d18:1,23:0
16824,1.6,14300,4000,23,0,Gal,d18:1,23:0
16825,1.8,12700,4000,23,0,Gal,d18:1,23:0
16826,2.0,10560,4000,23,0,Gal,d18:1,23:0
16827,2.2,7460,4000,23,0,Gal,d18:1,23:0
16828,2.4,5580,4000,23,0,Gal,d18:1,23:0
16829,2.6,2640,4000,23,0,Gal,d18:1,23:0
16830,2.8,1740,4000,23,0,Gal,d18:1,23:0
16831,3.0,840,4000,23,0,Gal,d18:1,23:0
16832,3.2,520,4000,23,0,Gal,d18:1,23:0
16833,3.4,300,4000,23,0,Gal,d18:1,23:0
16834,3.6,280,4000,23,0,Gal,d18:1,23:0
16835,3.8,40,4000,23,0,Gal,d18:1,23:0
16836,4.0,0,4000,23,0,Gal,d18:1,23:0
16837,4.2,20,4000,23,0,Gal,d18:1,23:0
16838,4.4,0,4000,23,0,Gal,d18:1,23:0
16839,4.6,0,4000,23,0,Gal,d18:1,23:0
16840,4.8,0,4000,23,0,Gal,d18:1,23:0
16841,5.0,0,4000,23,0,Gal,d18:1,23:0
16842,5.2,0,4000,23,0,Gal,d18:1,23:0
16843,5.4,0,4000,23,0,Gal,d18:1,23:0
16844,5.6,0,4000,23,0,Gal,d18:1,23:0
16845,5.8,0,4000,23,0,Gal,d18:1,23:0
16846,6.0,60,4000,23,0,Gal,d18:1,23:0
16847,6.2,40,4000,23,0,Gal,d18:1,23:0
16848,6.4,20,4000,23,0,Gal,d18:1,23:0
16849,6.6,100,4000,23,0,Gal,d18:1,23:0
16850,6.8,40,4000,23,0,Gal,d18:1,23:0
16851,7.0,80,4000,23,0,Gal,d18:1,23:0
16852,7.2,160,4000,23,0,Gal,d18:1,23:0
16853,7.4,0,4000,23,0,Gal,d18:1,23:0
16854,7.6,0,4000,23,0,Gal,d18:1,23:0
16855,7.8,0,4000,23,0,Gal,d18:1,23:0
16856,8.0,0,4000,23,0,Gal,d18:1,23:0
16857,8.2,20,4000,23,0,Gal,d18:1,23:0
16858,8.4,0,4000,23,0,Gal,d18:1,23:0
16859,8.6,0,4000,23,0,Gal,d18:1,23:0
16860,8.8,0,4000,23,0,Gal,d18:1,23:0
16861,9.0,0,4000,23,0,Gal,d18:1,23:0
16862,9.2,0,4000,23,0,Gal,d18:1,23:0
16863,9.4,0,4000,23,0,Gal,d18:1,23:0
16864,9.6,0,4000,23,0,Gal,d18:1,23:0
16865,9.8,0,4000,23,0,Gal,d18:1,23:0
16866,10.0,0,4000,23,0,Gal,d18:1,23:0
16867,-10.0,0,4100,23,0,Gal,d18:1,23:0
16868,-9.8,0,4100,23,0,Gal,d18:1,23:0
16869,-9.6,0,4100,23,0,Gal,d18:1,23:0
16870,-9.4,0,4100,23,0,Gal,d18:1,23:0
16871,-9.2,0,4100,23,0,Gal,d18:1,23:0
16872,-9.0,0,4100,23,0,Gal,d18:1,23:0
16873,-8.8,0,4100,23,0,Gal,d18:1,23:0
16874,-8.6,0,4100,23,0,Gal,d18:1,23:0
16875,-8.4,0,4100,23,0,Gal,d18:1,23:0
16876,-8.2,0,4100,23,0,Gal,d18:1,23:0
16877,-8.0,0,4100,23,0,Gal,d18:1,23:0
16878,-7.8,0,4100,23,0,Gal,d18:1,23:0
16879,-7.6,0,4100,23,0,Gal,d18:1,23:0
16880,-7.4,0,4100,23,0,Gal,d18:1,23:0
16881,-7.2,0,4100,23,0,Gal,d18:1,23:0
16882,-7.0,0,4100,23,0,Gal,d18:1,23:0
16883,-6.8,0,4100,23,0,Gal,d18:1,23:0
16884,-6.6,0,4100,23,0,Gal,d18:1,23:0
16885,-6.4,0,4100,23,0,Gal,d18:1,23:0
16886,-6.2,0,4100,23,0,Gal,d18:1,23:0
16887,-6.0,0,4100,23,0,Gal,d18:1,23:0
16888,-5.8,0,4100,23,0,Gal,d18:1,23:0
16889,-5.6,0,4100,23,0,Gal,d18:1,23:0
16890,-5.4,0,4100,23,0,Gal,d18:1,23:0
16891,-5.2,0,4100,23,0,Gal,d18:1,23:0
16892,-5.0,0,4100,23,0,Gal,d18:1,23:0
16893,-4.8,0,4100,23,0,Gal,d18:1,23:0
16894,-4.6,0,4100,23,0,Gal,d18:1,23:0
16895,-4.4,0,4100,23,0,Gal,d18:1,23:0
16896,-4.2,0,4100,23,0,Gal,d18:1,23:0
16897,-4.0,0,4100,23,0,Gal,d18:1,23:0
16898,-3.8,0,4100,23,0,Gal,d18:1,23:0
16899,-3.6,0,4100,23,0,Gal,d18:1,23:0
16900,-3.4,0,4100,23,0,Gal,d18:1,23:0
16901,-3.2,0,4100,23,0,Gal,d18:1,23:0
16902,-3.0,0,4100,23,0,Gal,d18:1,23:0
16903,-2.8,0,4100,23,0,Gal,d18:1,23:0
16904,-2.6,0,4100,23,0,Gal,d18:1,23:0
16905,-2.4,0,4100,23,0,Gal,d18:1,23:0
16906,-2.2,0,4100,23,0,Gal,d18:1,23:0
16907,-2.0,0,4100,23,0,Gal,d18:1,23:0
16908,-1.8,0,4100,23,0,Gal,d18:1,23:0
16909,-1.6,0,4100,23,0,Gal,d18:1,23:0
16910,-1.4,0,4100,23,0,Gal,d18:1,23:0
16911,-1.2,0,4100,23,0,Gal,d18:1,23:0
16912,-1.0,0,4100,23,0,Gal,d18:1,23:0
16913,-0.8,160,4100,23,0,Gal,d18:1,23:0
16914,-0.6,120,4100,23,0,Gal,d18:1,23:0
16915,-0.4,200,4100,23,0,Gal,d18:1,23:0
16916,-0.2,200,4100,23,0,Gal,d18:1,23:0
16917,0.0,300,4100,23,0,Gal,d18:1,23:0
16918,0.2,140,4100,23,0,Gal,d18:1,23:0
16919,0.4,160,4100,23,0,Gal,d18:1,23:0
16920,0.6,60,4100,23,0,Gal,d18:1,23:0
16921,0.8,340,4100,23,0,Gal,d18:1,23:0
16922,1.0,820,4100,23,0,Gal,d18:1,23:0
16923,1.2,1760,4100,23,0,Gal,d18:1,23:0
16924,1.4,5560,4100,23,0,Gal,d18:1,23:0
16925,1.6,10000,4100,23,0,Gal,d18:1,23:0
16926,1.8,11480,4100,23,0,Gal,d18:1,23:0
16927,2.0,14120,4100,23,0,Gal,d18:1,23:0
16928,2.2,10800,4100,23,0,Gal,d18:1,23:0
16929,2.4,7920,4100,23,0,Gal,d18:1,23:0
16930,2.6,6380,4100,23,0,Gal,d18:1,23:0
16931,2.8,4620,4100,23,0,Gal,d18:1,23:0
16932,3.0,3160,4100,23,0,Gal,d18:1,23:0
16933,3.2,1800,4100,23,0,Gal,d18:1,23:0
16934,3.4,1200,4100,23,0,Gal,d18:1,23:0
16935,3.6,960,4100,23,0,Gal,d18:1,23:0
16936,3.8,600,4100,23,0,Gal,d18:1,23:0
16937,4.0,80,4100,23,0,Gal,d18:1,23:0
16938,4.2,0,4100,23,0,Gal,d18:1,23:0
16939,4.4,0,4100,23,0,Gal,d18:1,23:0
16940,4.6,40,4100,23,0,Gal,d18:1,23:0
16941,4.8,0,4100,23,0,Gal,d18:1,23:0
16942,5.0,0,4100,23,0,Gal,d18:1,23:0
16943,5.2,0,4100,23,0,Gal,d18:1,23:0
16944,5.4,20,4100,23,0,Gal,d18:1,23:0
16945,5.6,0,4100,23,0,Gal,d18:1,23:0
16946,5.8,0,4100,23,0,Gal,d18:1,23:0
16947,6.0,0,4100,23,0,Gal,d18:1,23:0
16948,6.2,0,4100,23,0,Gal,d18:1,23:0
16949,6.4,60,4100,23,0,Gal,d18:1,23:0
16950,6.6,0,4100,23,0,Gal,d18:1,23:0
16951,6.8,0,4100,23,0,Gal,d18:1,23:0
16952,7.0,40,4100,23,0,Gal,d18:1,23:0
16953,7.2,0,4100,23,0,Gal,d18:1,23:0
16954,7.4,0,4100,23,0,Gal,d18:1,23:0
16955,7.6,80,4100,23,0,Gal,d18:1,23:0
16956,7.8,0,4100,23,0,Gal,d18:1,23:0
16957,8.0,0,4100,23,0,Gal,d18:1,23:0
16958,8.2,0,4100,23,0,Gal,d18:1,23:0
16959,8.4,0,4100,23,0,Gal,d18:1,23:0
16960,8.6,0,4100,23,0,Gal,d18:1,23:0
16961,8.8,0,4100,23,0,Gal,d18:1,23:0
16962,9.0,0,4100,23,0,Gal,d18:1,23:0
16963,9.2,0,4100,23,0,Gal,d18:1,23:0
16964,9.4,0,4100,23,0,Gal,d18:1,23:0
16965,9.6,0,4100,23,0,Gal,d18:1,23:0
16966,9.8,0,4100,23,0,Gal,d18:1,23:0
16967,10.0,0,4100,23,0,Gal,d18:1,23:0
16968,-10.0,0,0,24,1,Gal,d18:1,24:1
16969,-9.8,0,0,24,1,Gal,d18:1,24:1
16970,-9.6,0,0,24,1,Gal,d18:1,24:1
16971,-9.4,0,0,24,1,Gal,d18:1,24:1
16972,-9.2,0,0,24,1,Gal,d18:1,24:1
16973,-9.0,0,0,24,1,Gal,d18:1,24:1
16974,-8.8,0,0,24,1,Gal,d18:1,24:1
16975,-8.6,0,0,24,1,Gal,d18:1,24:1
16976,-8.4,0,0,24,1,Gal,d18:1,24:1
16977,-8.2,0,0,24,1,Gal,d18:1,24:1
16978,-8.0,0,0,24,1,Gal,d18:1,24:1
16979,-7.8,0,0,24,1,Gal,d18:1,24:1
16980,-7.6,0,0,24,1,Gal,d18:1,24:1
16981,-7.4,0,0,24,1,Gal,d18:1,24:1
16982,-7.2,0,0,24,1,Gal,d18:1,24:1
16983,-7.0,0,0,24,1,Gal,d18:1,24:1
16984,-6.8,0,0,24,1,Gal,d18:1,24:1
16985,-6.6,0,0,24,1,Gal,d18:1,24:1
16986,-6.4,0,0,24,1,Gal,d18:1,24:1
16987,-6.2,0,0,24,1,Gal,d18:1,24:1
16988,-6.0,0,0,24,1,Gal,d18:1,24:1
16989,-5.8,0,0,24,1,Gal,d18:1,24:1
16990,-5.6,0,0,24,1,Gal,d18:1,24:1
16991,-5.4,0,0,24,1,Gal,d18:1,24:1
16992,-5.2,0,0,24,1,Gal,d18:1,24:1
16993,-5.0,0,0,24,1,Gal,d18:1,24:1
16994,-4.8,0,0,24,1,Gal,d18:1,24:1
16995,-4.6,0,0,24,1,Gal,d18:1,24:1
16996,-4.4,0,0,24,1,Gal,d18:1,24:1
16997,-4.2,0,0,24,1,Gal,d18:1,24:1
16998,-4.0,0,0,24,1,Gal,d18:1,24:1
16999,-3.8,0,0,24,1,Gal,d18:1,24:1
17000,-3.6,0,0,24,1,Gal,d18:1,24:1
17001,-3.4,0,0,24,1,Gal,d18:1,24:1
17002,-3.2,0,0,24,1,Gal,d18:1,24:1
17003,-3.0,0,0,24,1,Gal,d18:1,24:1
17004,-2.8,0,0,24,1,Gal,d18:1,24:1
17005,-2.6,0,0,24,1,Gal,d18:1,24:1
17006,-2.4,0,0,24,1,Gal,d18:1,24:1
17007,-2.2,0,0,24,1,Gal,d18:1,24:1
17008,-2.0,0,0,24,1,Gal,d18:1,24:1
17009,-1.8,0,0,24,1,Gal,d18:1,24:1
17010,-1.6,0,0,24,1,Gal,d18:1,24:1
17011,-1.4,100,0,24,1,Gal,d18:1,24:1
17012,-1.2,480,0,24,1,Gal,d18:1,24:1
17013,-1.0,1200,0,24,1,Gal,d18:1,24:1
17014,-0.8,2380,0,24,1,Gal,d18:1,24:1
17015,-0.6,3320,0,24,1,Gal,d18:1,24:1
17016,-0.4,2780,0,24,1,Gal,d18:1,24:1
17017,-0.2,2940,0,24,1,Gal,d18:1,24:1
17018,0.0,2480,0,24,1,Gal,d18:1,24:1
17019,0.2,1840,0,24,1,Gal,d18:1,24:1
17020,0.4,840,0,24,1,Gal,d18:1,24:1
17021,0.6,1000,0,24,1,Gal,d18:1,24:1
17022,0.8,920,0,24,1,Gal,d18:1,24:1
17023,1.0,560,0,24,1,Gal,d18:1,24:1
17024,1.2,120,0,24,1,Gal,d18:1,24:1
17025,1.4,40,0,24,1,Gal,d18:1,24:1
17026,1.6,0,0,24,1,Gal,d18:1,24:1
17027,1.8,0,0,24,1,Gal,d18:1,24:1
17028,2.0,0,0,24,1,Gal,d18:1,24:1
17029,2.2,0,0,24,1,Gal,d18:1,24:1
17030,2.4,0,0,24,1,Gal,d18:1,24:1
17031,2.6,0,0,24,1,Gal,d18:1,24:1
17032,2.8,0,0,24,1,Gal,d18:1,24:1
17033,3.0,0,0,24,1,Gal,d18:1,24:1
17034,3.2,0,0,24,1,Gal,d18:1,24:1
17035,3.4,0,0,24,1,Gal,d18:1,24:1
17036,3.6,0,0,24,1,Gal,d18:1,24:1
17037,3.8,0,0,24,1,Gal,d18:1,24:1
17038,4.0,0,0,24,1,Gal,d18:1,24:1
17039,4.2,0,0,24,1,Gal,d18:1,24:1
17040,4.4,0,0,24,1,Gal,d18:1,24:1
17041,4.6,0,0,24,1,Gal,d18:1,24:1
17042,4.8,0,0,24,1,Gal,d18:1,24:1
17043,5.0,0,0,24,1,Gal,d18:1,24:1
17044,5.2,0,0,24,1,Gal,d18:1,24:1
17045,5.4,0,0,24,1,Gal,d18:1,24:1
17046,5.6,0,0,24,1,Gal,d18:1,24:1
17047,5.8,0,0,24,1,Gal,d18:1,24:1
17048,6.0,0,0,24,1,Gal,d18:1,24:1
17049,6.2,0,0,24,1,Gal,d18:1,24:1
17050,6.4,0,0,24,1,Gal,d18:1,24:1
17051,6.6,0,0,24,1,Gal,d18:1,24:1
17052,6.8,0,0,24,1,Gal,d18:1,24:1
17053,7.0,0,0,24,1,Gal,d18:1,24:1
17054,7.2,0,0,24,1,Gal,d18:1,24:1
17055,7.4,0,0,24,1,Gal,d18:1,24:1
17056,7.6,0,0,24,1,Gal,d18:1,24:1
17057,7.8,0,0,24,1,Gal,d18:1,24:1
17058,8.0,0,0,24,1,Gal,d18:1,24:1
17059,8.2,0,0,24,1,Gal,d18:1,24:1
17060,8.4,0,0,24,1,Gal,d18:1,24:1
17061,8.6,0,0,24,1,Gal,d18:1,24:1
17062,8.8,0,0,24,1,Gal,d18:1,24:1
17063,9.0,0,0,24,1,Gal,d18:1,24:1
17064,9.2,0,0,24,1,Gal,d18:1,24:1
17065,9.4,0,0,24,1,Gal,d18:1,24:1
17066,9.6,0,0,24,1,Gal,d18:1,24:1
17067,9.8,0,0,24,1,Gal,d18:1,24:1
17068,10.0,0,0,24,1,Gal,d18:1,24:1
17069,-10.0,0,100,24,1,Gal,d18:1,24:1
17070,-9.8,0,100,24,1,Gal,d18:1,24:1
17071,-9.6,0,100,24,1,Gal,d18:1,24:1
17072,-9.4,0,100,24,1,Gal,d18:1,24:1
17073,-9.2,0,100,24,1,Gal,d18:1,24:1
17074,-9.0,0,100,24,1,Gal,d18:1,24:1
17075,-8.8,0,100,24,1,Gal,d18:1,24:1
17076,-8.6,0,100,24,1,Gal,d18:1,24:1
17077,-8.4,0,100,24,1,Gal,d18:1,24:1
17078,-8.2,0,100,24,1,Gal,d18:1,24:1
17079,-8.0,0,100,24,1,Gal,d18:1,24:1
17080,-7.8,0,100,24,1,Gal,d18:1,24:1
17081,-7.6,0,100,24,1,Gal,d18:1,24:1
17082,-7.4,0,100,24,1,Gal,d18:1,24:1
17083,-7.2,0,100,24,1,Gal,d18:1,24:1
17084,-7.0,0,100,24,1,Gal,d18:1,24:1
17085,-6.8,0,100,24,1,Gal,d18:1,24:1
17086,-6.6,0,100,24,1,Gal,d18:1,24:1
17087,-6.4,0,100,24,1,Gal,d18:1,24:1
17088,-6.2,0,100,24,1,Gal,d18:1,24:1
17089,-6.0,0,100,24,1,Gal,d18:1,24:1
17090,-5.8,0,100,24,1,Gal,d18:1,24:1
17091,-5.6,0,100,24,1,Gal,d18:1,24:1
17092,-5.4,0,100,24,1,Gal,d18:1,24:1
17093,-5.2,0,100,24,1,Gal,d18:1,24:1
17094,-5.0,0,100,24,1,Gal,d18:1,24:1
17095,-4.8,0,100,24,1,Gal,d18:1,24:1
17096,-4.6,0,100,24,1,Gal,d18:1,24:1
17097,-4.4,0,100,24,1,Gal,d18:1,24:1
17098,-4.2,0,100,24,1,Gal,d18:1,24:1
17099,-4.0,0,100,24,1,Gal,d18:1,24:1
17100,-3.8,0,100,24,1,Gal,d18:1,24:1
17101,-3.6,0,100,24,1,Gal,d18:1,24:1
17102,-3.4,0,100,24,1,Gal,d18:1,24:1
17103,-3.2,0,100,24,1,Gal,d18:1,24:1
17104,-3.0,0,100,24,1,Gal,d18:1,24:1
17105,-2.8,0,100,24,1,Gal,d18:1,24:1
17106,-2.6,0,100,24,1,Gal,d18:1,24:1
17107,-2.4,0,100,24,1,Gal,d18:1,24:1
17108,-2.2,0,100,24,1,Gal,d18:1,24:1
17109,-2.0,0,100,24,1,Gal,d18:1,24:1
17110,-1.8,0,100,24,1,Gal,d18:1,24:1
17111,-1.6,20,100,24,1,Gal,d18:1,24:1
17112,-1.4,120,100,24,1,Gal,d18:1,24:1
17113,-1.2,340,100,24,1,Gal,d18:1,24:1
17114,-1.0,1300,100,24,1,Gal,d18:1,24:1
17115,-0.8,2740,100,24,1,Gal,d18:1,24:1
17116,-0.6,2900,100,24,1,Gal,d18:1,24:1
17117,-0.4,2860,100,24,1,Gal,d18:1,24:1
17118,-0.2,2440,100,24,1,Gal,d18:1,24:1
17119,0.0,2120,100,24,1,Gal,d18:1,24:1
17120,0.2,1620,100,24,1,Gal,d18:1,24:1
17121,0.4,1460,100,24,1,Gal,d18:1,24:1
17122,0.6,860,100,24,1,Gal,d18:1,24:1
17123,0.8,960,100,24,1,Gal,d18:1,24:1
17124,1.0,460,100,24,1,Gal,d18:1,24:1
17125,1.2,120,100,24,1,Gal,d18:1,24:1
17126,1.4,20,100,24,1,Gal,d18:1,24:1
17127,1.6,0,100,24,1,Gal,d18:1,24:1
17128,1.8,0,100,24,1,Gal,d18:1,24:1
17129,2.0,0,100,24,1,Gal,d18:1,24:1
17130,2.2,0,100,24,1,Gal,d18:1,24:1
17131,2.4,0,100,24,1,Gal,d18:1,24:1
17132,2.6,0,100,24,1,Gal,d18:1,24:1
17133,2.8,0,100,24,1,Gal,d18:1,24:1
17134,3.0,0,100,24,1,Gal,d18:1,24:1
17135,3.2,0,100,24,1,Gal,d18:1,24:1
17136,3.4,0,100,24,1,Gal,d18:1,24:1
17137,3.6,0,100,24,1,Gal,d18:1,24:1
17138,3.8,0,100,24,1,Gal,d18:1,24:1
17139,4.0,0,100,24,1,Gal,d18:1,24:1
17140,4.2,0,100,24,1,Gal,d18:1,24:1
17141,4.4,0,100,24,1,Gal,d18:1,24:1
17142,4.6,0,100,24,1,Gal,d18:1,24:1
17143,4.8,0,100,24,1,Gal,d18:1,24:1
17144,5.0,0,100,24,1,Gal,d18:1,24:1
17145,5.2,0,100,24,1,Gal,d18:1,24:1
17146,5.4,0,100,24,1,Gal,d18:1,24:1
17147,5.6,0,100,24,1,Gal,d18:1,24:1
17148,5.8,0,100,24,1,Gal,d18:1,24:1
17149,6.0,0,100,24,1,Gal,d18:1,24:1
17150,6.2,0,100,24,1,Gal,d18:1,24:1
17151,6.4,0,100,24,1,Gal,d18:1,24:1
17152,6.6,0,100,24,1,Gal,d18:1,24:1
17153,6.8,0,100,24,1,Gal,d18:1,24:1
17154,7.0,0,100,24,1,Gal,d18:1,24:1
17155,7.2,0,100,24,1,Gal,d18:1,24:1
17156,7.4,0,100,24,1,Gal,d18:1,24:1
17157,7.6,0,100,24,1,Gal,d18:1,24:1
17158,7.8,0,100,24,1,Gal,d18:1,24:1
17159,8.0,0,100,24,1,Gal,d18:1,24:1
17160,8.2,0,100,24,1,Gal,d18:1,24:1
17161,8.4,0,100,24,1,Gal,d18:1,24:1
17162,8.6,0,100,24,1,Gal,d18:1,24:1
17163,8.8,0,100,24,1,Gal,d18:1,24:1
17164,9.0,0,100,24,1,Gal,d18:1,24:1
17165,9.2,0,100,24,1,Gal,d18:1,24:1
17166,9.4,0,100,24,1,Gal,d18:1,24:1
17167,9.6,0,100,24,1,Gal,d18:1,24:1
17168,9.8,0,100,24,1,Gal,d18:1,24:1
17169,10.0,0,100,24,1,Gal,d18:1,24:1
17170,-10.0,0,200,24,1,Gal,d18:1,24:1
17171,-9.8,0,200,24,1,Gal,d18:1,24:1
17172,-9.6,0,200,24,1,Gal,d18:1,24:1
17173,-9.4,0,200,24,1,Gal,d18:1,24:1
17174,-9.2,0,200,24,1,Gal,d18:1,24:1
17175,-9.0,0,200,24,1,Gal,d18:1,24:1
17176,-8.8,0,200,24,1,Gal,d18:1,24:1
17177,-8.6,0,200,24,1,Gal,d18:1,24:1
17178,-8.4,0,200,24,1,Gal,d18:1,24:1
17179,-8.2,0,200,24,1,Gal,d18:1,24:1
17180,-8.0,0,200,24,1,Gal,d18:1,24:1
17181,-7.8,0,200,24,1,Gal,d18:1,24:1
17182,-7.6,0,200,24,1,Gal,d18:1,24:1
17183,-7.4,0,200,24,1,Gal,d18:1,24:1
17184,-7.2,0,200,24,1,Gal,d18:1,24:1
17185,-7.0,0,200,24,1,Gal,d18:1,24:1
17186,-6.8,0,200,24,1,Gal,d18:1,24:1
17187,-6.6,0,200,24,1,Gal,d18:1,24:1
17188,-6.4,0,200,24,1,Gal,d18:1,24:1
17189,-6.2,0,200,24,1,Gal,d18:1,24:1
17190,-6.0,0,200,24,1,Gal,d18:1,24:1
17191,-5.8,0,200,24,1,Gal,d18:1,24:1
17192,-5.6,0,200,24,1,Gal,d18:1,24:1
17193,-5.4,0,200,24,1,Gal,d18:1,24:1
17194,-5.2,0,200,24,1,Gal,d18:1,24:1
17195,-5.0,0,200,24,1,Gal,d18:1,24:1
17196,-4.8,0,200,24,1,Gal,d18:1,24:1
17197,-4.6,0,200,24,1,Gal,d18:1,24:1
17198,-4.4,0,200,24,1,Gal,d18:1,24:1
17199,-4.2,0,200,24,1,Gal,d18:1,24:1
17200,-4.0,0,200,24,1,Gal,d18:1,24:1
17201,-3.8,0,200,24,1,Gal,d18:1,24:1
17202,-3.6,0,200,24,1,Gal,d18:1,24:1
17203,-3.4,0,200,24,1,Gal,d18:1,24:1
17204,-3.2,0,200,24,1,Gal,d18:1,24:1
17205,-3.0,0,200,24,1,Gal,d18:1,24:1
17206,-2.8,0,200,24,1,Gal,d18:1,24:1
17207,-2.6,0,200,24,1,Gal,d18:1,24:1
17208,-2.4,0,200,24,1,Gal,d18:1,24:1
17209,-2.2,0,200,24,1,Gal,d18:1,24:1
17210,-2.0,0,200,24,1,Gal,d18:1,24:1
17211,-1.8,0,200,24,1,Gal,d18:1,24:1
17212,-1.6,0,200,24,1,Gal,d18:1,24:1
17213,-1.4,80,200,24,1,Gal,d18:1,24:1
17214,-1.2,400,200,24,1,Gal,d18:1,24:1
17215,-1.0,1460,200,24,1,Gal,d18:1,24:1
17216,-0.8,3320,200,24,1,Gal,d18:1,24:1
17217,-0.6,3020,200,24,1,Gal,d18:1,24:1
17218,-0.4,2500,200,24,1,Gal,d18:1,24:1
17219,-0.2,2220,200,24,1,Gal,d18:1,24:1
17220,0.0,1540,200,24,1,Gal,d18:1,24:1
17221,0.2,1940,200,24,1,Gal,d18:1,24:1
17222,0.4,2020,200,24,1,Gal,d18:1,24:1
17223,0.6,1380,200,24,1,Gal,d18:1,24:1
17224,0.8,1020,200,24,1,Gal,d18:1,24:1
17225,1.0,400,200,24,1,Gal,d18:1,24:1
17226,1.2,100,200,24,1,Gal,d18:1,24:1
17227,1.4,60,200,24,1,Gal,d18:1,24:1
17228,1.6,0,200,24,1,Gal,d18:1,24:1
17229,1.8,0,200,24,1,Gal,d18:1,24:1
17230,2.0,0,200,24,1,Gal,d18:1,24:1
17231,2.2,0,200,24,1,Gal,d18:1,24:1
17232,2.4,0,200,24,1,Gal,d18:1,24:1
17233,2.6,0,200,24,1,Gal,d18:1,24:1
17234,2.8,0,200,24,1,Gal,d18:1,24:1
17235,3.0,0,200,24,1,Gal,d18:1,24:1
17236,3.2,0,200,24,1,Gal,d18:1,24:1
17237,3.4,0,200,24,1,Gal,d18:1,24:1
17238,3.6,0,200,24,1,Gal,d18:1,24:1
17239,3.8,0,200,24,1,Gal,d18:1,24:1
17240,4.0,0,200,24,1,Gal,d18:1,24:1
17241,4.2,0,200,24,1,Gal,d18:1,24:1
17242,4.4,0,200,24,1,Gal,d18:1,24:1
17243,4.6,0,200,24,1,Gal,d18:1,24:1
17244,4.8,0,200,24,1,Gal,d18:1,24:1
17245,5.0,0,200,24,1,Gal,d18:1,24:1
17246,5.2,0,200,24,1,Gal,d18:1,24:1
17247,5.4,0,200,24,1,Gal,d18:1,24:1
17248,5.6,0,200,24,1,Gal,d18:1,24:1
17249,5.8,0,200,24,1,Gal,d18:1,24:1
17250,6.0,0,200,24,1,Gal,d18:1,24:1
17251,6.2,0,200,24,1,Gal,d18:1,24:1
17252,6.4,0,200,24,1,Gal,d18:1,24:1
17253,6.6,0,200,24,1,Gal,d18:1,24:1
17254,6.8,0,200,24,1,Gal,d18:1,24:1
17255,7.0,0,200,24,1,Gal,d18:1,24:1
17256,7.2,0,200,24,1,Gal,d18:1,24:1
17257,7.4,0,200,24,1,Gal,d18:1,24:1
17258,7.6,0,200,24,1,Gal,d18:1,24:1
17259,7.8,0,200,24,1,Gal,d18:1,24:1
17260,8.0,0,200,24,1,Gal,d18:1,24:1
17261,8.2,0,200,24,1,Gal,d18:1,24:1
17262,8.4,0,200,24,1,Gal,d18:1,24:1
17263,8.6,0,200,24,1,Gal,d18:1,24:1
17264,8.8,0,200,24,1,Gal,d18:1,24:1
17265,9.0,0,200,24,1,Gal,d18:1,24:1
17266,9.2,0,200,24,1,Gal,d18:1,24:1
17267,9.4,0,200,24,1,Gal,d18:1,24:1
17268,9.6,0,200,24,1,Gal,d18:1,24:1
17269,9.8,0,200,24,1,Gal,d18:1,24:1
17270,10.0,0,200,24,1,Gal,d18:1,24:1
17271,-10.0,0,300,24,1,Gal,d18:1,24:1
17272,-9.8,0,300,24,1,Gal,d18:1,24:1
17273,-9.6,0,300,24,1,Gal,d18:1,24:1
17274,-9.4,0,300,24,1,Gal,d18:1,24:1
17275,-9.2,0,300,24,1,Gal,d18:1,24:1
17276,-9.0,0,300,24,1,Gal,d18:1,24:1
17277,-8.8,0,300,24,1,Gal,d18:1,24:1
17278,-8.6,0,300,24,1,Gal,d18:1,24:1
17279,-8.4,0,300,24,1,Gal,d18:1,24:1
17280,-8.2,0,300,24,1,Gal,d18:1,24:1
17281,-8.0,0,300,24,1,Gal,d18:1,24:1
17282,-7.8,0,300,24,1,Gal,d18:1,24:1
17283,-7.6,0,300,24,1,Gal,d18:1,24:1
17284,-7.4,0,300,24,1,Gal,d18:1,24:1
17285,-7.2,0,300,24,1,Gal,d18:1,24:1
17286,-7.0,0,300,24,1,Gal,d18:1,24:1
17287,-6.8,0,300,24,1,Gal,d18:1,24:1
17288,-6.6,0,300,24,1,Gal,d18:1,24:1
17289,-6.4,0,300,24,1,Gal,d18:1,24:1
17290,-6.2,0,300,24,1,Gal,d18:1,24:1
17291,-6.0,0,300,24,1,Gal,d18:1,24:1
17292,-5.8,0,300,24,1,Gal,d18:1,24:1
17293,-5.6,0,300,24,1,Gal,d18:1,24:1
17294,-5.4,0,300,24,1,Gal,d18:1,24:1
17295,-5.2,0,300,24,1,Gal,d18:1,24:1
17296,-5.0,0,300,24,1,Gal,d18:1,24:1
17297,-4.8,0,300,24,1,Gal,d18:1,24:1
17298,-4.6,0,300,24,1,Gal,d18:1,24:1
17299,-4.4,0,300,24,1,Gal,d18:1,24:1
17300,-4.2,0,300,24,1,Gal,d18:1,24:1
17301,-4.0,0,300,24,1,Gal,d18:1,24:1
17302,-3.8,0,300,24,1,Gal,d18:1,24:1
17303,-3.6,0,300,24,1,Gal,d18:1,24:1
17304,-3.4,0,300,24,1,Gal,d18:1,24:1
17305,-3.2,0,300,24,1,Gal,d18:1,24:1
17306,-3.0,0,300,24,1,Gal,d18:1,24:1
17307,-2.8,0,300,24,1,Gal,d18:1,24:1
17308,-2.6,0,300,24,1,Gal,d18:1,24:1
17309,-2.4,0,300,24,1,Gal,d18:1,24:1
17310,-2.2,0,300,24,1,Gal,d18:1,24:1
17311,-2.0,0,300,24,1,Gal,d18:1,24:1
17312,-1.8,0,300,24,1,Gal,d18:1,24:1
17313,-1.6,0,300,24,1,Gal,d18:1,24:1
17314,-1.4,60,300,24,1,Gal,d18:1,24:1
17315,-1.2,680,300,24,1,Gal,d18:1,24:1
17316,-1.0,1320,300,24,1,Gal,d18:1,24:1
17317,-0.8,1900,300,24,1,Gal,d18:1,24:1
17318,-0.6,2600,300,24,1,Gal,d18:1,24:1
17319,-0.4,2960,300,24,1,Gal,d18:1,24:1
17320,-0.2,3040,300,24,1,Gal,d18:1,24:1
17321,0.0,1840,300,24,1,Gal,d18:1,24:1
17322,0.2,1180,300,24,1,Gal,d18:1,24:1
17323,0.4,2100,300,24,1,Gal,d18:1,24:1
17324,0.6,1640,300,24,1,Gal,d18:1,24:1
17325,0.8,1180,300,24,1,Gal,d18:1,24:1
17326,1.0,500,300,24,1,Gal,d18:1,24:1
17327,1.2,120,300,24,1,Gal,d18:1,24:1
17328,1.4,80,300,24,1,Gal,d18:1,24:1
17329,1.6,0,300,24,1,Gal,d18:1,24:1
17330,1.8,0,300,24,1,Gal,d18:1,24:1
17331,2.0,0,300,24,1,Gal,d18:1,24:1
17332,2.2,0,300,24,1,Gal,d18:1,24:1
17333,2.4,0,300,24,1,Gal,d18:1,24:1
17334,2.6,0,300,24,1,Gal,d18:1,24:1
17335,2.8,0,300,24,1,Gal,d18:1,24:1
17336,3.0,0,300,24,1,Gal,d18:1,24:1
17337,3.2,0,300,24,1,Gal,d18:1,24:1
17338,3.4,0,300,24,1,Gal,d18:1,24:1
17339,3.6,0,300,24,1,Gal,d18:1,24:1
17340,3.8,0,300,24,1,Gal,d18:1,24:1
17341,4.0,0,300,24,1,Gal,d18:1,24:1
17342,4.2,0,300,24,1,Gal,d18:1,24:1
17343,4.4,0,300,24,1,Gal,d18:1,24:1
17344,4.6,0,300,24,1,Gal,d18:1,24:1
17345,4.8,0,300,24,1,Gal,d18:1,24:1
17346,5.0,0,300,24,1,Gal,d18:1,24:1
17347,5.2,0,300,24,1,Gal,d18:1,24:1
17348,5.4,0,300,24,1,Gal,d18:1,24:1
17349,5.6,0,300,24,1,Gal,d18:1,24:1
17350,5.8,0,300,24,1,Gal,d18:1,24:1
17351,6.0,0,300,24,1,Gal,d18:1,24:1
17352,6.2,0,300,24,1,Gal,d18:1,24:1
17353,6.4,0,300,24,1,Gal,d18:1,24:1
17354,6.6,0,300,24,1,Gal,d18:1,24:1
17355,6.8,0,300,24,1,Gal,d18:1,24:1
17356,7.0,0,300,24,1,Gal,d18:1,24:1
17357,7.2,0,300,24,1,Gal,d18:1,24:1
17358,7.4,0,300,24,1,Gal,d18:1,24:1
17359,7.6,0,300,24,1,Gal,d18:1,24:1
17360,7.8,0,300,24,1,Gal,d18:1,24:1
17361,8.0,0,300,24,1,Gal,d18:1,24:1
17362,8.2,0,300,24,1,Gal,d18:1,24:1
17363,8.4,0,300,24,1,Gal,d18:1,24:1
17364,8.6,0,300,24,1,Gal,d18:1,24:1
17365,8.8,0,300,24,1,Gal,d18:1,24:1
17366,9.0,0,300,24,1,Gal,d18:1,24:1
17367,9.2,0,300,24,1,Gal,d18:1,24:1
17368,9.4,0,300,24,1,Gal,d18:1,24:1
17369,9.6,0,300,24,1,Gal,d18:1,24:1
17370,9.8,0,300,24,1,Gal,d18:1,24:1
17371,10.0,0,300,24,1,Gal,d18:1,24:1
17372,-10.0,0,400,24,1,Gal,d18:1,24:1
17373,-9.8,0,400,24,1,Gal,d18:1,24:1
17374,-9.6,0,400,24,1,Gal,d18:1,24:1
17375,-9.4,0,400,24,1,Gal,d18:1,24:1
17376,-9.2,0,400,24,1,Gal,d18:1,24:1
17377,-9.0,0,400,24,1,Gal,d18:1,24:1
17378,-8.8,0,400,24,1,Gal,d18:1,24:1
17379,-8.6,0,400,24,1,Gal,d18:1,24:1
17380,-8.4,0,400,24,1,Gal,d18:1,24:1
17381,-8.2,0,400,24,1,Gal,d18:1,24:1
17382,-8.0,0,400,24,1,Gal,d18:1,24:1
17383,-7.8,0,400,24,1,Gal,d18:1,24:1
17384,-7.6,0,400,24,1,Gal,d18:1,24:1
17385,-7.4,0,400,24,1,Gal,d18:1,24:1
17386,-7.2,0,400,24,1,Gal,d18:1,24:1
17387,-7.0,0,400,24,1,Gal,d18:1,24:1
17388,-6.8,0,400,24,1,Gal,d18:1,24:1
17389,-6.6,0,400,24,1,Gal,d18:1,24:1
17390,-6.4,0,400,24,1,Gal,d18:1,24:1
17391,-6.2,0,400,24,1,Gal,d18:1,24:1
17392,-6.0,0,400,24,1,Gal,d18:1,24:1
17393,-5.8,0,400,24,1,Gal,d18:1,24:1
17394,-5.6,0,400,24,1,Gal,d18:1,24:1
17395,-5.4,0,400,24,1,Gal,d18:1,24:1
17396,-5.2,0,400,24,1,Gal,d18:1,24:1
17397,-5.0,0,400,24,1,Gal,d18:1,24:1
17398,-4.8,0,400,24,1,Gal,d18:1,24:1
17399,-4.6,0,400,24,1,Gal,d18:1,24:1
17400,-4.4,0,400,24,1,Gal,d18:1,24:1
17401,-4.2,0,400,24,1,Gal,d18:1,24:1
17402,-4.0,0,400,24,1,Gal,d18:1,24:1
17403,-3.8,0,400,24,1,Gal,d18:1,24:1
17404,-3.6,0,400,24,1,Gal,d18:1,24:1
17405,-3.4,0,400,24,1,Gal,d18:1,24:1
17406,-3.2,0,400,24,1,Gal,d18:1,24:1
17407,-3.0,0,400,24,1,Gal,d18:1,24:1
17408,-2.8,0,400,24,1,Gal,d18:1,24:1
17409,-2.6,0,400,24,1,Gal,d18:1,24:1
17410,-2.4,0,400,24,1,Gal,d18:1,24:1
17411,-2.2,0,400,24,1,Gal,d18:1,24:1
17412,-2.0,0,400,24,1,Gal,d18:1,24:1
17413,-1.8,0,400,24,1,Gal,d18:1,24:1
17414,-1.6,0,400,24,1,Gal,d18:1,24:1
17415,-1.4,100,400,24,1,Gal,d18:1,24:1
17416,-1.2,380,400,24,1,Gal,d18:1,24:1
17417,-1.0,1600,400,24,1,Gal,d18:1,24:1
17418,-0.8,2540,400,24,1,Gal,d18:1,24:1
17419,-0.6,3000,400,24,1,Gal,d18:1,24:1
17420,-0.4,2960,400,24,1,Gal,d18:1,24:1
17421,-0.2,2240,400,24,1,Gal,d18:1,24:1
17422,0.0,1780,400,24,1,Gal,d18:1,24:1
17423,0.2,1500,400,24,1,Gal,d18:1,24:1
17424,0.4,1460,400,24,1,Gal,d18:1,24:1
17425,0.6,2200,400,24,1,Gal,d18:1,24:1
17426,0.8,1780,400,24,1,Gal,d18:1,24:1
17427,1.0,320,400,24,1,Gal,d18:1,24:1
17428,1.2,120,400,24,1,Gal,d18:1,24:1
17429,1.4,0,400,24,1,Gal,d18:1,24:1
17430,1.6,0,400,24,1,Gal,d18:1,24:1
17431,1.8,0,400,24,1,Gal,d18:1,24:1
17432,2.0,0,400,24,1,Gal,d18:1,24:1
17433,2.2,0,400,24,1,Gal,d18:1,24:1
17434,2.4,0,400,24,1,Gal,d18:1,24:1
17435,2.6,0,400,24,1,Gal,d18:1,24:1
17436,2.8,0,400,24,1,Gal,d18:1,24:1
17437,3.0,0,400,24,1,Gal,d18:1,24:1
17438,3.2,0,400,24,1,Gal,d18:1,24:1
17439,3.4,0,400,24,1,Gal,d18:1,24:1
17440,3.6,0,400,24,1,Gal,d18:1,24:1
17441,3.8,0,400,24,1,Gal,d18:1,24:1
17442,4.0,0,400,24,1,Gal,d18:1,24:1
17443,4.2,0,400,24,1,Gal,d18:1,24:1
17444,4.4,0,400,24,1,Gal,d18:1,24:1
17445,4.6,0,400,24,1,Gal,d18:1,24:1
17446,4.8,0,400,24,1,Gal,d18:1,24:1
17447,5.0,0,400,24,1,Gal,d18:1,24:1
17448,5.2,0,400,24,1,Gal,d18:1,24:1
17449,5.4,0,400,24,1,Gal,d18:1,24:1
17450,5.6,0,400,24,1,Gal,d18:1,24:1
17451,5.8,0,400,24,1,Gal,d18:1,24:1
17452,6.0,0,400,24,1,Gal,d18:1,24:1
17453,6.2,0,400,24,1,Gal,d18:1,24:1
17454,6.4,0,400,24,1,Gal,d18:1,24:1
17455,6.6,0,400,24,1,Gal,d18:1,24:1
17456,6.8,0,400,24,1,Gal,d18:1,24:1
17457,7.0,0,400,24,1,Gal,d18:1,24:1
17458,7.2,0,400,24,1,Gal,d18:1,24:1
17459,7.4,0,400,24,1,Gal,d18:1,24:1
17460,7.6,0,400,24,1,Gal,d18:1,24:1
17461,7.8,0,400,24,1,Gal,d18:1,24:1
17462,8.0,0,400,24,1,Gal,d18:1,24:1
17463,8.2,0,400,24,1,Gal,d18:1,24:1
17464,8.4,0,400,24,1,Gal,d18:1,24:1
17465,8.6,0,400,24,1,Gal,d18:1,24:1
17466,8.8,0,400,24,1,Gal,d18:1,24:1
17467,9.0,0,400,24,1,Gal,d18:1,24:1
17468,9.2,0,400,24,1,Gal,d18:1,24:1
17469,9.4,0,400,24,1,Gal,d18:1,24:1
17470,9.6,0,400,24,1,Gal,d18:1,24:1
17471,9.8,0,400,24,1,Gal,d18:1,24:1
17472,10.0,0,400,24,1,Gal,d18:1,24:1
17473,-10.0,0,500,24,1,Gal,d18:1,24:1
17474,-9.8,0,500,24,1,Gal,d18:1,24:1
17475,-9.6,0,500,24,1,Gal,d18:1,24:1
17476,-9.4,0,500,24,1,Gal,d18:1,24:1
17477,-9.2,0,500,24,1,Gal,d18:1,24:1
17478,-9.0,0,500,24,1,Gal,d18:1,24:1
17479,-8.8,0,500,24,1,Gal,d18:1,24:1
17480,-8.6,0,500,24,1,Gal,d18:1,24:1
17481,-8.4,0,500,24,1,Gal,d18:1,24:1
17482,-8.2,0,500,24,1,Gal,d18:1,24:1
17483,-8.0,0,500,24,1,Gal,d18:1,24:1
17484,-7.8,0,500,24,1,Gal,d18:1,24:1
17485,-7.6,0,500,24,1,Gal,d18:1,24:1
17486,-7.4,0,500,24,1,Gal,d18:1,24:1
17487,-7.2,0,500,24,1,Gal,d18:1,24:1
17488,-7.0,0,500,24,1,Gal,d18:1,24:1
17489,-6.8,0,500,24,1,Gal,d18:1,24:1
17490,-6.6,0,500,24,1,Gal,d18:1,24:1
17491,-6.4,0,500,24,1,Gal,d18:1,24:1
17492,-6.2,0,500,24,1,Gal,d18:1,24:1
17493,-6.0,0,500,24,1,Gal,d18:1,24:1
17494,-5.8,0,500,24,1,Gal,d18:1,24:1
17495,-5.6,0,500,24,1,Gal,d18:1,24:1
17496,-5.4,0,500,24,1,Gal,d18:1,24:1
17497,-5.2,0,500,24,1,Gal,d18:1,24:1
17498,-5.0,0,500,24,1,Gal,d18:1,24:1
17499,-4.8,0,500,24,1,Gal,d18:1,24:1
17500,-4.6,0,500,24,1,Gal,d18:1,24:1
17501,-4.4,0,500,24,1,Gal,d18:1,24:1
17502,-4.2,0,500,24,1,Gal,d18:1,24:1
17503,-4.0,0,500,24,1,Gal,d18:1,24:1
17504,-3.8,0,500,24,1,Gal,d18:1,24:1
17505,-3.6,0,500,24,1,Gal,d18:1,24:1
17506,-3.4,0,500,24,1,Gal,d18:1,24:1
17507,-3.2,0,500,24,1,Gal,d18:1,24:1
17508,-3.0,0,500,24,1,Gal,d18:1,24:1
17509,-2.8,0,500,24,1,Gal,d18:1,24:1
17510,-2.6,0,500,24,1,Gal,d18:1,24:1
17511,-2.4,0,500,24,1,Gal,d18:1,24:1
17512,-2.2,0,500,24,1,Gal,d18:1,24:1
17513,-2.0,0,500,24,1,Gal,d18:1,24:1
17514,-1.8,0,500,24,1,Gal,d18:1,24:1
17515,-1.6,0,500,24,1,Gal,d18:1,24:1
17516,-1.4,120,500,24,1,Gal,d18:1,24:1
17517,-1.2,500,500,24,1,Gal,d18:1,24:1
17518,-1.0,1240,500,24,1,Gal,d18:1,24:1
17519,-0.8,2800,500,24,1,Gal,d18:1,24:1
17520,-0.6,3420,500,24,1,Gal,d18:1,24:1
17521,-0.4,2520,500,24,1,Gal,d18:1,24:1
17522,-0.2,2540,500,24,1,Gal,d18:1,24:1
17523,0.0,2680,500,24,1,Gal,d18:1,24:1
17524,0.2,1920,500,24,1,Gal,d18:1,24:1
17525,0.4,1700,500,24,1,Gal,d18:1,24:1
17526,0.6,1520,500,24,1,Gal,d18:1,24:1
17527,0.8,1720,500,24,1,Gal,d18:1,24:1
17528,1.0,600,500,24,1,Gal,d18:1,24:1
17529,1.2,100,500,24,1,Gal,d18:1,24:1
17530,1.4,0,500,24,1,Gal,d18:1,24:1
17531,1.6,0,500,24,1,Gal,d18:1,24:1
17532,1.8,0,500,24,1,Gal,d18:1,24:1
17533,2.0,0,500,24,1,Gal,d18:1,24:1
17534,2.2,0,500,24,1,Gal,d18:1,24:1
17535,2.4,0,500,24,1,Gal,d18:1,24:1
17536,2.6,0,500,24,1,Gal,d18:1,24:1
17537,2.8,0,500,24,1,Gal,d18:1,24:1
17538,3.0,0,500,24,1,Gal,d18:1,24:1
17539,3.2,0,500,24,1,Gal,d18:1,24:1
17540,3.4,0,500,24,1,Gal,d18:1,24:1
17541,3.6,0,500,24,1,Gal,d18:1,24:1
17542,3.8,0,500,24,1,Gal,d18:1,24:1
17543,4.0,0,500,24,1,Gal,d18:1,24:1
17544,4.2,0,500,24,1,Gal,d18:1,24:1
17545,4.4,0,500,24,1,Gal,d18:1,24:1
17546,4.6,0,500,24,1,Gal,d18:1,24:1
17547,4.8,0,500,24,1,Gal,d18:1,24:1
17548,5.0,0,500,24,1,Gal,d18:1,24:1
17549,5.2,0,500,24,1,Gal,d18:1,24:1
17550,5.4,0,500,24,1,Gal,d18:1,24:1
17551,5.6,0,500,24,1,Gal,d18:1,24:1
17552,5.8,0,500,24,1,Gal,d18:1,24:1
17553,6.0,0,500,24,1,Gal,d18:1,24:1
17554,6.2,0,500,24,1,Gal,d18:1,24:1
17555,6.4,0,500,24,1,Gal,d18:1,24:1
17556,6.6,0,500,24,1,Gal,d18:1,24:1
17557,6.8,0,500,24,1,Gal,d18:1,24:1
17558,7.0,0,500,24,1,Gal,d18:1,24:1
17559,7.2,0,500,24,1,Gal,d18:1,24:1
17560,7.4,0,500,24,1,Gal,d18:1,24:1
17561,7.6,0,500,24,1,Gal,d18:1,24:1
17562,7.8,0,500,24,1,Gal,d18:1,24:1
17563,8.0,0,500,24,1,Gal,d18:1,24:1
17564,8.2,0,500,24,1,Gal,d18:1,24:1
17565,8.4,0,500,24,1,Gal,d18:1,24:1
17566,8.6,0,500,24,1,Gal,d18:1,24:1
17567,8.8,0,500,24,1,Gal,d18:1,24:1
17568,9.0,0,500,24,1,Gal,d18:1,24:1
17569,9.2,0,500,24,1,Gal,d18:1,24:1
17570,9.4,0,500,24,1,Gal,d18:1,24:1
17571,9.6,0,500,24,1,Gal,d18:1,24:1
17572,9.8,0,500,24,1,Gal,d18:1,24:1
17573,10.0,0,500,24,1,Gal,d18:1,24:1
17574,-10.0,0,600,24,1,Gal,d18:1,24:1
17575,-9.8,0,600,24,1,Gal,d18:1,24:1
17576,-9.6,0,600,24,1,Gal,d18:1,24:1
17577,-9.4,0,600,24,1,Gal,d18:1,24:1
17578,-9.2,0,600,24,1,Gal,d18:1,24:1
17579,-9.0,0,600,24,1,Gal,d18:1,24:1
17580,-8.8,0,600,24,1,Gal,d18:1,24:1
17581,-8.6,0,600,24,1,Gal,d18:1,24:1
17582,-8.4,0,600,24,1,Gal,d18:1,24:1
17583,-8.2,0,600,24,1,Gal,d18:1,24:1
17584,-8.0,0,600,24,1,Gal,d18:1,24:1
17585,-7.8,0,600,24,1,Gal,d18:1,24:1
17586,-7.6,0,600,24,1,Gal,d18:1,24:1
17587,-7.4,0,600,24,1,Gal,d18:1,24:1
17588,-7.2,0,600,24,1,Gal,d18:1,24:1
17589,-7.0,0,600,24,1,Gal,d18:1,24:1
17590,-6.8,0,600,24,1,Gal,d18:1,24:1
17591,-6.6,0,600,24,1,Gal,d18:1,24:1
17592,-6.4,0,600,24,1,Gal,d18:1,24:1
17593,-6.2,0,600,24,1,Gal,d18:1,24:1
17594,-6.0,0,600,24,1,Gal,d18:1,24:1
17595,-5.8,0,600,24,1,Gal,d18:1,24:1
17596,-5.6,0,600,24,1,Gal,d18:1,24:1
17597,-5.4,0,600,24,1,Gal,d18:1,24:1
17598,-5.2,0,600,24,1,Gal,d18:1,24:1
17599,-5.0,0,600,24,1,Gal,d18:1,24:1
17600,-4.8,0,600,24,1,Gal,d18:1,24:1
17601,-4.6,0,600,24,1,Gal,d18:1,24:1
17602,-4.4,0,600,24,1,Gal,d18:1,24:1
17603,-4.2,0,600,24,1,Gal,d18:1,24:1
17604,-4.0,0,600,24,1,Gal,d18:1,24:1
17605,-3.8,0,600,24,1,Gal,d18:1,24:1
17606,-3.6,0,600,24,1,Gal,d18:1,24:1
17607,-3.4,0,600,24,1,Gal,d18:1,24:1
17608,-3.2,0,600,24,1,Gal,d18:1,24:1
17609,-3.0,0,600,24,1,Gal,d18:1,24:1
17610,-2.8,0,600,24,1,Gal,d18:1,24:1
17611,-2.6,0,600,24,1,Gal,d18:1,24:1
17612,-2.4,0,600,24,1,Gal,d18:1,24:1
17613,-2.2,0,600,24,1,Gal,d18:1,24:1
17614,-2.0,0,600,24,1,Gal,d18:1,24:1
17615,-1.8,0,600,24,1,Gal,d18:1,24:1
17616,-1.6,0,600,24,1,Gal,d18:1,24:1
17617,-1.4,80,600,24,1,Gal,d18:1,24:1
17618,-1.2,620,600,24,1,Gal,d18:1,24:1
17619,-1.0,1600,600,24,1,Gal,d18:1,24:1
17620,-0.8,2080,600,24,1,Gal,d18:1,24:1
17621,-0.6,2480,600,24,1,Gal,d18:1,24:1
17622,-0.4,2940,600,24,1,Gal,d18:1,24:1
17623,-0.2,2800,600,24,1,Gal,d18:1,24:1
17624,0.0,1940,600,24,1,Gal,d18:1,24:1
17625,0.2,1720,600,24,1,Gal,d18:1,24:1
17626,0.4,2020,600,24,1,Gal,d18:1,24:1
17627,0.6,1740,600,24,1,Gal,d18:1,24:1
17628,0.8,960,600,24,1,Gal,d18:1,24:1
17629,1.0,240,600,24,1,Gal,d18:1,24:1
17630,1.2,40,600,24,1,Gal,d18:1,24:1
17631,1.4,20,600,24,1,Gal,d18:1,24:1
17632,1.6,0,600,24,1,Gal,d18:1,24:1
17633,1.8,0,600,24,1,Gal,d18:1,24:1
17634,2.0,0,600,24,1,Gal,d18:1,24:1
17635,2.2,0,600,24,1,Gal,d18:1,24:1
17636,2.4,0,600,24,1,Gal,d18:1,24:1
17637,2.6,0,600,24,1,Gal,d18:1,24:1
17638,2.8,0,600,24,1,Gal,d18:1,24:1
17639,3.0,0,600,24,1,Gal,d18:1,24:1
17640,3.2,0,600,24,1,Gal,d18:1,24:1
17641,3.4,0,600,24,1,Gal,d18:1,24:1
17642,3.6,0,600,24,1,Gal,d18:1,24:1
17643,3.8,0,600,24,1,Gal,d18:1,24:1
17644,4.0,0,600,24,1,Gal,d18:1,24:1
17645,4.2,0,600,24,1,Gal,d18:1,24:1
17646,4.4,0,600,24,1,Gal,d18:1,24:1
17647,4.6,0,600,24,1,Gal,d18:1,24:1
17648,4.8,0,600,24,1,Gal,d18:1,24:1
17649,5.0,0,600,24,1,Gal,d18:1,24:1
17650,5.2,0,600,24,1,Gal,d18:1,24:1
17651,5.4,0,600,24,1,Gal,d18:1,24:1
17652,5.6,0,600,24,1,Gal,d18:1,24:1
17653,5.8,0,600,24,1,Gal,d18:1,24:1
17654,6.0,0,600,24,1,Gal,d18:1,24:1
17655,6.2,0,600,24,1,Gal,d18:1,24:1
17656,6.4,0,600,24,1,Gal,d18:1,24:1
17657,6.6,0,600,24,1,Gal,d18:1,24:1
17658,6.8,0,600,24,1,Gal,d18:1,24:1
17659,7.0,0,600,24,1,Gal,d18:1,24:1
17660,7.2,0,600,24,1,Gal,d18:1,24:1
17661,7.4,0,600,24,1,Gal,d18:1,24:1
17662,7.6,0,600,24,1,Gal,d18:1,24:1
17663,7.8,0,600,24,1,Gal,d18:1,24:1
17664,8.0,0,600,24,1,Gal,d18:1,24:1
17665,8.2,0,600,24,1,Gal,d18:1,24:1
17666,8.4,0,600,24,1,Gal,d18:1,24:1
17667,8.6,0,600,24,1,Gal,d18:1,24:1
17668,8.8,0,600,24,1,Gal,d18:1,24:1
17669,9.0,0,600,24,1,Gal,d18:1,24:1
17670,9.2,0,600,24,1,Gal,d18:1,24:1
17671,9.4,0,600,24,1,Gal,d18:1,24:1
17672,9.6,0,600,24,1,Gal,d18:1,24:1
17673,9.8,0,600,24,1,Gal,d18:1,24:1
17674,10.0,0,600,24,1,Gal,d18:1,24:1
17675,-10.0,0,700,24,1,Gal,d18:1,24:1
17676,-9.8,0,700,24,1,Gal,d18:1,24:1
17677,-9.6,0,700,24,1,Gal,d18:1,24:1
17678,-9.4,0,700,24,1,Gal,d18:1,24:1
17679,-9.2,0,700,24,1,Gal,d18:1,24:1
17680,-9.0,0,700,24,1,Gal,d18:1,24:1
17681,-8.8,0,700,24,1,Gal,d18:1,24:1
17682,-8.6,0,700,24,1,Gal,d18:1,24:1
17683,-8.4,0,700,24,1,Gal,d18:1,24:1
17684,-8.2,0,700,24,1,Gal,d18:1,24:1
17685,-8.0,0,700,24,1,Gal,d18:1,24:1
17686,-7.8,0,700,24,1,Gal,d18:1,24:1
17687,-7.6,0,700,24,1,Gal,d18:1,24:1
17688,-7.4,0,700,24,1,Gal,d18:1,24:1
17689,-7.2,0,700,24,1,Gal,d18:1,24:1
17690,-7.0,0,700,24,1,Gal,d18:1,24:1
17691,-6.8,0,700,24,1,Gal,d18:1,24:1
17692,-6.6,0,700,24,1,Gal,d18:1,24:1
17693,-6.4,0,700,24,1,Gal,d18:1,24:1
17694,-6.2,0,700,24,1,Gal,d18:1,24:1
17695,-6.0,0,700,24,1,Gal,d18:1,24:1
17696,-5.8,0,700,24,1,Gal,d18:1,24:1
17697,-5.6,0,700,24,1,Gal,d18:1,24:1
17698,-5.4,0,700,24,1,Gal,d18:1,24:1
17699,-5.2,0,700,24,1,Gal,d18:1,24:1
17700,-5.0,0,700,24,1,Gal,d18:1,24:1
17701,-4.8,0,700,24,1,Gal,d18:1,24:1
17702,-4.6,0,700,24,1,Gal,d18:1,24:1
17703,-4.4,0,700,24,1,Gal,d18:1,24:1
17704,-4.2,0,700,24,1,Gal,d18:1,24:1
17705,-4.0,0,700,24,1,Gal,d18:1,24:1
17706,-3.8,0,700,24,1,Gal,d18:1,24:1
17707,-3.6,0,700,24,1,Gal,d18:1,24:1
17708,-3.4,0,700,24,1,Gal,d18:1,24:1
17709,-3.2,0,700,24,1,Gal,d18:1,24:1
17710,-3.0,0,700,24,1,Gal,d18:1,24:1
17711,-2.8,0,700,24,1,Gal,d18:1,24:1
17712,-2.6,0,700,24,1,Gal,d18:1,24:1
17713,-2.4,0,700,24,1,Gal,d18:1,24:1
17714,-2.2,0,700,24,1,Gal,d18:1,24:1
17715,-2.0,0,700,24,1,Gal,d18:1,24:1
17716,-1.8,0,700,24,1,Gal,d18:1,24:1
17717,-1.6,0,700,24,1,Gal,d18:1,24:1
17718,-1.4,160,700,24,1,Gal,d18:1,24:1
17719,-1.2,440,700,24,1,Gal,d18:1,24:1
17720,-1.0,960,700,24,1,Gal,d18:1,24:1
17721,-0.8,1880,700,24,1,Gal,d18:1,24:1
17722,-0.6,2640,700,24,1,Gal,d18:1,24:1
17723,-0.4,2960,700,24,1,Gal,d18:1,24:1
17724,-0.2,2320,700,24,1,Gal,d18:1,24:1
17725,0.0,1980,700,24,1,Gal,d18:1,24:1
17726,0.2,1500,700,24,1,Gal,d18:1,24:1
17727,0.4,2220,700,24,1,Gal,d18:1,24:1
17728,0.6,1980,700,24,1,Gal,d18:1,24:1
17729,0.8,1400,700,24,1,Gal,d18:1,24:1
17730,1.0,340,700,24,1,Gal,d18:1,24:1
17731,1.2,20,700,24,1,Gal,d18:1,24:1
17732,1.4,0,700,24,1,Gal,d18:1,24:1
17733,1.6,0,700,24,1,Gal,d18:1,24:1
17734,1.8,0,700,24,1,Gal,d18:1,24:1
17735,2.0,0,700,24,1,Gal,d18:1,24:1
17736,2.2,0,700,24,1,Gal,d18:1,24:1
17737,2.4,0,700,24,1,Gal,d18:1,24:1
17738,2.6,0,700,24,1,Gal,d18:1,24:1
17739,2.8,0,700,24,1,Gal,d18:1,24:1
17740,3.0,0,700,24,1,Gal,d18:1,24:1
17741,3.2,0,700,24,1,Gal,d18:1,24:1
17742,3.4,0,700,24,1,Gal,d18:1,24:1
17743,3.6,0,700,24,1,Gal,d18:1,24:1
17744,3.8,0,700,24,1,Gal,d18:1,24:1
17745,4.0,0,700,24,1,Gal,d18:1,24:1
17746,4.2,0,700,24,1,Gal,d18:1,24:1
17747,4.4,0,700,24,1,Gal,d18:1,24:1
17748,4.6,0,700,24,1,Gal,d18:1,24:1
17749,4.8,0,700,24,1,Gal,d18:1,24:1
17750,5.0,0,700,24,1,Gal,d18:1,24:1
17751,5.2,0,700,24,1,Gal,d18:1,24:1
17752,5.4,0,700,24,1,Gal,d18:1,24:1
17753,5.6,0,700,24,1,Gal,d18:1,24:1
17754,5.8,0,700,24,1,Gal,d18:1,24:1
17755,6.0,0,700,24,1,Gal,d18:1,24:1
17756,6.2,0,700,24,1,Gal,d18:1,24:1
17757,6.4,0,700,24,1,Gal,d18:1,24:1
17758,6.6,0,700,24,1,Gal,d18:1,24:1
17759,6.8,0,700,24,1,Gal,d18:1,24:1
17760,7.0,0,700,24,1,Gal,d18:1,24:1
17761,7.2,0,700,24,1,Gal,d18:1,24:1
17762,7.4,0,700,24,1,Gal,d18:1,24:1
17763,7.6,0,700,24,1,Gal,d18:1,24:1
17764,7.8,0,700,24,1,Gal,d18:1,24:1
17765,8.0,0,700,24,1,Gal,d18:1,24:1
17766,8.2,0,700,24,1,Gal,d18:1,24:1
17767,8.4,0,700,24,1,Gal,d18:1,24:1
17768,8.6,0,700,24,1,Gal,d18:1,24:1
17769,8.8,0,700,24,1,Gal,d18:1,24:1
17770,9.0,0,700,24,1,Gal,d18:1,24:1
17771,9.2,0,700,24,1,Gal,d18:1,24:1
17772,9.4,0,700,24,1,Gal,d18:1,24:1
17773,9.6,0,700,24,1,Gal,d18:1,24:1
17774,9.8,0,700,24,1,Gal,d18:1,24:1
17775,10.0,0,700,24,1,Gal,d18:1,24:1
17776,-10.0,0,800,24,1,Gal,d18:1,24:1
17777,-9.8,0,800,24,1,Gal,d18:1,24:1
17778,-9.6,0,800,24,1,Gal,d18:1,24:1
17779,-9.4,0,800,24,1,Gal,d18:1,24:1
17780,-9.2,0,800,24,1,Gal,d18:1,24:1
17781,-9.0,0,800,24,1,Gal,d18:1,24:1
17782,-8.8,0,800,24,1,Gal,d18:1,24:1
17783,-8.6,0,800,24,1,Gal,d18:1,24:1
17784,-8.4,0,800,24,1,Gal,d18:1,24:1
17785,-8.2,0,800,24,1,Gal,d18:1,24:1
17786,-8.0,0,800,24,1,Gal,d18:1,24:1
17787,-7.8,0,800,24,1,Gal,d18:1,24:1
17788,-7.6,0,800,24,1,Gal,d18:1,24:1
17789,-7.4,0,800,24,1,Gal,d18:1,24:1
17790,-7.2,0,800,24,1,Gal,d18:1,24:1
17791,-7.0,0,800,24,1,Gal,d18:1,24:1
17792,-6.8,0,800,24,1,Gal,d18:1,24:1
17793,-6.6,0,800,24,1,Gal,d18:1,24:1
17794,-6.4,0,800,24,1,Gal,d18:1,24:1
17795,-6.2,0,800,24,1,Gal,d18:1,24:1
17796,-6.0,0,800,24,1,Gal,d18:1,24:1
17797,-5.8,0,800,24,1,Gal,d18:1,24:1
17798,-5.6,0,800,24,1,Gal,d18:1,24:1
17799,-5.4,0,800,24,1,Gal,d18:1,24:1
17800,-5.2,0,800,24,1,Gal,d18:1,24:1
17801,-5.0,0,800,24,1,Gal,d18:1,24:1
17802,-4.8,0,800,24,1,Gal,d18:1,24:1
17803,-4.6,0,800,24,1,Gal,d18:1,24:1
17804,-4.4,0,800,24,1,Gal,d18:1,24:1
17805,-4.2,0,800,24,1,Gal,d18:1,24:1
17806,-4.0,0,800,24,1,Gal,d18:1,24:1
17807,-3.8,0,800,24,1,Gal,d18:1,24:1
17808,-3.6,0,800,24,1,Gal,d18:1,24:1
17809,-3.4,0,800,24,1,Gal,d18:1,24:1
17810,-3.2,0,800,24,1,Gal,d18:1,24:1
17811,-3.0,0,800,24,1,Gal,d18:1,24:1
17812,-2.8,0,800,24,1,Gal,d18:1,24:1
17813,-2.6,0,800,24,1,Gal,d18:1,24:1
17814,-2.4,0,800,24,1,Gal,d18:1,24:1
17815,-2.2,0,800,24,1,Gal,d18:1,24:1
17816,-2.0,0,800,24,1,Gal,d18:1,24:1
17817,-1.8,0,800,24,1,Gal,d18:1,24:1
17818,-1.6,0,800,24,1,Gal,d18:1,24:1
17819,-1.4,60,800,24,1,Gal,d18:1,24:1
17820,-1.2,480,800,24,1,Gal,d18:1,24:1
17821,-1.0,940,800,24,1,Gal,d18:1,24:1
17822,-0.8,2020,800,24,1,Gal,d18:1,24:1
17823,-0.6,2820,800,24,1,Gal,d18:1,24:1
17824,-0.4,3260,800,24,1,Gal,d18:1,24:1
17825,-0.2,3500,800,24,1,Gal,d18:1,24:1
17826,0.0,2520,800,24,1,Gal,d18:1,24:1
17827,0.2,2800,800,24,1,Gal,d18:1,24:1
17828,0.4,2740,800,24,1,Gal,d18:1,24:1
17829,0.6,1820,800,24,1,Gal,d18:1,24:1
17830,0.8,1180,800,24,1,Gal,d18:1,24:1
17831,1.0,820,800,24,1,Gal,d18:1,24:1
17832,1.2,60,800,24,1,Gal,d18:1,24:1
17833,1.4,20,800,24,1,Gal,d18:1,24:1
17834,1.6,0,800,24,1,Gal,d18:1,24:1
17835,1.8,0,800,24,1,Gal,d18:1,24:1
17836,2.0,0,800,24,1,Gal,d18:1,24:1
17837,2.2,0,800,24,1,Gal,d18:1,24:1
17838,2.4,0,800,24,1,Gal,d18:1,24:1
17839,2.6,0,800,24,1,Gal,d18:1,24:1
17840,2.8,0,800,24,1,Gal,d18:1,24:1
17841,3.0,0,800,24,1,Gal,d18:1,24:1
17842,3.2,0,800,24,1,Gal,d18:1,24:1
17843,3.4,0,800,24,1,Gal,d18:1,24:1
17844,3.6,0,800,24,1,Gal,d18:1,24:1
17845,3.8,0,800,24,1,Gal,d18:1,24:1
17846,4.0,0,800,24,1,Gal,d18:1,24:1
17847,4.2,0,800,24,1,Gal,d18:1,24:1
17848,4.4,0,800,24,1,Gal,d18:1,24:1
17849,4.6,0,800,24,1,Gal,d18:1,24:1
17850,4.8,0,800,24,1,Gal,d18:1,24:1
17851,5.0,0,800,24,1,Gal,d18:1,24:1
17852,5.2,0,800,24,1,Gal,d18:1,24:1
17853,5.4,0,800,24,1,Gal,d18:1,24:1
17854,5.6,0,800,24,1,Gal,d18:1,24:1
17855,5.8,0,800,24,1,Gal,d18:1,24:1
17856,6.0,0,800,24,1,Gal,d18:1,24:1
17857,6.2,0,800,24,1,Gal,d18:1,24:1
17858,6.4,0,800,24,1,Gal,d18:1,24:1
17859,6.6,0,800,24,1,Gal,d18:1,24:1
17860,6.8,0,800,24,1,Gal,d18:1,24:1
17861,7.0,0,800,24,1,Gal,d18:1,24:1
17862,7.2,0,800,24,1,Gal,d18:1,24:1
17863,7.4,0,800,24,1,Gal,d18:1,24:1
17864,7.6,0,800,24,1,Gal,d18:1,24:1
17865,7.8,0,800,24,1,Gal,d18:1,24:1
17866,8.0,0,800,24,1,Gal,d18:1,24:1
17867,8.2,0,800,24,1,Gal,d18:1,24:1
17868,8.4,0,800,24,1,Gal,d18:1,24:1
17869,8.6,0,800,24,1,Gal,d18:1,24:1
17870,8.8,0,800,24,1,Gal,d18:1,24:1
17871,9.0,0,800,24,1,Gal,d18:1,24:1
17872,9.2,0,800,24,1,Gal,d18:1,24:1
17873,9.4,0,800,24,1,Gal,d18:1,24:1
17874,9.6,0,800,24,1,Gal,d18:1,24:1
17875,9.8,0,800,24,1,Gal,d18:1,24:1
17876,10.0,0,800,24,1,Gal,d18:1,24:1
17877,-10.0,0,900,24,1,Gal,d18:1,24:1
17878,-9.8,0,900,24,1,Gal,d18:1,24:1
17879,-9.6,0,900,24,1,Gal,d18:1,24:1
17880,-9.4,0,900,24,1,Gal,d18:1,24:1
17881,-9.2,0,900,24,1,Gal,d18:1,24:1
17882,-9.0,0,900,24,1,Gal,d18:1,24:1
17883,-8.8,0,900,24,1,Gal,d18:1,24:1
17884,-8.6,0,900,24,1,Gal,d18:1,24:1
17885,-8.4,0,900,24,1,Gal,d18:1,24:1
17886,-8.2,0,900,24,1,Gal,d18:1,24:1
17887,-8.0,0,900,24,1,Gal,d18:1,24:1
17888,-7.8,0,900,24,1,Gal,d18:1,24:1
17889,-7.6,0,900,24,1,Gal,d18:1,24:1
17890,-7.4,0,900,24,1,Gal,d18:1,24:1
17891,-7.2,0,900,24,1,Gal,d18:1,24:1
17892,-7.0,0,900,24,1,Gal,d18:1,24:1
17893,-6.8,0,900,24,1,Gal,d18:1,24:1
17894,-6.6,0,900,24,1,Gal,d18:1,24:1
17895,-6.4,0,900,24,1,Gal,d18:1,24:1
17896,-6.2,0,900,24,1,Gal,d18:1,24:1
17897,-6.0,0,900,24,1,Gal,d18:1,24:1
17898,-5.8,0,900,24,1,Gal,d18:1,24:1
17899,-5.6,0,900,24,1,Gal,d18:1,24:1
17900,-5.4,0,900,24,1,Gal,d18:1,24:1
17901,-5.2,0,900,24,1,Gal,d18:1,24:1
17902,-5.0,0,900,24,1,Gal,d18:1,24:1
17903,-4.8,0,900,24,1,Gal,d18:1,24:1
17904,-4.6,0,900,24,1,Gal,d18:1,24:1
17905,-4.4,0,900,24,1,Gal,d18:1,24:1
17906,-4.2,0,900,24,1,Gal,d18:1,24:1
17907,-4.0,0,900,24,1,Gal,d18:1,24:1
17908,-3.8,0,900,24,1,Gal,d18:1,24:1
17909,-3.6,0,900,24,1,Gal,d18:1,24:1
17910,-3.4,0,900,24,1,Gal,d18:1,24:1
17911,-3.2,0,900,24,1,Gal,d18:1,24:1
17912,-3.0,0,900,24,1,Gal,d18:1,24:1
17913,-2.8,0,900,24,1,Gal,d18:1,24:1
17914,-2.6,0,900,24,1,Gal,d18:1,24:1
17915,-2.4,0,900,24,1,Gal,d18:1,24:1
17916,-2.2,0,900,24,1,Gal,d18:1,24:1
17917,-2.0,80,900,24,1,Gal,d18:1,24:1
17918,-1.8,0,900,24,1,Gal,d18:1,24:1
17919,-1.6,40,900,24,1,Gal,d18:1,24:1
17920,-1.4,240,900,24,1,Gal,d18:1,24:1
17921,-1.2,260,900,24,1,Gal,d18:1,24:1
17922,-1.0,1380,900,24,1,Gal,d18:1,24:1
17923,-0.8,2400,900,24,1,Gal,d18:1,24:1
17924,-0.6,2720,900,24,1,Gal,d18:1,24:1
17925,-0.4,3220,900,24,1,Gal,d18:1,24:1
17926,-0.2,2680,900,24,1,Gal,d18:1,24:1
17927,0.0,1660,900,24,1,Gal,d18:1,24:1
17928,0.2,3360,900,24,1,Gal,d18:1,24:1
17929,0.4,2080,900,24,1,Gal,d18:1,24:1
17930,0.6,2040,900,24,1,Gal,d18:1,24:1
17931,0.8,940,900,24,1,Gal,d18:1,24:1
17932,1.0,300,900,24,1,Gal,d18:1,24:1
17933,1.2,60,900,24,1,Gal,d18:1,24:1
17934,1.4,0,900,24,1,Gal,d18:1,24:1
17935,1.6,0,900,24,1,Gal,d18:1,24:1
17936,1.8,40,900,24,1,Gal,d18:1,24:1
17937,2.0,0,900,24,1,Gal,d18:1,24:1
17938,2.2,0,900,24,1,Gal,d18:1,24:1
17939,2.4,0,900,24,1,Gal,d18:1,24:1
17940,2.6,0,900,24,1,Gal,d18:1,24:1
17941,2.8,0,900,24,1,Gal,d18:1,24:1
17942,3.0,0,900,24,1,Gal,d18:1,24:1
17943,3.2,0,900,24,1,Gal,d18:1,24:1
17944,3.4,0,900,24,1,Gal,d18:1,24:1
17945,3.6,0,900,24,1,Gal,d18:1,24:1
17946,3.8,0,900,24,1,Gal,d18:1,24:1
17947,4.0,0,900,24,1,Gal,d18:1,24:1
17948,4.2,0,900,24,1,Gal,d18:1,24:1
17949,4.4,0,900,24,1,Gal,d18:1,24:1
17950,4.6,0,900,24,1,Gal,d18:1,24:1
17951,4.8,0,900,24,1,Gal,d18:1,24:1
17952,5.0,0,900,24,1,Gal,d18:1,24:1
17953,5.2,0,900,24,1,Gal,d18:1,24:1
17954,5.4,0,900,24,1,Gal,d18:1,24:1
17955,5.6,0,900,24,1,Gal,d18:1,24:1
17956,5.8,0,900,24,1,Gal,d18:1,24:1
17957,6.0,0,900,24,1,Gal,d18:1,24:1
17958,6.2,0,900,24,1,Gal,d18:1,24:1
17959,6.4,0,900,24,1,Gal,d18:1,24:1
17960,6.6,0,900,24,1,Gal,d18:1,24:1
17961,6.8,0,900,24,1,Gal,d18:1,24:1
17962,7.0,0,900,24,1,Gal,d18:1,24:1
17963,7.2,0,900,24,1,Gal,d18:1,24:1
17964,7.4,0,900,24,1,Gal,d18:1,24:1
17965,7.6,0,900,24,1,Gal,d18:1,24:1
17966,7.8,0,900,24,1,Gal,d18:1,24:1
17967,8.0,0,900,24,1,Gal,d18:1,24:1
17968,8.2,0,900,24,1,Gal,d18:1,24:1
17969,8.4,0,900,24,1,Gal,d18:1,24:1
17970,8.6,0,900,24,1,Gal,d18:1,24:1
17971,8.8,0,900,24,1,Gal,d18:1,24:1
17972,9.0,0,900,24,1,Gal,d18:1,24:1
17973,9.2,0,900,24,1,Gal,d18:1,24:1
17974,9.4,0,900,24,1,Gal,d18:1,24:1
17975,9.6,0,900,24,1,Gal,d18:1,24:1
17976,9.8,0,900,24,1,Gal,d18:1,24:1
17977,10.0,0,900,24,1,Gal,d18:1,24:1
17978,-10.0,0,1000,24,1,Gal,d18:1,24:1
17979,-9.8,0,1000,24,1,Gal,d18:1,24:1
17980,-9.6,0,1000,24,1,Gal,d18:1,24:1
17981,-9.4,0,1000,24,1,Gal,d18:1,24:1
17982,-9.2,0,1000,24,1,Gal,d18:1,24:1
17983,-9.0,0,1000,24,1,Gal,d18:1,24:1
17984,-8.8,0,1000,24,1,Gal,d18:1,24:1
17985,-8.6,0,1000,24,1,Gal,d18:1,24:1
17986,-8.4,0,1000,24,1,Gal,d18:1,24:1
17987,-8.2,0,1000,24,1,Gal,d18:1,24:1
17988,-8.0,0,1000,24,1,Gal,d18:1,24:1
17989,-7.8,0,1000,24,1,Gal,d18:1,24:1
17990,-7.6,0,1000,24,1,Gal,d18:1,24:1
17991,-7.4,0,1000,24,1,Gal,d18:1,24:1
17992,-7.2,0,1000,24,1,Gal,d18:1,24:1
17993,-7.0,0,1000,24,1,Gal,d18:1,24:1
17994,-6.8,0,1000,24,1,Gal,d18:1,24:1
17995,-6.6,0,1000,24,1,Gal,d18:1,24:1
17996,-6.4,0,1000,24,1,Gal,d18:1,24:1
17997,-6.2,0,1000,24,1,Gal,d18:1,24:1
17998,-6.0,0,1000,24,1,Gal,d18:1,24:1
17999,-5.8,0,1000,24,1,Gal,d18:1,24:1
18000,-5.6,0,1000,24,1,Gal,d18:1,24:1
18001,-5.4,0,1000,24,1,Gal,d18:1,24:1
18002,-5.2,0,1000,24,1,Gal,d18:1,24:1
18003,-5.0,0,1000,24,1,Gal,d18:1,24:1
18004,-4.8,0,1000,24,1,Gal,d18:1,24:1
18005,-4.6,0,1000,24,1,Gal,d18:1,24:1
18006,-4.4,0,1000,24,1,Gal,d18:1,24:1
18007,-4.2,0,1000,24,1,Gal,d18:1,24:1
18008,-4.0,0,1000,24,1,Gal,d18:1,24:1
18009,-3.8,0,1000,24,1,Gal,d18:1,24:1
18010,-3.6,0,1000,24,1,Gal,d18:1,24:1
18011,-3.4,0,1000,24,1,Gal,d18:1,24:1
18012,-3.2,0,1000,24,1,Gal,d18:1,24:1
18013,-3.0,0,1000,24,1,Gal,d18:1,24:1
18014,-2.8,0,1000,24,1,Gal,d18:1,24:1
18015,-2.6,0,1000,24,1,Gal,d18:1,24:1
18016,-2.4,0,1000,24,1,Gal,d18:1,24:1
18017,-2.2,0,1000,24,1,Gal,d18:1,24:1
18018,-2.0,0,1000,24,1,Gal,d18:1,24:1
18019,-1.8,0,1000,24,1,Gal,d18:1,24:1
18020,-1.6,20,1000,24,1,Gal,d18:1,24:1
18021,-1.4,40,1000,24,1,Gal,d18:1,24:1
18022,-1.2,520,1000,24,1,Gal,d18:1,24:1
18023,-1.0,1160,1000,24,1,Gal,d18:1,24:1
18024,-0.8,2500,1000,24,1,Gal,d18:1,24:1
18025,-0.6,3560,1000,24,1,Gal,d18:1,24:1
18026,-0.4,3540,1000,24,1,Gal,d18:1,24:1
18027,-0.2,4180,1000,24,1,Gal,d18:1,24:1
18028,0.0,3360,1000,24,1,Gal,d18:1,24:1
18029,0.2,3100,1000,24,1,Gal,d18:1,24:1
18030,0.4,3040,1000,24,1,Gal,d18:1,24:1
18031,0.6,1820,1000,24,1,Gal,d18:1,24:1
18032,0.8,1480,1000,24,1,Gal,d18:1,24:1
18033,1.0,500,1000,24,1,Gal,d18:1,24:1
18034,1.2,40,1000,24,1,Gal,d18:1,24:1
18035,1.4,0,1000,24,1,Gal,d18:1,24:1
18036,1.6,0,1000,24,1,Gal,d18:1,24:1
18037,1.8,0,1000,24,1,Gal,d18:1,24:1
18038,2.0,0,1000,24,1,Gal,d18:1,24:1
18039,2.2,0,1000,24,1,Gal,d18:1,24:1
18040,2.4,0,1000,24,1,Gal,d18:1,24:1
18041,2.6,0,1000,24,1,Gal,d18:1,24:1
18042,2.8,0,1000,24,1,Gal,d18:1,24:1
18043,3.0,0,1000,24,1,Gal,d18:1,24:1
18044,3.2,0,1000,24,1,Gal,d18:1,24:1
18045,3.4,0,1000,24,1,Gal,d18:1,24:1
18046,3.6,0,1000,24,1,Gal,d18:1,24:1
18047,3.8,0,1000,24,1,Gal,d18:1,24:1
18048,4.0,0,1000,24,1,Gal,d18:1,24:1
18049,4.2,0,1000,24,1,Gal,d18:1,24:1
18050,4.4,0,1000,24,1,Gal,d18:1,24:1
18051,4.6,0,1000,24,1,Gal,d18:1,24:1
18052,4.8,0,1000,24,1,Gal,d18:1,24:1
18053,5.0,0,1000,24,1,Gal,d18:1,24:1
18054,5.2,0,1000,24,1,Gal,d18:1,24:1
18055,5.4,0,1000,24,1,Gal,d18:1,24:1
18056,5.6,0,1000,24,1,Gal,d18:1,24:1
18057,5.8,0,1000,24,1,Gal,d18:1,24:1
18058,6.0,0,1000,24,1,Gal,d18:1,24:1
18059,6.2,0,1000,24,1,Gal,d18:1,24:1
18060,6.4,0,1000,24,1,Gal,d18:1,24:1
18061,6.6,0,1000,24,1,Gal,d18:1,24:1
18062,6.8,0,1000,24,1,Gal,d18:1,24:1
18063,7.0,0,1000,24,1,Gal,d18:1,24:1
18064,7.2,0,1000,24,1,Gal,d18:1,24:1
18065,7.4,0,1000,24,1,Gal,d18:1,24:1
18066,7.6,0,1000,24,1,Gal,d18:1,24:1
18067,7.8,0,1000,24,1,Gal,d18:1,24:1
18068,8.0,0,1000,24,1,Gal,d18:1,24:1
18069,8.2,0,1000,24,1,Gal,d18:1,24:1
18070,8.4,0,1000,24,1,Gal,d18:1,24:1
18071,8.6,0,1000,24,1,Gal,d18:1,24:1
18072,8.8,0,1000,24,1,Gal,d18:1,24:1
18073,9.0,0,1000,24,1,Gal,d18:1,24:1
18074,9.2,0,1000,24,1,Gal,d18:1,24:1
18075,9.4,0,1000,24,1,Gal,d18:1,24:1
18076,9.6,0,1000,24,1,Gal,d18:1,24:1
18077,9.8,0,1000,24,1,Gal,d18:1,24:1
18078,10.0,0,1000,24,1,Gal,d18:1,24:1
18079,-10.0,0,1100,24,1,Gal,d18:1,24:1
18080,-9.8,0,1100,24,1,Gal,d18:1,24:1
18081,-9.6,0,1100,24,1,Gal,d18:1,24:1
18082,-9.4,0,1100,24,1,Gal,d18:1,24:1
18083,-9.2,0,1100,24,1,Gal,d18:1,24:1
18084,-9.0,0,1100,24,1,Gal,d18:1,24:1
18085,-8.8,0,1100,24,1,Gal,d18:1,24:1
18086,-8.6,0,1100,24,1,Gal,d18:1,24:1
18087,-8.4,0,1100,24,1,Gal,d18:1,24:1
18088,-8.2,0,1100,24,1,Gal,d18:1,24:1
18089,-8.0,0,1100,24,1,Gal,d18:1,24:1
18090,-7.8,0,1100,24,1,Gal,d18:1,24:1
18091,-7.6,0,1100,24,1,Gal,d18:1,24:1
18092,-7.4,0,1100,24,1,Gal,d18:1,24:1
18093,-7.2,0,1100,24,1,Gal,d18:1,24:1
18094,-7.0,0,1100,24,1,Gal,d18:1,24:1
18095,-6.8,0,1100,24,1,Gal,d18:1,24:1
18096,-6.6,0,1100,24,1,Gal,d18:1,24:1
18097,-6.4,0,1100,24,1,Gal,d18:1,24:1
18098,-6.2,0,1100,24,1,Gal,d18:1,24:1
18099,-6.0,0,1100,24,1,Gal,d18:1,24:1
18100,-5.8,0,1100,24,1,Gal,d18:1,24:1
18101,-5.6,0,1100,24,1,Gal,d18:1,24:1
18102,-5.4,0,1100,24,1,Gal,d18:1,24:1
18103,-5.2,0,1100,24,1,Gal,d18:1,24:1
18104,-5.0,0,1100,24,1,Gal,d18:1,24:1
18105,-4.8,0,1100,24,1,Gal,d18:1,24:1
18106,-4.6,0,1100,24,1,Gal,d18:1,24:1
18107,-4.4,0,1100,24,1,Gal,d18:1,24:1
18108,-4.2,0,1100,24,1,Gal,d18:1,24:1
18109,-4.0,0,1100,24,1,Gal,d18:1,24:1
18110,-3.8,0,1100,24,1,Gal,d18:1,24:1
18111,-3.6,0,1100,24,1,Gal,d18:1,24:1
18112,-3.4,0,1100,24,1,Gal,d18:1,24:1
18113,-3.2,0,1100,24,1,Gal,d18:1,24:1
18114,-3.0,0,1100,24,1,Gal,d18:1,24:1
18115,-2.8,0,1100,24,1,Gal,d18:1,24:1
18116,-2.6,0,1100,24,1,Gal,d18:1,24:1
18117,-2.4,0,1100,24,1,Gal,d18:1,24:1
18118,-2.2,0,1100,24,1,Gal,d18:1,24:1
18119,-2.0,0,1100,24,1,Gal,d18:1,24:1
18120,-1.8,0,1100,24,1,Gal,d18:1,24:1
18121,-1.6,0,1100,24,1,Gal,d18:1,24:1
18122,-1.4,20,1100,24,1,Gal,d18:1,24:1
18123,-1.2,480,1100,24,1,Gal,d18:1,24:1
18124,-1.0,1280,1100,24,1,Gal,d18:1,24:1
18125,-0.8,2480,1100,24,1,Gal,d18:1,24:1
18126,-0.6,4240,1100,24,1,Gal,d18:1,24:1
18127,-0.4,4140,1100,24,1,Gal,d18:1,24:1
18128,-0.2,3760,1100,24,1,Gal,d18:1,24:1
18129,0.0,3520,1100,24,1,Gal,d18:1,24:1
18130,0.2,3300,1100,24,1,Gal,d18:1,24:1
18131,0.4,2540,1100,24,1,Gal,d18:1,24:1
18132,0.6,2120,1100,24,1,Gal,d18:1,24:1
18133,0.8,1300,1100,24,1,Gal,d18:1,24:1
18134,1.0,400,1100,24,1,Gal,d18:1,24:1
18135,1.2,180,1100,24,1,Gal,d18:1,24:1
18136,1.4,20,1100,24,1,Gal,d18:1,24:1
18137,1.6,0,1100,24,1,Gal,d18:1,24:1
18138,1.8,0,1100,24,1,Gal,d18:1,24:1
18139,2.0,0,1100,24,1,Gal,d18:1,24:1
18140,2.2,0,1100,24,1,Gal,d18:1,24:1
18141,2.4,0,1100,24,1,Gal,d18:1,24:1
18142,2.6,0,1100,24,1,Gal,d18:1,24:1
18143,2.8,0,1100,24,1,Gal,d18:1,24:1
18144,3.0,0,1100,24,1,Gal,d18:1,24:1
18145,3.2,0,1100,24,1,Gal,d18:1,24:1
18146,3.4,0,1100,24,1,Gal,d18:1,24:1
18147,3.6,0,1100,24,1,Gal,d18:1,24:1
18148,3.8,0,1100,24,1,Gal,d18:1,24:1
18149,4.0,0,1100,24,1,Gal,d18:1,24:1
18150,4.2,0,1100,24,1,Gal,d18:1,24:1
18151,4.4,0,1100,24,1,Gal,d18:1,24:1
18152,4.6,0,1100,24,1,Gal,d18:1,24:1
18153,4.8,0,1100,24,1,Gal,d18:1,24:1
18154,5.0,0,1100,24,1,Gal,d18:1,24:1
18155,5.2,0,1100,24,1,Gal,d18:1,24:1
18156,5.4,0,1100,24,1,Gal,d18:1,24:1
18157,5.6,0,1100,24,1,Gal,d18:1,24:1
18158,5.8,0,1100,24,1,Gal,d18:1,24:1
18159,6.0,0,1100,24,1,Gal,d18:1,24:1
18160,6.2,0,1100,24,1,Gal,d18:1,24:1
18161,6.4,0,1100,24,1,Gal,d18:1,24:1
18162,6.6,0,1100,24,1,Gal,d18:1,24:1
18163,6.8,0,1100,24,1,Gal,d18:1,24:1
18164,7.0,0,1100,24,1,Gal,d18:1,24:1
18165,7.2,0,1100,24,1,Gal,d18:1,24:1
18166,7.4,0,1100,24,1,Gal,d18:1,24:1
18167,7.6,0,1100,24,1,Gal,d18:1,24:1
18168,7.8,0,1100,24,1,Gal,d18:1,24:1
18169,8.0,0,1100,24,1,Gal,d18:1,24:1
18170,8.2,0,1100,24,1,Gal,d18:1,24:1
18171,8.4,0,1100,24,1,Gal,d18:1,24:1
18172,8.6,0,1100,24,1,Gal,d18:1,24:1
18173,8.8,0,1100,24,1,Gal,d18:1,24:1
18174,9.0,0,1100,24,1,Gal,d18:1,24:1
18175,9.2,0,1100,24,1,Gal,d18:1,24:1
18176,9.4,0,1100,24,1,Gal,d18:1,24:1
18177,9.6,0,1100,24,1,Gal,d18:1,24:1
18178,9.8,0,1100,24,1,Gal,d18:1,24:1
18179,10.0,0,1100,24,1,Gal,d18:1,24:1
18180,-10.0,0,1200,24,1,Gal,d18:1,24:1
18181,-9.8,0,1200,24,1,Gal,d18:1,24:1
18182,-9.6,0,1200,24,1,Gal,d18:1,24:1
18183,-9.4,0,1200,24,1,Gal,d18:1,24:1
18184,-9.2,0,1200,24,1,Gal,d18:1,24:1
18185,-9.0,0,1200,24,1,Gal,d18:1,24:1
18186,-8.8,0,1200,24,1,Gal,d18:1,24:1
18187,-8.6,0,1200,24,1,Gal,d18:1,24:1
18188,-8.4,0,1200,24,1,Gal,d18:1,24:1
18189,-8.2,0,1200,24,1,Gal,d18:1,24:1
18190,-8.0,0,1200,24,1,Gal,d18:1,24:1
18191,-7.8,0,1200,24,1,Gal,d18:1,24:1
18192,-7.6,0,1200,24,1,Gal,d18:1,24:1
18193,-7.4,0,1200,24,1,Gal,d18:1,24:1
18194,-7.2,0,1200,24,1,Gal,d18:1,24:1
18195,-7.0,0,1200,24,1,Gal,d18:1,24:1
18196,-6.8,0,1200,24,1,Gal,d18:1,24:1
18197,-6.6,0,1200,24,1,Gal,d18:1,24:1
18198,-6.4,0,1200,24,1,Gal,d18:1,24:1
18199,-6.2,0,1200,24,1,Gal,d18:1,24:1
18200,-6.0,0,1200,24,1,Gal,d18:1,24:1
18201,-5.8,0,1200,24,1,Gal,d18:1,24:1
18202,-5.6,0,1200,24,1,Gal,d18:1,24:1
18203,-5.4,0,1200,24,1,Gal,d18:1,24:1
18204,-5.2,0,1200,24,1,Gal,d18:1,24:1
18205,-5.0,0,1200,24,1,Gal,d18:1,24:1
18206,-4.8,0,1200,24,1,Gal,d18:1,24:1
18207,-4.6,0,1200,24,1,Gal,d18:1,24:1
18208,-4.4,0,1200,24,1,Gal,d18:1,24:1
18209,-4.2,0,1200,24,1,Gal,d18:1,24:1
18210,-4.0,0,1200,24,1,Gal,d18:1,24:1
18211,-3.8,0,1200,24,1,Gal,d18:1,24:1
18212,-3.6,0,1200,24,1,Gal,d18:1,24:1
18213,-3.4,0,1200,24,1,Gal,d18:1,24:1
18214,-3.2,0,1200,24,1,Gal,d18:1,24:1
18215,-3.0,0,1200,24,1,Gal,d18:1,24:1
18216,-2.8,0,1200,24,1,Gal,d18:1,24:1
18217,-2.6,0,1200,24,1,Gal,d18:1,24:1
18218,-2.4,0,1200,24,1,Gal,d18:1,24:1
18219,-2.2,0,1200,24,1,Gal,d18:1,24:1
18220,-2.0,0,1200,24,1,Gal,d18:1,24:1
18221,-1.8,0,1200,24,1,Gal,d18:1,24:1
18222,-1.6,0,1200,24,1,Gal,d18:1,24:1
18223,-1.4,100,1200,24,1,Gal,d18:1,24:1
18224,-1.2,200,1200,24,1,Gal,d18:1,24:1
18225,-1.0,1280,1200,24,1,Gal,d18:1,24:1
18226,-0.8,2440,1200,24,1,Gal,d18:1,24:1
18227,-0.6,3700,1200,24,1,Gal,d18:1,24:1
18228,-0.4,5380,1200,24,1,Gal,d18:1,24:1
18229,-0.2,4640,1200,24,1,Gal,d18:1,24:1
18230,0.0,4580,1200,24,1,Gal,d18:1,24:1
18231,0.2,3140,1200,24,1,Gal,d18:1,24:1
18232,0.4,3160,1200,24,1,Gal,d18:1,24:1
18233,0.6,1880,1200,24,1,Gal,d18:1,24:1
18234,0.8,980,1200,24,1,Gal,d18:1,24:1
18235,1.0,240,1200,24,1,Gal,d18:1,24:1
18236,1.2,40,1200,24,1,Gal,d18:1,24:1
18237,1.4,60,1200,24,1,Gal,d18:1,24:1
18238,1.6,0,1200,24,1,Gal,d18:1,24:1
18239,1.8,0,1200,24,1,Gal,d18:1,24:1
18240,2.0,0,1200,24,1,Gal,d18:1,24:1
18241,2.2,0,1200,24,1,Gal,d18:1,24:1
18242,2.4,0,1200,24,1,Gal,d18:1,24:1
18243,2.6,0,1200,24,1,Gal,d18:1,24:1
18244,2.8,0,1200,24,1,Gal,d18:1,24:1
18245,3.0,0,1200,24,1,Gal,d18:1,24:1
18246,3.2,0,1200,24,1,Gal,d18:1,24:1
18247,3.4,0,1200,24,1,Gal,d18:1,24:1
18248,3.6,0,1200,24,1,Gal,d18:1,24:1
18249,3.8,0,1200,24,1,Gal,d18:1,24:1
18250,4.0,0,1200,24,1,Gal,d18:1,24:1
18251,4.2,0,1200,24,1,Gal,d18:1,24:1
18252,4.4,0,1200,24,1,Gal,d18:1,24:1
18253,4.6,0,1200,24,1,Gal,d18:1,24:1
18254,4.8,0,1200,24,1,Gal,d18:1,24:1
18255,5.0,0,1200,24,1,Gal,d18:1,24:1
18256,5.2,0,1200,24,1,Gal,d18:1,24:1
18257,5.4,0,1200,24,1,Gal,d18:1,24:1
18258,5.6,0,1200,24,1,Gal,d18:1,24:1
18259,5.8,0,1200,24,1,Gal,d18:1,24:1
18260,6.0,0,1200,24,1,Gal,d18:1,24:1
18261,6.2,0,1200,24,1,Gal,d18:1,24:1
18262,6.4,0,1200,24,1,Gal,d18:1,24:1
18263,6.6,0,1200,24,1,Gal,d18:1,24:1
18264,6.8,0,1200,24,1,Gal,d18:1,24:1
18265,7.0,0,1200,24,1,Gal,d18:1,24:1
18266,7.2,0,1200,24,1,Gal,d18:1,24:1
18267,7.4,0,1200,24,1,Gal,d18:1,24:1
18268,7.6,0,1200,24,1,Gal,d18:1,24:1
18269,7.8,0,1200,24,1,Gal,d18:1,24:1
18270,8.0,0,1200,24,1,Gal,d18:1,24:1
18271,8.2,0,1200,24,1,Gal,d18:1,24:1
18272,8.4,0,1200,24,1,Gal,d18:1,24:1
18273,8.6,0,1200,24,1,Gal,d18:1,24:1
18274,8.8,0,1200,24,1,Gal,d18:1,24:1
18275,9.0,0,1200,24,1,Gal,d18:1,24:1
18276,9.2,0,1200,24,1,Gal,d18:1,24:1
18277,9.4,0,1200,24,1,Gal,d18:1,24:1
18278,9.6,0,1200,24,1,Gal,d18:1,24:1
18279,9.8,0,1200,24,1,Gal,d18:1,24:1
18280,10.0,0,1200,24,1,Gal,d18:1,24:1
18281,-10.0,0,1300,24,1,Gal,d18:1,24:1
18282,-9.8,0,1300,24,1,Gal,d18:1,24:1
18283,-9.6,0,1300,24,1,Gal,d18:1,24:1
18284,-9.4,0,1300,24,1,Gal,d18:1,24:1
18285,-9.2,0,1300,24,1,Gal,d18:1,24:1
18286,-9.0,0,1300,24,1,Gal,d18:1,24:1
18287,-8.8,0,1300,24,1,Gal,d18:1,24:1
18288,-8.6,0,1300,24,1,Gal,d18:1,24:1
18289,-8.4,0,1300,24,1,Gal,d18:1,24:1
18290,-8.2,0,1300,24,1,Gal,d18:1,24:1
18291,-8.0,0,1300,24,1,Gal,d18:1,24:1
18292,-7.8,0,1300,24,1,Gal,d18:1,24:1
18293,-7.6,0,1300,24,1,Gal,d18:1,24:1
18294,-7.4,0,1300,24,1,Gal,d18:1,24:1
18295,-7.2,0,1300,24,1,Gal,d18:1,24:1
18296,-7.0,0,1300,24,1,Gal,d18:1,24:1
18297,-6.8,0,1300,24,1,Gal,d18:1,24:1
18298,-6.6,0,1300,24,1,Gal,d18:1,24:1
18299,-6.4,0,1300,24,1,Gal,d18:1,24:1
18300,-6.2,0,1300,24,1,Gal,d18:1,24:1
18301,-6.0,0,1300,24,1,Gal,d18:1,24:1
18302,-5.8,0,1300,24,1,Gal,d18:1,24:1
18303,-5.6,0,1300,24,1,Gal,d18:1,24:1
18304,-5.4,0,1300,24,1,Gal,d18:1,24:1
18305,-5.2,0,1300,24,1,Gal,d18:1,24:1
18306,-5.0,0,1300,24,1,Gal,d18:1,24:1
18307,-4.8,0,1300,24,1,Gal,d18:1,24:1
18308,-4.6,0,1300,24,1,Gal,d18:1,24:1
18309,-4.4,0,1300,24,1,Gal,d18:1,24:1
18310,-4.2,0,1300,24,1,Gal,d18:1,24:1
18311,-4.0,0,1300,24,1,Gal,d18:1,24:1
18312,-3.8,0,1300,24,1,Gal,d18:1,24:1
18313,-3.6,0,1300,24,1,Gal,d18:1,24:1
18314,-3.4,0,1300,24,1,Gal,d18:1,24:1
18315,-3.2,0,1300,24,1,Gal,d18:1,24:1
18316,-3.0,0,1300,24,1,Gal,d18:1,24:1
18317,-2.8,0,1300,24,1,Gal,d18:1,24:1
18318,-2.6,0,1300,24,1,Gal,d18:1,24:1
18319,-2.4,0,1300,24,1,Gal,d18:1,24:1
18320,-2.2,0,1300,24,1,Gal,d18:1,24:1
18321,-2.0,0,1300,24,1,Gal,d18:1,24:1
18322,-1.8,0,1300,24,1,Gal,d18:1,24:1
18323,-1.6,0,1300,24,1,Gal,d18:1,24:1
18324,-1.4,60,1300,24,1,Gal,d18:1,24:1
18325,-1.2,420,1300,24,1,Gal,d18:1,24:1
18326,-1.0,1320,1300,24,1,Gal,d18:1,24:1
18327,-0.8,3120,1300,24,1,Gal,d18:1,24:1
18328,-0.6,3420,1300,24,1,Gal,d18:1,24:1
18329,-0.4,5940,1300,24,1,Gal,d18:1,24:1
18330,-0.2,5120,1300,24,1,Gal,d18:1,24:1
18331,0.0,4260,1300,24,1,Gal,d18:1,24:1
18332,0.2,4340,1300,24,1,Gal,d18:1,24:1
18333,0.4,2940,1300,24,1,Gal,d18:1,24:1
18334,0.6,1940,1300,24,1,Gal,d18:1,24:1
18335,0.8,940,1300,24,1,Gal,d18:1,24:1
18336,1.0,400,1300,24,1,Gal,d18:1,24:1
18337,1.2,60,1300,24,1,Gal,d18:1,24:1
18338,1.4,0,1300,24,1,Gal,d18:1,24:1
18339,1.6,0,1300,24,1,Gal,d18:1,24:1
18340,1.8,0,1300,24,1,Gal,d18:1,24:1
18341,2.0,0,1300,24,1,Gal,d18:1,24:1
18342,2.2,0,1300,24,1,Gal,d18:1,24:1
18343,2.4,0,1300,24,1,Gal,d18:1,24:1
18344,2.6,0,1300,24,1,Gal,d18:1,24:1
18345,2.8,0,1300,24,1,Gal,d18:1,24:1
18346,3.0,0,1300,24,1,Gal,d18:1,24:1
18347,3.2,0,1300,24,1,Gal,d18:1,24:1
18348,3.4,0,1300,24,1,Gal,d18:1,24:1
18349,3.6,0,1300,24,1,Gal,d18:1,24:1
18350,3.8,0,1300,24,1,Gal,d18:1,24:1
18351,4.0,0,1300,24,1,Gal,d18:1,24:1
18352,4.2,0,1300,24,1,Gal,d18:1,24:1
18353,4.4,0,1300,24,1,Gal,d18:1,24:1
18354,4.6,0,1300,24,1,Gal,d18:1,24:1
18355,4.8,0,1300,24,1,Gal,d18:1,24:1
18356,5.0,0,1300,24,1,Gal,d18:1,24:1
18357,5.2,0,1300,24,1,Gal,d18:1,24:1
18358,5.4,0,1300,24,1,Gal,d18:1,24:1
18359,5.6,0,1300,24,1,Gal,d18:1,24:1
18360,5.8,0,1300,24,1,Gal,d18:1,24:1
18361,6.0,0,1300,24,1,Gal,d18:1,24:1
18362,6.2,0,1300,24,1,Gal,d18:1,24:1
18363,6.4,0,1300,24,1,Gal,d18:1,24:1
18364,6.6,0,1300,24,1,Gal,d18:1,24:1
18365,6.8,0,1300,24,1,Gal,d18:1,24:1
18366,7.0,0,1300,24,1,Gal,d18:1,24:1
18367,7.2,0,1300,24,1,Gal,d18:1,24:1
18368,7.4,0,1300,24,1,Gal,d18:1,24:1
18369,7.6,0,1300,24,1,Gal,d18:1,24:1
18370,7.8,0,1300,24,1,Gal,d18:1,24:1
18371,8.0,0,1300,24,1,Gal,d18:1,24:1
18372,8.2,0,1300,24,1,Gal,d18:1,24:1
18373,8.4,0,1300,24,1,Gal,d18:1,24:1
18374,8.6,0,1300,24,1,Gal,d18:1,24:1
18375,8.8,0,1300,24,1,Gal,d18:1,24:1
18376,9.0,0,1300,24,1,Gal,d18:1,24:1
18377,9.2,0,1300,24,1,Gal,d18:1,24:1
18378,9.4,0,1300,24,1,Gal,d18:1,24:1
18379,9.6,0,1300,24,1,Gal,d18:1,24:1
18380,9.8,0,1300,24,1,Gal,d18:1,24:1
18381,10.0,0,1300,24,1,Gal,d18:1,24:1
18382,-10.0,0,1400,24,1,Gal,d18:1,24:1
18383,-9.8,0,1400,24,1,Gal,d18:1,24:1
18384,-9.6,0,1400,24,1,Gal,d18:1,24:1
18385,-9.4,0,1400,24,1,Gal,d18:1,24:1
18386,-9.2,0,1400,24,1,Gal,d18:1,24:1
18387,-9.0,0,1400,24,1,Gal,d18:1,24:1
18388,-8.8,0,1400,24,1,Gal,d18:1,24:1
18389,-8.6,0,1400,24,1,Gal,d18:1,24:1
18390,-8.4,0,1400,24,1,Gal,d18:1,24:1
18391,-8.2,0,1400,24,1,Gal,d18:1,24:1
18392,-8.0,0,1400,24,1,Gal,d18:1,24:1
18393,-7.8,0,1400,24,1,Gal,d18:1,24:1
18394,-7.6,0,1400,24,1,Gal,d18:1,24:1
18395,-7.4,0,1400,24,1,Gal,d18:1,24:1
18396,-7.2,0,1400,24,1,Gal,d18:1,24:1
18397,-7.0,0,1400,24,1,Gal,d18:1,24:1
18398,-6.8,0,1400,24,1,Gal,d18:1,24:1
18399,-6.6,0,1400,24,1,Gal,d18:1,24:1
18400,-6.4,0,1400,24,1,Gal,d18:1,24:1
18401,-6.2,0,1400,24,1,Gal,d18:1,24:1
18402,-6.0,0,1400,24,1,Gal,d18:1,24:1
18403,-5.8,0,1400,24,1,Gal,d18:1,24:1
18404,-5.6,0,1400,24,1,Gal,d18:1,24:1
18405,-5.4,0,1400,24,1,Gal,d18:1,24:1
18406,-5.2,0,1400,24,1,Gal,d18:1,24:1
18407,-5.0,0,1400,24,1,Gal,d18:1,24:1
18408,-4.8,0,1400,24,1,Gal,d18:1,24:1
18409,-4.6,0,1400,24,1,Gal,d18:1,24:1
18410,-4.4,0,1400,24,1,Gal,d18:1,24:1
18411,-4.2,0,1400,24,1,Gal,d18:1,24:1
18412,-4.0,0,1400,24,1,Gal,d18:1,24:1
18413,-3.8,0,1400,24,1,Gal,d18:1,24:1
18414,-3.6,0,1400,24,1,Gal,d18:1,24:1
18415,-3.4,0,1400,24,1,Gal,d18:1,24:1
18416,-3.2,0,1400,24,1,Gal,d18:1,24:1
18417,-3.0,0,1400,24,1,Gal,d18:1,24:1
18418,-2.8,0,1400,24,1,Gal,d18:1,24:1
18419,-2.6,0,1400,24,1,Gal,d18:1,24:1
18420,-2.4,0,1400,24,1,Gal,d18:1,24:1
18421,-2.2,0,1400,24,1,Gal,d18:1,24:1
18422,-2.0,0,1400,24,1,Gal,d18:1,24:1
18423,-1.8,0,1400,24,1,Gal,d18:1,24:1
18424,-1.6,80,1400,24,1,Gal,d18:1,24:1
18425,-1.4,80,1400,24,1,Gal,d18:1,24:1
18426,-1.2,540,1400,24,1,Gal,d18:1,24:1
18427,-1.0,1340,1400,24,1,Gal,d18:1,24:1
18428,-0.8,2640,1400,24,1,Gal,d18:1,24:1
18429,-0.6,4600,1400,24,1,Gal,d18:1,24:1
18430,-0.4,4380,1400,24,1,Gal,d18:1,24:1
18431,-0.2,4020,1400,24,1,Gal,d18:1,24:1
18432,0.0,4700,1400,24,1,Gal,d18:1,24:1
18433,0.2,4760,1400,24,1,Gal,d18:1,24:1
18434,0.4,3160,1400,24,1,Gal,d18:1,24:1
18435,0.6,2080,1400,24,1,Gal,d18:1,24:1
18436,0.8,880,1400,24,1,Gal,d18:1,24:1
18437,1.0,420,1400,24,1,Gal,d18:1,24:1
18438,1.2,60,1400,24,1,Gal,d18:1,24:1
18439,1.4,0,1400,24,1,Gal,d18:1,24:1
18440,1.6,0,1400,24,1,Gal,d18:1,24:1
18441,1.8,0,1400,24,1,Gal,d18:1,24:1
18442,2.0,0,1400,24,1,Gal,d18:1,24:1
18443,2.2,0,1400,24,1,Gal,d18:1,24:1
18444,2.4,0,1400,24,1,Gal,d18:1,24:1
18445,2.6,0,1400,24,1,Gal,d18:1,24:1
18446,2.8,0,1400,24,1,Gal,d18:1,24:1
18447,3.0,0,1400,24,1,Gal,d18:1,24:1
18448,3.2,0,1400,24,1,Gal,d18:1,24:1
18449,3.4,0,1400,24,1,Gal,d18:1,24:1
18450,3.6,0,1400,24,1,Gal,d18:1,24:1
18451,3.8,0,1400,24,1,Gal,d18:1,24:1
18452,4.0,0,1400,24,1,Gal,d18:1,24:1
18453,4.2,0,1400,24,1,Gal,d18:1,24:1
18454,4.4,0,1400,24,1,Gal,d18:1,24:1
18455,4.6,0,1400,24,1,Gal,d18:1,24:1
18456,4.8,0,1400,24,1,Gal,d18:1,24:1
18457,5.0,0,1400,24,1,Gal,d18:1,24:1
18458,5.2,0,1400,24,1,Gal,d18:1,24:1
18459,5.4,0,1400,24,1,Gal,d18:1,24:1
18460,5.6,0,1400,24,1,Gal,d18:1,24:1
18461,5.8,0,1400,24,1,Gal,d18:1,24:1
18462,6.0,0,1400,24,1,Gal,d18:1,24:1
18463,6.2,0,1400,24,1,Gal,d18:1,24:1
18464,6.4,0,1400,24,1,Gal,d18:1,24:1
18465,6.6,0,1400,24,1,Gal,d18:1,24:1
18466,6.8,0,1400,24,1,Gal,d18:1,24:1
18467,7.0,0,1400,24,1,Gal,d18:1,24:1
18468,7.2,0,1400,24,1,Gal,d18:1,24:1
18469,7.4,0,1400,24,1,Gal,d18:1,24:1
18470,7.6,0,1400,24,1,Gal,d18:1,24:1
18471,7.8,0,1400,24,1,Gal,d18:1,24:1
18472,8.0,0,1400,24,1,Gal,d18:1,24:1
18473,8.2,0,1400,24,1,Gal,d18:1,24:1
18474,8.4,0,1400,24,1,Gal,d18:1,24:1
18475,8.6,0,1400,24,1,Gal,d18:1,24:1
18476,8.8,0,1400,24,1,Gal,d18:1,24:1
18477,9.0,0,1400,24,1,Gal,d18:1,24:1
18478,9.2,0,1400,24,1,Gal,d18:1,24:1
18479,9.4,0,1400,24,1,Gal,d18:1,24:1
18480,9.6,0,1400,24,1,Gal,d18:1,24:1
18481,9.8,0,1400,24,1,Gal,d18:1,24:1
18482,10.0,0,1400,24,1,Gal,d18:1,24:1
18483,-10.0,0,1500,24,1,Gal,d18:1,24:1
18484,-9.8,0,1500,24,1,Gal,d18:1,24:1
18485,-9.6,0,1500,24,1,Gal,d18:1,24:1
18486,-9.4,0,1500,24,1,Gal,d18:1,24:1
18487,-9.2,0,1500,24,1,Gal,d18:1,24:1
18488,-9.0,0,1500,24,1,Gal,d18:1,24:1
18489,-8.8,0,1500,24,1,Gal,d18:1,24:1
18490,-8.6,0,1500,24,1,Gal,d18:1,24:1
18491,-8.4,0,1500,24,1,Gal,d18:1,24:1
18492,-8.2,0,1500,24,1,Gal,d18:1,24:1
18493,-8.0,0,1500,24,1,Gal,d18:1,24:1
18494,-7.8,0,1500,24,1,Gal,d18:1,24:1
18495,-7.6,0,1500,24,1,Gal,d18:1,24:1
18496,-7.4,0,1500,24,1,Gal,d18:1,24:1
18497,-7.2,0,1500,24,1,Gal,d18:1,24:1
18498,-7.0,0,1500,24,1,Gal,d18:1,24:1
18499,-6.8,0,1500,24,1,Gal,d18:1,24:1
18500,-6.6,0,1500,24,1,Gal,d18:1,24:1
18501,-6.4,0,1500,24,1,Gal,d18:1,24:1
18502,-6.2,0,1500,24,1,Gal,d18:1,24:1
18503,-6.0,0,1500,24,1,Gal,d18:1,24:1
18504,-5.8,0,1500,24,1,Gal,d18:1,24:1
18505,-5.6,0,1500,24,1,Gal,d18:1,24:1
18506,-5.4,0,1500,24,1,Gal,d18:1,24:1
18507,-5.2,0,1500,24,1,Gal,d18:1,24:1
18508,-5.0,0,1500,24,1,Gal,d18:1,24:1
18509,-4.8,0,1500,24,1,Gal,d18:1,24:1
18510,-4.6,0,1500,24,1,Gal,d18:1,24:1
18511,-4.4,0,1500,24,1,Gal,d18:1,24:1
18512,-4.2,0,1500,24,1,Gal,d18:1,24:1
18513,-4.0,0,1500,24,1,Gal,d18:1,24:1
18514,-3.8,0,1500,24,1,Gal,d18:1,24:1
18515,-3.6,0,1500,24,1,Gal,d18:1,24:1
18516,-3.4,0,1500,24,1,Gal,d18:1,24:1
18517,-3.2,0,1500,24,1,Gal,d18:1,24:1
18518,-3.0,0,1500,24,1,Gal,d18:1,24:1
18519,-2.8,0,1500,24,1,Gal,d18:1,24:1
18520,-2.6,0,1500,24,1,Gal,d18:1,24:1
18521,-2.4,0,1500,24,1,Gal,d18:1,24:1
18522,-2.2,0,1500,24,1,Gal,d18:1,24:1
18523,-2.0,0,1500,24,1,Gal,d18:1,24:1
18524,-1.8,0,1500,24,1,Gal,d18:1,24:1
18525,-1.6,20,1500,24,1,Gal,d18:1,24:1
18526,-1.4,0,1500,24,1,Gal,d18:1,24:1
18527,-1.2,340,1500,24,1,Gal,d18:1,24:1
18528,-1.0,1180,1500,24,1,Gal,d18:1,24:1
18529,-0.8,3560,1500,24,1,Gal,d18:1,24:1
18530,-0.6,5160,1500,24,1,Gal,d18:1,24:1
18531,-0.4,5880,1500,24,1,Gal,d18:1,24:1
18532,-0.2,4580,1500,24,1,Gal,d18:1,24:1
18533,0.0,4480,1500,24,1,Gal,d18:1,24:1
18534,0.2,3620,1500,24,1,Gal,d18:1,24:1
18535,0.4,3700,1500,24,1,Gal,d18:1,24:1
18536,0.6,2180,1500,24,1,Gal,d18:1,24:1
18537,0.8,700,1500,24,1,Gal,d18:1,24:1
18538,1.0,540,1500,24,1,Gal,d18:1,24:1
18539,1.2,20,1500,24,1,Gal,d18:1,24:1
18540,1.4,120,1500,24,1,Gal,d18:1,24:1
18541,1.6,0,1500,24,1,Gal,d18:1,24:1
18542,1.8,0,1500,24,1,Gal,d18:1,24:1
18543,2.0,0,1500,24,1,Gal,d18:1,24:1
18544,2.2,0,1500,24,1,Gal,d18:1,24:1
18545,2.4,0,1500,24,1,Gal,d18:1,24:1
18546,2.6,0,1500,24,1,Gal,d18:1,24:1
18547,2.8,0,1500,24,1,Gal,d18:1,24:1
18548,3.0,0,1500,24,1,Gal,d18:1,24:1
18549,3.2,0,1500,24,1,Gal,d18:1,24:1
18550,3.4,0,1500,24,1,Gal,d18:1,24:1
18551,3.6,0,1500,24,1,Gal,d18:1,24:1
18552,3.8,0,1500,24,1,Gal,d18:1,24:1
18553,4.0,0,1500,24,1,Gal,d18:1,24:1
18554,4.2,0,1500,24,1,Gal,d18:1,24:1
18555,4.4,0,1500,24,1,Gal,d18:1,24:1
18556,4.6,0,1500,24,1,Gal,d18:1,24:1
18557,4.8,0,1500,24,1,Gal,d18:1,24:1
18558,5.0,0,1500,24,1,Gal,d18:1,24:1
18559,5.2,0,1500,24,1,Gal,d18:1,24:1
18560,5.4,0,1500,24,1,Gal,d18:1,24:1
18561,5.6,0,1500,24,1,Gal,d18:1,24:1
18562,5.8,0,1500,24,1,Gal,d18:1,24:1
18563,6.0,0,1500,24,1,Gal,d18:1,24:1
18564,6.2,0,1500,24,1,Gal,d18:1,24:1
18565,6.4,0,1500,24,1,Gal,d18:1,24:1
18566,6.6,0,1500,24,1,Gal,d18:1,24:1
18567,6.8,0,1500,24,1,Gal,d18:1,24:1
18568,7.0,0,1500,24,1,Gal,d18:1,24:1
18569,7.2,0,1500,24,1,Gal,d18:1,24:1
18570,7.4,0,1500,24,1,Gal,d18:1,24:1
18571,7.6,0,1500,24,1,Gal,d18:1,24:1
18572,7.8,0,1500,24,1,Gal,d18:1,24:1
18573,8.0,0,1500,24,1,Gal,d18:1,24:1
18574,8.2,0,1500,24,1,Gal,d18:1,24:1
18575,8.4,0,1500,24,1,Gal,d18:1,24:1
18576,8.6,0,1500,24,1,Gal,d18:1,24:1
18577,8.8,0,1500,24,1,Gal,d18:1,24:1
18578,9.0,0,1500,24,1,Gal,d18:1,24:1
18579,9.2,0,1500,24,1,Gal,d18:1,24:1
18580,9.4,0,1500,24,1,Gal,d18:1,24:1
18581,9.6,0,1500,24,1,Gal,d18:1,24:1
18582,9.8,0,1500,24,1,Gal,d18:1,24:1
18583,10.0,0,1500,24,1,Gal,d18:1,24:1
18584,-10.0,0,1600,24,1,Gal,d18:1,24:1
18585,-9.8,0,1600,24,1,Gal,d18:1,24:1
18586,-9.6,0,1600,24,1,Gal,d18:1,24:1
18587,-9.4,0,1600,24,1,Gal,d18:1,24:1
18588,-9.2,0,1600,24,1,Gal,d18:1,24:1
18589,-9.0,0,1600,24,1,Gal,d18:1,24:1
18590,-8.8,0,1600,24,1,Gal,d18:1,24:1
18591,-8.6,0,1600,24,1,Gal,d18:1,24:1
18592,-8.4,0,1600,24,1,Gal,d18:1,24:1
18593,-8.2,0,1600,24,1,Gal,d18:1,24:1
18594,-8.0,0,1600,24,1,Gal,d18:1,24:1
18595,-7.8,0,1600,24,1,Gal,d18:1,24:1
18596,-7.6,0,1600,24,1,Gal,d18:1,24:1
18597,-7.4,0,1600,24,1,Gal,d18:1,24:1
18598,-7.2,0,1600,24,1,Gal,d18:1,24:1
18599,-7.0,0,1600,24,1,Gal,d18:1,24:1
18600,-6.8,0,1600,24,1,Gal,d18:1,24:1
18601,-6.6,0,1600,24,1,Gal,d18:1,24:1
18602,-6.4,0,1600,24,1,Gal,d18:1,24:1
18603,-6.2,0,1600,24,1,Gal,d18:1,24:1
18604,-6.0,0,1600,24,1,Gal,d18:1,24:1
18605,-5.8,0,1600,24,1,Gal,d18:1,24:1
18606,-5.6,0,1600,24,1,Gal,d18:1,24:1
18607,-5.4,0,1600,24,1,Gal,d18:1,24:1
18608,-5.2,0,1600,24,1,Gal,d18:1,24:1
18609,-5.0,0,1600,24,1,Gal,d18:1,24:1
18610,-4.8,0,1600,24,1,Gal,d18:1,24:1
18611,-4.6,0,1600,24,1,Gal,d18:1,24:1
18612,-4.4,0,1600,24,1,Gal,d18:1,24:1
18613,-4.2,0,1600,24,1,Gal,d18:1,24:1
18614,-4.0,0,1600,24,1,Gal,d18:1,24:1
18615,-3.8,0,1600,24,1,Gal,d18:1,24:1
18616,-3.6,0,1600,24,1,Gal,d18:1,24:1
18617,-3.4,0,1600,24,1,Gal,d18:1,24:1
18618,-3.2,0,1600,24,1,Gal,d18:1,24:1
18619,-3.0,0,1600,24,1,Gal,d18:1,24:1
18620,-2.8,0,1600,24,1,Gal,d18:1,24:1
18621,-2.6,0,1600,24,1,Gal,d18:1,24:1
18622,-2.4,0,1600,24,1,Gal,d18:1,24:1
18623,-2.2,0,1600,24,1,Gal,d18:1,24:1
18624,-2.0,0,1600,24,1,Gal,d18:1,24:1
18625,-1.8,0,1600,24,1,Gal,d18:1,24:1
18626,-1.6,0,1600,24,1,Gal,d18:1,24:1
18627,-1.4,240,1600,24,1,Gal,d18:1,24:1
18628,-1.2,400,1600,24,1,Gal,d18:1,24:1
18629,-1.0,1740,1600,24,1,Gal,d18:1,24:1
18630,-0.8,3620,1600,24,1,Gal,d18:1,24:1
18631,-0.6,4200,1600,24,1,Gal,d18:1,24:1
18632,-0.4,7220,1600,24,1,Gal,d18:1,24:1
18633,-0.2,6200,1600,24,1,Gal,d18:1,24:1
18634,0.0,4260,1600,24,1,Gal,d18:1,24:1
18635,0.2,3560,1600,24,1,Gal,d18:1,24:1
18636,0.4,1760,1600,24,1,Gal,d18:1,24:1
18637,0.6,1780,1600,24,1,Gal,d18:1,24:1
18638,0.8,720,1600,24,1,Gal,d18:1,24:1
18639,1.0,260,1600,24,1,Gal,d18:1,24:1
18640,1.2,80,1600,24,1,Gal,d18:1,24:1
18641,1.4,0,1600,24,1,Gal,d18:1,24:1
18642,1.6,0,1600,24,1,Gal,d18:1,24:1
18643,1.8,0,1600,24,1,Gal,d18:1,24:1
18644,2.0,0,1600,24,1,Gal,d18:1,24:1
18645,2.2,0,1600,24,1,Gal,d18:1,24:1
18646,2.4,0,1600,24,1,Gal,d18:1,24:1
18647,2.6,0,1600,24,1,Gal,d18:1,24:1
18648,2.8,0,1600,24,1,Gal,d18:1,24:1
18649,3.0,0,1600,24,1,Gal,d18:1,24:1
18650,3.2,0,1600,24,1,Gal,d18:1,24:1
18651,3.4,0,1600,24,1,Gal,d18:1,24:1
18652,3.6,0,1600,24,1,Gal,d18:1,24:1
18653,3.8,0,1600,24,1,Gal,d18:1,24:1
18654,4.0,0,1600,24,1,Gal,d18:1,24:1
18655,4.2,0,1600,24,1,Gal,d18:1,24:1
18656,4.4,0,1600,24,1,Gal,d18:1,24:1
18657,4.6,0,1600,24,1,Gal,d18:1,24:1
18658,4.8,0,1600,24,1,Gal,d18:1,24:1
18659,5.0,0,1600,24,1,Gal,d18:1,24:1
18660,5.2,0,1600,24,1,Gal,d18:1,24:1
18661,5.4,0,1600,24,1,Gal,d18:1,24:1
18662,5.6,0,1600,24,1,Gal,d18:1,24:1
18663,5.8,0,1600,24,1,Gal,d18:1,24:1
18664,6.0,0,1600,24,1,Gal,d18:1,24:1
18665,6.2,0,1600,24,1,Gal,d18:1,24:1
18666,6.4,0,1600,24,1,Gal,d18:1,24:1
18667,6.6,0,1600,24,1,Gal,d18:1,24:1
18668,6.8,0,1600,24,1,Gal,d18:1,24:1
18669,7.0,0,1600,24,1,Gal,d18:1,24:1
18670,7.2,0,1600,24,1,Gal,d18:1,24:1
18671,7.4,0,1600,24,1,Gal,d18:1,24:1
18672,7.6,0,1600,24,1,Gal,d18:1,24:1
18673,7.8,0,1600,24,1,Gal,d18:1,24:1
18674,8.0,0,1600,24,1,Gal,d18:1,24:1
18675,8.2,0,1600,24,1,Gal,d18:1,24:1
18676,8.4,0,1600,24,1,Gal,d18:1,24:1
18677,8.6,0,1600,24,1,Gal,d18:1,24:1
18678,8.8,0,1600,24,1,Gal,d18:1,24:1
18679,9.0,0,1600,24,1,Gal,d18:1,24:1
18680,9.2,0,1600,24,1,Gal,d18:1,24:1
18681,9.4,0,1600,24,1,Gal,d18:1,24:1
18682,9.6,0,1600,24,1,Gal,d18:1,24:1
18683,9.8,0,1600,24,1,Gal,d18:1,24:1
18684,10.0,0,1600,24,1,Gal,d18:1,24:1
18685,-10.0,0,1700,24,1,Gal,d18:1,24:1
18686,-9.8,0,1700,24,1,Gal,d18:1,24:1
18687,-9.6,0,1700,24,1,Gal,d18:1,24:1
18688,-9.4,0,1700,24,1,Gal,d18:1,24:1
18689,-9.2,0,1700,24,1,Gal,d18:1,24:1
18690,-9.0,0,1700,24,1,Gal,d18:1,24:1
18691,-8.8,0,1700,24,1,Gal,d18:1,24:1
18692,-8.6,0,1700,24,1,Gal,d18:1,24:1
18693,-8.4,0,1700,24,1,Gal,d18:1,24:1
18694,-8.2,0,1700,24,1,Gal,d18:1,24:1
18695,-8.0,0,1700,24,1,Gal,d18:1,24:1
18696,-7.8,0,1700,24,1,Gal,d18:1,24:1
18697,-7.6,0,1700,24,1,Gal,d18:1,24:1
18698,-7.4,0,1700,24,1,Gal,d18:1,24:1
18699,-7.2,0,1700,24,1,Gal,d18:1,24:1
18700,-7.0,0,1700,24,1,Gal,d18:1,24:1
18701,-6.8,0,1700,24,1,Gal,d18:1,24:1
18702,-6.6,0,1700,24,1,Gal,d18:1,24:1
18703,-6.4,0,1700,24,1,Gal,d18:1,24:1
18704,-6.2,0,1700,24,1,Gal,d18:1,24:1
18705,-6.0,0,1700,24,1,Gal,d18:1,24:1
18706,-5.8,0,1700,24,1,Gal,d18:1,24:1
18707,-5.6,0,1700,24,1,Gal,d18:1,24:1
18708,-5.4,0,1700,24,1,Gal,d18:1,24:1
18709,-5.2,0,1700,24,1,Gal,d18:1,24:1
18710,-5.0,0,1700,24,1,Gal,d18:1,24:1
18711,-4.8,0,1700,24,1,Gal,d18:1,24:1
18712,-4.6,0,1700,24,1,Gal,d18:1,24:1
18713,-4.4,0,1700,24,1,Gal,d18:1,24:1
18714,-4.2,0,1700,24,1,Gal,d18:1,24:1
18715,-4.0,0,1700,24,1,Gal,d18:1,24:1
18716,-3.8,0,1700,24,1,Gal,d18:1,24:1
18717,-3.6,0,1700,24,1,Gal,d18:1,24:1
18718,-3.4,0,1700,24,1,Gal,d18:1,24:1
18719,-3.2,0,1700,24,1,Gal,d18:1,24:1
18720,-3.0,0,1700,24,1,Gal,d18:1,24:1
18721,-2.8,0,1700,24,1,Gal,d18:1,24:1
18722,-2.6,0,1700,24,1,Gal,d18:1,24:1
18723,-2.4,0,1700,24,1,Gal,d18:1,24:1
18724,-2.2,0,1700,24,1,Gal,d18:1,24:1
18725,-2.0,0,1700,24,1,Gal,d18:1,24:1
18726,-1.8,0,1700,24,1,Gal,d18:1,24:1
18727,-1.6,0,1700,24,1,Gal,d18:1,24:1
18728,-1.4,60,1700,24,1,Gal,d18:1,24:1
18729,-1.2,260,1700,24,1,Gal,d18:1,24:1
18730,-1.0,1280,1700,24,1,Gal,d18:1,24:1
18731,-0.8,2120,1700,24,1,Gal,d18:1,24:1
18732,-0.6,5060,1700,24,1,Gal,d18:1,24:1
18733,-0.4,6220,1700,24,1,Gal,d18:1,24:1
18734,-0.2,7160,1700,24,1,Gal,d18:1,24:1
18735,0.0,7100,1700,24,1,Gal,d18:1,24:1
18736,0.2,4180,1700,24,1,Gal,d18:1,24:1
18737,0.4,4220,1700,24,1,Gal,d18:1,24:1
18738,0.6,2200,1700,24,1,Gal,d18:1,24:1
18739,0.8,1280,1700,24,1,Gal,d18:1,24:1
18740,1.0,420,1700,24,1,Gal,d18:1,24:1
18741,1.2,40,1700,24,1,Gal,d18:1,24:1
18742,1.4,20,1700,24,1,Gal,d18:1,24:1
18743,1.6,0,1700,24,1,Gal,d18:1,24:1
18744,1.8,0,1700,24,1,Gal,d18:1,24:1
18745,2.0,0,1700,24,1,Gal,d18:1,24:1
18746,2.2,0,1700,24,1,Gal,d18:1,24:1
18747,2.4,0,1700,24,1,Gal,d18:1,24:1
18748,2.6,0,1700,24,1,Gal,d18:1,24:1
18749,2.8,0,1700,24,1,Gal,d18:1,24:1
18750,3.0,0,1700,24,1,Gal,d18:1,24:1
18751,3.2,0,1700,24,1,Gal,d18:1,24:1
18752,3.4,0,1700,24,1,Gal,d18:1,24:1
18753,3.6,0,1700,24,1,Gal,d18:1,24:1
18754,3.8,0,1700,24,1,Gal,d18:1,24:1
18755,4.0,0,1700,24,1,Gal,d18:1,24:1
18756,4.2,0,1700,24,1,Gal,d18:1,24:1
18757,4.4,0,1700,24,1,Gal,d18:1,24:1
18758,4.6,0,1700,24,1,Gal,d18:1,24:1
18759,4.8,0,1700,24,1,Gal,d18:1,24:1
18760,5.0,0,1700,24,1,Gal,d18:1,24:1
18761,5.2,0,1700,24,1,Gal,d18:1,24:1
18762,5.4,0,1700,24,1,Gal,d18:1,24:1
18763,5.6,0,1700,24,1,Gal,d18:1,24:1
18764,5.8,0,1700,24,1,Gal,d18:1,24:1
18765,6.0,0,1700,24,1,Gal,d18:1,24:1
18766,6.2,0,1700,24,1,Gal,d18:1,24:1
18767,6.4,0,1700,24,1,Gal,d18:1,24:1
18768,6.6,0,1700,24,1,Gal,d18:1,24:1
18769,6.8,0,1700,24,1,Gal,d18:1,24:1
18770,7.0,0,1700,24,1,Gal,d18:1,24:1
18771,7.2,0,1700,24,1,Gal,d18:1,24:1
18772,7.4,0,1700,24,1,Gal,d18:1,24:1
18773,7.6,0,1700,24,1,Gal,d18:1,24:1
18774,7.8,0,1700,24,1,Gal,d18:1,24:1
18775,8.0,0,1700,24,1,Gal,d18:1,24:1
18776,8.2,0,1700,24,1,Gal,d18:1,24:1
18777,8.4,0,1700,24,1,Gal,d18:1,24:1
18778,8.6,0,1700,24,1,Gal,d18:1,24:1
18779,8.8,0,1700,24,1,Gal,d18:1,24:1
18780,9.0,0,1700,24,1,Gal,d18:1,24:1
18781,9.2,0,1700,24,1,Gal,d18:1,24:1
18782,9.4,0,1700,24,1,Gal,d18:1,24:1
18783,9.6,0,1700,24,1,Gal,d18:1,24:1
18784,9.8,0,1700,24,1,Gal,d18:1,24:1
18785,10.0,0,1700,24,1,Gal,d18:1,24:1
18786,-10.0,0,1800,24,1,Gal,d18:1,24:1
18787,-9.8,0,1800,24,1,Gal,d18:1,24:1
18788,-9.6,0,1800,24,1,Gal,d18:1,24:1
18789,-9.4,0,1800,24,1,Gal,d18:1,24:1
18790,-9.2,0,1800,24,1,Gal,d18:1,24:1
18791,-9.0,0,1800,24,1,Gal,d18:1,24:1
18792,-8.8,0,1800,24,1,Gal,d18:1,24:1
18793,-8.6,0,1800,24,1,Gal,d18:1,24:1
18794,-8.4,0,1800,24,1,Gal,d18:1,24:1
18795,-8.2,0,1800,24,1,Gal,d18:1,24:1
18796,-8.0,0,1800,24,1,Gal,d18:1,24:1
18797,-7.8,0,1800,24,1,Gal,d18:1,24:1
18798,-7.6,0,1800,24,1,Gal,d18:1,24:1
18799,-7.4,0,1800,24,1,Gal,d18:1,24:1
18800,-7.2,0,1800,24,1,Gal,d18:1,24:1
18801,-7.0,0,1800,24,1,Gal,d18:1,24:1
18802,-6.8,0,1800,24,1,Gal,d18:1,24:1
18803,-6.6,0,1800,24,1,Gal,d18:1,24:1
18804,-6.4,0,1800,24,1,Gal,d18:1,24:1
18805,-6.2,0,1800,24,1,Gal,d18:1,24:1
18806,-6.0,0,1800,24,1,Gal,d18:1,24:1
18807,-5.8,0,1800,24,1,Gal,d18:1,24:1
18808,-5.6,0,1800,24,1,Gal,d18:1,24:1
18809,-5.4,0,1800,24,1,Gal,d18:1,24:1
18810,-5.2,0,1800,24,1,Gal,d18:1,24:1
18811,-5.0,0,1800,24,1,Gal,d18:1,24:1
18812,-4.8,0,1800,24,1,Gal,d18:1,24:1
18813,-4.6,0,1800,24,1,Gal,d18:1,24:1
18814,-4.4,0,1800,24,1,Gal,d18:1,24:1
18815,-4.2,0,1800,24,1,Gal,d18:1,24:1
18816,-4.0,0,1800,24,1,Gal,d18:1,24:1
18817,-3.8,0,1800,24,1,Gal,d18:1,24:1
18818,-3.6,0,1800,24,1,Gal,d18:1,24:1
18819,-3.4,0,1800,24,1,Gal,d18:1,24:1
18820,-3.2,0,1800,24,1,Gal,d18:1,24:1
18821,-3.0,0,1800,24,1,Gal,d18:1,24:1
18822,-2.8,0,1800,24,1,Gal,d18:1,24:1
18823,-2.6,0,1800,24,1,Gal,d18:1,24:1
18824,-2.4,0,1800,24,1,Gal,d18:1,24:1
18825,-2.2,0,1800,24,1,Gal,d18:1,24:1
18826,-2.0,0,1800,24,1,Gal,d18:1,24:1
18827,-1.8,0,1800,24,1,Gal,d18:1,24:1
18828,-1.6,40,1800,24,1,Gal,d18:1,24:1
18829,-1.4,160,1800,24,1,Gal,d18:1,24:1
18830,-1.2,720,1800,24,1,Gal,d18:1,24:1
18831,-1.0,1360,1800,24,1,Gal,d18:1,24:1
18832,-0.8,3340,1800,24,1,Gal,d18:1,24:1
18833,-0.6,6440,1800,24,1,Gal,d18:1,24:1
18834,-0.4,7840,1800,24,1,Gal,d18:1,24:1
18835,-0.2,7540,1800,24,1,Gal,d18:1,24:1
18836,0.0,5900,1800,24,1,Gal,d18:1,24:1
18837,0.2,5320,1800,24,1,Gal,d18:1,24:1
18838,0.4,3560,1800,24,1,Gal,d18:1,24:1
18839,0.6,2640,1800,24,1,Gal,d18:1,24:1
18840,0.8,1220,1800,24,1,Gal,d18:1,24:1
18841,1.0,420,1800,24,1,Gal,d18:1,24:1
18842,1.2,80,1800,24,1,Gal,d18:1,24:1
18843,1.4,20,1800,24,1,Gal,d18:1,24:1
18844,1.6,40,1800,24,1,Gal,d18:1,24:1
18845,1.8,0,1800,24,1,Gal,d18:1,24:1
18846,2.0,0,1800,24,1,Gal,d18:1,24:1
18847,2.2,0,1800,24,1,Gal,d18:1,24:1
18848,2.4,0,1800,24,1,Gal,d18:1,24:1
18849,2.6,0,1800,24,1,Gal,d18:1,24:1
18850,2.8,0,1800,24,1,Gal,d18:1,24:1
18851,3.0,0,1800,24,1,Gal,d18:1,24:1
18852,3.2,0,1800,24,1,Gal,d18:1,24:1
18853,3.4,0,1800,24,1,Gal,d18:1,24:1
18854,3.6,0,1800,24,1,Gal,d18:1,24:1
18855,3.8,0,1800,24,1,Gal,d18:1,24:1
18856,4.0,0,1800,24,1,Gal,d18:1,24:1
18857,4.2,0,1800,24,1,Gal,d18:1,24:1
18858,4.4,0,1800,24,1,Gal,d18:1,24:1
18859,4.6,0,1800,24,1,Gal,d18:1,24:1
18860,4.8,0,1800,24,1,Gal,d18:1,24:1
18861,5.0,0,1800,24,1,Gal,d18:1,24:1
18862,5.2,0,1800,24,1,Gal,d18:1,24:1
18863,5.4,0,1800,24,1,Gal,d18:1,24:1
18864,5.6,0,1800,24,1,Gal,d18:1,24:1
18865,5.8,0,1800,24,1,Gal,d18:1,24:1
18866,6.0,0,1800,24,1,Gal,d18:1,24:1
18867,6.2,0,1800,24,1,Gal,d18:1,24:1
18868,6.4,0,1800,24,1,Gal,d18:1,24:1
18869,6.6,0,1800,24,1,Gal,d18:1,24:1
18870,6.8,0,1800,24,1,Gal,d18:1,24:1
18871,7.0,0,1800,24,1,Gal,d18:1,24:1
18872,7.2,0,1800,24,1,Gal,d18:1,24:1
18873,7.4,0,1800,24,1,Gal,d18:1,24:1
18874,7.6,0,1800,24,1,Gal,d18:1,24:1
18875,7.8,0,1800,24,1,Gal,d18:1,24:1
18876,8.0,0,1800,24,1,Gal,d18:1,24:1
18877,8.2,0,1800,24,1,Gal,d18:1,24:1
18878,8.4,0,1800,24,1,Gal,d18:1,24:1
18879,8.6,0,1800,24,1,Gal,d18:1,24:1
18880,8.8,0,1800,24,1,Gal,d18:1,24:1
18881,9.0,0,1800,24,1,Gal,d18:1,24:1
18882,9.2,0,1800,24,1,Gal,d18:1,24:1
18883,9.4,0,1800,24,1,Gal,d18:1,24:1
18884,9.6,0,1800,24,1,Gal,d18:1,24:1
18885,9.8,0,1800,24,1,Gal,d18:1,24:1
18886,10.0,0,1800,24,1,Gal,d18:1,24:1
18887,-10.0,0,1900,24,1,Gal,d18:1,24:1
18888,-9.8,0,1900,24,1,Gal,d18:1,24:1
18889,-9.6,0,1900,24,1,Gal,d18:1,24:1
18890,-9.4,0,1900,24,1,Gal,d18:1,24:1
18891,-9.2,0,1900,24,1,Gal,d18:1,24:1
18892,-9.0,0,1900,24,1,Gal,d18:1,24:1
18893,-8.8,0,1900,24,1,Gal,d18:1,24:1
18894,-8.6,0,1900,24,1,Gal,d18:1,24:1
18895,-8.4,0,1900,24,1,Gal,d18:1,24:1
18896,-8.2,0,1900,24,1,Gal,d18:1,24:1
18897,-8.0,0,1900,24,1,Gal,d18:1,24:1
18898,-7.8,0,1900,24,1,Gal,d18:1,24:1
18899,-7.6,0,1900,24,1,Gal,d18:1,24:1
18900,-7.4,0,1900,24,1,Gal,d18:1,24:1
18901,-7.2,0,1900,24,1,Gal,d18:1,24:1
18902,-7.0,0,1900,24,1,Gal,d18:1,24:1
18903,-6.8,0,1900,24,1,Gal,d18:1,24:1
18904,-6.6,0,1900,24,1,Gal,d18:1,24:1
18905,-6.4,0,1900,24,1,Gal,d18:1,24:1
18906,-6.2,0,1900,24,1,Gal,d18:1,24:1
18907,-6.0,0,1900,24,1,Gal,d18:1,24:1
18908,-5.8,0,1900,24,1,Gal,d18:1,24:1
18909,-5.6,0,1900,24,1,Gal,d18:1,24:1
18910,-5.4,0,1900,24,1,Gal,d18:1,24:1
18911,-5.2,0,1900,24,1,Gal,d18:1,24:1
18912,-5.0,0,1900,24,1,Gal,d18:1,24:1
18913,-4.8,0,1900,24,1,Gal,d18:1,24:1
18914,-4.6,0,1900,24,1,Gal,d18:1,24:1
18915,-4.4,0,1900,24,1,Gal,d18:1,24:1
18916,-4.2,0,1900,24,1,Gal,d18:1,24:1
18917,-4.0,0,1900,24,1,Gal,d18:1,24:1
18918,-3.8,0,1900,24,1,Gal,d18:1,24:1
18919,-3.6,0,1900,24,1,Gal,d18:1,24:1
18920,-3.4,0,1900,24,1,Gal,d18:1,24:1
18921,-3.2,0,1900,24,1,Gal,d18:1,24:1
18922,-3.0,0,1900,24,1,Gal,d18:1,24:1
18923,-2.8,0,1900,24,1,Gal,d18:1,24:1
18924,-2.6,0,1900,24,1,Gal,d18:1,24:1
18925,-2.4,0,1900,24,1,Gal,d18:1,24:1
18926,-2.2,0,1900,24,1,Gal,d18:1,24:1
18927,-2.0,0,1900,24,1,Gal,d18:1,24:1
18928,-1.8,0,1900,24,1,Gal,d18:1,24:1
18929,-1.6,0,1900,24,1,Gal,d18:1,24:1
18930,-1.4,120,1900,24,1,Gal,d18:1,24:1
18931,-1.2,400,1900,24,1,Gal,d18:1,24:1
18932,-1.0,1400,1900,24,1,Gal,d18:1,24:1
18933,-0.8,3640,1900,24,1,Gal,d18:1,24:1
18934,-0.6,5700,1900,24,1,Gal,d18:1,24:1
18935,-0.4,8340,1900,24,1,Gal,d18:1,24:1
18936,-0.2,7660,1900,24,1,Gal,d18:1,24:1
18937,0.0,6820,1900,24,1,Gal,d18:1,24:1
18938,0.2,5560,1900,24,1,Gal,d18:1,24:1
18939,0.4,4380,1900,24,1,Gal,d18:1,24:1
18940,0.6,2980,1900,24,1,Gal,d18:1,24:1
18941,0.8,940,1900,24,1,Gal,d18:1,24:1
18942,1.0,360,1900,24,1,Gal,d18:1,24:1
18943,1.2,120,1900,24,1,Gal,d18:1,24:1
18944,1.4,100,1900,24,1,Gal,d18:1,24:1
18945,1.6,0,1900,24,1,Gal,d18:1,24:1
18946,1.8,0,1900,24,1,Gal,d18:1,24:1
18947,2.0,0,1900,24,1,Gal,d18:1,24:1
18948,2.2,0,1900,24,1,Gal,d18:1,24:1
18949,2.4,0,1900,24,1,Gal,d18:1,24:1
18950,2.6,0,1900,24,1,Gal,d18:1,24:1
18951,2.8,0,1900,24,1,Gal,d18:1,24:1
18952,3.0,0,1900,24,1,Gal,d18:1,24:1
18953,3.2,0,1900,24,1,Gal,d18:1,24:1
18954,3.4,0,1900,24,1,Gal,d18:1,24:1
18955,3.6,0,1900,24,1,Gal,d18:1,24:1
18956,3.8,0,1900,24,1,Gal,d18:1,24:1
18957,4.0,0,1900,24,1,Gal,d18:1,24:1
18958,4.2,0,1900,24,1,Gal,d18:1,24:1
18959,4.4,0,1900,24,1,Gal,d18:1,24:1
18960,4.6,0,1900,24,1,Gal,d18:1,24:1
18961,4.8,0,1900,24,1,Gal,d18:1,24:1
18962,5.0,0,1900,24,1,Gal,d18:1,24:1
18963,5.2,0,1900,24,1,Gal,d18:1,24:1
18964,5.4,0,1900,24,1,Gal,d18:1,24:1
18965,5.6,0,1900,24,1,Gal,d18:1,24:1
18966,5.8,0,1900,24,1,Gal,d18:1,24:1
18967,6.0,0,1900,24,1,Gal,d18:1,24:1
18968,6.2,0,1900,24,1,Gal,d18:1,24:1
18969,6.4,0,1900,24,1,Gal,d18:1,24:1
18970,6.6,0,1900,24,1,Gal,d18:1,24:1
18971,6.8,0,1900,24,1,Gal,d18:1,24:1
18972,7.0,0,1900,24,1,Gal,d18:1,24:1
18973,7.2,0,1900,24,1,Gal,d18:1,24:1
18974,7.4,0,1900,24,1,Gal,d18:1,24:1
18975,7.6,0,1900,24,1,Gal,d18:1,24:1
18976,7.8,0,1900,24,1,Gal,d18:1,24:1
18977,8.0,0,1900,24,1,Gal,d18:1,24:1
18978,8.2,0,1900,24,1,Gal,d18:1,24:1
18979,8.4,0,1900,24,1,Gal,d18:1,24:1
18980,8.6,0,1900,24,1,Gal,d18:1,24:1
18981,8.8,0,1900,24,1,Gal,d18:1,24:1
18982,9.0,0,1900,24,1,Gal,d18:1,24:1
18983,9.2,0,1900,24,1,Gal,d18:1,24:1
18984,9.4,0,1900,24,1,Gal,d18:1,24:1
18985,9.6,0,1900,24,1,Gal,d18:1,24:1
18986,9.8,0,1900,24,1,Gal,d18:1,24:1
18987,10.0,0,1900,24,1,Gal,d18:1,24:1
18988,-10.0,0,2000,24,1,Gal,d18:1,24:1
18989,-9.8,0,2000,24,1,Gal,d18:1,24:1
18990,-9.6,0,2000,24,1,Gal,d18:1,24:1
18991,-9.4,0,2000,24,1,Gal,d18:1,24:1
18992,-9.2,0,2000,24,1,Gal,d18:1,24:1
18993,-9.0,0,2000,24,1,Gal,d18:1,24:1
18994,-8.8,0,2000,24,1,Gal,d18:1,24:1
18995,-8.6,0,2000,24,1,Gal,d18:1,24:1
18996,-8.4,0,2000,24,1,Gal,d18:1,24:1
18997,-8.2,0,2000,24,1,Gal,d18:1,24:1
18998,-8.0,0,2000,24,1,Gal,d18:1,24:1
18999,-7.8,0,2000,24,1,Gal,d18:1,24:1
19000,-7.6,0,2000,24,1,Gal,d18:1,24:1
19001,-7.4,0,2000,24,1,Gal,d18:1,24:1
19002,-7.2,0,2000,24,1,Gal,d18:1,24:1
19003,-7.0,0,2000,24,1,Gal,d18:1,24:1
19004,-6.8,0,2000,24,1,Gal,d18:1,24:1
19005,-6.6,0,2000,24,1,Gal,d18:1,24:1
19006,-6.4,0,2000,24,1,Gal,d18:1,24:1
19007,-6.2,0,2000,24,1,Gal,d18:1,24:1
19008,-6.0,0,2000,24,1,Gal,d18:1,24:1
19009,-5.8,0,2000,24,1,Gal,d18:1,24:1
19010,-5.6,0,2000,24,1,Gal,d18:1,24:1
19011,-5.4,0,2000,24,1,Gal,d18:1,24:1
19012,-5.2,0,2000,24,1,Gal,d18:1,24:1
19013,-5.0,0,2000,24,1,Gal,d18:1,24:1
19014,-4.8,0,2000,24,1,Gal,d18:1,24:1
19015,-4.6,0,2000,24,1,Gal,d18:1,24:1
19016,-4.4,0,2000,24,1,Gal,d18:1,24:1
19017,-4.2,0,2000,24,1,Gal,d18:1,24:1
19018,-4.0,0,2000,24,1,Gal,d18:1,24:1
19019,-3.8,0,2000,24,1,Gal,d18:1,24:1
19020,-3.6,0,2000,24,1,Gal,d18:1,24:1
19021,-3.4,0,2000,24,1,Gal,d18:1,24:1
19022,-3.2,0,2000,24,1,Gal,d18:1,24:1
19023,-3.0,0,2000,24,1,Gal,d18:1,24:1
19024,-2.8,0,2000,24,1,Gal,d18:1,24:1
19025,-2.6,0,2000,24,1,Gal,d18:1,24:1
19026,-2.4,0,2000,24,1,Gal,d18:1,24:1
19027,-2.2,0,2000,24,1,Gal,d18:1,24:1
19028,-2.0,0,2000,24,1,Gal,d18:1,24:1
19029,-1.8,0,2000,24,1,Gal,d18:1,24:1
19030,-1.6,0,2000,24,1,Gal,d18:1,24:1
19031,-1.4,80,2000,24,1,Gal,d18:1,24:1
19032,-1.2,600,2000,24,1,Gal,d18:1,24:1
19033,-1.0,1540,2000,24,1,Gal,d18:1,24:1
19034,-0.8,3880,2000,24,1,Gal,d18:1,24:1
19035,-0.6,6100,2000,24,1,Gal,d18:1,24:1
19036,-0.4,8260,2000,24,1,Gal,d18:1,24:1
19037,-0.2,7840,2000,24,1,Gal,d18:1,24:1
19038,0.0,6380,2000,24,1,Gal,d18:1,24:1
19039,0.2,4840,2000,24,1,Gal,d18:1,24:1
19040,0.4,3800,2000,24,1,Gal,d18:1,24:1
19041,0.6,1900,2000,24,1,Gal,d18:1,24:1
19042,0.8,1260,2000,24,1,Gal,d18:1,24:1
19043,1.0,340,2000,24,1,Gal,d18:1,24:1
19044,1.2,40,2000,24,1,Gal,d18:1,24:1
19045,1.4,60,2000,24,1,Gal,d18:1,24:1
19046,1.6,20,2000,24,1,Gal,d18:1,24:1
19047,1.8,0,2000,24,1,Gal,d18:1,24:1
19048,2.0,0,2000,24,1,Gal,d18:1,24:1
19049,2.2,0,2000,24,1,Gal,d18:1,24:1
19050,2.4,0,2000,24,1,Gal,d18:1,24:1
19051,2.6,0,2000,24,1,Gal,d18:1,24:1
19052,2.8,0,2000,24,1,Gal,d18:1,24:1
19053,3.0,0,2000,24,1,Gal,d18:1,24:1
19054,3.2,0,2000,24,1,Gal,d18:1,24:1
19055,3.4,0,2000,24,1,Gal,d18:1,24:1
19056,3.6,0,2000,24,1,Gal,d18:1,24:1
19057,3.8,0,2000,24,1,Gal,d18:1,24:1
19058,4.0,0,2000,24,1,Gal,d18:1,24:1
19059,4.2,0,2000,24,1,Gal,d18:1,24:1
19060,4.4,0,2000,24,1,Gal,d18:1,24:1
19061,4.6,0,2000,24,1,Gal,d18:1,24:1
19062,4.8,0,2000,24,1,Gal,d18:1,24:1
19063,5.0,0,2000,24,1,Gal,d18:1,24:1
19064,5.2,0,2000,24,1,Gal,d18:1,24:1
19065,5.4,0,2000,24,1,Gal,d18:1,24:1
19066,5.6,0,2000,24,1,Gal,d18:1,24:1
19067,5.8,0,2000,24,1,Gal,d18:1,24:1
19068,6.0,0,2000,24,1,Gal,d18:1,24:1
19069,6.2,0,2000,24,1,Gal,d18:1,24:1
19070,6.4,0,2000,24,1,Gal,d18:1,24:1
19071,6.6,0,2000,24,1,Gal,d18:1,24:1
19072,6.8,0,2000,24,1,Gal,d18:1,24:1
19073,7.0,0,2000,24,1,Gal,d18:1,24:1
19074,7.2,0,2000,24,1,Gal,d18:1,24:1
19075,7.4,0,2000,24,1,Gal,d18:1,24:1
19076,7.6,0,2000,24,1,Gal,d18:1,24:1
19077,7.8,0,2000,24,1,Gal,d18:1,24:1
19078,8.0,0,2000,24,1,Gal,d18:1,24:1
19079,8.2,0,2000,24,1,Gal,d18:1,24:1
19080,8.4,0,2000,24,1,Gal,d18:1,24:1
19081,8.6,0,2000,24,1,Gal,d18:1,24:1
19082,8.8,0,2000,24,1,Gal,d18:1,24:1
19083,9.0,0,2000,24,1,Gal,d18:1,24:1
19084,9.2,0,2000,24,1,Gal,d18:1,24:1
19085,9.4,0,2000,24,1,Gal,d18:1,24:1
19086,9.6,0,2000,24,1,Gal,d18:1,24:1
19087,9.8,0,2000,24,1,Gal,d18:1,24:1
19088,10.0,0,2000,24,1,Gal,d18:1,24:1
19089,-10.0,0,2100,24,1,Gal,d18:1,24:1
19090,-9.8,0,2100,24,1,Gal,d18:1,24:1
19091,-9.6,0,2100,24,1,Gal,d18:1,24:1
19092,-9.4,0,2100,24,1,Gal,d18:1,24:1
19093,-9.2,0,2100,24,1,Gal,d18:1,24:1
19094,-9.0,0,2100,24,1,Gal,d18:1,24:1
19095,-8.8,0,2100,24,1,Gal,d18:1,24:1
19096,-8.6,0,2100,24,1,Gal,d18:1,24:1
19097,-8.4,0,2100,24,1,Gal,d18:1,24:1
19098,-8.2,0,2100,24,1,Gal,d18:1,24:1
19099,-8.0,0,2100,24,1,Gal,d18:1,24:1
19100,-7.8,0,2100,24,1,Gal,d18:1,24:1
19101,-7.6,0,2100,24,1,Gal,d18:1,24:1
19102,-7.4,0,2100,24,1,Gal,d18:1,24:1
19103,-7.2,0,2100,24,1,Gal,d18:1,24:1
19104,-7.0,0,2100,24,1,Gal,d18:1,24:1
19105,-6.8,0,2100,24,1,Gal,d18:1,24:1
19106,-6.6,0,2100,24,1,Gal,d18:1,24:1
19107,-6.4,0,2100,24,1,Gal,d18:1,24:1
19108,-6.2,0,2100,24,1,Gal,d18:1,24:1
19109,-6.0,0,2100,24,1,Gal,d18:1,24:1
19110,-5.8,0,2100,24,1,Gal,d18:1,24:1
19111,-5.6,0,2100,24,1,Gal,d18:1,24:1
19112,-5.4,0,2100,24,1,Gal,d18:1,24:1
19113,-5.2,0,2100,24,1,Gal,d18:1,24:1
19114,-5.0,0,2100,24,1,Gal,d18:1,24:1
19115,-4.8,0,2100,24,1,Gal,d18:1,24:1
19116,-4.6,0,2100,24,1,Gal,d18:1,24:1
19117,-4.4,0,2100,24,1,Gal,d18:1,24:1
19118,-4.2,0,2100,24,1,Gal,d18:1,24:1
19119,-4.0,0,2100,24,1,Gal,d18:1,24:1
19120,-3.8,0,2100,24,1,Gal,d18:1,24:1
19121,-3.6,0,2100,24,1,Gal,d18:1,24:1
19122,-3.4,0,2100,24,1,Gal,d18:1,24:1
19123,-3.2,0,2100,24,1,Gal,d18:1,24:1
19124,-3.0,0,2100,24,1,Gal,d18:1,24:1
19125,-2.8,0,2100,24,1,Gal,d18:1,24:1
19126,-2.6,0,2100,24,1,Gal,d18:1,24:1
19127,-2.4,0,2100,24,1,Gal,d18:1,24:1
19128,-2.2,0,2100,24,1,Gal,d18:1,24:1
19129,-2.0,0,2100,24,1,Gal,d18:1,24:1
19130,-1.8,0,2100,24,1,Gal,d18:1,24:1
19131,-1.6,0,2100,24,1,Gal,d18:1,24:1
19132,-1.4,140,2100,24,1,Gal,d18:1,24:1
19133,-1.2,500,2100,24,1,Gal,d18:1,24:1
19134,-1.0,1700,2100,24,1,Gal,d18:1,24:1
19135,-0.8,4800,2100,24,1,Gal,d18:1,24:1
19136,-0.6,7300,2100,24,1,Gal,d18:1,24:1
19137,-0.4,9100,2100,24,1,Gal,d18:1,24:1
19138,-0.2,8700,2100,24,1,Gal,d18:1,24:1
19139,0.0,7460,2100,24,1,Gal,d18:1,24:1
19140,0.2,5140,2100,24,1,Gal,d18:1,24:1
19141,0.4,4960,2100,24,1,Gal,d18:1,24:1
19142,0.6,3120,2100,24,1,Gal,d18:1,24:1
19143,0.8,1500,2100,24,1,Gal,d18:1,24:1
19144,1.0,540,2100,24,1,Gal,d18:1,24:1
19145,1.2,20,2100,24,1,Gal,d18:1,24:1
19146,1.4,0,2100,24,1,Gal,d18:1,24:1
19147,1.6,0,2100,24,1,Gal,d18:1,24:1
19148,1.8,0,2100,24,1,Gal,d18:1,24:1
19149,2.0,0,2100,24,1,Gal,d18:1,24:1
19150,2.2,0,2100,24,1,Gal,d18:1,24:1
19151,2.4,0,2100,24,1,Gal,d18:1,24:1
19152,2.6,0,2100,24,1,Gal,d18:1,24:1
19153,2.8,0,2100,24,1,Gal,d18:1,24:1
19154,3.0,0,2100,24,1,Gal,d18:1,24:1
19155,3.2,0,2100,24,1,Gal,d18:1,24:1
19156,3.4,0,2100,24,1,Gal,d18:1,24:1
19157,3.6,0,2100,24,1,Gal,d18:1,24:1
19158,3.8,0,2100,24,1,Gal,d18:1,24:1
19159,4.0,0,2100,24,1,Gal,d18:1,24:1
19160,4.2,0,2100,24,1,Gal,d18:1,24:1
19161,4.4,0,2100,24,1,Gal,d18:1,24:1
19162,4.6,0,2100,24,1,Gal,d18:1,24:1
19163,4.8,0,2100,24,1,Gal,d18:1,24:1
19164,5.0,0,2100,24,1,Gal,d18:1,24:1
19165,5.2,0,2100,24,1,Gal,d18:1,24:1
19166,5.4,0,2100,24,1,Gal,d18:1,24:1
19167,5.6,0,2100,24,1,Gal,d18:1,24:1
19168,5.8,0,2100,24,1,Gal,d18:1,24:1
19169,6.0,0,2100,24,1,Gal,d18:1,24:1
19170,6.2,0,2100,24,1,Gal,d18:1,24:1
19171,6.4,0,2100,24,1,Gal,d18:1,24:1
19172,6.6,0,2100,24,1,Gal,d18:1,24:1
19173,6.8,0,2100,24,1,Gal,d18:1,24:1
19174,7.0,0,2100,24,1,Gal,d18:1,24:1
19175,7.2,0,2100,24,1,Gal,d18:1,24:1
19176,7.4,0,2100,24,1,Gal,d18:1,24:1
19177,7.6,0,2100,24,1,Gal,d18:1,24:1
19178,7.8,0,2100,24,1,Gal,d18:1,24:1
19179,8.0,0,2100,24,1,Gal,d18:1,24:1
19180,8.2,0,2100,24,1,Gal,d18:1,24:1
19181,8.4,0,2100,24,1,Gal,d18:1,24:1
19182,8.6,0,2100,24,1,Gal,d18:1,24:1
19183,8.8,0,2100,24,1,Gal,d18:1,24:1
19184,9.0,0,2100,24,1,Gal,d18:1,24:1
19185,9.2,0,2100,24,1,Gal,d18:1,24:1
19186,9.4,0,2100,24,1,Gal,d18:1,24:1
19187,9.6,0,2100,24,1,Gal,d18:1,24:1
19188,9.8,0,2100,24,1,Gal,d18:1,24:1
19189,10.0,0,2100,24,1,Gal,d18:1,24:1
19190,-10.0,0,2200,24,1,Gal,d18:1,24:1
19191,-9.8,0,2200,24,1,Gal,d18:1,24:1
19192,-9.6,0,2200,24,1,Gal,d18:1,24:1
19193,-9.4,0,2200,24,1,Gal,d18:1,24:1
19194,-9.2,0,2200,24,1,Gal,d18:1,24:1
19195,-9.0,0,2200,24,1,Gal,d18:1,24:1
19196,-8.8,0,2200,24,1,Gal,d18:1,24:1
19197,-8.6,0,2200,24,1,Gal,d18:1,24:1
19198,-8.4,0,2200,24,1,Gal,d18:1,24:1
19199,-8.2,0,2200,24,1,Gal,d18:1,24:1
19200,-8.0,0,2200,24,1,Gal,d18:1,24:1
19201,-7.8,0,2200,24,1,Gal,d18:1,24:1
19202,-7.6,0,2200,24,1,Gal,d18:1,24:1
19203,-7.4,0,2200,24,1,Gal,d18:1,24:1
19204,-7.2,0,2200,24,1,Gal,d18:1,24:1
19205,-7.0,0,2200,24,1,Gal,d18:1,24:1
19206,-6.8,0,2200,24,1,Gal,d18:1,24:1
19207,-6.6,0,2200,24,1,Gal,d18:1,24:1
19208,-6.4,0,2200,24,1,Gal,d18:1,24:1
19209,-6.2,0,2200,24,1,Gal,d18:1,24:1
19210,-6.0,0,2200,24,1,Gal,d18:1,24:1
19211,-5.8,0,2200,24,1,Gal,d18:1,24:1
19212,-5.6,0,2200,24,1,Gal,d18:1,24:1
19213,-5.4,0,2200,24,1,Gal,d18:1,24:1
19214,-5.2,0,2200,24,1,Gal,d18:1,24:1
19215,-5.0,0,2200,24,1,Gal,d18:1,24:1
19216,-4.8,0,2200,24,1,Gal,d18:1,24:1
19217,-4.6,0,2200,24,1,Gal,d18:1,24:1
19218,-4.4,0,2200,24,1,Gal,d18:1,24:1
19219,-4.2,0,2200,24,1,Gal,d18:1,24:1
19220,-4.0,0,2200,24,1,Gal,d18:1,24:1
19221,-3.8,0,2200,24,1,Gal,d18:1,24:1
19222,-3.6,0,2200,24,1,Gal,d18:1,24:1
19223,-3.4,0,2200,24,1,Gal,d18:1,24:1
19224,-3.2,0,2200,24,1,Gal,d18:1,24:1
19225,-3.0,0,2200,24,1,Gal,d18:1,24:1
19226,-2.8,0,2200,24,1,Gal,d18:1,24:1
19227,-2.6,0,2200,24,1,Gal,d18:1,24:1
19228,-2.4,0,2200,24,1,Gal,d18:1,24:1
19229,-2.2,0,2200,24,1,Gal,d18:1,24:1
19230,-2.0,0,2200,24,1,Gal,d18:1,24:1
19231,-1.8,0,2200,24,1,Gal,d18:1,24:1
19232,-1.6,20,2200,24,1,Gal,d18:1,24:1
19233,-1.4,220,2200,24,1,Gal,d18:1,24:1
19234,-1.2,780,2200,24,1,Gal,d18:1,24:1
19235,-1.0,1300,2200,24,1,Gal,d18:1,24:1
19236,-0.8,3940,2200,24,1,Gal,d18:1,24:1
19237,-0.6,8540,2200,24,1,Gal,d18:1,24:1
19238,-0.4,7880,2200,24,1,Gal,d18:1,24:1
19239,-0.2,7260,2200,24,1,Gal,d18:1,24:1
19240,0.0,7300,2200,24,1,Gal,d18:1,24:1
19241,0.2,6140,2200,24,1,Gal,d18:1,24:1
19242,0.4,4620,2200,24,1,Gal,d18:1,24:1
19243,0.6,2860,2200,24,1,Gal,d18:1,24:1
19244,0.8,1260,2200,24,1,Gal,d18:1,24:1
19245,1.0,860,2200,24,1,Gal,d18:1,24:1
19246,1.2,280,2200,24,1,Gal,d18:1,24:1
19247,1.4,0,2200,24,1,Gal,d18:1,24:1
19248,1.6,0,2200,24,1,Gal,d18:1,24:1
19249,1.8,0,2200,24,1,Gal,d18:1,24:1
19250,2.0,0,2200,24,1,Gal,d18:1,24:1
19251,2.2,0,2200,24,1,Gal,d18:1,24:1
19252,2.4,0,2200,24,1,Gal,d18:1,24:1
19253,2.6,0,2200,24,1,Gal,d18:1,24:1
19254,2.8,0,2200,24,1,Gal,d18:1,24:1
19255,3.0,0,2200,24,1,Gal,d18:1,24:1
19256,3.2,0,2200,24,1,Gal,d18:1,24:1
19257,3.4,0,2200,24,1,Gal,d18:1,24:1
19258,3.6,0,2200,24,1,Gal,d18:1,24:1
19259,3.8,0,2200,24,1,Gal,d18:1,24:1
19260,4.0,0,2200,24,1,Gal,d18:1,24:1
19261,4.2,0,2200,24,1,Gal,d18:1,24:1
19262,4.4,0,2200,24,1,Gal,d18:1,24:1
19263,4.6,0,2200,24,1,Gal,d18:1,24:1
19264,4.8,0,2200,24,1,Gal,d18:1,24:1
19265,5.0,0,2200,24,1,Gal,d18:1,24:1
19266,5.2,0,2200,24,1,Gal,d18:1,24:1
19267,5.4,0,2200,24,1,Gal,d18:1,24:1
19268,5.6,0,2200,24,1,Gal,d18:1,24:1
19269,5.8,0,2200,24,1,Gal,d18:1,24:1
19270,6.0,0,2200,24,1,Gal,d18:1,24:1
19271,6.2,0,2200,24,1,Gal,d18:1,24:1
19272,6.4,0,2200,24,1,Gal,d18:1,24:1
19273,6.6,0,2200,24,1,Gal,d18:1,24:1
19274,6.8,0,2200,24,1,Gal,d18:1,24:1
19275,7.0,0,2200,24,1,Gal,d18:1,24:1
19276,7.2,0,2200,24,1,Gal,d18:1,24:1
19277,7.4,0,2200,24,1,Gal,d18:1,24:1
19278,7.6,0,2200,24,1,Gal,d18:1,24:1
19279,7.8,0,2200,24,1,Gal,d18:1,24:1
19280,8.0,0,2200,24,1,Gal,d18:1,24:1
19281,8.2,0,2200,24,1,Gal,d18:1,24:1
19282,8.4,0,2200,24,1,Gal,d18:1,24:1
19283,8.6,0,2200,24,1,Gal,d18:1,24:1
19284,8.8,0,2200,24,1,Gal,d18:1,24:1
19285,9.0,0,2200,24,1,Gal,d18:1,24:1
19286,9.2,0,2200,24,1,Gal,d18:1,24:1
19287,9.4,0,2200,24,1,Gal,d18:1,24:1
19288,9.6,0,2200,24,1,Gal,d18:1,24:1
19289,9.8,0,2200,24,1,Gal,d18:1,24:1
19290,10.0,0,2200,24,1,Gal,d18:1,24:1
19291,-10.0,0,2300,24,1,Gal,d18:1,24:1
19292,-9.8,0,2300,24,1,Gal,d18:1,24:1
19293,-9.6,0,2300,24,1,Gal,d18:1,24:1
19294,-9.4,0,2300,24,1,Gal,d18:1,24:1
19295,-9.2,0,2300,24,1,Gal,d18:1,24:1
19296,-9.0,0,2300,24,1,Gal,d18:1,24:1
19297,-8.8,0,2300,24,1,Gal,d18:1,24:1
19298,-8.6,0,2300,24,1,Gal,d18:1,24:1
19299,-8.4,0,2300,24,1,Gal,d18:1,24:1
19300,-8.2,0,2300,24,1,Gal,d18:1,24:1
19301,-8.0,0,2300,24,1,Gal,d18:1,24:1
19302,-7.8,0,2300,24,1,Gal,d18:1,24:1
19303,-7.6,0,2300,24,1,Gal,d18:1,24:1
19304,-7.4,0,2300,24,1,Gal,d18:1,24:1
19305,-7.2,0,2300,24,1,Gal,d18:1,24:1
19306,-7.0,0,2300,24,1,Gal,d18:1,24:1
19307,-6.8,0,2300,24,1,Gal,d18:1,24:1
19308,-6.6,0,2300,24,1,Gal,d18:1,24:1
19309,-6.4,0,2300,24,1,Gal,d18:1,24:1
19310,-6.2,0,2300,24,1,Gal,d18:1,24:1
19311,-6.0,0,2300,24,1,Gal,d18:1,24:1
19312,-5.8,0,2300,24,1,Gal,d18:1,24:1
19313,-5.6,0,2300,24,1,Gal,d18:1,24:1
19314,-5.4,0,2300,24,1,Gal,d18:1,24:1
19315,-5.2,0,2300,24,1,Gal,d18:1,24:1
19316,-5.0,0,2300,24,1,Gal,d18:1,24:1
19317,-4.8,0,2300,24,1,Gal,d18:1,24:1
19318,-4.6,0,2300,24,1,Gal,d18:1,24:1
19319,-4.4,0,2300,24,1,Gal,d18:1,24:1
19320,-4.2,0,2300,24,1,Gal,d18:1,24:1
19321,-4.0,0,2300,24,1,Gal,d18:1,24:1
19322,-3.8,0,2300,24,1,Gal,d18:1,24:1
19323,-3.6,0,2300,24,1,Gal,d18:1,24:1
19324,-3.4,0,2300,24,1,Gal,d18:1,24:1
19325,-3.2,0,2300,24,1,Gal,d18:1,24:1
19326,-3.0,0,2300,24,1,Gal,d18:1,24:1
19327,-2.8,0,2300,24,1,Gal,d18:1,24:1
19328,-2.6,0,2300,24,1,Gal,d18:1,24:1
19329,-2.4,0,2300,24,1,Gal,d18:1,24:1
19330,-2.2,0,2300,24,1,Gal,d18:1,24:1
19331,-2.0,0,2300,24,1,Gal,d18:1,24:1
19332,-1.8,40,2300,24,1,Gal,d18:1,24:1
19333,-1.6,0,2300,24,1,Gal,d18:1,24:1
19334,-1.4,20,2300,24,1,Gal,d18:1,24:1
19335,-1.2,400,2300,24,1,Gal,d18:1,24:1
19336,-1.0,1800,2300,24,1,Gal,d18:1,24:1
19337,-0.8,3940,2300,24,1,Gal,d18:1,24:1
19338,-0.6,6520,2300,24,1,Gal,d18:1,24:1
19339,-0.4,8940,2300,24,1,Gal,d18:1,24:1
19340,-0.2,9180,2300,24,1,Gal,d18:1,24:1
19341,0.0,9400,2300,24,1,Gal,d18:1,24:1
19342,0.2,5860,2300,24,1,Gal,d18:1,24:1
19343,0.4,4000,2300,24,1,Gal,d18:1,24:1
19344,0.6,2880,2300,24,1,Gal,d18:1,24:1
19345,0.8,1640,2300,24,1,Gal,d18:1,24:1
19346,1.0,520,2300,24,1,Gal,d18:1,24:1
19347,1.2,100,2300,24,1,Gal,d18:1,24:1
19348,1.4,40,2300,24,1,Gal,d18:1,24:1
19349,1.6,0,2300,24,1,Gal,d18:1,24:1
19350,1.8,0,2300,24,1,Gal,d18:1,24:1
19351,2.0,0,2300,24,1,Gal,d18:1,24:1
19352,2.2,0,2300,24,1,Gal,d18:1,24:1
19353,2.4,0,2300,24,1,Gal,d18:1,24:1
19354,2.6,0,2300,24,1,Gal,d18:1,24:1
19355,2.8,0,2300,24,1,Gal,d18:1,24:1
19356,3.0,0,2300,24,1,Gal,d18:1,24:1
19357,3.2,0,2300,24,1,Gal,d18:1,24:1
19358,3.4,0,2300,24,1,Gal,d18:1,24:1
19359,3.6,0,2300,24,1,Gal,d18:1,24:1
19360,3.8,0,2300,24,1,Gal,d18:1,24:1
19361,4.0,0,2300,24,1,Gal,d18:1,24:1
19362,4.2,0,2300,24,1,Gal,d18:1,24:1
19363,4.4,0,2300,24,1,Gal,d18:1,24:1
19364,4.6,0,2300,24,1,Gal,d18:1,24:1
19365,4.8,0,2300,24,1,Gal,d18:1,24:1
19366,5.0,0,2300,24,1,Gal,d18:1,24:1
19367,5.2,0,2300,24,1,Gal,d18:1,24:1
19368,5.4,0,2300,24,1,Gal,d18:1,24:1
19369,5.6,0,2300,24,1,Gal,d18:1,24:1
19370,5.8,0,2300,24,1,Gal,d18:1,24:1
19371,6.0,0,2300,24,1,Gal,d18:1,24:1
19372,6.2,0,2300,24,1,Gal,d18:1,24:1
19373,6.4,0,2300,24,1,Gal,d18:1,24:1
19374,6.6,0,2300,24,1,Gal,d18:1,24:1
19375,6.8,0,2300,24,1,Gal,d18:1,24:1
19376,7.0,0,2300,24,1,Gal,d18:1,24:1
19377,7.2,0,2300,24,1,Gal,d18:1,24:1
19378,7.4,0,2300,24,1,Gal,d18:1,24:1
19379,7.6,0,2300,24,1,Gal,d18:1,24:1
19380,7.8,0,2300,24,1,Gal,d18:1,24:1
19381,8.0,0,2300,24,1,Gal,d18:1,24:1
19382,8.2,0,2300,24,1,Gal,d18:1,24:1
19383,8.4,0,2300,24,1,Gal,d18:1,24:1
19384,8.6,0,2300,24,1,Gal,d18:1,24:1
19385,8.8,0,2300,24,1,Gal,d18:1,24:1
19386,9.0,0,2300,24,1,Gal,d18:1,24:1
19387,9.2,0,2300,24,1,Gal,d18:1,24:1
19388,9.4,0,2300,24,1,Gal,d18:1,24:1
19389,9.6,0,2300,24,1,Gal,d18:1,24:1
19390,9.8,0,2300,24,1,Gal,d18:1,24:1
19391,10.0,0,2300,24,1,Gal,d18:1,24:1
19392,-10.0,0,2400,24,1,Gal,d18:1,24:1
19393,-9.8,0,2400,24,1,Gal,d18:1,24:1
19394,-9.6,0,2400,24,1,Gal,d18:1,24:1
19395,-9.4,0,2400,24,1,Gal,d18:1,24:1
19396,-9.2,0,2400,24,1,Gal,d18:1,24:1
19397,-9.0,0,2400,24,1,Gal,d18:1,24:1
19398,-8.8,0,2400,24,1,Gal,d18:1,24:1
19399,-8.6,0,2400,24,1,Gal,d18:1,24:1
19400,-8.4,0,2400,24,1,Gal,d18:1,24:1
19401,-8.2,0,2400,24,1,Gal,d18:1,24:1
19402,-8.0,0,2400,24,1,Gal,d18:1,24:1
19403,-7.8,0,2400,24,1,Gal,d18:1,24:1
19404,-7.6,0,2400,24,1,Gal,d18:1,24:1
19405,-7.4,0,2400,24,1,Gal,d18:1,24:1
19406,-7.2,0,2400,24,1,Gal,d18:1,24:1
19407,-7.0,0,2400,24,1,Gal,d18:1,24:1
19408,-6.8,0,2400,24,1,Gal,d18:1,24:1
19409,-6.6,0,2400,24,1,Gal,d18:1,24:1
19410,-6.4,0,2400,24,1,Gal,d18:1,24:1
19411,-6.2,0,2400,24,1,Gal,d18:1,24:1
19412,-6.0,0,2400,24,1,Gal,d18:1,24:1
19413,-5.8,0,2400,24,1,Gal,d18:1,24:1
19414,-5.6,0,2400,24,1,Gal,d18:1,24:1
19415,-5.4,0,2400,24,1,Gal,d18:1,24:1
19416,-5.2,0,2400,24,1,Gal,d18:1,24:1
19417,-5.0,0,2400,24,1,Gal,d18:1,24:1
19418,-4.8,0,2400,24,1,Gal,d18:1,24:1
19419,-4.6,0,2400,24,1,Gal,d18:1,24:1
19420,-4.4,0,2400,24,1,Gal,d18:1,24:1
19421,-4.2,0,2400,24,1,Gal,d18:1,24:1
19422,-4.0,0,2400,24,1,Gal,d18:1,24:1
19423,-3.8,0,2400,24,1,Gal,d18:1,24:1
19424,-3.6,0,2400,24,1,Gal,d18:1,24:1
19425,-3.4,0,2400,24,1,Gal,d18:1,24:1
19426,-3.2,0,2400,24,1,Gal,d18:1,24:1
19427,-3.0,0,2400,24,1,Gal,d18:1,24:1
19428,-2.8,0,2400,24,1,Gal,d18:1,24:1
19429,-2.6,0,2400,24,1,Gal,d18:1,24:1
19430,-2.4,0,2400,24,1,Gal,d18:1,24:1
19431,-2.2,0,2400,24,1,Gal,d18:1,24:1
19432,-2.0,0,2400,24,1,Gal,d18:1,24:1
19433,-1.8,0,2400,24,1,Gal,d18:1,24:1
19434,-1.6,20,2400,24,1,Gal,d18:1,24:1
19435,-1.4,100,2400,24,1,Gal,d18:1,24:1
19436,-1.2,260,2400,24,1,Gal,d18:1,24:1
19437,-1.0,1760,2400,24,1,Gal,d18:1,24:1
19438,-0.8,3840,2400,24,1,Gal,d18:1,24:1
19439,-0.6,6320,2400,24,1,Gal,d18:1,24:1
19440,-0.4,8820,2400,24,1,Gal,d18:1,24:1
19441,-0.2,9100,2400,24,1,Gal,d18:1,24:1
19442,0.0,8720,2400,24,1,Gal,d18:1,24:1
19443,0.2,5400,2400,24,1,Gal,d18:1,24:1
19444,0.4,4280,2400,24,1,Gal,d18:1,24:1
19445,0.6,3420,2400,24,1,Gal,d18:1,24:1
19446,0.8,1440,2400,24,1,Gal,d18:1,24:1
19447,1.0,560,2400,24,1,Gal,d18:1,24:1
19448,1.2,160,2400,24,1,Gal,d18:1,24:1
19449,1.4,80,2400,24,1,Gal,d18:1,24:1
19450,1.6,40,2400,24,1,Gal,d18:1,24:1
19451,1.8,40,2400,24,1,Gal,d18:1,24:1
19452,2.0,0,2400,24,1,Gal,d18:1,24:1
19453,2.2,0,2400,24,1,Gal,d18:1,24:1
19454,2.4,0,2400,24,1,Gal,d18:1,24:1
19455,2.6,0,2400,24,1,Gal,d18:1,24:1
19456,2.8,0,2400,24,1,Gal,d18:1,24:1
19457,3.0,0,2400,24,1,Gal,d18:1,24:1
19458,3.2,0,2400,24,1,Gal,d18:1,24:1
19459,3.4,0,2400,24,1,Gal,d18:1,24:1
19460,3.6,0,2400,24,1,Gal,d18:1,24:1
19461,3.8,0,2400,24,1,Gal,d18:1,24:1
19462,4.0,0,2400,24,1,Gal,d18:1,24:1
19463,4.2,0,2400,24,1,Gal,d18:1,24:1
19464,4.4,0,2400,24,1,Gal,d18:1,24:1
19465,4.6,0,2400,24,1,Gal,d18:1,24:1
19466,4.8,0,2400,24,1,Gal,d18:1,24:1
19467,5.0,0,2400,24,1,Gal,d18:1,24:1
19468,5.2,0,2400,24,1,Gal,d18:1,24:1
19469,5.4,0,2400,24,1,Gal,d18:1,24:1
19470,5.6,0,2400,24,1,Gal,d18:1,24:1
19471,5.8,0,2400,24,1,Gal,d18:1,24:1
19472,6.0,0,2400,24,1,Gal,d18:1,24:1
19473,6.2,0,2400,24,1,Gal,d18:1,24:1
19474,6.4,0,2400,24,1,Gal,d18:1,24:1
19475,6.6,0,2400,24,1,Gal,d18:1,24:1
19476,6.8,0,2400,24,1,Gal,d18:1,24:1
19477,7.0,0,2400,24,1,Gal,d18:1,24:1
19478,7.2,0,2400,24,1,Gal,d18:1,24:1
19479,7.4,0,2400,24,1,Gal,d18:1,24:1
19480,7.6,0,2400,24,1,Gal,d18:1,24:1
19481,7.8,0,2400,24,1,Gal,d18:1,24:1
19482,8.0,0,2400,24,1,Gal,d18:1,24:1
19483,8.2,0,2400,24,1,Gal,d18:1,24:1
19484,8.4,0,2400,24,1,Gal,d18:1,24:1
19485,8.6,0,2400,24,1,Gal,d18:1,24:1
19486,8.8,0,2400,24,1,Gal,d18:1,24:1
19487,9.0,0,2400,24,1,Gal,d18:1,24:1
19488,9.2,0,2400,24,1,Gal,d18:1,24:1
19489,9.4,0,2400,24,1,Gal,d18:1,24:1
19490,9.6,0,2400,24,1,Gal,d18:1,24:1
19491,9.8,0,2400,24,1,Gal,d18:1,24:1
19492,10.0,0,2400,24,1,Gal,d18:1,24:1
19493,-10.0,0,2500,24,1,Gal,d18:1,24:1
19494,-9.8,0,2500,24,1,Gal,d18:1,24:1
19495,-9.6,0,2500,24,1,Gal,d18:1,24:1
19496,-9.4,0,2500,24,1,Gal,d18:1,24:1
19497,-9.2,0,2500,24,1,Gal,d18:1,24:1
19498,-9.0,0,2500,24,1,Gal,d18:1,24:1
19499,-8.8,0,2500,24,1,Gal,d18:1,24:1
19500,-8.6,0,2500,24,1,Gal,d18:1,24:1
19501,-8.4,0,2500,24,1,Gal,d18:1,24:1
19502,-8.2,0,2500,24,1,Gal,d18:1,24:1
19503,-8.0,0,2500,24,1,Gal,d18:1,24:1
19504,-7.8,0,2500,24,1,Gal,d18:1,24:1
19505,-7.6,0,2500,24,1,Gal,d18:1,24:1
19506,-7.4,0,2500,24,1,Gal,d18:1,24:1
19507,-7.2,0,2500,24,1,Gal,d18:1,24:1
19508,-7.0,0,2500,24,1,Gal,d18:1,24:1
19509,-6.8,0,2500,24,1,Gal,d18:1,24:1
19510,-6.6,0,2500,24,1,Gal,d18:1,24:1
19511,-6.4,0,2500,24,1,Gal,d18:1,24:1
19512,-6.2,0,2500,24,1,Gal,d18:1,24:1
19513,-6.0,0,2500,24,1,Gal,d18:1,24:1
19514,-5.8,0,2500,24,1,Gal,d18:1,24:1
19515,-5.6,0,2500,24,1,Gal,d18:1,24:1
19516,-5.4,0,2500,24,1,Gal,d18:1,24:1
19517,-5.2,0,2500,24,1,Gal,d18:1,24:1
19518,-5.0,0,2500,24,1,Gal,d18:1,24:1
19519,-4.8,0,2500,24,1,Gal,d18:1,24:1
19520,-4.6,0,2500,24,1,Gal,d18:1,24:1
19521,-4.4,0,2500,24,1,Gal,d18:1,24:1
19522,-4.2,0,2500,24,1,Gal,d18:1,24:1
19523,-4.0,0,2500,24,1,Gal,d18:1,24:1
19524,-3.8,0,2500,24,1,Gal,d18:1,24:1
19525,-3.6,0,2500,24,1,Gal,d18:1,24:1
19526,-3.4,0,2500,24,1,Gal,d18:1,24:1
19527,-3.2,0,2500,24,1,Gal,d18:1,24:1
19528,-3.0,0,2500,24,1,Gal,d18:1,24:1
19529,-2.8,0,2500,24,1,Gal,d18:1,24:1
19530,-2.6,0,2500,24,1,Gal,d18:1,24:1
19531,-2.4,0,2500,24,1,Gal,d18:1,24:1
19532,-2.2,0,2500,24,1,Gal,d18:1,24:1
19533,-2.0,0,2500,24,1,Gal,d18:1,24:1
19534,-1.8,40,2500,24,1,Gal,d18:1,24:1
19535,-1.6,0,2500,24,1,Gal,d18:1,24:1
19536,-1.4,120,2500,24,1,Gal,d18:1,24:1
19537,-1.2,800,2500,24,1,Gal,d18:1,24:1
19538,-1.0,2420,2500,24,1,Gal,d18:1,24:1
19539,-0.8,6040,2500,24,1,Gal,d18:1,24:1
19540,-0.6,6820,2500,24,1,Gal,d18:1,24:1
19541,-0.4,8540,2500,24,1,Gal,d18:1,24:1
19542,-0.2,8940,2500,24,1,Gal,d18:1,24:1
19543,0.0,5640,2500,24,1,Gal,d18:1,24:1
19544,0.2,5240,2500,24,1,Gal,d18:1,24:1
19545,0.4,3500,2500,24,1,Gal,d18:1,24:1
19546,0.6,2340,2500,24,1,Gal,d18:1,24:1
19547,0.8,1300,2500,24,1,Gal,d18:1,24:1
19548,1.0,620,2500,24,1,Gal,d18:1,24:1
19549,1.2,180,2500,24,1,Gal,d18:1,24:1
19550,1.4,60,2500,24,1,Gal,d18:1,24:1
19551,1.6,20,2500,24,1,Gal,d18:1,24:1
19552,1.8,0,2500,24,1,Gal,d18:1,24:1
19553,2.0,0,2500,24,1,Gal,d18:1,24:1
19554,2.2,0,2500,24,1,Gal,d18:1,24:1
19555,2.4,0,2500,24,1,Gal,d18:1,24:1
19556,2.6,0,2500,24,1,Gal,d18:1,24:1
19557,2.8,0,2500,24,1,Gal,d18:1,24:1
19558,3.0,0,2500,24,1,Gal,d18:1,24:1
19559,3.2,0,2500,24,1,Gal,d18:1,24:1
19560,3.4,0,2500,24,1,Gal,d18:1,24:1
19561,3.6,0,2500,24,1,Gal,d18:1,24:1
19562,3.8,0,2500,24,1,Gal,d18:1,24:1
19563,4.0,0,2500,24,1,Gal,d18:1,24:1
19564,4.2,0,2500,24,1,Gal,d18:1,24:1
19565,4.4,0,2500,24,1,Gal,d18:1,24:1
19566,4.6,0,2500,24,1,Gal,d18:1,24:1
19567,4.8,0,2500,24,1,Gal,d18:1,24:1
19568,5.0,0,2500,24,1,Gal,d18:1,24:1
19569,5.2,0,2500,24,1,Gal,d18:1,24:1
19570,5.4,0,2500,24,1,Gal,d18:1,24:1
19571,5.6,0,2500,24,1,Gal,d18:1,24:1
19572,5.8,0,2500,24,1,Gal,d18:1,24:1
19573,6.0,0,2500,24,1,Gal,d18:1,24:1
19574,6.2,0,2500,24,1,Gal,d18:1,24:1
19575,6.4,0,2500,24,1,Gal,d18:1,24:1
19576,6.6,0,2500,24,1,Gal,d18:1,24:1
19577,6.8,0,2500,24,1,Gal,d18:1,24:1
19578,7.0,0,2500,24,1,Gal,d18:1,24:1
19579,7.2,0,2500,24,1,Gal,d18:1,24:1
19580,7.4,0,2500,24,1,Gal,d18:1,24:1
19581,7.6,0,2500,24,1,Gal,d18:1,24:1
19582,7.8,0,2500,24,1,Gal,d18:1,24:1
19583,8.0,0,2500,24,1,Gal,d18:1,24:1
19584,8.2,0,2500,24,1,Gal,d18:1,24:1
19585,8.4,0,2500,24,1,Gal,d18:1,24:1
19586,8.6,0,2500,24,1,Gal,d18:1,24:1
19587,8.8,0,2500,24,1,Gal,d18:1,24:1
19588,9.0,0,2500,24,1,Gal,d18:1,24:1
19589,9.2,0,2500,24,1,Gal,d18:1,24:1
19590,9.4,0,2500,24,1,Gal,d18:1,24:1
19591,9.6,0,2500,24,1,Gal,d18:1,24:1
19592,9.8,0,2500,24,1,Gal,d18:1,24:1
19593,10.0,0,2500,24,1,Gal,d18:1,24:1
19594,-10.0,0,2600,24,1,Gal,d18:1,24:1
19595,-9.8,0,2600,24,1,Gal,d18:1,24:1
19596,-9.6,0,2600,24,1,Gal,d18:1,24:1
19597,-9.4,0,2600,24,1,Gal,d18:1,24:1
19598,-9.2,0,2600,24,1,Gal,d18:1,24:1
19599,-9.0,0,2600,24,1,Gal,d18:1,24:1
19600,-8.8,0,2600,24,1,Gal,d18:1,24:1
19601,-8.6,0,2600,24,1,Gal,d18:1,24:1
19602,-8.4,0,2600,24,1,Gal,d18:1,24:1
19603,-8.2,0,2600,24,1,Gal,d18:1,24:1
19604,-8.0,0,2600,24,1,Gal,d18:1,24:1
19605,-7.8,0,2600,24,1,Gal,d18:1,24:1
19606,-7.6,0,2600,24,1,Gal,d18:1,24:1
19607,-7.4,0,2600,24,1,Gal,d18:1,24:1
19608,-7.2,0,2600,24,1,Gal,d18:1,24:1
19609,-7.0,0,2600,24,1,Gal,d18:1,24:1
19610,-6.8,0,2600,24,1,Gal,d18:1,24:1
19611,-6.6,0,2600,24,1,Gal,d18:1,24:1
19612,-6.4,0,2600,24,1,Gal,d18:1,24:1
19613,-6.2,0,2600,24,1,Gal,d18:1,24:1
19614,-6.0,0,2600,24,1,Gal,d18:1,24:1
19615,-5.8,0,2600,24,1,Gal,d18:1,24:1
19616,-5.6,0,2600,24,1,Gal,d18:1,24:1
19617,-5.4,0,2600,24,1,Gal,d18:1,24:1
19618,-5.2,0,2600,24,1,Gal,d18:1,24:1
19619,-5.0,0,2600,24,1,Gal,d18:1,24:1
19620,-4.8,0,2600,24,1,Gal,d18:1,24:1
19621,-4.6,0,2600,24,1,Gal,d18:1,24:1
19622,-4.4,0,2600,24,1,Gal,d18:1,24:1
19623,-4.2,0,2600,24,1,Gal,d18:1,24:1
19624,-4.0,0,2600,24,1,Gal,d18:1,24:1
19625,-3.8,0,2600,24,1,Gal,d18:1,24:1
19626,-3.6,0,2600,24,1,Gal,d18:1,24:1
19627,-3.4,0,2600,24,1,Gal,d18:1,24:1
19628,-3.2,0,2600,24,1,Gal,d18:1,24:1
19629,-3.0,0,2600,24,1,Gal,d18:1,24:1
19630,-2.8,0,2600,24,1,Gal,d18:1,24:1
19631,-2.6,0,2600,24,1,Gal,d18:1,24:1
19632,-2.4,0,2600,24,1,Gal,d18:1,24:1
19633,-2.2,0,2600,24,1,Gal,d18:1,24:1
19634,-2.0,0,2600,24,1,Gal,d18:1,24:1
19635,-1.8,20,2600,24,1,Gal,d18:1,24:1
19636,-1.6,0,2600,24,1,Gal,d18:1,24:1
19637,-1.4,180,2600,24,1,Gal,d18:1,24:1
19638,-1.2,180,2600,24,1,Gal,d18:1,24:1
19639,-1.0,1360,2600,24,1,Gal,d18:1,24:1
19640,-0.8,2560,2600,24,1,Gal,d18:1,24:1
19641,-0.6,6760,2600,24,1,Gal,d18:1,24:1
19642,-0.4,8500,2600,24,1,Gal,d18:1,24:1
19643,-0.2,7960,2600,24,1,Gal,d18:1,24:1
19644,0.0,8100,2600,24,1,Gal,d18:1,24:1
19645,0.2,6940,2600,24,1,Gal,d18:1,24:1
19646,0.4,6480,2600,24,1,Gal,d18:1,24:1
19647,0.6,4060,2600,24,1,Gal,d18:1,24:1
19648,0.8,2300,2600,24,1,Gal,d18:1,24:1
19649,1.0,1300,2600,24,1,Gal,d18:1,24:1
19650,1.2,320,2600,24,1,Gal,d18:1,24:1
19651,1.4,340,2600,24,1,Gal,d18:1,24:1
19652,1.6,100,2600,24,1,Gal,d18:1,24:1
19653,1.8,40,2600,24,1,Gal,d18:1,24:1
19654,2.0,40,2600,24,1,Gal,d18:1,24:1
19655,2.2,0,2600,24,1,Gal,d18:1,24:1
19656,2.4,60,2600,24,1,Gal,d18:1,24:1
19657,2.6,0,2600,24,1,Gal,d18:1,24:1
19658,2.8,0,2600,24,1,Gal,d18:1,24:1
19659,3.0,0,2600,24,1,Gal,d18:1,24:1
19660,3.2,0,2600,24,1,Gal,d18:1,24:1
19661,3.4,0,2600,24,1,Gal,d18:1,24:1
19662,3.6,0,2600,24,1,Gal,d18:1,24:1
19663,3.8,0,2600,24,1,Gal,d18:1,24:1
19664,4.0,0,2600,24,1,Gal,d18:1,24:1
19665,4.2,0,2600,24,1,Gal,d18:1,24:1
19666,4.4,0,2600,24,1,Gal,d18:1,24:1
19667,4.6,0,2600,24,1,Gal,d18:1,24:1
19668,4.8,0,2600,24,1,Gal,d18:1,24:1
19669,5.0,0,2600,24,1,Gal,d18:1,24:1
19670,5.2,0,2600,24,1,Gal,d18:1,24:1
19671,5.4,0,2600,24,1,Gal,d18:1,24:1
19672,5.6,0,2600,24,1,Gal,d18:1,24:1
19673,5.8,0,2600,24,1,Gal,d18:1,24:1
19674,6.0,0,2600,24,1,Gal,d18:1,24:1
19675,6.2,0,2600,24,1,Gal,d18:1,24:1
19676,6.4,0,2600,24,1,Gal,d18:1,24:1
19677,6.6,0,2600,24,1,Gal,d18:1,24:1
19678,6.8,0,2600,24,1,Gal,d18:1,24:1
19679,7.0,0,2600,24,1,Gal,d18:1,24:1
19680,7.2,0,2600,24,1,Gal,d18:1,24:1
19681,7.4,0,2600,24,1,Gal,d18:1,24:1
19682,7.6,0,2600,24,1,Gal,d18:1,24:1
19683,7.8,0,2600,24,1,Gal,d18:1,24:1
19684,8.0,0,2600,24,1,Gal,d18:1,24:1
19685,8.2,0,2600,24,1,Gal,d18:1,24:1
19686,8.4,0,2600,24,1,Gal,d18:1,24:1
19687,8.6,0,2600,24,1,Gal,d18:1,24:1
19688,8.8,0,2600,24,1,Gal,d18:1,24:1
19689,9.0,0,2600,24,1,Gal,d18:1,24:1
19690,9.2,0,2600,24,1,Gal,d18:1,24:1
19691,9.4,0,2600,24,1,Gal,d18:1,24:1
19692,9.6,0,2600,24,1,Gal,d18:1,24:1
19693,9.8,0,2600,24,1,Gal,d18:1,24:1
19694,10.0,0,2600,24,1,Gal,d18:1,24:1
19695,-10.0,0,2700,24,1,Gal,d18:1,24:1
19696,-9.8,0,2700,24,1,Gal,d18:1,24:1
19697,-9.6,0,2700,24,1,Gal,d18:1,24:1
19698,-9.4,0,2700,24,1,Gal,d18:1,24:1
19699,-9.2,0,2700,24,1,Gal,d18:1,24:1
19700,-9.0,0,2700,24,1,Gal,d18:1,24:1
19701,-8.8,0,2700,24,1,Gal,d18:1,24:1
19702,-8.6,0,2700,24,1,Gal,d18:1,24:1
19703,-8.4,0,2700,24,1,Gal,d18:1,24:1
19704,-8.2,0,2700,24,1,Gal,d18:1,24:1
19705,-8.0,0,2700,24,1,Gal,d18:1,24:1
19706,-7.8,0,2700,24,1,Gal,d18:1,24:1
19707,-7.6,0,2700,24,1,Gal,d18:1,24:1
19708,-7.4,0,2700,24,1,Gal,d18:1,24:1
19709,-7.2,0,2700,24,1,Gal,d18:1,24:1
19710,-7.0,0,2700,24,1,Gal,d18:1,24:1
19711,-6.8,0,2700,24,1,Gal,d18:1,24:1
19712,-6.6,0,2700,24,1,Gal,d18:1,24:1
19713,-6.4,0,2700,24,1,Gal,d18:1,24:1
19714,-6.2,0,2700,24,1,Gal,d18:1,24:1
19715,-6.0,0,2700,24,1,Gal,d18:1,24:1
19716,-5.8,0,2700,24,1,Gal,d18:1,24:1
19717,-5.6,0,2700,24,1,Gal,d18:1,24:1
19718,-5.4,0,2700,24,1,Gal,d18:1,24:1
19719,-5.2,0,2700,24,1,Gal,d18:1,24:1
19720,-5.0,0,2700,24,1,Gal,d18:1,24:1
19721,-4.8,0,2700,24,1,Gal,d18:1,24:1
19722,-4.6,0,2700,24,1,Gal,d18:1,24:1
19723,-4.4,0,2700,24,1,Gal,d18:1,24:1
19724,-4.2,0,2700,24,1,Gal,d18:1,24:1
19725,-4.0,0,2700,24,1,Gal,d18:1,24:1
19726,-3.8,0,2700,24,1,Gal,d18:1,24:1
19727,-3.6,0,2700,24,1,Gal,d18:1,24:1
19728,-3.4,0,2700,24,1,Gal,d18:1,24:1
19729,-3.2,0,2700,24,1,Gal,d18:1,24:1
19730,-3.0,0,2700,24,1,Gal,d18:1,24:1
19731,-2.8,0,2700,24,1,Gal,d18:1,24:1
19732,-2.6,0,2700,24,1,Gal,d18:1,24:1
19733,-2.4,0,2700,24,1,Gal,d18:1,24:1
19734,-2.2,0,2700,24,1,Gal,d18:1,24:1
19735,-2.0,0,2700,24,1,Gal,d18:1,24:1
19736,-1.8,20,2700,24,1,Gal,d18:1,24:1
19737,-1.6,0,2700,24,1,Gal,d18:1,24:1
19738,-1.4,20,2700,24,1,Gal,d18:1,24:1
19739,-1.2,300,2700,24,1,Gal,d18:1,24:1
19740,-1.0,820,2700,24,1,Gal,d18:1,24:1
19741,-0.8,2220,2700,24,1,Gal,d18:1,24:1
19742,-0.6,4760,2700,24,1,Gal,d18:1,24:1
19743,-0.4,7780,2700,24,1,Gal,d18:1,24:1
19744,-0.2,9360,2700,24,1,Gal,d18:1,24:1
19745,0.0,10880,2700,24,1,Gal,d18:1,24:1
19746,0.2,11340,2700,24,1,Gal,d18:1,24:1
19747,0.4,9580,2700,24,1,Gal,d18:1,24:1
19748,0.6,6300,2700,24,1,Gal,d18:1,24:1
19749,0.8,3320,2700,24,1,Gal,d18:1,24:1
19750,1.0,2040,2700,24,1,Gal,d18:1,24:1
19751,1.2,1520,2700,24,1,Gal,d18:1,24:1
19752,1.4,260,2700,24,1,Gal,d18:1,24:1
19753,1.6,160,2700,24,1,Gal,d18:1,24:1
19754,1.8,20,2700,24,1,Gal,d18:1,24:1
19755,2.0,40,2700,24,1,Gal,d18:1,24:1
19756,2.2,0,2700,24,1,Gal,d18:1,24:1
19757,2.4,0,2700,24,1,Gal,d18:1,24:1
19758,2.6,0,2700,24,1,Gal,d18:1,24:1
19759,2.8,0,2700,24,1,Gal,d18:1,24:1
19760,3.0,0,2700,24,1,Gal,d18:1,24:1
19761,3.2,0,2700,24,1,Gal,d18:1,24:1
19762,3.4,0,2700,24,1,Gal,d18:1,24:1
19763,3.6,0,2700,24,1,Gal,d18:1,24:1
19764,3.8,0,2700,24,1,Gal,d18:1,24:1
19765,4.0,0,2700,24,1,Gal,d18:1,24:1
19766,4.2,0,2700,24,1,Gal,d18:1,24:1
19767,4.4,0,2700,24,1,Gal,d18:1,24:1
19768,4.6,0,2700,24,1,Gal,d18:1,24:1
19769,4.8,0,2700,24,1,Gal,d18:1,24:1
19770,5.0,0,2700,24,1,Gal,d18:1,24:1
19771,5.2,0,2700,24,1,Gal,d18:1,24:1
19772,5.4,0,2700,24,1,Gal,d18:1,24:1
19773,5.6,0,2700,24,1,Gal,d18:1,24:1
19774,5.8,0,2700,24,1,Gal,d18:1,24:1
19775,6.0,0,2700,24,1,Gal,d18:1,24:1
19776,6.2,0,2700,24,1,Gal,d18:1,24:1
19777,6.4,0,2700,24,1,Gal,d18:1,24:1
19778,6.6,0,2700,24,1,Gal,d18:1,24:1
19779,6.8,0,2700,24,1,Gal,d18:1,24:1
19780,7.0,0,2700,24,1,Gal,d18:1,24:1
19781,7.2,0,2700,24,1,Gal,d18:1,24:1
19782,7.4,0,2700,24,1,Gal,d18:1,24:1
19783,7.6,0,2700,24,1,Gal,d18:1,24:1
19784,7.8,0,2700,24,1,Gal,d18:1,24:1
19785,8.0,0,2700,24,1,Gal,d18:1,24:1
19786,8.2,0,2700,24,1,Gal,d18:1,24:1
19787,8.4,0,2700,24,1,Gal,d18:1,24:1
19788,8.6,0,2700,24,1,Gal,d18:1,24:1
19789,8.8,0,2700,24,1,Gal,d18:1,24:1
19790,9.0,0,2700,24,1,Gal,d18:1,24:1
19791,9.2,0,2700,24,1,Gal,d18:1,24:1
19792,9.4,0,2700,24,1,Gal,d18:1,24:1
19793,9.6,0,2700,24,1,Gal,d18:1,24:1
19794,9.8,0,2700,24,1,Gal,d18:1,24:1
19795,10.0,0,2700,24,1,Gal,d18:1,24:1
19796,-10.0,0,2800,24,1,Gal,d18:1,24:1
19797,-9.8,0,2800,24,1,Gal,d18:1,24:1
19798,-9.6,0,2800,24,1,Gal,d18:1,24:1
19799,-9.4,0,2800,24,1,Gal,d18:1,24:1
19800,-9.2,0,2800,24,1,Gal,d18:1,24:1
19801,-9.0,0,2800,24,1,Gal,d18:1,24:1
19802,-8.8,0,2800,24,1,Gal,d18:1,24:1
19803,-8.6,0,2800,24,1,Gal,d18:1,24:1
19804,-8.4,0,2800,24,1,Gal,d18:1,24:1
19805,-8.2,0,2800,24,1,Gal,d18:1,24:1
19806,-8.0,0,2800,24,1,Gal,d18:1,24:1
19807,-7.8,0,2800,24,1,Gal,d18:1,24:1
19808,-7.6,0,2800,24,1,Gal,d18:1,24:1
19809,-7.4,0,2800,24,1,Gal,d18:1,24:1
19810,-7.2,0,2800,24,1,Gal,d18:1,24:1
19811,-7.0,0,2800,24,1,Gal,d18:1,24:1
19812,-6.8,0,2800,24,1,Gal,d18:1,24:1
19813,-6.6,0,2800,24,1,Gal,d18:1,24:1
19814,-6.4,0,2800,24,1,Gal,d18:1,24:1
19815,-6.2,0,2800,24,1,Gal,d18:1,24:1
19816,-6.0,0,2800,24,1,Gal,d18:1,24:1
19817,-5.8,0,2800,24,1,Gal,d18:1,24:1
19818,-5.6,0,2800,24,1,Gal,d18:1,24:1
19819,-5.4,0,2800,24,1,Gal,d18:1,24:1
19820,-5.2,0,2800,24,1,Gal,d18:1,24:1
19821,-5.0,0,2800,24,1,Gal,d18:1,24:1
19822,-4.8,0,2800,24,1,Gal,d18:1,24:1
19823,-4.6,0,2800,24,1,Gal,d18:1,24:1
19824,-4.4,0,2800,24,1,Gal,d18:1,24:1
19825,-4.2,0,2800,24,1,Gal,d18:1,24:1
19826,-4.0,0,2800,24,1,Gal,d18:1,24:1
19827,-3.8,0,2800,24,1,Gal,d18:1,24:1
19828,-3.6,0,2800,24,1,Gal,d18:1,24:1
19829,-3.4,0,2800,24,1,Gal,d18:1,24:1
19830,-3.2,0,2800,24,1,Gal,d18:1,24:1
19831,-3.0,0,2800,24,1,Gal,d18:1,24:1
19832,-2.8,0,2800,24,1,Gal,d18:1,24:1
19833,-2.6,0,2800,24,1,Gal,d18:1,24:1
19834,-2.4,0,2800,24,1,Gal,d18:1,24:1
19835,-2.2,40,2800,24,1,Gal,d18:1,24:1
19836,-2.0,0,2800,24,1,Gal,d18:1,24:1
19837,-1.8,60,2800,24,1,Gal,d18:1,24:1
19838,-1.6,80,2800,24,1,Gal,d18:1,24:1
19839,-1.4,200,2800,24,1,Gal,d18:1,24:1
19840,-1.2,220,2800,24,1,Gal,d18:1,24:1
19841,-1.0,760,2800,24,1,Gal,d18:1,24:1
19842,-0.8,1700,2800,24,1,Gal,d18:1,24:1
19843,-0.6,5120,2800,24,1,Gal,d18:1,24:1
19844,-0.4,8880,2800,24,1,Gal,d18:1,24:1
19845,-0.2,9500,2800,24,1,Gal,d18:1,24:1
19846,0.0,8520,2800,24,1,Gal,d18:1,24:1
19847,0.2,8180,2800,24,1,Gal,d18:1,24:1
19848,0.4,6900,2800,24,1,Gal,d18:1,24:1
19849,0.6,5980,2800,24,1,Gal,d18:1,24:1
19850,0.8,3460,2800,24,1,Gal,d18:1,24:1
19851,1.0,2040,2800,24,1,Gal,d18:1,24:1
19852,1.2,920,2800,24,1,Gal,d18:1,24:1
19853,1.4,440,2800,24,1,Gal,d18:1,24:1
19854,1.6,120,2800,24,1,Gal,d18:1,24:1
19855,1.8,100,2800,24,1,Gal,d18:1,24:1
19856,2.0,20,2800,24,1,Gal,d18:1,24:1
19857,2.2,60,2800,24,1,Gal,d18:1,24:1
19858,2.4,20,2800,24,1,Gal,d18:1,24:1
19859,2.6,0,2800,24,1,Gal,d18:1,24:1
19860,2.8,0,2800,24,1,Gal,d18:1,24:1
19861,3.0,0,2800,24,1,Gal,d18:1,24:1
19862,3.2,0,2800,24,1,Gal,d18:1,24:1
19863,3.4,0,2800,24,1,Gal,d18:1,24:1
19864,3.6,0,2800,24,1,Gal,d18:1,24:1
19865,3.8,0,2800,24,1,Gal,d18:1,24:1
19866,4.0,0,2800,24,1,Gal,d18:1,24:1
19867,4.2,0,2800,24,1,Gal,d18:1,24:1
19868,4.4,0,2800,24,1,Gal,d18:1,24:1
19869,4.6,0,2800,24,1,Gal,d18:1,24:1
19870,4.8,0,2800,24,1,Gal,d18:1,24:1
19871,5.0,0,2800,24,1,Gal,d18:1,24:1
19872,5.2,0,2800,24,1,Gal,d18:1,24:1
19873,5.4,0,2800,24,1,Gal,d18:1,24:1
19874,5.6,0,2800,24,1,Gal,d18:1,24:1
19875,5.8,0,2800,24,1,Gal,d18:1,24:1
19876,6.0,0,2800,24,1,Gal,d18:1,24:1
19877,6.2,0,2800,24,1,Gal,d18:1,24:1
19878,6.4,0,2800,24,1,Gal,d18:1,24:1
19879,6.6,0,2800,24,1,Gal,d18:1,24:1
19880,6.8,0,2800,24,1,Gal,d18:1,24:1
19881,7.0,0,2800,24,1,Gal,d18:1,24:1
19882,7.2,0,2800,24,1,Gal,d18:1,24:1
19883,7.4,0,2800,24,1,Gal,d18:1,24:1
19884,7.6,0,2800,24,1,Gal,d18:1,24:1
19885,7.8,0,2800,24,1,Gal,d18:1,24:1
19886,8.0,0,2800,24,1,Gal,d18:1,24:1
19887,8.2,0,2800,24,1,Gal,d18:1,24:1
19888,8.4,0,2800,24,1,Gal,d18:1,24:1
19889,8.6,0,2800,24,1,Gal,d18:1,24:1
19890,8.8,0,2800,24,1,Gal,d18:1,24:1
19891,9.0,0,2800,24,1,Gal,d18:1,24:1
19892,9.2,0,2800,24,1,Gal,d18:1,24:1
19893,9.4,0,2800,24,1,Gal,d18:1,24:1
19894,9.6,0,2800,24,1,Gal,d18:1,24:1
19895,9.8,0,2800,24,1,Gal,d18:1,24:1
19896,10.0,0,2800,24,1,Gal,d18:1,24:1
19897,-10.0,0,2900,24,1,Gal,d18:1,24:1
19898,-9.8,0,2900,24,1,Gal,d18:1,24:1
19899,-9.6,0,2900,24,1,Gal,d18:1,24:1
19900,-9.4,0,2900,24,1,Gal,d18:1,24:1
19901,-9.2,0,2900,24,1,Gal,d18:1,24:1
19902,-9.0,0,2900,24,1,Gal,d18:1,24:1
19903,-8.8,0,2900,24,1,Gal,d18:1,24:1
19904,-8.6,0,2900,24,1,Gal,d18:1,24:1
19905,-8.4,0,2900,24,1,Gal,d18:1,24:1
19906,-8.2,0,2900,24,1,Gal,d18:1,24:1
19907,-8.0,0,2900,24,1,Gal,d18:1,24:1
19908,-7.8,0,2900,24,1,Gal,d18:1,24:1
19909,-7.6,0,2900,24,1,Gal,d18:1,24:1
19910,-7.4,0,2900,24,1,Gal,d18:1,24:1
19911,-7.2,0,2900,24,1,Gal,d18:1,24:1
19912,-7.0,0,2900,24,1,Gal,d18:1,24:1
19913,-6.8,0,2900,24,1,Gal,d18:1,24:1
19914,-6.6,0,2900,24,1,Gal,d18:1,24:1
19915,-6.4,0,2900,24,1,Gal,d18:1,24:1
19916,-6.2,0,2900,24,1,Gal,d18:1,24:1
19917,-6.0,0,2900,24,1,Gal,d18:1,24:1
19918,-5.8,0,2900,24,1,Gal,d18:1,24:1
19919,-5.6,0,2900,24,1,Gal,d18:1,24:1
19920,-5.4,0,2900,24,1,Gal,d18:1,24:1
19921,-5.2,0,2900,24,1,Gal,d18:1,24:1
19922,-5.0,0,2900,24,1,Gal,d18:1,24:1
19923,-4.8,0,2900,24,1,Gal,d18:1,24:1
19924,-4.6,0,2900,24,1,Gal,d18:1,24:1
19925,-4.4,0,2900,24,1,Gal,d18:1,24:1
19926,-4.2,0,2900,24,1,Gal,d18:1,24:1
19927,-4.0,0,2900,24,1,Gal,d18:1,24:1
19928,-3.8,0,2900,24,1,Gal,d18:1,24:1
19929,-3.6,0,2900,24,1,Gal,d18:1,24:1
19930,-3.4,0,2900,24,1,Gal,d18:1,24:1
19931,-3.2,0,2900,24,1,Gal,d18:1,24:1
19932,-3.0,0,2900,24,1,Gal,d18:1,24:1
19933,-2.8,0,2900,24,1,Gal,d18:1,24:1
19934,-2.6,0,2900,24,1,Gal,d18:1,24:1
19935,-2.4,0,2900,24,1,Gal,d18:1,24:1
19936,-2.2,0,2900,24,1,Gal,d18:1,24:1
19937,-2.0,20,2900,24,1,Gal,d18:1,24:1
19938,-1.8,20,2900,24,1,Gal,d18:1,24:1
19939,-1.6,200,2900,24,1,Gal,d18:1,24:1
19940,-1.4,220,2900,24,1,Gal,d18:1,24:1
19941,-1.2,300,2900,24,1,Gal,d18:1,24:1
19942,-1.0,1660,2900,24,1,Gal,d18:1,24:1
19943,-0.8,2420,2900,24,1,Gal,d18:1,24:1
19944,-0.6,5780,2900,24,1,Gal,d18:1,24:1
19945,-0.4,9280,2900,24,1,Gal,d18:1,24:1
19946,-0.2,8960,2900,24,1,Gal,d18:1,24:1
19947,0.0,11860,2900,24,1,Gal,d18:1,24:1
19948,0.2,7980,2900,24,1,Gal,d18:1,24:1
19949,0.4,5860,2900,24,1,Gal,d18:1,24:1
19950,0.6,5320,2900,24,1,Gal,d18:1,24:1
19951,0.8,3380,2900,24,1,Gal,d18:1,24:1
19952,1.0,1660,2900,24,1,Gal,d18:1,24:1
19953,1.2,820,2900,24,1,Gal,d18:1,24:1
19954,1.4,440,2900,24,1,Gal,d18:1,24:1
19955,1.6,140,2900,24,1,Gal,d18:1,24:1
19956,1.8,80,2900,24,1,Gal,d18:1,24:1
19957,2.0,60,2900,24,1,Gal,d18:1,24:1
19958,2.2,0,2900,24,1,Gal,d18:1,24:1
19959,2.4,20,2900,24,1,Gal,d18:1,24:1
19960,2.6,0,2900,24,1,Gal,d18:1,24:1
19961,2.8,0,2900,24,1,Gal,d18:1,24:1
19962,3.0,0,2900,24,1,Gal,d18:1,24:1
19963,3.2,0,2900,24,1,Gal,d18:1,24:1
19964,3.4,0,2900,24,1,Gal,d18:1,24:1
19965,3.6,0,2900,24,1,Gal,d18:1,24:1
19966,3.8,0,2900,24,1,Gal,d18:1,24:1
19967,4.0,0,2900,24,1,Gal,d18:1,24:1
19968,4.2,0,2900,24,1,Gal,d18:1,24:1
19969,4.4,0,2900,24,1,Gal,d18:1,24:1
19970,4.6,0,2900,24,1,Gal,d18:1,24:1
19971,4.8,0,2900,24,1,Gal,d18:1,24:1
19972,5.0,0,2900,24,1,Gal,d18:1,24:1
19973,5.2,0,2900,24,1,Gal,d18:1,24:1
19974,5.4,0,2900,24,1,Gal,d18:1,24:1
19975,5.6,0,2900,24,1,Gal,d18:1,24:1
19976,5.8,0,2900,24,1,Gal,d18:1,24:1
19977,6.0,0,2900,24,1,Gal,d18:1,24:1
19978,6.2,0,2900,24,1,Gal,d18:1,24:1
19979,6.4,0,2900,24,1,Gal,d18:1,24:1
19980,6.6,0,2900,24,1,Gal,d18:1,24:1
19981,6.8,0,2900,24,1,Gal,d18:1,24:1
19982,7.0,0,2900,24,1,Gal,d18:1,24:1
19983,7.2,0,2900,24,1,Gal,d18:1,24:1
19984,7.4,0,2900,24,1,Gal,d18:1,24:1
19985,7.6,0,2900,24,1,Gal,d18:1,24:1
19986,7.8,0,2900,24,1,Gal,d18:1,24:1
19987,8.0,0,2900,24,1,Gal,d18:1,24:1
19988,8.2,0,2900,24,1,Gal,d18:1,24:1
19989,8.4,0,2900,24,1,Gal,d18:1,24:1
19990,8.6,0,2900,24,1,Gal,d18:1,24:1
19991,8.8,0,2900,24,1,Gal,d18:1,24:1
19992,9.0,0,2900,24,1,Gal,d18:1,24:1
19993,9.2,0,2900,24,1,Gal,d18:1,24:1
19994,9.4,0,2900,24,1,Gal,d18:1,24:1
19995,9.6,0,2900,24,1,Gal,d18:1,24:1
19996,9.8,0,2900,24,1,Gal,d18:1,24:1
19997,10.0,0,2900,24,1,Gal,d18:1,24:1
19998,-10.0,0,3000,24,1,Gal,d18:1,24:1
19999,-9.8,0,3000,24,1,Gal,d18:1,24:1
20000,-9.6,0,3000,24,1,Gal,d18:1,24:1
20001,-9.4,0,3000,24,1,Gal,d18:1,24:1
20002,-9.2,0,3000,24,1,Gal,d18:1,24:1
20003,-9.0,0,3000,24,1,Gal,d18:1,24:1
20004,-8.8,0,3000,24,1,Gal,d18:1,24:1
20005,-8.6,0,3000,24,1,Gal,d18:1,24:1
20006,-8.4,0,3000,24,1,Gal,d18:1,24:1
20007,-8.2,0,3000,24,1,Gal,d18:1,24:1
20008,-8.0,0,3000,24,1,Gal,d18:1,24:1
20009,-7.8,0,3000,24,1,Gal,d18:1,24:1
20010,-7.6,0,3000,24,1,Gal,d18:1,24:1
20011,-7.4,0,3000,24,1,Gal,d18:1,24:1
20012,-7.2,0,3000,24,1,Gal,d18:1,24:1
20013,-7.0,0,3000,24,1,Gal,d18:1,24:1
20014,-6.8,0,3000,24,1,Gal,d18:1,24:1
20015,-6.6,0,3000,24,1,Gal,d18:1,24:1
20016,-6.4,0,3000,24,1,Gal,d18:1,24:1
20017,-6.2,0,3000,24,1,Gal,d18:1,24:1
20018,-6.0,0,3000,24,1,Gal,d18:1,24:1
20019,-5.8,0,3000,24,1,Gal,d18:1,24:1
20020,-5.6,0,3000,24,1,Gal,d18:1,24:1
20021,-5.4,0,3000,24,1,Gal,d18:1,24:1
20022,-5.2,0,3000,24,1,Gal,d18:1,24:1
20023,-5.0,0,3000,24,1,Gal,d18:1,24:1
20024,-4.8,0,3000,24,1,Gal,d18:1,24:1
20025,-4.6,0,3000,24,1,Gal,d18:1,24:1
20026,-4.4,0,3000,24,1,Gal,d18:1,24:1
20027,-4.2,0,3000,24,1,Gal,d18:1,24:1
20028,-4.0,0,3000,24,1,Gal,d18:1,24:1
20029,-3.8,0,3000,24,1,Gal,d18:1,24:1
20030,-3.6,0,3000,24,1,Gal,d18:1,24:1
20031,-3.4,0,3000,24,1,Gal,d18:1,24:1
20032,-3.2,0,3000,24,1,Gal,d18:1,24:1
20033,-3.0,0,3000,24,1,Gal,d18:1,24:1
20034,-2.8,0,3000,24,1,Gal,d18:1,24:1
20035,-2.6,0,3000,24,1,Gal,d18:1,24:1
20036,-2.4,0,3000,24,1,Gal,d18:1,24:1
20037,-2.2,0,3000,24,1,Gal,d18:1,24:1
20038,-2.0,80,3000,24,1,Gal,d18:1,24:1
20039,-1.8,20,3000,24,1,Gal,d18:1,24:1
20040,-1.6,0,3000,24,1,Gal,d18:1,24:1
20041,-1.4,20,3000,24,1,Gal,d18:1,24:1
20042,-1.2,100,3000,24,1,Gal,d18:1,24:1
20043,-1.0,140,3000,24,1,Gal,d18:1,24:1
20044,-0.8,1140,3000,24,1,Gal,d18:1,24:1
20045,-0.6,3100,3000,24,1,Gal,d18:1,24:1
20046,-0.4,5920,3000,24,1,Gal,d18:1,24:1
20047,-0.2,10140,3000,24,1,Gal,d18:1,24:1
20048,0.0,11660,3000,24,1,Gal,d18:1,24:1
20049,0.2,10860,3000,24,1,Gal,d18:1,24:1
20050,0.4,9600,3000,24,1,Gal,d18:1,24:1
20051,0.6,7920,3000,24,1,Gal,d18:1,24:1
20052,0.8,6680,3000,24,1,Gal,d18:1,24:1
20053,1.0,4340,3000,24,1,Gal,d18:1,24:1
20054,1.2,2380,3000,24,1,Gal,d18:1,24:1
20055,1.4,680,3000,24,1,Gal,d18:1,24:1
20056,1.6,360,3000,24,1,Gal,d18:1,24:1
20057,1.8,180,3000,24,1,Gal,d18:1,24:1
20058,2.0,140,3000,24,1,Gal,d18:1,24:1
20059,2.2,60,3000,24,1,Gal,d18:1,24:1
20060,2.4,0,3000,24,1,Gal,d18:1,24:1
20061,2.6,0,3000,24,1,Gal,d18:1,24:1
20062,2.8,20,3000,24,1,Gal,d18:1,24:1
20063,3.0,0,3000,24,1,Gal,d18:1,24:1
20064,3.2,0,3000,24,1,Gal,d18:1,24:1
20065,3.4,0,3000,24,1,Gal,d18:1,24:1
20066,3.6,20,3000,24,1,Gal,d18:1,24:1
20067,3.8,0,3000,24,1,Gal,d18:1,24:1
20068,4.0,0,3000,24,1,Gal,d18:1,24:1
20069,4.2,0,3000,24,1,Gal,d18:1,24:1
20070,4.4,0,3000,24,1,Gal,d18:1,24:1
20071,4.6,0,3000,24,1,Gal,d18:1,24:1
20072,4.8,0,3000,24,1,Gal,d18:1,24:1
20073,5.0,0,3000,24,1,Gal,d18:1,24:1
20074,5.2,0,3000,24,1,Gal,d18:1,24:1
20075,5.4,0,3000,24,1,Gal,d18:1,24:1
20076,5.6,0,3000,24,1,Gal,d18:1,24:1
20077,5.8,0,3000,24,1,Gal,d18:1,24:1
20078,6.0,0,3000,24,1,Gal,d18:1,24:1
20079,6.2,0,3000,24,1,Gal,d18:1,24:1
20080,6.4,0,3000,24,1,Gal,d18:1,24:1
20081,6.6,0,3000,24,1,Gal,d18:1,24:1
20082,6.8,0,3000,24,1,Gal,d18:1,24:1
20083,7.0,0,3000,24,1,Gal,d18:1,24:1
20084,7.2,0,3000,24,1,Gal,d18:1,24:1
20085,7.4,0,3000,24,1,Gal,d18:1,24:1
20086,7.6,0,3000,24,1,Gal,d18:1,24:1
20087,7.8,0,3000,24,1,Gal,d18:1,24:1
20088,8.0,0,3000,24,1,Gal,d18:1,24:1
20089,8.2,0,3000,24,1,Gal,d18:1,24:1
20090,8.4,0,3000,24,1,Gal,d18:1,24:1
20091,8.6,0,3000,24,1,Gal,d18:1,24:1
20092,8.8,0,3000,24,1,Gal,d18:1,24:1
20093,9.0,0,3000,24,1,Gal,d18:1,24:1
20094,9.2,0,3000,24,1,Gal,d18:1,24:1
20095,9.4,0,3000,24,1,Gal,d18:1,24:1
20096,9.6,0,3000,24,1,Gal,d18:1,24:1
20097,9.8,0,3000,24,1,Gal,d18:1,24:1
20098,10.0,0,3000,24,1,Gal,d18:1,24:1
20099,-10.0,0,3100,24,1,Gal,d18:1,24:1
20100,-9.8,0,3100,24,1,Gal,d18:1,24:1
20101,-9.6,0,3100,24,1,Gal,d18:1,24:1
20102,-9.4,0,3100,24,1,Gal,d18:1,24:1
20103,-9.2,0,3100,24,1,Gal,d18:1,24:1
20104,-9.0,0,3100,24,1,Gal,d18:1,24:1
20105,-8.8,0,3100,24,1,Gal,d18:1,24:1
20106,-8.6,0,3100,24,1,Gal,d18:1,24:1
20107,-8.4,0,3100,24,1,Gal,d18:1,24:1
20108,-8.2,20,3100,24,1,Gal,d18:1,24:1
20109,-8.0,0,3100,24,1,Gal,d18:1,24:1
20110,-7.8,0,3100,24,1,Gal,d18:1,24:1
20111,-7.6,0,3100,24,1,Gal,d18:1,24:1
20112,-7.4,0,3100,24,1,Gal,d18:1,24:1
20113,-7.2,0,3100,24,1,Gal,d18:1,24:1
20114,-7.0,0,3100,24,1,Gal,d18:1,24:1
20115,-6.8,0,3100,24,1,Gal,d18:1,24:1
20116,-6.6,0,3100,24,1,Gal,d18:1,24:1
20117,-6.4,0,3100,24,1,Gal,d18:1,24:1
20118,-6.2,0,3100,24,1,Gal,d18:1,24:1
20119,-6.0,0,3100,24,1,Gal,d18:1,24:1
20120,-5.8,0,3100,24,1,Gal,d18:1,24:1
20121,-5.6,0,3100,24,1,Gal,d18:1,24:1
20122,-5.4,0,3100,24,1,Gal,d18:1,24:1
20123,-5.2,0,3100,24,1,Gal,d18:1,24:1
20124,-5.0,0,3100,24,1,Gal,d18:1,24:1
20125,-4.8,0,3100,24,1,Gal,d18:1,24:1
20126,-4.6,0,3100,24,1,Gal,d18:1,24:1
20127,-4.4,0,3100,24,1,Gal,d18:1,24:1
20128,-4.2,0,3100,24,1,Gal,d18:1,24:1
20129,-4.0,0,3100,24,1,Gal,d18:1,24:1
20130,-3.8,0,3100,24,1,Gal,d18:1,24:1
20131,-3.6,0,3100,24,1,Gal,d18:1,24:1
20132,-3.4,0,3100,24,1,Gal,d18:1,24:1
20133,-3.2,0,3100,24,1,Gal,d18:1,24:1
20134,-3.0,0,3100,24,1,Gal,d18:1,24:1
20135,-2.8,20,3100,24,1,Gal,d18:1,24:1
20136,-2.6,0,3100,24,1,Gal,d18:1,24:1
20137,-2.4,0,3100,24,1,Gal,d18:1,24:1
20138,-2.2,0,3100,24,1,Gal,d18:1,24:1
20139,-2.0,20,3100,24,1,Gal,d18:1,24:1
20140,-1.8,40,3100,24,1,Gal,d18:1,24:1
20141,-1.6,60,3100,24,1,Gal,d18:1,24:1
20142,-1.4,20,3100,24,1,Gal,d18:1,24:1
20143,-1.2,180,3100,24,1,Gal,d18:1,24:1
20144,-1.0,220,3100,24,1,Gal,d18:1,24:1
20145,-0.8,1060,3100,24,1,Gal,d18:1,24:1
20146,-0.6,2660,3100,24,1,Gal,d18:1,24:1
20147,-0.4,4020,3100,24,1,Gal,d18:1,24:1
20148,-0.2,7680,3100,24,1,Gal,d18:1,24:1
20149,0.0,10840,3100,24,1,Gal,d18:1,24:1
20150,0.2,10020,3100,24,1,Gal,d18:1,24:1
20151,0.4,7940,3100,24,1,Gal,d18:1,24:1
20152,0.6,4900,3100,24,1,Gal,d18:1,24:1
20153,0.8,4180,3100,24,1,Gal,d18:1,24:1
20154,1.0,1820,3100,24,1,Gal,d18:1,24:1
20155,1.2,1040,3100,24,1,Gal,d18:1,24:1
20156,1.4,320,3100,24,1,Gal,d18:1,24:1
20157,1.6,320,3100,24,1,Gal,d18:1,24:1
20158,1.8,420,3100,24,1,Gal,d18:1,24:1
20159,2.0,40,3100,24,1,Gal,d18:1,24:1
20160,2.2,140,3100,24,1,Gal,d18:1,24:1
20161,2.4,0,3100,24,1,Gal,d18:1,24:1
20162,2.6,120,3100,24,1,Gal,d18:1,24:1
20163,2.8,0,3100,24,1,Gal,d18:1,24:1
20164,3.0,20,3100,24,1,Gal,d18:1,24:1
20165,3.2,0,3100,24,1,Gal,d18:1,24:1
20166,3.4,0,3100,24,1,Gal,d18:1,24:1
20167,3.6,0,3100,24,1,Gal,d18:1,24:1
20168,3.8,0,3100,24,1,Gal,d18:1,24:1
20169,4.0,0,3100,24,1,Gal,d18:1,24:1
20170,4.2,0,3100,24,1,Gal,d18:1,24:1
20171,4.4,0,3100,24,1,Gal,d18:1,24:1
20172,4.6,0,3100,24,1,Gal,d18:1,24:1
20173,4.8,0,3100,24,1,Gal,d18:1,24:1
20174,5.0,0,3100,24,1,Gal,d18:1,24:1
20175,5.2,0,3100,24,1,Gal,d18:1,24:1
20176,5.4,0,3100,24,1,Gal,d18:1,24:1
20177,5.6,0,3100,24,1,Gal,d18:1,24:1
20178,5.8,0,3100,24,1,Gal,d18:1,24:1
20179,6.0,0,3100,24,1,Gal,d18:1,24:1
20180,6.2,0,3100,24,1,Gal,d18:1,24:1
20181,6.4,0,3100,24,1,Gal,d18:1,24:1
20182,6.6,0,3100,24,1,Gal,d18:1,24:1
20183,6.8,0,3100,24,1,Gal,d18:1,24:1
20184,7.0,0,3100,24,1,Gal,d18:1,24:1
20185,7.2,0,3100,24,1,Gal,d18:1,24:1
20186,7.4,0,3100,24,1,Gal,d18:1,24:1
20187,7.6,0,3100,24,1,Gal,d18:1,24:1
20188,7.8,0,3100,24,1,Gal,d18:1,24:1
20189,8.0,0,3100,24,1,Gal,d18:1,24:1
20190,8.2,0,3100,24,1,Gal,d18:1,24:1
20191,8.4,0,3100,24,1,Gal,d18:1,24:1
20192,8.6,0,3100,24,1,Gal,d18:1,24:1
20193,8.8,0,3100,24,1,Gal,d18:1,24:1
20194,9.0,0,3100,24,1,Gal,d18:1,24:1
20195,9.2,0,3100,24,1,Gal,d18:1,24:1
20196,9.4,0,3100,24,1,Gal,d18:1,24:1
20197,9.6,0,3100,24,1,Gal,d18:1,24:1
20198,9.8,0,3100,24,1,Gal,d18:1,24:1
20199,10.0,0,3100,24,1,Gal,d18:1,24:1
20200,-10.0,0,3200,24,1,Gal,d18:1,24:1
20201,-9.8,0,3200,24,1,Gal,d18:1,24:1
20202,-9.6,0,3200,24,1,Gal,d18:1,24:1
20203,-9.4,0,3200,24,1,Gal,d18:1,24:1
20204,-9.2,0,3200,24,1,Gal,d18:1,24:1
20205,-9.0,0,3200,24,1,Gal,d18:1,24:1
20206,-8.8,0,3200,24,1,Gal,d18:1,24:1
20207,-8.6,0,3200,24,1,Gal,d18:1,24:1
20208,-8.4,0,3200,24,1,Gal,d18:1,24:1
20209,-8.2,0,3200,24,1,Gal,d18:1,24:1
20210,-8.0,0,3200,24,1,Gal,d18:1,24:1
20211,-7.8,0,3200,24,1,Gal,d18:1,24:1
20212,-7.6,0,3200,24,1,Gal,d18:1,24:1
20213,-7.4,0,3200,24,1,Gal,d18:1,24:1
20214,-7.2,0,3200,24,1,Gal,d18:1,24:1
20215,-7.0,0,3200,24,1,Gal,d18:1,24:1
20216,-6.8,0,3200,24,1,Gal,d18:1,24:1
20217,-6.6,0,3200,24,1,Gal,d18:1,24:1
20218,-6.4,0,3200,24,1,Gal,d18:1,24:1
20219,-6.2,0,3200,24,1,Gal,d18:1,24:1
20220,-6.0,0,3200,24,1,Gal,d18:1,24:1
20221,-5.8,0,3200,24,1,Gal,d18:1,24:1
20222,-5.6,0,3200,24,1,Gal,d18:1,24:1
20223,-5.4,0,3200,24,1,Gal,d18:1,24:1
20224,-5.2,0,3200,24,1,Gal,d18:1,24:1
20225,-5.0,0,3200,24,1,Gal,d18:1,24:1
20226,-4.8,0,3200,24,1,Gal,d18:1,24:1
20227,-4.6,0,3200,24,1,Gal,d18:1,24:1
20228,-4.4,0,3200,24,1,Gal,d18:1,24:1
20229,-4.2,0,3200,24,1,Gal,d18:1,24:1
20230,-4.0,0,3200,24,1,Gal,d18:1,24:1
20231,-3.8,0,3200,24,1,Gal,d18:1,24:1
20232,-3.6,0,3200,24,1,Gal,d18:1,24:1
20233,-3.4,0,3200,24,1,Gal,d18:1,24:1
20234,-3.2,0,3200,24,1,Gal,d18:1,24:1
20235,-3.0,0,3200,24,1,Gal,d18:1,24:1
20236,-2.8,0,3200,24,1,Gal,d18:1,24:1
20237,-2.6,0,3200,24,1,Gal,d18:1,24:1
20238,-2.4,0,3200,24,1,Gal,d18:1,24:1
20239,-2.2,0,3200,24,1,Gal,d18:1,24:1
20240,-2.0,20,3200,24,1,Gal,d18:1,24:1
20241,-1.8,40,3200,24,1,Gal,d18:1,24:1
20242,-1.6,120,3200,24,1,Gal,d18:1,24:1
20243,-1.4,40,3200,24,1,Gal,d18:1,24:1
20244,-1.2,140,3200,24,1,Gal,d18:1,24:1
20245,-1.0,340,3200,24,1,Gal,d18:1,24:1
20246,-0.8,960,3200,24,1,Gal,d18:1,24:1
20247,-0.6,3080,3200,24,1,Gal,d18:1,24:1
20248,-0.4,5320,3200,24,1,Gal,d18:1,24:1
20249,-0.2,9540,3200,24,1,Gal,d18:1,24:1
20250,0.0,9900,3200,24,1,Gal,d18:1,24:1
20251,0.2,10220,3200,24,1,Gal,d18:1,24:1
20252,0.4,10420,3200,24,1,Gal,d18:1,24:1
20253,0.6,9140,3200,24,1,Gal,d18:1,24:1
20254,0.8,5100,3200,24,1,Gal,d18:1,24:1
20255,1.0,4060,3200,24,1,Gal,d18:1,24:1
20256,1.2,2840,3200,24,1,Gal,d18:1,24:1
20257,1.4,860,3200,24,1,Gal,d18:1,24:1
20258,1.6,700,3200,24,1,Gal,d18:1,24:1
20259,1.8,440,3200,24,1,Gal,d18:1,24:1
20260,2.0,140,3200,24,1,Gal,d18:1,24:1
20261,2.2,80,3200,24,1,Gal,d18:1,24:1
20262,2.4,0,3200,24,1,Gal,d18:1,24:1
20263,2.6,40,3200,24,1,Gal,d18:1,24:1
20264,2.8,80,3200,24,1,Gal,d18:1,24:1
20265,3.0,0,3200,24,1,Gal,d18:1,24:1
20266,3.2,0,3200,24,1,Gal,d18:1,24:1
20267,3.4,20,3200,24,1,Gal,d18:1,24:1
20268,3.6,0,3200,24,1,Gal,d18:1,24:1
20269,3.8,0,3200,24,1,Gal,d18:1,24:1
20270,4.0,0,3200,24,1,Gal,d18:1,24:1
20271,4.2,0,3200,24,1,Gal,d18:1,24:1
20272,4.4,0,3200,24,1,Gal,d18:1,24:1
20273,4.6,0,3200,24,1,Gal,d18:1,24:1
20274,4.8,0,3200,24,1,Gal,d18:1,24:1
20275,5.0,0,3200,24,1,Gal,d18:1,24:1
20276,5.2,0,3200,24,1,Gal,d18:1,24:1
20277,5.4,0,3200,24,1,Gal,d18:1,24:1
20278,5.6,0,3200,24,1,Gal,d18:1,24:1
20279,5.8,0,3200,24,1,Gal,d18:1,24:1
20280,6.0,0,3200,24,1,Gal,d18:1,24:1
20281,6.2,0,3200,24,1,Gal,d18:1,24:1
20282,6.4,0,3200,24,1,Gal,d18:1,24:1
20283,6.6,0,3200,24,1,Gal,d18:1,24:1
20284,6.8,0,3200,24,1,Gal,d18:1,24:1
20285,7.0,0,3200,24,1,Gal,d18:1,24:1
20286,7.2,0,3200,24,1,Gal,d18:1,24:1
20287,7.4,0,3200,24,1,Gal,d18:1,24:1
20288,7.6,0,3200,24,1,Gal,d18:1,24:1
20289,7.8,0,3200,24,1,Gal,d18:1,24:1
20290,8.0,0,3200,24,1,Gal,d18:1,24:1
20291,8.2,0,3200,24,1,Gal,d18:1,24:1
20292,8.4,0,3200,24,1,Gal,d18:1,24:1
20293,8.6,0,3200,24,1,Gal,d18:1,24:1
20294,8.8,0,3200,24,1,Gal,d18:1,24:1
20295,9.0,0,3200,24,1,Gal,d18:1,24:1
20296,9.2,0,3200,24,1,Gal,d18:1,24:1
20297,9.4,0,3200,24,1,Gal,d18:1,24:1
20298,9.6,0,3200,24,1,Gal,d18:1,24:1
20299,9.8,0,3200,24,1,Gal,d18:1,24:1
20300,10.0,0,3200,24,1,Gal,d18:1,24:1
20301,-10.0,0,3300,24,1,Gal,d18:1,24:1
20302,-9.8,0,3300,24,1,Gal,d18:1,24:1
20303,-9.6,0,3300,24,1,Gal,d18:1,24:1
20304,-9.4,0,3300,24,1,Gal,d18:1,24:1
20305,-9.2,0,3300,24,1,Gal,d18:1,24:1
20306,-9.0,0,3300,24,1,Gal,d18:1,24:1
20307,-8.8,0,3300,24,1,Gal,d18:1,24:1
20308,-8.6,0,3300,24,1,Gal,d18:1,24:1
20309,-8.4,0,3300,24,1,Gal,d18:1,24:1
20310,-8.2,0,3300,24,1,Gal,d18:1,24:1
20311,-8.0,0,3300,24,1,Gal,d18:1,24:1
20312,-7.8,0,3300,24,1,Gal,d18:1,24:1
20313,-7.6,0,3300,24,1,Gal,d18:1,24:1
20314,-7.4,0,3300,24,1,Gal,d18:1,24:1
20315,-7.2,0,3300,24,1,Gal,d18:1,24:1
20316,-7.0,0,3300,24,1,Gal,d18:1,24:1
20317,-6.8,0,3300,24,1,Gal,d18:1,24:1
20318,-6.6,0,3300,24,1,Gal,d18:1,24:1
20319,-6.4,0,3300,24,1,Gal,d18:1,24:1
20320,-6.2,0,3300,24,1,Gal,d18:1,24:1
20321,-6.0,0,3300,24,1,Gal,d18:1,24:1
20322,-5.8,0,3300,24,1,Gal,d18:1,24:1
20323,-5.6,0,3300,24,1,Gal,d18:1,24:1
20324,-5.4,0,3300,24,1,Gal,d18:1,24:1
20325,-5.2,0,3300,24,1,Gal,d18:1,24:1
20326,-5.0,0,3300,24,1,Gal,d18:1,24:1
20327,-4.8,0,3300,24,1,Gal,d18:1,24:1
20328,-4.6,0,3300,24,1,Gal,d18:1,24:1
20329,-4.4,0,3300,24,1,Gal,d18:1,24:1
20330,-4.2,0,3300,24,1,Gal,d18:1,24:1
20331,-4.0,0,3300,24,1,Gal,d18:1,24:1
20332,-3.8,0,3300,24,1,Gal,d18:1,24:1
20333,-3.6,0,3300,24,1,Gal,d18:1,24:1
20334,-3.4,0,3300,24,1,Gal,d18:1,24:1
20335,-3.2,0,3300,24,1,Gal,d18:1,24:1
20336,-3.0,20,3300,24,1,Gal,d18:1,24:1
20337,-2.8,0,3300,24,1,Gal,d18:1,24:1
20338,-2.6,0,3300,24,1,Gal,d18:1,24:1
20339,-2.4,40,3300,24,1,Gal,d18:1,24:1
20340,-2.2,20,3300,24,1,Gal,d18:1,24:1
20341,-2.0,20,3300,24,1,Gal,d18:1,24:1
20342,-1.8,40,3300,24,1,Gal,d18:1,24:1
20343,-1.6,120,3300,24,1,Gal,d18:1,24:1
20344,-1.4,100,3300,24,1,Gal,d18:1,24:1
20345,-1.2,200,3300,24,1,Gal,d18:1,24:1
20346,-1.0,300,3300,24,1,Gal,d18:1,24:1
20347,-0.8,400,3300,24,1,Gal,d18:1,24:1
20348,-0.6,900,3300,24,1,Gal,d18:1,24:1
20349,-0.4,4120,3300,24,1,Gal,d18:1,24:1
20350,-0.2,7040,3300,24,1,Gal,d18:1,24:1
20351,0.0,9200,3300,24,1,Gal,d18:1,24:1
20352,0.2,10600,3300,24,1,Gal,d18:1,24:1
20353,0.4,10360,3300,24,1,Gal,d18:1,24:1
20354,0.6,8900,3300,24,1,Gal,d18:1,24:1
20355,0.8,5860,3300,24,1,Gal,d18:1,24:1
20356,1.0,3280,3300,24,1,Gal,d18:1,24:1
20357,1.2,2420,3300,24,1,Gal,d18:1,24:1
20358,1.4,1300,3300,24,1,Gal,d18:1,24:1
20359,1.6,820,3300,24,1,Gal,d18:1,24:1
20360,1.8,580,3300,24,1,Gal,d18:1,24:1
20361,2.0,200,3300,24,1,Gal,d18:1,24:1
20362,2.2,220,3300,24,1,Gal,d18:1,24:1
20363,2.4,80,3300,24,1,Gal,d18:1,24:1
20364,2.6,80,3300,24,1,Gal,d18:1,24:1
20365,2.8,0,3300,24,1,Gal,d18:1,24:1
20366,3.0,40,3300,24,1,Gal,d18:1,24:1
20367,3.2,60,3300,24,1,Gal,d18:1,24:1
20368,3.4,60,3300,24,1,Gal,d18:1,24:1
20369,3.6,0,3300,24,1,Gal,d18:1,24:1
20370,3.8,0,3300,24,1,Gal,d18:1,24:1
20371,4.0,40,3300,24,1,Gal,d18:1,24:1
20372,4.2,0,3300,24,1,Gal,d18:1,24:1
20373,4.4,0,3300,24,1,Gal,d18:1,24:1
20374,4.6,0,3300,24,1,Gal,d18:1,24:1
20375,4.8,0,3300,24,1,Gal,d18:1,24:1
20376,5.0,0,3300,24,1,Gal,d18:1,24:1
20377,5.2,0,3300,24,1,Gal,d18:1,24:1
20378,5.4,0,3300,24,1,Gal,d18:1,24:1
20379,5.6,0,3300,24,1,Gal,d18:1,24:1
20380,5.8,0,3300,24,1,Gal,d18:1,24:1
20381,6.0,0,3300,24,1,Gal,d18:1,24:1
20382,6.2,0,3300,24,1,Gal,d18:1,24:1
20383,6.4,0,3300,24,1,Gal,d18:1,24:1
20384,6.6,0,3300,24,1,Gal,d18:1,24:1
20385,6.8,0,3300,24,1,Gal,d18:1,24:1
20386,7.0,0,3300,24,1,Gal,d18:1,24:1
20387,7.2,0,3300,24,1,Gal,d18:1,24:1
20388,7.4,0,3300,24,1,Gal,d18:1,24:1
20389,7.6,0,3300,24,1,Gal,d18:1,24:1
20390,7.8,0,3300,24,1,Gal,d18:1,24:1
20391,8.0,0,3300,24,1,Gal,d18:1,24:1
20392,8.2,0,3300,24,1,Gal,d18:1,24:1
20393,8.4,0,3300,24,1,Gal,d18:1,24:1
20394,8.6,0,3300,24,1,Gal,d18:1,24:1
20395,8.8,0,3300,24,1,Gal,d18:1,24:1
20396,9.0,0,3300,24,1,Gal,d18:1,24:1
20397,9.2,0,3300,24,1,Gal,d18:1,24:1
20398,9.4,0,3300,24,1,Gal,d18:1,24:1
20399,9.6,0,3300,24,1,Gal,d18:1,24:1
20400,9.8,0,3300,24,1,Gal,d18:1,24:1
20401,10.0,0,3300,24,1,Gal,d18:1,24:1
20402,-10.0,0,3400,24,1,Gal,d18:1,24:1
20403,-9.8,0,3400,24,1,Gal,d18:1,24:1
20404,-9.6,0,3400,24,1,Gal,d18:1,24:1
20405,-9.4,0,3400,24,1,Gal,d18:1,24:1
20406,-9.2,0,3400,24,1,Gal,d18:1,24:1
20407,-9.0,0,3400,24,1,Gal,d18:1,24:1
20408,-8.8,0,3400,24,1,Gal,d18:1,24:1
20409,-8.6,0,3400,24,1,Gal,d18:1,24:1
20410,-8.4,0,3400,24,1,Gal,d18:1,24:1
20411,-8.2,0,3400,24,1,Gal,d18:1,24:1
20412,-8.0,0,3400,24,1,Gal,d18:1,24:1
20413,-7.8,0,3400,24,1,Gal,d18:1,24:1
20414,-7.6,0,3400,24,1,Gal,d18:1,24:1
20415,-7.4,0,3400,24,1,Gal,d18:1,24:1
20416,-7.2,0,3400,24,1,Gal,d18:1,24:1
20417,-7.0,0,3400,24,1,Gal,d18:1,24:1
20418,-6.8,0,3400,24,1,Gal,d18:1,24:1
20419,-6.6,0,3400,24,1,Gal,d18:1,24:1
20420,-6.4,0,3400,24,1,Gal,d18:1,24:1
20421,-6.2,0,3400,24,1,Gal,d18:1,24:1
20422,-6.0,0,3400,24,1,Gal,d18:1,24:1
20423,-5.8,0,3400,24,1,Gal,d18:1,24:1
20424,-5.6,0,3400,24,1,Gal,d18:1,24:1
20425,-5.4,0,3400,24,1,Gal,d18:1,24:1
20426,-5.2,0,3400,24,1,Gal,d18:1,24:1
20427,-5.0,0,3400,24,1,Gal,d18:1,24:1
20428,-4.8,0,3400,24,1,Gal,d18:1,24:1
20429,-4.6,0,3400,24,1,Gal,d18:1,24:1
20430,-4.4,0,3400,24,1,Gal,d18:1,24:1
20431,-4.2,0,3400,24,1,Gal,d18:1,24:1
20432,-4.0,0,3400,24,1,Gal,d18:1,24:1
20433,-3.8,0,3400,24,1,Gal,d18:1,24:1
20434,-3.6,0,3400,24,1,Gal,d18:1,24:1
20435,-3.4,0,3400,24,1,Gal,d18:1,24:1
20436,-3.2,0,3400,24,1,Gal,d18:1,24:1
20437,-3.0,40,3400,24,1,Gal,d18:1,24:1
20438,-2.8,0,3400,24,1,Gal,d18:1,24:1
20439,-2.6,0,3400,24,1,Gal,d18:1,24:1
20440,-2.4,60,3400,24,1,Gal,d18:1,24:1
20441,-2.2,0,3400,24,1,Gal,d18:1,24:1
20442,-2.0,40,3400,24,1,Gal,d18:1,24:1
20443,-1.8,60,3400,24,1,Gal,d18:1,24:1
20444,-1.6,120,3400,24,1,Gal,d18:1,24:1
20445,-1.4,140,3400,24,1,Gal,d18:1,24:1
20446,-1.2,200,3400,24,1,Gal,d18:1,24:1
20447,-1.0,260,3400,24,1,Gal,d18:1,24:1
20448,-0.8,600,3400,24,1,Gal,d18:1,24:1
20449,-0.6,2280,3400,24,1,Gal,d18:1,24:1
20450,-0.4,4060,3400,24,1,Gal,d18:1,24:1
20451,-0.2,6760,3400,24,1,Gal,d18:1,24:1
20452,0.0,7880,3400,24,1,Gal,d18:1,24:1
20453,0.2,8700,3400,24,1,Gal,d18:1,24:1
20454,0.4,8380,3400,24,1,Gal,d18:1,24:1
20455,0.6,8460,3400,24,1,Gal,d18:1,24:1
20456,0.8,5280,3400,24,1,Gal,d18:1,24:1
20457,1.0,5140,3400,24,1,Gal,d18:1,24:1
20458,1.2,2680,3400,24,1,Gal,d18:1,24:1
20459,1.4,1240,3400,24,1,Gal,d18:1,24:1
20460,1.6,680,3400,24,1,Gal,d18:1,24:1
20461,1.8,640,3400,24,1,Gal,d18:1,24:1
20462,2.0,580,3400,24,1,Gal,d18:1,24:1
20463,2.2,240,3400,24,1,Gal,d18:1,24:1
20464,2.4,40,3400,24,1,Gal,d18:1,24:1
20465,2.6,0,3400,24,1,Gal,d18:1,24:1
20466,2.8,20,3400,24,1,Gal,d18:1,24:1
20467,3.0,0,3400,24,1,Gal,d18:1,24:1
20468,3.2,40,3400,24,1,Gal,d18:1,24:1
20469,3.4,20,3400,24,1,Gal,d18:1,24:1
20470,3.6,100,3400,24,1,Gal,d18:1,24:1
20471,3.8,60,3400,24,1,Gal,d18:1,24:1
20472,4.0,0,3400,24,1,Gal,d18:1,24:1
20473,4.2,0,3400,24,1,Gal,d18:1,24:1
20474,4.4,0,3400,24,1,Gal,d18:1,24:1
20475,4.6,0,3400,24,1,Gal,d18:1,24:1
20476,4.8,0,3400,24,1,Gal,d18:1,24:1
20477,5.0,0,3400,24,1,Gal,d18:1,24:1
20478,5.2,0,3400,24,1,Gal,d18:1,24:1
20479,5.4,0,3400,24,1,Gal,d18:1,24:1
20480,5.6,0,3400,24,1,Gal,d18:1,24:1
20481,5.8,0,3400,24,1,Gal,d18:1,24:1
20482,6.0,0,3400,24,1,Gal,d18:1,24:1
20483,6.2,0,3400,24,1,Gal,d18:1,24:1
20484,6.4,0,3400,24,1,Gal,d18:1,24:1
20485,6.6,0,3400,24,1,Gal,d18:1,24:1
20486,6.8,0,3400,24,1,Gal,d18:1,24:1
20487,7.0,0,3400,24,1,Gal,d18:1,24:1
20488,7.2,0,3400,24,1,Gal,d18:1,24:1
20489,7.4,0,3400,24,1,Gal,d18:1,24:1
20490,7.6,0,3400,24,1,Gal,d18:1,24:1
20491,7.8,0,3400,24,1,Gal,d18:1,24:1
20492,8.0,0,3400,24,1,Gal,d18:1,24:1
20493,8.2,0,3400,24,1,Gal,d18:1,24:1
20494,8.4,0,3400,24,1,Gal,d18:1,24:1
20495,8.6,0,3400,24,1,Gal,d18:1,24:1
20496,8.8,0,3400,24,1,Gal,d18:1,24:1
20497,9.0,0,3400,24,1,Gal,d18:1,24:1
20498,9.2,0,3400,24,1,Gal,d18:1,24:1
20499,9.4,0,3400,24,1,Gal,d18:1,24:1
20500,9.6,0,3400,24,1,Gal,d18:1,24:1
20501,9.8,0,3400,24,1,Gal,d18:1,24:1
20502,10.0,0,3400,24,1,Gal,d18:1,24:1
20503,-10.0,0,3500,24,1,Gal,d18:1,24:1
20504,-9.8,0,3500,24,1,Gal,d18:1,24:1
20505,-9.6,0,3500,24,1,Gal,d18:1,24:1
20506,-9.4,0,3500,24,1,Gal,d18:1,24:1
20507,-9.2,0,3500,24,1,Gal,d18:1,24:1
20508,-9.0,0,3500,24,1,Gal,d18:1,24:1
20509,-8.8,0,3500,24,1,Gal,d18:1,24:1
20510,-8.6,0,3500,24,1,Gal,d18:1,24:1
20511,-8.4,0,3500,24,1,Gal,d18:1,24:1
20512,-8.2,0,3500,24,1,Gal,d18:1,24:1
20513,-8.0,0,3500,24,1,Gal,d18:1,24:1
20514,-7.8,0,3500,24,1,Gal,d18:1,24:1
20515,-7.6,0,3500,24,1,Gal,d18:1,24:1
20516,-7.4,0,3500,24,1,Gal,d18:1,24:1
20517,-7.2,0,3500,24,1,Gal,d18:1,24:1
20518,-7.0,0,3500,24,1,Gal,d18:1,24:1
20519,-6.8,0,3500,24,1,Gal,d18:1,24:1
20520,-6.6,0,3500,24,1,Gal,d18:1,24:1
20521,-6.4,0,3500,24,1,Gal,d18:1,24:1
20522,-6.2,0,3500,24,1,Gal,d18:1,24:1
20523,-6.0,0,3500,24,1,Gal,d18:1,24:1
20524,-5.8,0,3500,24,1,Gal,d18:1,24:1
20525,-5.6,0,3500,24,1,Gal,d18:1,24:1
20526,-5.4,0,3500,24,1,Gal,d18:1,24:1
20527,-5.2,0,3500,24,1,Gal,d18:1,24:1
20528,-5.0,0,3500,24,1,Gal,d18:1,24:1
20529,-4.8,0,3500,24,1,Gal,d18:1,24:1
20530,-4.6,0,3500,24,1,Gal,d18:1,24:1
20531,-4.4,0,3500,24,1,Gal,d18:1,24:1
20532,-4.2,0,3500,24,1,Gal,d18:1,24:1
20533,-4.0,20,3500,24,1,Gal,d18:1,24:1
20534,-3.8,0,3500,24,1,Gal,d18:1,24:1
20535,-3.6,0,3500,24,1,Gal,d18:1,24:1
20536,-3.4,0,3500,24,1,Gal,d18:1,24:1
20537,-3.2,0,3500,24,1,Gal,d18:1,24:1
20538,-3.0,0,3500,24,1,Gal,d18:1,24:1
20539,-2.8,0,3500,24,1,Gal,d18:1,24:1
20540,-2.6,0,3500,24,1,Gal,d18:1,24:1
20541,-2.4,0,3500,24,1,Gal,d18:1,24:1
20542,-2.2,0,3500,24,1,Gal,d18:1,24:1
20543,-2.0,100,3500,24,1,Gal,d18:1,24:1
20544,-1.8,0,3500,24,1,Gal,d18:1,24:1
20545,-1.6,140,3500,24,1,Gal,d18:1,24:1
20546,-1.4,300,3500,24,1,Gal,d18:1,24:1
20547,-1.2,220,3500,24,1,Gal,d18:1,24:1
20548,-1.0,380,3500,24,1,Gal,d18:1,24:1
20549,-0.8,1700,3500,24,1,Gal,d18:1,24:1
20550,-0.6,3120,3500,24,1,Gal,d18:1,24:1
20551,-0.4,5060,3500,24,1,Gal,d18:1,24:1
20552,-0.2,7100,3500,24,1,Gal,d18:1,24:1
20553,0.0,8800,3500,24,1,Gal,d18:1,24:1
20554,0.2,8360,3500,24,1,Gal,d18:1,24:1
20555,0.4,7720,3500,24,1,Gal,d18:1,24:1
20556,0.6,4560,3500,24,1,Gal,d18:1,24:1
20557,0.8,3580,3500,24,1,Gal,d18:1,24:1
20558,1.0,2820,3500,24,1,Gal,d18:1,24:1
20559,1.2,1280,3500,24,1,Gal,d18:1,24:1
20560,1.4,1240,3500,24,1,Gal,d18:1,24:1
20561,1.6,920,3500,24,1,Gal,d18:1,24:1
20562,1.8,780,3500,24,1,Gal,d18:1,24:1
20563,2.0,360,3500,24,1,Gal,d18:1,24:1
20564,2.2,280,3500,24,1,Gal,d18:1,24:1
20565,2.4,100,3500,24,1,Gal,d18:1,24:1
20566,2.6,120,3500,24,1,Gal,d18:1,24:1
20567,2.8,40,3500,24,1,Gal,d18:1,24:1
20568,3.0,40,3500,24,1,Gal,d18:1,24:1
20569,3.2,20,3500,24,1,Gal,d18:1,24:1
20570,3.4,0,3500,24,1,Gal,d18:1,24:1
20571,3.6,80,3500,24,1,Gal,d18:1,24:1
20572,3.8,0,3500,24,1,Gal,d18:1,24:1
20573,4.0,80,3500,24,1,Gal,d18:1,24:1
20574,4.2,0,3500,24,1,Gal,d18:1,24:1
20575,4.4,80,3500,24,1,Gal,d18:1,24:1
20576,4.6,80,3500,24,1,Gal,d18:1,24:1
20577,4.8,0,3500,24,1,Gal,d18:1,24:1
20578,5.0,0,3500,24,1,Gal,d18:1,24:1
20579,5.2,0,3500,24,1,Gal,d18:1,24:1
20580,5.4,0,3500,24,1,Gal,d18:1,24:1
20581,5.6,0,3500,24,1,Gal,d18:1,24:1
20582,5.8,0,3500,24,1,Gal,d18:1,24:1
20583,6.0,0,3500,24,1,Gal,d18:1,24:1
20584,6.2,0,3500,24,1,Gal,d18:1,24:1
20585,6.4,0,3500,24,1,Gal,d18:1,24:1
20586,6.6,0,3500,24,1,Gal,d18:1,24:1
20587,6.8,0,3500,24,1,Gal,d18:1,24:1
20588,7.0,0,3500,24,1,Gal,d18:1,24:1
20589,7.2,0,3500,24,1,Gal,d18:1,24:1
20590,7.4,0,3500,24,1,Gal,d18:1,24:1
20591,7.6,0,3500,24,1,Gal,d18:1,24:1
20592,7.8,0,3500,24,1,Gal,d18:1,24:1
20593,8.0,0,3500,24,1,Gal,d18:1,24:1
20594,8.2,0,3500,24,1,Gal,d18:1,24:1
20595,8.4,0,3500,24,1,Gal,d18:1,24:1
20596,8.6,0,3500,24,1,Gal,d18:1,24:1
20597,8.8,0,3500,24,1,Gal,d18:1,24:1
20598,9.0,0,3500,24,1,Gal,d18:1,24:1
20599,9.2,0,3500,24,1,Gal,d18:1,24:1
20600,9.4,0,3500,24,1,Gal,d18:1,24:1
20601,9.6,0,3500,24,1,Gal,d18:1,24:1
20602,9.8,0,3500,24,1,Gal,d18:1,24:1
20603,10.0,0,3500,24,1,Gal,d18:1,24:1
20604,-10.0,0,3600,24,1,Gal,d18:1,24:1
20605,-9.8,0,3600,24,1,Gal,d18:1,24:1
20606,-9.6,0,3600,24,1,Gal,d18:1,24:1
20607,-9.4,0,3600,24,1,Gal,d18:1,24:1
20608,-9.2,0,3600,24,1,Gal,d18:1,24:1
20609,-9.0,0,3600,24,1,Gal,d18:1,24:1
20610,-8.8,0,3600,24,1,Gal,d18:1,24:1
20611,-8.6,0,3600,24,1,Gal,d18:1,24:1
20612,-8.4,0,3600,24,1,Gal,d18:1,24:1
20613,-8.2,0,3600,24,1,Gal,d18:1,24:1
20614,-8.0,0,3600,24,1,Gal,d18:1,24:1
20615,-7.8,0,3600,24,1,Gal,d18:1,24:1
20616,-7.6,0,3600,24,1,Gal,d18:1,24:1
20617,-7.4,0,3600,24,1,Gal,d18:1,24:1
20618,-7.2,0,3600,24,1,Gal,d18:1,24:1
20619,-7.0,0,3600,24,1,Gal,d18:1,24:1
20620,-6.8,0,3600,24,1,Gal,d18:1,24:1
20621,-6.6,0,3600,24,1,Gal,d18:1,24:1
20622,-6.4,0,3600,24,1,Gal,d18:1,24:1
20623,-6.2,0,3600,24,1,Gal,d18:1,24:1
20624,-6.0,0,3600,24,1,Gal,d18:1,24:1
20625,-5.8,0,3600,24,1,Gal,d18:1,24:1
20626,-5.6,40,3600,24,1,Gal,d18:1,24:1
20627,-5.4,0,3600,24,1,Gal,d18:1,24:1
20628,-5.2,0,3600,24,1,Gal,d18:1,24:1
20629,-5.0,0,3600,24,1,Gal,d18:1,24:1
20630,-4.8,0,3600,24,1,Gal,d18:1,24:1
20631,-4.6,0,3600,24,1,Gal,d18:1,24:1
20632,-4.4,0,3600,24,1,Gal,d18:1,24:1
20633,-4.2,0,3600,24,1,Gal,d18:1,24:1
20634,-4.0,0,3600,24,1,Gal,d18:1,24:1
20635,-3.8,0,3600,24,1,Gal,d18:1,24:1
20636,-3.6,0,3600,24,1,Gal,d18:1,24:1
20637,-3.4,0,3600,24,1,Gal,d18:1,24:1
20638,-3.2,0,3600,24,1,Gal,d18:1,24:1
20639,-3.0,0,3600,24,1,Gal,d18:1,24:1
20640,-2.8,0,3600,24,1,Gal,d18:1,24:1
20641,-2.6,0,3600,24,1,Gal,d18:1,24:1
20642,-2.4,0,3600,24,1,Gal,d18:1,24:1
20643,-2.2,20,3600,24,1,Gal,d18:1,24:1
20644,-2.0,20,3600,24,1,Gal,d18:1,24:1
20645,-1.8,0,3600,24,1,Gal,d18:1,24:1
20646,-1.6,0,3600,24,1,Gal,d18:1,24:1
20647,-1.4,0,3600,24,1,Gal,d18:1,24:1
20648,-1.2,20,3600,24,1,Gal,d18:1,24:1
20649,-1.0,20,3600,24,1,Gal,d18:1,24:1
20650,-0.8,140,3600,24,1,Gal,d18:1,24:1
20651,-0.6,180,3600,24,1,Gal,d18:1,24:1
20652,-0.4,520,3600,24,1,Gal,d18:1,24:1
20653,-0.2,1960,3600,24,1,Gal,d18:1,24:1
20654,0.0,3060,3600,24,1,Gal,d18:1,24:1
20655,0.2,5400,3600,24,1,Gal,d18:1,24:1
20656,0.4,9700,3600,24,1,Gal,d18:1,24:1
20657,0.6,11120,3600,24,1,Gal,d18:1,24:1
20658,0.8,9420,3600,24,1,Gal,d18:1,24:1
20659,1.0,9100,3600,24,1,Gal,d18:1,24:1
20660,1.2,6160,3600,24,1,Gal,d18:1,24:1
20661,1.4,3500,3600,24,1,Gal,d18:1,24:1
20662,1.6,1940,3600,24,1,Gal,d18:1,24:1
20663,1.8,1460,3600,24,1,Gal,d18:1,24:1
20664,2.0,1360,3600,24,1,Gal,d18:1,24:1
20665,2.2,520,3600,24,1,Gal,d18:1,24:1
20666,2.4,460,3600,24,1,Gal,d18:1,24:1
20667,2.6,460,3600,24,1,Gal,d18:1,24:1
20668,2.8,60,3600,24,1,Gal,d18:1,24:1
20669,3.0,40,3600,24,1,Gal,d18:1,24:1
20670,3.2,40,3600,24,1,Gal,d18:1,24:1
20671,3.4,20,3600,24,1,Gal,d18:1,24:1
20672,3.6,0,3600,24,1,Gal,d18:1,24:1
20673,3.8,20,3600,24,1,Gal,d18:1,24:1
20674,4.0,0,3600,24,1,Gal,d18:1,24:1
20675,4.2,20,3600,24,1,Gal,d18:1,24:1
20676,4.4,60,3600,24,1,Gal,d18:1,24:1
20677,4.6,20,3600,24,1,Gal,d18:1,24:1
20678,4.8,40,3600,24,1,Gal,d18:1,24:1
20679,5.0,40,3600,24,1,Gal,d18:1,24:1
20680,5.2,0,3600,24,1,Gal,d18:1,24:1
20681,5.4,0,3600,24,1,Gal,d18:1,24:1
20682,5.6,0,3600,24,1,Gal,d18:1,24:1
20683,5.8,0,3600,24,1,Gal,d18:1,24:1
20684,6.0,0,3600,24,1,Gal,d18:1,24:1
20685,6.2,0,3600,24,1,Gal,d18:1,24:1
20686,6.4,0,3600,24,1,Gal,d18:1,24:1
20687,6.6,0,3600,24,1,Gal,d18:1,24:1
20688,6.8,0,3600,24,1,Gal,d18:1,24:1
20689,7.0,0,3600,24,1,Gal,d18:1,24:1
20690,7.2,0,3600,24,1,Gal,d18:1,24:1
20691,7.4,0,3600,24,1,Gal,d18:1,24:1
20692,7.6,0,3600,24,1,Gal,d18:1,24:1
20693,7.8,0,3600,24,1,Gal,d18:1,24:1
20694,8.0,0,3600,24,1,Gal,d18:1,24:1
20695,8.2,0,3600,24,1,Gal,d18:1,24:1
20696,8.4,0,3600,24,1,Gal,d18:1,24:1
20697,8.6,0,3600,24,1,Gal,d18:1,24:1
20698,8.8,0,3600,24,1,Gal,d18:1,24:1
20699,9.0,0,3600,24,1,Gal,d18:1,24:1
20700,9.2,0,3600,24,1,Gal,d18:1,24:1
20701,9.4,0,3600,24,1,Gal,d18:1,24:1
20702,9.6,0,3600,24,1,Gal,d18:1,24:1
20703,9.8,0,3600,24,1,Gal,d18:1,24:1
20704,10.0,0,3600,24,1,Gal,d18:1,24:1
20705,-10.0,0,3700,24,1,Gal,d18:1,24:1
20706,-9.8,0,3700,24,1,Gal,d18:1,24:1
20707,-9.6,0,3700,24,1,Gal,d18:1,24:1
20708,-9.4,0,3700,24,1,Gal,d18:1,24:1
20709,-9.2,0,3700,24,1,Gal,d18:1,24:1
20710,-9.0,0,3700,24,1,Gal,d18:1,24:1
20711,-8.8,0,3700,24,1,Gal,d18:1,24:1
20712,-8.6,0,3700,24,1,Gal,d18:1,24:1
20713,-8.4,0,3700,24,1,Gal,d18:1,24:1
20714,-8.2,0,3700,24,1,Gal,d18:1,24:1
20715,-8.0,0,3700,24,1,Gal,d18:1,24:1
20716,-7.8,0,3700,24,1,Gal,d18:1,24:1
20717,-7.6,0,3700,24,1,Gal,d18:1,24:1
20718,-7.4,0,3700,24,1,Gal,d18:1,24:1
20719,-7.2,0,3700,24,1,Gal,d18:1,24:1
20720,-7.0,0,3700,24,1,Gal,d18:1,24:1
20721,-6.8,0,3700,24,1,Gal,d18:1,24:1
20722,-6.6,0,3700,24,1,Gal,d18:1,24:1
20723,-6.4,0,3700,24,1,Gal,d18:1,24:1
20724,-6.2,0,3700,24,1,Gal,d18:1,24:1
20725,-6.0,0,3700,24,1,Gal,d18:1,24:1
20726,-5.8,0,3700,24,1,Gal,d18:1,24:1
20727,-5.6,0,3700,24,1,Gal,d18:1,24:1
20728,-5.4,0,3700,24,1,Gal,d18:1,24:1
20729,-5.2,0,3700,24,1,Gal,d18:1,24:1
20730,-5.0,0,3700,24,1,Gal,d18:1,24:1
20731,-4.8,0,3700,24,1,Gal,d18:1,24:1
20732,-4.6,0,3700,24,1,Gal,d18:1,24:1
20733,-4.4,0,3700,24,1,Gal,d18:1,24:1
20734,-4.2,0,3700,24,1,Gal,d18:1,24:1
20735,-4.0,0,3700,24,1,Gal,d18:1,24:1
20736,-3.8,0,3700,24,1,Gal,d18:1,24:1
20737,-3.6,0,3700,24,1,Gal,d18:1,24:1
20738,-3.4,0,3700,24,1,Gal,d18:1,24:1
20739,-3.2,0,3700,24,1,Gal,d18:1,24:1
20740,-3.0,0,3700,24,1,Gal,d18:1,24:1
20741,-2.8,0,3700,24,1,Gal,d18:1,24:1
20742,-2.6,0,3700,24,1,Gal,d18:1,24:1
20743,-2.4,20,3700,24,1,Gal,d18:1,24:1
20744,-2.2,0,3700,24,1,Gal,d18:1,24:1
20745,-2.0,0,3700,24,1,Gal,d18:1,24:1
20746,-1.8,40,3700,24,1,Gal,d18:1,24:1
20747,-1.6,100,3700,24,1,Gal,d18:1,24:1
20748,-1.4,100,3700,24,1,Gal,d18:1,24:1
20749,-1.2,100,3700,24,1,Gal,d18:1,24:1
20750,-1.0,120,3700,24,1,Gal,d18:1,24:1
20751,-0.8,40,3700,24,1,Gal,d18:1,24:1
20752,-0.6,260,3700,24,1,Gal,d18:1,24:1
20753,-0.4,80,3700,24,1,Gal,d18:1,24:1
20754,-0.2,740,3700,24,1,Gal,d18:1,24:1
20755,0.0,1900,3700,24,1,Gal,d18:1,24:1
20756,0.2,4940,3700,24,1,Gal,d18:1,24:1
20757,0.4,7000,3700,24,1,Gal,d18:1,24:1
20758,0.6,9260,3700,24,1,Gal,d18:1,24:1
20759,0.8,11960,3700,24,1,Gal,d18:1,24:1
20760,1.0,11680,3700,24,1,Gal,d18:1,24:1
20761,1.2,9340,3700,24,1,Gal,d18:1,24:1
20762,1.4,7260,3700,24,1,Gal,d18:1,24:1
20763,1.6,5680,3700,24,1,Gal,d18:1,24:1
20764,1.8,3480,3700,24,1,Gal,d18:1,24:1
20765,2.0,2320,3700,24,1,Gal,d18:1,24:1
20766,2.2,680,3700,24,1,Gal,d18:1,24:1
20767,2.4,880,3700,24,1,Gal,d18:1,24:1
20768,2.6,420,3700,24,1,Gal,d18:1,24:1
20769,2.8,240,3700,24,1,Gal,d18:1,24:1
20770,3.0,120,3700,24,1,Gal,d18:1,24:1
20771,3.2,80,3700,24,1,Gal,d18:1,24:1
20772,3.4,40,3700,24,1,Gal,d18:1,24:1
20773,3.6,60,3700,24,1,Gal,d18:1,24:1
20774,3.8,20,3700,24,1,Gal,d18:1,24:1
20775,4.0,0,3700,24,1,Gal,d18:1,24:1
20776,4.2,0,3700,24,1,Gal,d18:1,24:1
20777,4.4,0,3700,24,1,Gal,d18:1,24:1
20778,4.6,20,3700,24,1,Gal,d18:1,24:1
20779,4.8,0,3700,24,1,Gal,d18:1,24:1
20780,5.0,20,3700,24,1,Gal,d18:1,24:1
20781,5.2,40,3700,24,1,Gal,d18:1,24:1
20782,5.4,0,3700,24,1,Gal,d18:1,24:1
20783,5.6,0,3700,24,1,Gal,d18:1,24:1
20784,5.8,0,3700,24,1,Gal,d18:1,24:1
20785,6.0,0,3700,24,1,Gal,d18:1,24:1
20786,6.2,0,3700,24,1,Gal,d18:1,24:1
20787,6.4,0,3700,24,1,Gal,d18:1,24:1
20788,6.6,0,3700,24,1,Gal,d18:1,24:1
20789,6.8,0,3700,24,1,Gal,d18:1,24:1
20790,7.0,0,3700,24,1,Gal,d18:1,24:1
20791,7.2,0,3700,24,1,Gal,d18:1,24:1
20792,7.4,0,3700,24,1,Gal,d18:1,24:1
20793,7.6,0,3700,24,1,Gal,d18:1,24:1
20794,7.8,0,3700,24,1,Gal,d18:1,24:1
20795,8.0,0,3700,24,1,Gal,d18:1,24:1
20796,8.2,0,3700,24,1,Gal,d18:1,24:1
20797,8.4,0,3700,24,1,Gal,d18:1,24:1
20798,8.6,0,3700,24,1,Gal,d18:1,24:1
20799,8.8,0,3700,24,1,Gal,d18:1,24:1
20800,9.0,0,3700,24,1,Gal,d18:1,24:1
20801,9.2,0,3700,24,1,Gal,d18:1,24:1
20802,9.4,0,3700,24,1,Gal,d18:1,24:1
20803,9.6,0,3700,24,1,Gal,d18:1,24:1
20804,9.8,0,3700,24,1,Gal,d18:1,24:1
20805,10.0,0,3700,24,1,Gal,d18:1,24:1
20806,-10.0,0,3800,24,1,Gal,d18:1,24:1
20807,-9.8,0,3800,24,1,Gal,d18:1,24:1
20808,-9.6,0,3800,24,1,Gal,d18:1,24:1
20809,-9.4,0,3800,24,1,Gal,d18:1,24:1
20810,-9.2,0,3800,24,1,Gal,d18:1,24:1
20811,-9.0,0,3800,24,1,Gal,d18:1,24:1
20812,-8.8,0,3800,24,1,Gal,d18:1,24:1
20813,-8.6,0,3800,24,1,Gal,d18:1,24:1
20814,-8.4,0,3800,24,1,Gal,d18:1,24:1
20815,-8.2,0,3800,24,1,Gal,d18:1,24:1
20816,-8.0,0,3800,24,1,Gal,d18:1,24:1
20817,-7.8,0,3800,24,1,Gal,d18:1,24:1
20818,-7.6,0,3800,24,1,Gal,d18:1,24:1
20819,-7.4,0,3800,24,1,Gal,d18:1,24:1
20820,-7.2,0,3800,24,1,Gal,d18:1,24:1
20821,-7.0,0,3800,24,1,Gal,d18:1,24:1
20822,-6.8,0,3800,24,1,Gal,d18:1,24:1
20823,-6.6,0,3800,24,1,Gal,d18:1,24:1
20824,-6.4,0,3800,24,1,Gal,d18:1,24:1
20825,-6.2,0,3800,24,1,Gal,d18:1,24:1
20826,-6.0,0,3800,24,1,Gal,d18:1,24:1
20827,-5.8,0,3800,24,1,Gal,d18:1,24:1
20828,-5.6,0,3800,24,1,Gal,d18:1,24:1
20829,-5.4,0,3800,24,1,Gal,d18:1,24:1
20830,-5.2,0,3800,24,1,Gal,d18:1,24:1
20831,-5.0,0,3800,24,1,Gal,d18:1,24:1
20832,-4.8,0,3800,24,1,Gal,d18:1,24:1
20833,-4.6,0,3800,24,1,Gal,d18:1,24:1
20834,-4.4,0,3800,24,1,Gal,d18:1,24:1
20835,-4.2,0,3800,24,1,Gal,d18:1,24:1
20836,-4.0,0,3800,24,1,Gal,d18:1,24:1
20837,-3.8,0,3800,24,1,Gal,d18:1,24:1
20838,-3.6,0,3800,24,1,Gal,d18:1,24:1
20839,-3.4,0,3800,24,1,Gal,d18:1,24:1
20840,-3.2,0,3800,24,1,Gal,d18:1,24:1
20841,-3.0,0,3800,24,1,Gal,d18:1,24:1
20842,-2.8,20,3800,24,1,Gal,d18:1,24:1
20843,-2.6,60,3800,24,1,Gal,d18:1,24:1
20844,-2.4,40,3800,24,1,Gal,d18:1,24:1
20845,-2.2,20,3800,24,1,Gal,d18:1,24:1
20846,-2.0,60,3800,24,1,Gal,d18:1,24:1
20847,-1.8,0,3800,24,1,Gal,d18:1,24:1
20848,-1.6,120,3800,24,1,Gal,d18:1,24:1
20849,-1.4,20,3800,24,1,Gal,d18:1,24:1
20850,-1.2,120,3800,24,1,Gal,d18:1,24:1
20851,-1.0,80,3800,24,1,Gal,d18:1,24:1
20852,-0.8,120,3800,24,1,Gal,d18:1,24:1
20853,-0.6,480,3800,24,1,Gal,d18:1,24:1
20854,-0.4,1080,3800,24,1,Gal,d18:1,24:1
20855,-0.2,2520,3800,24,1,Gal,d18:1,24:1
20856,0.0,3860,3800,24,1,Gal,d18:1,24:1
20857,0.2,6560,3800,24,1,Gal,d18:1,24:1
20858,0.4,8260,3800,24,1,Gal,d18:1,24:1
20859,0.6,10440,3800,24,1,Gal,d18:1,24:1
20860,0.8,8820,3800,24,1,Gal,d18:1,24:1
20861,1.0,7540,3800,24,1,Gal,d18:1,24:1
20862,1.2,6560,3800,24,1,Gal,d18:1,24:1
20863,1.4,3420,3800,24,1,Gal,d18:1,24:1
20864,1.6,2340,3800,24,1,Gal,d18:1,24:1
20865,1.8,1700,3800,24,1,Gal,d18:1,24:1
20866,2.0,1080,3800,24,1,Gal,d18:1,24:1
20867,2.2,1280,3800,24,1,Gal,d18:1,24:1
20868,2.4,820,3800,24,1,Gal,d18:1,24:1
20869,2.6,600,3800,24,1,Gal,d18:1,24:1
20870,2.8,480,3800,24,1,Gal,d18:1,24:1
20871,3.0,180,3800,24,1,Gal,d18:1,24:1
20872,3.2,100,3800,24,1,Gal,d18:1,24:1
20873,3.4,100,3800,24,1,Gal,d18:1,24:1
20874,3.6,40,3800,24,1,Gal,d18:1,24:1
20875,3.8,0,3800,24,1,Gal,d18:1,24:1
20876,4.0,0,3800,24,1,Gal,d18:1,24:1
20877,4.2,0,3800,24,1,Gal,d18:1,24:1
20878,4.4,40,3800,24,1,Gal,d18:1,24:1
20879,4.6,40,3800,24,1,Gal,d18:1,24:1
20880,4.8,0,3800,24,1,Gal,d18:1,24:1
20881,5.0,20,3800,24,1,Gal,d18:1,24:1
20882,5.2,0,3800,24,1,Gal,d18:1,24:1
20883,5.4,40,3800,24,1,Gal,d18:1,24:1
20884,5.6,20,3800,24,1,Gal,d18:1,24:1
20885,5.8,0,3800,24,1,Gal,d18:1,24:1
20886,6.0,0,3800,24,1,Gal,d18:1,24:1
20887,6.2,0,3800,24,1,Gal,d18:1,24:1
20888,6.4,0,3800,24,1,Gal,d18:1,24:1
20889,6.6,0,3800,24,1,Gal,d18:1,24:1
20890,6.8,20,3800,24,1,Gal,d18:1,24:1
20891,7.0,0,3800,24,1,Gal,d18:1,24:1
20892,7.2,0,3800,24,1,Gal,d18:1,24:1
20893,7.4,0,3800,24,1,Gal,d18:1,24:1
20894,7.6,0,3800,24,1,Gal,d18:1,24:1
20895,7.8,0,3800,24,1,Gal,d18:1,24:1
20896,8.0,0,3800,24,1,Gal,d18:1,24:1
20897,8.2,0,3800,24,1,Gal,d18:1,24:1
20898,8.4,0,3800,24,1,Gal,d18:1,24:1
20899,8.6,0,3800,24,1,Gal,d18:1,24:1
20900,8.8,0,3800,24,1,Gal,d18:1,24:1
20901,9.0,0,3800,24,1,Gal,d18:1,24:1
20902,9.2,0,3800,24,1,Gal,d18:1,24:1
20903,9.4,0,3800,24,1,Gal,d18:1,24:1
20904,9.6,0,3800,24,1,Gal,d18:1,24:1
20905,9.8,0,3800,24,1,Gal,d18:1,24:1
20906,10.0,0,3800,24,1,Gal,d18:1,24:1
20907,-10.0,0,3900,24,1,Gal,d18:1,24:1
20908,-9.8,0,3900,24,1,Gal,d18:1,24:1
20909,-9.6,0,3900,24,1,Gal,d18:1,24:1
20910,-9.4,0,3900,24,1,Gal,d18:1,24:1
20911,-9.2,0,3900,24,1,Gal,d18:1,24:1
20912,-9.0,0,3900,24,1,Gal,d18:1,24:1
20913,-8.8,0,3900,24,1,Gal,d18:1,24:1
20914,-8.6,0,3900,24,1,Gal,d18:1,24:1
20915,-8.4,0,3900,24,1,Gal,d18:1,24:1
20916,-8.2,0,3900,24,1,Gal,d18:1,24:1
20917,-8.0,0,3900,24,1,Gal,d18:1,24:1
20918,-7.8,0,3900,24,1,Gal,d18:1,24:1
20919,-7.6,0,3900,24,1,Gal,d18:1,24:1
20920,-7.4,0,3900,24,1,Gal,d18:1,24:1
20921,-7.2,0,3900,24,1,Gal,d18:1,24:1
20922,-7.0,0,3900,24,1,Gal,d18:1,24:1
20923,-6.8,0,3900,24,1,Gal,d18:1,24:1
20924,-6.6,0,3900,24,1,Gal,d18:1,24:1
20925,-6.4,0,3900,24,1,Gal,d18:1,24:1
20926,-6.2,0,3900,24,1,Gal,d18:1,24:1
20927,-6.0,0,3900,24,1,Gal,d18:1,24:1
20928,-5.8,0,3900,24,1,Gal,d18:1,24:1
20929,-5.6,0,3900,24,1,Gal,d18:1,24:1
20930,-5.4,0,3900,24,1,Gal,d18:1,24:1
20931,-5.2,0,3900,24,1,Gal,d18:1,24:1
20932,-5.0,0,3900,24,1,Gal,d18:1,24:1
20933,-4.8,0,3900,24,1,Gal,d18:1,24:1
20934,-4.6,0,3900,24,1,Gal,d18:1,24:1
20935,-4.4,0,3900,24,1,Gal,d18:1,24:1
20936,-4.2,0,3900,24,1,Gal,d18:1,24:1
20937,-4.0,0,3900,24,1,Gal,d18:1,24:1
20938,-3.8,0,3900,24,1,Gal,d18:1,24:1
20939,-3.6,0,3900,24,1,Gal,d18:1,24:1
20940,-3.4,0,3900,24,1,Gal,d18:1,24:1
20941,-3.2,0,3900,24,1,Gal,d18:1,24:1
20942,-3.0,0,3900,24,1,Gal,d18:1,24:1
20943,-2.8,40,3900,24,1,Gal,d18:1,24:1
20944,-2.6,0,3900,24,1,Gal,d18:1,24:1
20945,-2.4,0,3900,24,1,Gal,d18:1,24:1
20946,-2.2,20,3900,24,1,Gal,d18:1,24:1
20947,-2.0,60,3900,24,1,Gal,d18:1,24:1
20948,-1.8,20,3900,24,1,Gal,d18:1,24:1
20949,-1.6,20,3900,24,1,Gal,d18:1,24:1
20950,-1.4,0,3900,24,1,Gal,d18:1,24:1
20951,-1.2,200,3900,24,1,Gal,d18:1,24:1
20952,-1.0,80,3900,24,1,Gal,d18:1,24:1
20953,-0.8,40,3900,24,1,Gal,d18:1,24:1
20954,-0.6,100,3900,24,1,Gal,d18:1,24:1
20955,-0.4,120,3900,24,1,Gal,d18:1,24:1
20956,-0.2,480,3900,24,1,Gal,d18:1,24:1
20957,0.0,700,3900,24,1,Gal,d18:1,24:1
20958,0.2,2180,3900,24,1,Gal,d18:1,24:1
20959,0.4,5140,3900,24,1,Gal,d18:1,24:1
20960,0.6,6740,3900,24,1,Gal,d18:1,24:1
20961,0.8,9600,3900,24,1,Gal,d18:1,24:1
20962,1.0,12800,3900,24,1,Gal,d18:1,24:1
20963,1.2,10220,3900,24,1,Gal,d18:1,24:1
20964,1.4,8040,3900,24,1,Gal,d18:1,24:1
20965,1.6,6240,3900,24,1,Gal,d18:1,24:1
20966,1.8,5180,3900,24,1,Gal,d18:1,24:1
20967,2.0,2620,3900,24,1,Gal,d18:1,24:1
20968,2.2,1440,3900,24,1,Gal,d18:1,24:1
20969,2.4,1160,3900,24,1,Gal,d18:1,24:1
20970,2.6,600,3900,24,1,Gal,d18:1,24:1
20971,2.8,540,3900,24,1,Gal,d18:1,24:1
20972,3.0,420,3900,24,1,Gal,d18:1,24:1
20973,3.2,320,3900,24,1,Gal,d18:1,24:1
20974,3.4,20,3900,24,1,Gal,d18:1,24:1
20975,3.6,100,3900,24,1,Gal,d18:1,24:1
20976,3.8,60,3900,24,1,Gal,d18:1,24:1
20977,4.0,0,3900,24,1,Gal,d18:1,24:1
20978,4.2,0,3900,24,1,Gal,d18:1,24:1
20979,4.4,0,3900,24,1,Gal,d18:1,24:1
20980,4.6,0,3900,24,1,Gal,d18:1,24:1
20981,4.8,40,3900,24,1,Gal,d18:1,24:1
20982,5.0,0,3900,24,1,Gal,d18:1,24:1
20983,5.2,0,3900,24,1,Gal,d18:1,24:1
20984,5.4,100,3900,24,1,Gal,d18:1,24:1
20985,5.6,0,3900,24,1,Gal,d18:1,24:1
20986,5.8,20,3900,24,1,Gal,d18:1,24:1
20987,6.0,60,3900,24,1,Gal,d18:1,24:1
20988,6.2,20,3900,24,1,Gal,d18:1,24:1
20989,6.4,0,3900,24,1,Gal,d18:1,24:1
20990,6.6,0,3900,24,1,Gal,d18:1,24:1
20991,6.8,0,3900,24,1,Gal,d18:1,24:1
20992,7.0,0,3900,24,1,Gal,d18:1,24:1
20993,7.2,0,3900,24,1,Gal,d18:1,24:1
20994,7.4,0,3900,24,1,Gal,d18:1,24:1
20995,7.6,0,3900,24,1,Gal,d18:1,24:1
20996,7.8,0,3900,24,1,Gal,d18:1,24:1
20997,8.0,0,3900,24,1,Gal,d18:1,24:1
20998,8.2,0,3900,24,1,Gal,d18:1,24:1
20999,8.4,0,3900,24,1,Gal,d18:1,24:1
21000,8.6,0,3900,24,1,Gal,d18:1,24:1
21001,8.8,0,3900,24,1,Gal,d18:1,24:1
21002,9.0,0,3900,24,1,Gal,d18:1,24:1
21003,9.2,0,3900,24,1,Gal,d18:1,24:1
21004,9.4,0,3900,24,1,Gal,d18:1,24:1
21005,9.6,0,3900,24,1,Gal,d18:1,24:1
21006,9.8,0,3900,24,1,Gal,d18:1,24:1
21007,10.0,0,3900,24,1,Gal,d18:1,24:1
21008,-10.0,0,4000,24,1,Gal,d18:1,24:1
21009,-9.8,0,4000,24,1,Gal,d18:1,24:1
21010,-9.6,0,4000,24,1,Gal,d18:1,24:1
21011,-9.4,0,4000,24,1,Gal,d18:1,24:1
21012,-9.2,0,4000,24,1,Gal,d18:1,24:1
21013,-9.0,0,4000,24,1,Gal,d18:1,24:1
21014,-8.8,0,4000,24,1,Gal,d18:1,24:1
21015,-8.6,0,4000,24,1,Gal,d18:1,24:1
21016,-8.4,0,4000,24,1,Gal,d18:1,24:1
21017,-8.2,0,4000,24,1,Gal,d18:1,24:1
21018,-8.0,0,4000,24,1,Gal,d18:1,24:1
21019,-7.8,0,4000,24,1,Gal,d18:1,24:1
21020,-7.6,0,4000,24,1,Gal,d18:1,24:1
21021,-7.4,0,4000,24,1,Gal,d18:1,24:1
21022,-7.2,0,4000,24,1,Gal,d18:1,24:1
21023,-7.0,0,4000,24,1,Gal,d18:1,24:1
21024,-6.8,0,4000,24,1,Gal,d18:1,24:1
21025,-6.6,0,4000,24,1,Gal,d18:1,24:1
21026,-6.4,0,4000,24,1,Gal,d18:1,24:1
21027,-6.2,0,4000,24,1,Gal,d18:1,24:1
21028,-6.0,0,4000,24,1,Gal,d18:1,24:1
21029,-5.8,0,4000,24,1,Gal,d18:1,24:1
21030,-5.6,0,4000,24,1,Gal,d18:1,24:1
21031,-5.4,0,4000,24,1,Gal,d18:1,24:1
21032,-5.2,0,4000,24,1,Gal,d18:1,24:1
21033,-5.0,0,4000,24,1,Gal,d18:1,24:1
21034,-4.8,0,4000,24,1,Gal,d18:1,24:1
21035,-4.6,0,4000,24,1,Gal,d18:1,24:1
21036,-4.4,0,4000,24,1,Gal,d18:1,24:1
21037,-4.2,0,4000,24,1,Gal,d18:1,24:1
21038,-4.0,0,4000,24,1,Gal,d18:1,24:1
21039,-3.8,0,4000,24,1,Gal,d18:1,24:1
21040,-3.6,0,4000,24,1,Gal,d18:1,24:1
21041,-3.4,0,4000,24,1,Gal,d18:1,24:1
21042,-3.2,0,4000,24,1,Gal,d18:1,24:1
21043,-3.0,0,4000,24,1,Gal,d18:1,24:1
21044,-2.8,0,4000,24,1,Gal,d18:1,24:1
21045,-2.6,0,4000,24,1,Gal,d18:1,24:1
21046,-2.4,80,4000,24,1,Gal,d18:1,24:1
21047,-2.2,0,4000,24,1,Gal,d18:1,24:1
21048,-2.0,60,4000,24,1,Gal,d18:1,24:1
21049,-1.8,20,4000,24,1,Gal,d18:1,24:1
21050,-1.6,0,4000,24,1,Gal,d18:1,24:1
21051,-1.4,40,4000,24,1,Gal,d18:1,24:1
21052,-1.2,40,4000,24,1,Gal,d18:1,24:1
21053,-1.0,60,4000,24,1,Gal,d18:1,24:1
21054,-0.8,40,4000,24,1,Gal,d18:1,24:1
21055,-0.6,140,4000,24,1,Gal,d18:1,24:1
21056,-0.4,160,4000,24,1,Gal,d18:1,24:1
21057,-0.2,60,4000,24,1,Gal,d18:1,24:1
21058,0.0,180,4000,24,1,Gal,d18:1,24:1
21059,0.2,640,4000,24,1,Gal,d18:1,24:1
21060,0.4,1940,4000,24,1,Gal,d18:1,24:1
21061,0.6,5220,4000,24,1,Gal,d18:1,24:1
21062,0.8,7720,4000,24,1,Gal,d18:1,24:1
21063,1.0,9400,4000,24,1,Gal,d18:1,24:1
21064,1.2,9660,4000,24,1,Gal,d18:1,24:1
21065,1.4,8840,4000,24,1,Gal,d18:1,24:1
21066,1.6,6420,4000,24,1,Gal,d18:1,24:1
21067,1.8,4680,4000,24,1,Gal,d18:1,24:1
21068,2.0,2440,4000,24,1,Gal,d18:1,24:1
21069,2.2,1900,4000,24,1,Gal,d18:1,24:1
21070,2.4,940,4000,24,1,Gal,d18:1,24:1
21071,2.6,700,4000,24,1,Gal,d18:1,24:1
21072,2.8,480,4000,24,1,Gal,d18:1,24:1
21073,3.0,660,4000,24,1,Gal,d18:1,24:1
21074,3.2,260,4000,24,1,Gal,d18:1,24:1
21075,3.4,40,4000,24,1,Gal,d18:1,24:1
21076,3.6,60,4000,24,1,Gal,d18:1,24:1
21077,3.8,20,4000,24,1,Gal,d18:1,24:1
21078,4.0,0,4000,24,1,Gal,d18:1,24:1
21079,4.2,20,4000,24,1,Gal,d18:1,24:1
21080,4.4,40,4000,24,1,Gal,d18:1,24:1
21081,4.6,20,4000,24,1,Gal,d18:1,24:1
21082,4.8,20,4000,24,1,Gal,d18:1,24:1
21083,5.0,0,4000,24,1,Gal,d18:1,24:1
21084,5.2,0,4000,24,1,Gal,d18:1,24:1
21085,5.4,0,4000,24,1,Gal,d18:1,24:1
21086,5.6,0,4000,24,1,Gal,d18:1,24:1
21087,5.8,140,4000,24,1,Gal,d18:1,24:1
21088,6.0,20,4000,24,1,Gal,d18:1,24:1
21089,6.2,0,4000,24,1,Gal,d18:1,24:1
21090,6.4,0,4000,24,1,Gal,d18:1,24:1
21091,6.6,20,4000,24,1,Gal,d18:1,24:1
21092,6.8,0,4000,24,1,Gal,d18:1,24:1
21093,7.0,0,4000,24,1,Gal,d18:1,24:1
21094,7.2,0,4000,24,1,Gal,d18:1,24:1
21095,7.4,0,4000,24,1,Gal,d18:1,24:1
21096,7.6,0,4000,24,1,Gal,d18:1,24:1
21097,7.8,0,4000,24,1,Gal,d18:1,24:1
21098,8.0,0,4000,24,1,Gal,d18:1,24:1
21099,8.2,0,4000,24,1,Gal,d18:1,24:1
21100,8.4,0,4000,24,1,Gal,d18:1,24:1
21101,8.6,0,4000,24,1,Gal,d18:1,24:1
21102,8.8,0,4000,24,1,Gal,d18:1,24:1
21103,9.0,0,4000,24,1,Gal,d18:1,24:1
21104,9.2,0,4000,24,1,Gal,d18:1,24:1
21105,9.4,0,4000,24,1,Gal,d18:1,24:1
21106,9.6,0,4000,24,1,Gal,d18:1,24:1
21107,9.8,0,4000,24,1,Gal,d18:1,24:1
21108,10.0,0,4000,24,1,Gal,d18:1,24:1
21109,-10.0,0,4100,24,1,Gal,d18:1,24:1
21110,-9.8,0,4100,24,1,Gal,d18:1,24:1
21111,-9.6,0,4100,24,1,Gal,d18:1,24:1
21112,-9.4,0,4100,24,1,Gal,d18:1,24:1
21113,-9.2,0,4100,24,1,Gal,d18:1,24:1
21114,-9.0,0,4100,24,1,Gal,d18:1,24:1
21115,-8.8,0,4100,24,1,Gal,d18:1,24:1
21116,-8.6,0,4100,24,1,Gal,d18:1,24:1
21117,-8.4,0,4100,24,1,Gal,d18:1,24:1
21118,-8.2,0,4100,24,1,Gal,d18:1,24:1
21119,-8.0,0,4100,24,1,Gal,d18:1,24:1
21120,-7.8,0,4100,24,1,Gal,d18:1,24:1
21121,-7.6,0,4100,24,1,Gal,d18:1,24:1
21122,-7.4,0,4100,24,1,Gal,d18:1,24:1
21123,-7.2,0,4100,24,1,Gal,d18:1,24:1
21124,-7.0,0,4100,24,1,Gal,d18:1,24:1
21125,-6.8,0,4100,24,1,Gal,d18:1,24:1
21126,-6.6,0,4100,24,1,Gal,d18:1,24:1
21127,-6.4,0,4100,24,1,Gal,d18:1,24:1
21128,-6.2,0,4100,24,1,Gal,d18:1,24:1
21129,-6.0,0,4100,24,1,Gal,d18:1,24:1
21130,-5.8,0,4100,24,1,Gal,d18:1,24:1
21131,-5.6,0,4100,24,1,Gal,d18:1,24:1
21132,-5.4,0,4100,24,1,Gal,d18:1,24:1
21133,-5.2,0,4100,24,1,Gal,d18:1,24:1
21134,-5.0,0,4100,24,1,Gal,d18:1,24:1
21135,-4.8,0,4100,24,1,Gal,d18:1,24:1
21136,-4.6,0,4100,24,1,Gal,d18:1,24:1
21137,-4.4,0,4100,24,1,Gal,d18:1,24:1
21138,-4.2,0,4100,24,1,Gal,d18:1,24:1
21139,-4.0,0,4100,24,1,Gal,d18:1,24:1
21140,-3.8,0,4100,24,1,Gal,d18:1,24:1
21141,-3.6,0,4100,24,1,Gal,d18:1,24:1
21142,-3.4,0,4100,24,1,Gal,d18:1,24:1
21143,-3.2,20,4100,24,1,Gal,d18:1,24:1
21144,-3.0,0,4100,24,1,Gal,d18:1,24:1
21145,-2.8,0,4100,24,1,Gal,d18:1,24:1
21146,-2.6,0,4100,24,1,Gal,d18:1,24:1
21147,-2.4,0,4100,24,1,Gal,d18:1,24:1
21148,-2.2,40,4100,24,1,Gal,d18:1,24:1
21149,-2.0,40,4100,24,1,Gal,d18:1,24:1
21150,-1.8,0,4100,24,1,Gal,d18:1,24:1
21151,-1.6,0,4100,24,1,Gal,d18:1,24:1
21152,-1.4,60,4100,24,1,Gal,d18:1,24:1
21153,-1.2,0,4100,24,1,Gal,d18:1,24:1
21154,-1.0,40,4100,24,1,Gal,d18:1,24:1
21155,-0.8,120,4100,24,1,Gal,d18:1,24:1
21156,-0.6,60,4100,24,1,Gal,d18:1,24:1
21157,-0.4,120,4100,24,1,Gal,d18:1,24:1
21158,-0.2,200,4100,24,1,Gal,d18:1,24:1
21159,0.0,60,4100,24,1,Gal,d18:1,24:1
21160,0.2,280,4100,24,1,Gal,d18:1,24:1
21161,0.4,780,4100,24,1,Gal,d18:1,24:1
21162,0.6,2140,4100,24,1,Gal,d18:1,24:1
21163,0.8,3640,4100,24,1,Gal,d18:1,24:1
21164,1.0,6940,4100,24,1,Gal,d18:1,24:1
21165,1.2,8020,4100,24,1,Gal,d18:1,24:1
21166,1.4,11280,4100,24,1,Gal,d18:1,24:1
21167,1.6,11600,4100,24,1,Gal,d18:1,24:1
21168,1.8,11320,4100,24,1,Gal,d18:1,24:1
21169,2.0,7680,4100,24,1,Gal,d18:1,24:1
21170,2.2,4520,4100,24,1,Gal,d18:1,24:1
21171,2.4,2780,4100,24,1,Gal,d18:1,24:1
21172,2.6,2200,4100,24,1,Gal,d18:1,24:1
21173,2.8,1680,4100,24,1,Gal,d18:1,24:1
21174,3.0,800,4100,24,1,Gal,d18:1,24:1
21175,3.2,760,4100,24,1,Gal,d18:1,24:1
21176,3.4,360,4100,24,1,Gal,d18:1,24:1
21177,3.6,160,4100,24,1,Gal,d18:1,24:1
21178,3.8,180,4100,24,1,Gal,d18:1,24:1
21179,4.0,180,4100,24,1,Gal,d18:1,24:1
21180,4.2,220,4100,24,1,Gal,d18:1,24:1
21181,4.4,120,4100,24,1,Gal,d18:1,24:1
21182,4.6,20,4100,24,1,Gal,d18:1,24:1
21183,4.8,40,4100,24,1,Gal,d18:1,24:1
21184,5.0,0,4100,24,1,Gal,d18:1,24:1
21185,5.2,0,4100,24,1,Gal,d18:1,24:1
21186,5.4,20,4100,24,1,Gal,d18:1,24:1
21187,5.6,0,4100,24,1,Gal,d18:1,24:1
21188,5.8,0,4100,24,1,Gal,d18:1,24:1
21189,6.0,20,4100,24,1,Gal,d18:1,24:1
21190,6.2,0,4100,24,1,Gal,d18:1,24:1
21191,6.4,20,4100,24,1,Gal,d18:1,24:1
21192,6.6,20,4100,24,1,Gal,d18:1,24:1
21193,6.8,0,4100,24,1,Gal,d18:1,24:1
21194,7.0,0,4100,24,1,Gal,d18:1,24:1
21195,7.2,20,4100,24,1,Gal,d18:1,24:1
21196,7.4,0,4100,24,1,Gal,d18:1,24:1
21197,7.6,20,4100,24,1,Gal,d18:1,24:1
21198,7.8,0,4100,24,1,Gal,d18:1,24:1
21199,8.0,0,4100,24,1,Gal,d18:1,24:1
21200,8.2,0,4100,24,1,Gal,d18:1,24:1
21201,8.4,0,4100,24,1,Gal,d18:1,24:1
21202,8.6,0,4100,24,1,Gal,d18:1,24:1
21203,8.8,0,4100,24,1,Gal,d18:1,24:1
21204,9.0,0,4100,24,1,Gal,d18:1,24:1
21205,9.2,0,4100,24,1,Gal,d18:1,24:1
21206,9.4,0,4100,24,1,Gal,d18:1,24:1
21207,9.6,0,4100,24,1,Gal,d18:1,24:1
21208,9.8,0,4100,24,1,Gal,d18:1,24:1
21209,10.0,0,4100,24,1,Gal,d18:1,24:1
21210,-10.0,0,0,8,0,Gal,d18:1,8:0
21211,-9.8,0,0,8,0,Gal,d18:1,8:0
21212,-9.6,0,0,8,0,Gal,d18:1,8:0
21213,-9.4,0,0,8,0,Gal,d18:1,8:0
21214,-9.2,0,0,8,0,Gal,d18:1,8:0
21215,-9.0,0,0,8,0,Gal,d18:1,8:0
21216,-8.8,0,0,8,0,Gal,d18:1,8:0
21217,-8.6,0,0,8,0,Gal,d18:1,8:0
21218,-8.4,0,0,8,0,Gal,d18:1,8:0
21219,-8.2,0,0,8,0,Gal,d18:1,8:0
21220,-8.0,0,0,8,0,Gal,d18:1,8:0
21221,-7.8,0,0,8,0,Gal,d18:1,8:0
21222,-7.6,0,0,8,0,Gal,d18:1,8:0
21223,-7.4,0,0,8,0,Gal,d18:1,8:0
21224,-7.2,0,0,8,0,Gal,d18:1,8:0
21225,-7.0,0,0,8,0,Gal,d18:1,8:0
21226,-6.8,0,0,8,0,Gal,d18:1,8:0
21227,-6.6,0,0,8,0,Gal,d18:1,8:0
21228,-6.4,0,0,8,0,Gal,d18:1,8:0
21229,-6.2,0,0,8,0,Gal,d18:1,8:0
21230,-6.0,0,0,8,0,Gal,d18:1,8:0
21231,-5.8,0,0,8,0,Gal,d18:1,8:0
21232,-5.6,0,0,8,0,Gal,d18:1,8:0
21233,-5.4,0,0,8,0,Gal,d18:1,8:0
21234,-5.2,0,0,8,0,Gal,d18:1,8:0
21235,-5.0,0,0,8,0,Gal,d18:1,8:0
21236,-4.8,0,0,8,0,Gal,d18:1,8:0
21237,-4.6,0,0,8,0,Gal,d18:1,8:0
21238,-4.4,0,0,8,0,Gal,d18:1,8:0
21239,-4.2,0,0,8,0,Gal,d18:1,8:0
21240,-4.0,0,0,8,0,Gal,d18:1,8:0
21241,-3.8,0,0,8,0,Gal,d18:1,8:0
21242,-3.6,0,0,8,0,Gal,d18:1,8:0
21243,-3.4,0,0,8,0,Gal,d18:1,8:0
21244,-3.2,0,0,8,0,Gal,d18:1,8:0
21245,-3.0,0,0,8,0,Gal,d18:1,8:0
21246,-2.8,0,0,8,0,Gal,d18:1,8:0
21247,-2.6,0,0,8,0,Gal,d18:1,8:0
21248,-2.4,0,0,8,0,Gal,d18:1,8:0
21249,-2.2,0,0,8,0,Gal,d18:1,8:0
21250,-2.0,0,0,8,0,Gal,d18:1,8:0
21251,-1.8,0,0,8,0,Gal,d18:1,8:0
21252,-1.6,0,0,8,0,Gal,d18:1,8:0
21253,-1.4,0,0,8,0,Gal,d18:1,8:0
21254,-1.2,20,0,8,0,Gal,d18:1,8:0
21255,-1.0,360,0,8,0,Gal,d18:1,8:0
21256,-0.8,820,0,8,0,Gal,d18:1,8:0
21257,-0.6,1320,0,8,0,Gal,d18:1,8:0
21258,-0.4,1920,0,8,0,Gal,d18:1,8:0
21259,-0.2,2120,0,8,0,Gal,d18:1,8:0
21260,0.0,1780,0,8,0,Gal,d18:1,8:0
21261,0.2,1300,0,8,0,Gal,d18:1,8:0
21262,0.4,600,0,8,0,Gal,d18:1,8:0
21263,0.6,320,0,8,0,Gal,d18:1,8:0
21264,0.8,260,0,8,0,Gal,d18:1,8:0
21265,1.0,160,0,8,0,Gal,d18:1,8:0
21266,1.2,0,0,8,0,Gal,d18:1,8:0
21267,1.4,0,0,8,0,Gal,d18:1,8:0
21268,1.6,0,0,8,0,Gal,d18:1,8:0
21269,1.8,0,0,8,0,Gal,d18:1,8:0
21270,2.0,0,0,8,0,Gal,d18:1,8:0
21271,2.2,0,0,8,0,Gal,d18:1,8:0
21272,2.4,0,0,8,0,Gal,d18:1,8:0
21273,2.6,0,0,8,0,Gal,d18:1,8:0
21274,2.8,0,0,8,0,Gal,d18:1,8:0
21275,3.0,0,0,8,0,Gal,d18:1,8:0
21276,3.2,0,0,8,0,Gal,d18:1,8:0
21277,3.4,0,0,8,0,Gal,d18:1,8:0
21278,3.6,0,0,8,0,Gal,d18:1,8:0
21279,3.8,0,0,8,0,Gal,d18:1,8:0
21280,4.0,0,0,8,0,Gal,d18:1,8:0
21281,4.2,0,0,8,0,Gal,d18:1,8:0
21282,4.4,0,0,8,0,Gal,d18:1,8:0
21283,4.6,0,0,8,0,Gal,d18:1,8:0
21284,4.8,0,0,8,0,Gal,d18:1,8:0
21285,5.0,0,0,8,0,Gal,d18:1,8:0
21286,5.2,0,0,8,0,Gal,d18:1,8:0
21287,5.4,0,0,8,0,Gal,d18:1,8:0
21288,5.6,0,0,8,0,Gal,d18:1,8:0
21289,5.8,0,0,8,0,Gal,d18:1,8:0
21290,6.0,0,0,8,0,Gal,d18:1,8:0
21291,6.2,0,0,8,0,Gal,d18:1,8:0
21292,6.4,0,0,8,0,Gal,d18:1,8:0
21293,6.6,0,0,8,0,Gal,d18:1,8:0
21294,6.8,0,0,8,0,Gal,d18:1,8:0
21295,7.0,0,0,8,0,Gal,d18:1,8:0
21296,7.2,0,0,8,0,Gal,d18:1,8:0
21297,7.4,0,0,8,0,Gal,d18:1,8:0
21298,7.6,0,0,8,0,Gal,d18:1,8:0
21299,7.8,0,0,8,0,Gal,d18:1,8:0
21300,8.0,0,0,8,0,Gal,d18:1,8:0
21301,8.2,0,0,8,0,Gal,d18:1,8:0
21302,8.4,0,0,8,0,Gal,d18:1,8:0
21303,8.6,0,0,8,0,Gal,d18:1,8:0
21304,8.8,0,0,8,0,Gal,d18:1,8:0
21305,9.0,0,0,8,0,Gal,d18:1,8:0
21306,9.2,0,0,8,0,Gal,d18:1,8:0
21307,9.4,0,0,8,0,Gal,d18:1,8:0
21308,9.6,0,0,8,0,Gal,d18:1,8:0
21309,9.8,0,0,8,0,Gal,d18:1,8:0
21310,10.0,0,0,8,0,Gal,d18:1,8:0
21311,-10.0,0,100,8,0,Gal,d18:1,8:0
21312,-9.8,0,100,8,0,Gal,d18:1,8:0
21313,-9.6,0,100,8,0,Gal,d18:1,8:0
21314,-9.4,0,100,8,0,Gal,d18:1,8:0
21315,-9.2,0,100,8,0,Gal,d18:1,8:0
21316,-9.0,0,100,8,0,Gal,d18:1,8:0
21317,-8.8,0,100,8,0,Gal,d18:1,8:0
21318,-8.6,0,100,8,0,Gal,d18:1,8:0
21319,-8.4,0,100,8,0,Gal,d18:1,8:0
21320,-8.2,0,100,8,0,Gal,d18:1,8:0
21321,-8.0,0,100,8,0,Gal,d18:1,8:0
21322,-7.8,0,100,8,0,Gal,d18:1,8:0
21323,-7.6,0,100,8,0,Gal,d18:1,8:0
21324,-7.4,0,100,8,0,Gal,d18:1,8:0
21325,-7.2,0,100,8,0,Gal,d18:1,8:0
21326,-7.0,0,100,8,0,Gal,d18:1,8:0
21327,-6.8,0,100,8,0,Gal,d18:1,8:0
21328,-6.6,0,100,8,0,Gal,d18:1,8:0
21329,-6.4,0,100,8,0,Gal,d18:1,8:0
21330,-6.2,0,100,8,0,Gal,d18:1,8:0
21331,-6.0,0,100,8,0,Gal,d18:1,8:0
21332,-5.8,0,100,8,0,Gal,d18:1,8:0
21333,-5.6,0,100,8,0,Gal,d18:1,8:0
21334,-5.4,0,100,8,0,Gal,d18:1,8:0
21335,-5.2,0,100,8,0,Gal,d18:1,8:0
21336,-5.0,0,100,8,0,Gal,d18:1,8:0
21337,-4.8,0,100,8,0,Gal,d18:1,8:0
21338,-4.6,0,100,8,0,Gal,d18:1,8:0
21339,-4.4,0,100,8,0,Gal,d18:1,8:0
21340,-4.2,0,100,8,0,Gal,d18:1,8:0
21341,-4.0,0,100,8,0,Gal,d18:1,8:0
21342,-3.8,0,100,8,0,Gal,d18:1,8:0
21343,-3.6,0,100,8,0,Gal,d18:1,8:0
21344,-3.4,0,100,8,0,Gal,d18:1,8:0
21345,-3.2,0,100,8,0,Gal,d18:1,8:0
21346,-3.0,0,100,8,0,Gal,d18:1,8:0
21347,-2.8,0,100,8,0,Gal,d18:1,8:0
21348,-2.6,0,100,8,0,Gal,d18:1,8:0
21349,-2.4,0,100,8,0,Gal,d18:1,8:0
21350,-2.2,0,100,8,0,Gal,d18:1,8:0
21351,-2.0,0,100,8,0,Gal,d18:1,8:0
21352,-1.8,0,100,8,0,Gal,d18:1,8:0
21353,-1.6,0,100,8,0,Gal,d18:1,8:0
21354,-1.4,0,100,8,0,Gal,d18:1,8:0
21355,-1.2,20,100,8,0,Gal,d18:1,8:0
21356,-1.0,320,100,8,0,Gal,d18:1,8:0
21357,-0.8,800,100,8,0,Gal,d18:1,8:0
21358,-0.6,1240,100,8,0,Gal,d18:1,8:0
21359,-0.4,1980,100,8,0,Gal,d18:1,8:0
21360,-0.2,1440,100,8,0,Gal,d18:1,8:0
21361,0.0,1560,100,8,0,Gal,d18:1,8:0
21362,0.2,900,100,8,0,Gal,d18:1,8:0
21363,0.4,820,100,8,0,Gal,d18:1,8:0
21364,0.6,380,100,8,0,Gal,d18:1,8:0
21365,0.8,340,100,8,0,Gal,d18:1,8:0
21366,1.0,160,100,8,0,Gal,d18:1,8:0
21367,1.2,0,100,8,0,Gal,d18:1,8:0
21368,1.4,0,100,8,0,Gal,d18:1,8:0
21369,1.6,0,100,8,0,Gal,d18:1,8:0
21370,1.8,0,100,8,0,Gal,d18:1,8:0
21371,2.0,0,100,8,0,Gal,d18:1,8:0
21372,2.2,0,100,8,0,Gal,d18:1,8:0
21373,2.4,0,100,8,0,Gal,d18:1,8:0
21374,2.6,0,100,8,0,Gal,d18:1,8:0
21375,2.8,0,100,8,0,Gal,d18:1,8:0
21376,3.0,0,100,8,0,Gal,d18:1,8:0
21377,3.2,0,100,8,0,Gal,d18:1,8:0
21378,3.4,0,100,8,0,Gal,d18:1,8:0
21379,3.6,0,100,8,0,Gal,d18:1,8:0
21380,3.8,0,100,8,0,Gal,d18:1,8:0
21381,4.0,0,100,8,0,Gal,d18:1,8:0
21382,4.2,0,100,8,0,Gal,d18:1,8:0
21383,4.4,0,100,8,0,Gal,d18:1,8:0
21384,4.6,0,100,8,0,Gal,d18:1,8:0
21385,4.8,0,100,8,0,Gal,d18:1,8:0
21386,5.0,0,100,8,0,Gal,d18:1,8:0
21387,5.2,0,100,8,0,Gal,d18:1,8:0
21388,5.4,0,100,8,0,Gal,d18:1,8:0
21389,5.6,0,100,8,0,Gal,d18:1,8:0
21390,5.8,0,100,8,0,Gal,d18:1,8:0
21391,6.0,0,100,8,0,Gal,d18:1,8:0
21392,6.2,0,100,8,0,Gal,d18:1,8:0
21393,6.4,0,100,8,0,Gal,d18:1,8:0
21394,6.6,0,100,8,0,Gal,d18:1,8:0
21395,6.8,0,100,8,0,Gal,d18:1,8:0
21396,7.0,0,100,8,0,Gal,d18:1,8:0
21397,7.2,0,100,8,0,Gal,d18:1,8:0
21398,7.4,0,100,8,0,Gal,d18:1,8:0
21399,7.6,0,100,8,0,Gal,d18:1,8:0
21400,7.8,0,100,8,0,Gal,d18:1,8:0
21401,8.0,0,100,8,0,Gal,d18:1,8:0
21402,8.2,0,100,8,0,Gal,d18:1,8:0
21403,8.4,0,100,8,0,Gal,d18:1,8:0
21404,8.6,0,100,8,0,Gal,d18:1,8:0
21405,8.8,0,100,8,0,Gal,d18:1,8:0
21406,9.0,0,100,8,0,Gal,d18:1,8:0
21407,9.2,0,100,8,0,Gal,d18:1,8:0
21408,9.4,0,100,8,0,Gal,d18:1,8:0
21409,9.6,0,100,8,0,Gal,d18:1,8:0
21410,9.8,0,100,8,0,Gal,d18:1,8:0
21411,10.0,0,100,8,0,Gal,d18:1,8:0
21412,-10.0,0,200,8,0,Gal,d18:1,8:0
21413,-9.8,0,200,8,0,Gal,d18:1,8:0
21414,-9.6,0,200,8,0,Gal,d18:1,8:0
21415,-9.4,0,200,8,0,Gal,d18:1,8:0
21416,-9.2,0,200,8,0,Gal,d18:1,8:0
21417,-9.0,0,200,8,0,Gal,d18:1,8:0
21418,-8.8,0,200,8,0,Gal,d18:1,8:0
21419,-8.6,0,200,8,0,Gal,d18:1,8:0
21420,-8.4,0,200,8,0,Gal,d18:1,8:0
21421,-8.2,0,200,8,0,Gal,d18:1,8:0
21422,-8.0,0,200,8,0,Gal,d18:1,8:0
21423,-7.8,0,200,8,0,Gal,d18:1,8:0
21424,-7.6,0,200,8,0,Gal,d18:1,8:0
21425,-7.4,0,200,8,0,Gal,d18:1,8:0
21426,-7.2,0,200,8,0,Gal,d18:1,8:0
21427,-7.0,0,200,8,0,Gal,d18:1,8:0
21428,-6.8,0,200,8,0,Gal,d18:1,8:0
21429,-6.6,0,200,8,0,Gal,d18:1,8:0
21430,-6.4,0,200,8,0,Gal,d18:1,8:0
21431,-6.2,0,200,8,0,Gal,d18:1,8:0
21432,-6.0,0,200,8,0,Gal,d18:1,8:0
21433,-5.8,0,200,8,0,Gal,d18:1,8:0
21434,-5.6,0,200,8,0,Gal,d18:1,8:0
21435,-5.4,0,200,8,0,Gal,d18:1,8:0
21436,-5.2,0,200,8,0,Gal,d18:1,8:0
21437,-5.0,0,200,8,0,Gal,d18:1,8:0
21438,-4.8,0,200,8,0,Gal,d18:1,8:0
21439,-4.6,0,200,8,0,Gal,d18:1,8:0
21440,-4.4,0,200,8,0,Gal,d18:1,8:0
21441,-4.2,0,200,8,0,Gal,d18:1,8:0
21442,-4.0,0,200,8,0,Gal,d18:1,8:0
21443,-3.8,0,200,8,0,Gal,d18:1,8:0
21444,-3.6,0,200,8,0,Gal,d18:1,8:0
21445,-3.4,0,200,8,0,Gal,d18:1,8:0
21446,-3.2,0,200,8,0,Gal,d18:1,8:0
21447,-3.0,0,200,8,0,Gal,d18:1,8:0
21448,-2.8,0,200,8,0,Gal,d18:1,8:0
21449,-2.6,0,200,8,0,Gal,d18:1,8:0
21450,-2.4,0,200,8,0,Gal,d18:1,8:0
21451,-2.2,0,200,8,0,Gal,d18:1,8:0
21452,-2.0,0,200,8,0,Gal,d18:1,8:0
21453,-1.8,0,200,8,0,Gal,d18:1,8:0
21454,-1.6,0,200,8,0,Gal,d18:1,8:0
21455,-1.4,0,200,8,0,Gal,d18:1,8:0
21456,-1.2,100,200,8,0,Gal,d18:1,8:0
21457,-1.0,220,200,8,0,Gal,d18:1,8:0
21458,-0.8,860,200,8,0,Gal,d18:1,8:0
21459,-0.6,1400,200,8,0,Gal,d18:1,8:0
21460,-0.4,1400,200,8,0,Gal,d18:1,8:0
21461,-0.2,1440,200,8,0,Gal,d18:1,8:0
21462,0.0,1340,200,8,0,Gal,d18:1,8:0
21463,0.2,680,200,8,0,Gal,d18:1,8:0
21464,0.4,1020,200,8,0,Gal,d18:1,8:0
21465,0.6,700,200,8,0,Gal,d18:1,8:0
21466,0.8,600,200,8,0,Gal,d18:1,8:0
21467,1.0,80,200,8,0,Gal,d18:1,8:0
21468,1.2,0,200,8,0,Gal,d18:1,8:0
21469,1.4,0,200,8,0,Gal,d18:1,8:0
21470,1.6,0,200,8,0,Gal,d18:1,8:0
21471,1.8,0,200,8,0,Gal,d18:1,8:0
21472,2.0,0,200,8,0,Gal,d18:1,8:0
21473,2.2,0,200,8,0,Gal,d18:1,8:0
21474,2.4,0,200,8,0,Gal,d18:1,8:0
21475,2.6,0,200,8,0,Gal,d18:1,8:0
21476,2.8,0,200,8,0,Gal,d18:1,8:0
21477,3.0,0,200,8,0,Gal,d18:1,8:0
21478,3.2,0,200,8,0,Gal,d18:1,8:0
21479,3.4,0,200,8,0,Gal,d18:1,8:0
21480,3.6,0,200,8,0,Gal,d18:1,8:0
21481,3.8,0,200,8,0,Gal,d18:1,8:0
21482,4.0,0,200,8,0,Gal,d18:1,8:0
21483,4.2,0,200,8,0,Gal,d18:1,8:0
21484,4.4,0,200,8,0,Gal,d18:1,8:0
21485,4.6,0,200,8,0,Gal,d18:1,8:0
21486,4.8,0,200,8,0,Gal,d18:1,8:0
21487,5.0,0,200,8,0,Gal,d18:1,8:0
21488,5.2,0,200,8,0,Gal,d18:1,8:0
21489,5.4,0,200,8,0,Gal,d18:1,8:0
21490,5.6,0,200,8,0,Gal,d18:1,8:0
21491,5.8,0,200,8,0,Gal,d18:1,8:0
21492,6.0,0,200,8,0,Gal,d18:1,8:0
21493,6.2,0,200,8,0,Gal,d18:1,8:0
21494,6.4,0,200,8,0,Gal,d18:1,8:0
21495,6.6,0,200,8,0,Gal,d18:1,8:0
21496,6.8,0,200,8,0,Gal,d18:1,8:0
21497,7.0,0,200,8,0,Gal,d18:1,8:0
21498,7.2,0,200,8,0,Gal,d18:1,8:0
21499,7.4,0,200,8,0,Gal,d18:1,8:0
21500,7.6,0,200,8,0,Gal,d18:1,8:0
21501,7.8,0,200,8,0,Gal,d18:1,8:0
21502,8.0,0,200,8,0,Gal,d18:1,8:0
21503,8.2,0,200,8,0,Gal,d18:1,8:0
21504,8.4,0,200,8,0,Gal,d18:1,8:0
21505,8.6,0,200,8,0,Gal,d18:1,8:0
21506,8.8,0,200,8,0,Gal,d18:1,8:0
21507,9.0,0,200,8,0,Gal,d18:1,8:0
21508,9.2,0,200,8,0,Gal,d18:1,8:0
21509,9.4,0,200,8,0,Gal,d18:1,8:0
21510,9.6,0,200,8,0,Gal,d18:1,8:0
21511,9.8,0,200,8,0,Gal,d18:1,8:0
21512,10.0,0,200,8,0,Gal,d18:1,8:0
21513,-10.0,0,300,8,0,Gal,d18:1,8:0
21514,-9.8,0,300,8,0,Gal,d18:1,8:0
21515,-9.6,0,300,8,0,Gal,d18:1,8:0
21516,-9.4,0,300,8,0,Gal,d18:1,8:0
21517,-9.2,0,300,8,0,Gal,d18:1,8:0
21518,-9.0,0,300,8,0,Gal,d18:1,8:0
21519,-8.8,0,300,8,0,Gal,d18:1,8:0
21520,-8.6,0,300,8,0,Gal,d18:1,8:0
21521,-8.4,0,300,8,0,Gal,d18:1,8:0
21522,-8.2,0,300,8,0,Gal,d18:1,8:0
21523,-8.0,0,300,8,0,Gal,d18:1,8:0
21524,-7.8,0,300,8,0,Gal,d18:1,8:0
21525,-7.6,0,300,8,0,Gal,d18:1,8:0
21526,-7.4,0,300,8,0,Gal,d18:1,8:0
21527,-7.2,0,300,8,0,Gal,d18:1,8:0
21528,-7.0,0,300,8,0,Gal,d18:1,8:0
21529,-6.8,0,300,8,0,Gal,d18:1,8:0
21530,-6.6,0,300,8,0,Gal,d18:1,8:0
21531,-6.4,0,300,8,0,Gal,d18:1,8:0
21532,-6.2,0,300,8,0,Gal,d18:1,8:0
21533,-6.0,0,300,8,0,Gal,d18:1,8:0
21534,-5.8,0,300,8,0,Gal,d18:1,8:0
21535,-5.6,0,300,8,0,Gal,d18:1,8:0
21536,-5.4,0,300,8,0,Gal,d18:1,8:0
21537,-5.2,0,300,8,0,Gal,d18:1,8:0
21538,-5.0,0,300,8,0,Gal,d18:1,8:0
21539,-4.8,0,300,8,0,Gal,d18:1,8:0
21540,-4.6,0,300,8,0,Gal,d18:1,8:0
21541,-4.4,0,300,8,0,Gal,d18:1,8:0
21542,-4.2,0,300,8,0,Gal,d18:1,8:0
21543,-4.0,0,300,8,0,Gal,d18:1,8:0
21544,-3.8,0,300,8,0,Gal,d18:1,8:0
21545,-3.6,0,300,8,0,Gal,d18:1,8:0
21546,-3.4,0,300,8,0,Gal,d18:1,8:0
21547,-3.2,0,300,8,0,Gal,d18:1,8:0
21548,-3.0,0,300,8,0,Gal,d18:1,8:0
21549,-2.8,0,300,8,0,Gal,d18:1,8:0
21550,-2.6,0,300,8,0,Gal,d18:1,8:0
21551,-2.4,0,300,8,0,Gal,d18:1,8:0
21552,-2.2,0,300,8,0,Gal,d18:1,8:0
21553,-2.0,0,300,8,0,Gal,d18:1,8:0
21554,-1.8,0,300,8,0,Gal,d18:1,8:0
21555,-1.6,0,300,8,0,Gal,d18:1,8:0
21556,-1.4,40,300,8,0,Gal,d18:1,8:0
21557,-1.2,40,300,8,0,Gal,d18:1,8:0
21558,-1.0,520,300,8,0,Gal,d18:1,8:0
21559,-0.8,1680,300,8,0,Gal,d18:1,8:0
21560,-0.6,2340,300,8,0,Gal,d18:1,8:0
21561,-0.4,2280,300,8,0,Gal,d18:1,8:0
21562,-0.2,2380,300,8,0,Gal,d18:1,8:0
21563,0.0,2060,300,8,0,Gal,d18:1,8:0
21564,0.2,1460,300,8,0,Gal,d18:1,8:0
21565,0.4,1800,300,8,0,Gal,d18:1,8:0
21566,0.6,1060,300,8,0,Gal,d18:1,8:0
21567,0.8,840,300,8,0,Gal,d18:1,8:0
21568,1.0,120,300,8,0,Gal,d18:1,8:0
21569,1.2,60,300,8,0,Gal,d18:1,8:0
21570,1.4,0,300,8,0,Gal,d18:1,8:0
21571,1.6,0,300,8,0,Gal,d18:1,8:0
21572,1.8,0,300,8,0,Gal,d18:1,8:0
21573,2.0,0,300,8,0,Gal,d18:1,8:0
21574,2.2,0,300,8,0,Gal,d18:1,8:0
21575,2.4,0,300,8,0,Gal,d18:1,8:0
21576,2.6,0,300,8,0,Gal,d18:1,8:0
21577,2.8,0,300,8,0,Gal,d18:1,8:0
21578,3.0,0,300,8,0,Gal,d18:1,8:0
21579,3.2,0,300,8,0,Gal,d18:1,8:0
21580,3.4,0,300,8,0,Gal,d18:1,8:0
21581,3.6,0,300,8,0,Gal,d18:1,8:0
21582,3.8,0,300,8,0,Gal,d18:1,8:0
21583,4.0,0,300,8,0,Gal,d18:1,8:0
21584,4.2,0,300,8,0,Gal,d18:1,8:0
21585,4.4,0,300,8,0,Gal,d18:1,8:0
21586,4.6,0,300,8,0,Gal,d18:1,8:0
21587,4.8,0,300,8,0,Gal,d18:1,8:0
21588,5.0,0,300,8,0,Gal,d18:1,8:0
21589,5.2,0,300,8,0,Gal,d18:1,8:0
21590,5.4,0,300,8,0,Gal,d18:1,8:0
21591,5.6,0,300,8,0,Gal,d18:1,8:0
21592,5.8,0,300,8,0,Gal,d18:1,8:0
21593,6.0,0,300,8,0,Gal,d18:1,8:0
21594,6.2,0,300,8,0,Gal,d18:1,8:0
21595,6.4,0,300,8,0,Gal,d18:1,8:0
21596,6.6,0,300,8,0,Gal,d18:1,8:0
21597,6.8,0,300,8,0,Gal,d18:1,8:0
21598,7.0,0,300,8,0,Gal,d18:1,8:0
21599,7.2,0,300,8,0,Gal,d18:1,8:0
21600,7.4,0,300,8,0,Gal,d18:1,8:0
21601,7.6,0,300,8,0,Gal,d18:1,8:0
21602,7.8,0,300,8,0,Gal,d18:1,8:0
21603,8.0,0,300,8,0,Gal,d18:1,8:0
21604,8.2,0,300,8,0,Gal,d18:1,8:0
21605,8.4,0,300,8,0,Gal,d18:1,8:0
21606,8.6,0,300,8,0,Gal,d18:1,8:0
21607,8.8,0,300,8,0,Gal,d18:1,8:0
21608,9.0,0,300,8,0,Gal,d18:1,8:0
21609,9.2,0,300,8,0,Gal,d18:1,8:0
21610,9.4,0,300,8,0,Gal,d18:1,8:0
21611,9.6,0,300,8,0,Gal,d18:1,8:0
21612,9.8,0,300,8,0,Gal,d18:1,8:0
21613,10.0,0,300,8,0,Gal,d18:1,8:0
21614,-10.0,0,400,8,0,Gal,d18:1,8:0
21615,-9.8,0,400,8,0,Gal,d18:1,8:0
21616,-9.6,0,400,8,0,Gal,d18:1,8:0
21617,-9.4,0,400,8,0,Gal,d18:1,8:0
21618,-9.2,0,400,8,0,Gal,d18:1,8:0
21619,-9.0,0,400,8,0,Gal,d18:1,8:0
21620,-8.8,0,400,8,0,Gal,d18:1,8:0
21621,-8.6,0,400,8,0,Gal,d18:1,8:0
21622,-8.4,0,400,8,0,Gal,d18:1,8:0
21623,-8.2,0,400,8,0,Gal,d18:1,8:0
21624,-8.0,0,400,8,0,Gal,d18:1,8:0
21625,-7.8,0,400,8,0,Gal,d18:1,8:0
21626,-7.6,0,400,8,0,Gal,d18:1,8:0
21627,-7.4,0,400,8,0,Gal,d18:1,8:0
21628,-7.2,0,400,8,0,Gal,d18:1,8:0
21629,-7.0,0,400,8,0,Gal,d18:1,8:0
21630,-6.8,0,400,8,0,Gal,d18:1,8:0
21631,-6.6,0,400,8,0,Gal,d18:1,8:0
21632,-6.4,0,400,8,0,Gal,d18:1,8:0
21633,-6.2,0,400,8,0,Gal,d18:1,8:0
21634,-6.0,0,400,8,0,Gal,d18:1,8:0
21635,-5.8,0,400,8,0,Gal,d18:1,8:0
21636,-5.6,0,400,8,0,Gal,d18:1,8:0
21637,-5.4,0,400,8,0,Gal,d18:1,8:0
21638,-5.2,0,400,8,0,Gal,d18:1,8:0
21639,-5.0,0,400,8,0,Gal,d18:1,8:0
21640,-4.8,0,400,8,0,Gal,d18:1,8:0
21641,-4.6,0,400,8,0,Gal,d18:1,8:0
21642,-4.4,0,400,8,0,Gal,d18:1,8:0
21643,-4.2,0,400,8,0,Gal,d18:1,8:0
21644,-4.0,0,400,8,0,Gal,d18:1,8:0
21645,-3.8,0,400,8,0,Gal,d18:1,8:0
21646,-3.6,0,400,8,0,Gal,d18:1,8:0
21647,-3.4,0,400,8,0,Gal,d18:1,8:0
21648,-3.2,0,400,8,0,Gal,d18:1,8:0
21649,-3.0,0,400,8,0,Gal,d18:1,8:0
21650,-2.8,0,400,8,0,Gal,d18:1,8:0
21651,-2.6,0,400,8,0,Gal,d18:1,8:0
21652,-2.4,0,400,8,0,Gal,d18:1,8:0
21653,-2.2,0,400,8,0,Gal,d18:1,8:0
21654,-2.0,0,400,8,0,Gal,d18:1,8:0
21655,-1.8,0,400,8,0,Gal,d18:1,8:0
21656,-1.6,0,400,8,0,Gal,d18:1,8:0
21657,-1.4,0,400,8,0,Gal,d18:1,8:0
21658,-1.2,80,400,8,0,Gal,d18:1,8:0
21659,-1.0,340,400,8,0,Gal,d18:1,8:0
21660,-0.8,880,400,8,0,Gal,d18:1,8:0
21661,-0.6,1420,400,8,0,Gal,d18:1,8:0
21662,-0.4,1080,400,8,0,Gal,d18:1,8:0
21663,-0.2,1360,400,8,0,Gal,d18:1,8:0
21664,0.0,1360,400,8,0,Gal,d18:1,8:0
21665,0.2,840,400,8,0,Gal,d18:1,8:0
21666,0.4,660,400,8,0,Gal,d18:1,8:0
21667,0.6,440,400,8,0,Gal,d18:1,8:0
21668,0.8,320,400,8,0,Gal,d18:1,8:0
21669,1.0,40,400,8,0,Gal,d18:1,8:0
21670,1.2,20,400,8,0,Gal,d18:1,8:0
21671,1.4,0,400,8,0,Gal,d18:1,8:0
21672,1.6,0,400,8,0,Gal,d18:1,8:0
21673,1.8,0,400,8,0,Gal,d18:1,8:0
21674,2.0,0,400,8,0,Gal,d18:1,8:0
21675,2.2,0,400,8,0,Gal,d18:1,8:0
21676,2.4,0,400,8,0,Gal,d18:1,8:0
21677,2.6,0,400,8,0,Gal,d18:1,8:0
21678,2.8,0,400,8,0,Gal,d18:1,8:0
21679,3.0,0,400,8,0,Gal,d18:1,8:0
21680,3.2,0,400,8,0,Gal,d18:1,8:0
21681,3.4,0,400,8,0,Gal,d18:1,8:0
21682,3.6,0,400,8,0,Gal,d18:1,8:0
21683,3.8,0,400,8,0,Gal,d18:1,8:0
21684,4.0,0,400,8,0,Gal,d18:1,8:0
21685,4.2,0,400,8,0,Gal,d18:1,8:0
21686,4.4,0,400,8,0,Gal,d18:1,8:0
21687,4.6,0,400,8,0,Gal,d18:1,8:0
21688,4.8,0,400,8,0,Gal,d18:1,8:0
21689,5.0,0,400,8,0,Gal,d18:1,8:0
21690,5.2,0,400,8,0,Gal,d18:1,8:0
21691,5.4,0,400,8,0,Gal,d18:1,8:0
21692,5.6,0,400,8,0,Gal,d18:1,8:0
21693,5.8,0,400,8,0,Gal,d18:1,8:0
21694,6.0,0,400,8,0,Gal,d18:1,8:0
21695,6.2,0,400,8,0,Gal,d18:1,8:0
21696,6.4,0,400,8,0,Gal,d18:1,8:0
21697,6.6,0,400,8,0,Gal,d18:1,8:0
21698,6.8,0,400,8,0,Gal,d18:1,8:0
21699,7.0,0,400,8,0,Gal,d18:1,8:0
21700,7.2,0,400,8,0,Gal,d18:1,8:0
21701,7.4,0,400,8,0,Gal,d18:1,8:0
21702,7.6,0,400,8,0,Gal,d18:1,8:0
21703,7.8,0,400,8,0,Gal,d18:1,8:0
21704,8.0,0,400,8,0,Gal,d18:1,8:0
21705,8.2,0,400,8,0,Gal,d18:1,8:0
21706,8.4,0,400,8,0,Gal,d18:1,8:0
21707,8.6,0,400,8,0,Gal,d18:1,8:0
21708,8.8,0,400,8,0,Gal,d18:1,8:0
21709,9.0,0,400,8,0,Gal,d18:1,8:0
21710,9.2,0,400,8,0,Gal,d18:1,8:0
21711,9.4,0,400,8,0,Gal,d18:1,8:0
21712,9.6,0,400,8,0,Gal,d18:1,8:0
21713,9.8,0,400,8,0,Gal,d18:1,8:0
21714,10.0,0,400,8,0,Gal,d18:1,8:0
21715,-10.0,0,500,8,0,Gal,d18:1,8:0
21716,-9.8,0,500,8,0,Gal,d18:1,8:0
21717,-9.6,0,500,8,0,Gal,d18:1,8:0
21718,-9.4,0,500,8,0,Gal,d18:1,8:0
21719,-9.2,0,500,8,0,Gal,d18:1,8:0
21720,-9.0,0,500,8,0,Gal,d18:1,8:0
21721,-8.8,0,500,8,0,Gal,d18:1,8:0
21722,-8.6,0,500,8,0,Gal,d18:1,8:0
21723,-8.4,0,500,8,0,Gal,d18:1,8:0
21724,-8.2,0,500,8,0,Gal,d18:1,8:0
21725,-8.0,0,500,8,0,Gal,d18:1,8:0
21726,-7.8,0,500,8,0,Gal,d18:1,8:0
21727,-7.6,0,500,8,0,Gal,d18:1,8:0
21728,-7.4,0,500,8,0,Gal,d18:1,8:0
21729,-7.2,0,500,8,0,Gal,d18:1,8:0
21730,-7.0,0,500,8,0,Gal,d18:1,8:0
21731,-6.8,0,500,8,0,Gal,d18:1,8:0
21732,-6.6,0,500,8,0,Gal,d18:1,8:0
21733,-6.4,0,500,8,0,Gal,d18:1,8:0
21734,-6.2,0,500,8,0,Gal,d18:1,8:0
21735,-6.0,0,500,8,0,Gal,d18:1,8:0
21736,-5.8,0,500,8,0,Gal,d18:1,8:0
21737,-5.6,0,500,8,0,Gal,d18:1,8:0
21738,-5.4,0,500,8,0,Gal,d18:1,8:0
21739,-5.2,0,500,8,0,Gal,d18:1,8:0
21740,-5.0,0,500,8,0,Gal,d18:1,8:0
21741,-4.8,0,500,8,0,Gal,d18:1,8:0
21742,-4.6,0,500,8,0,Gal,d18:1,8:0
21743,-4.4,0,500,8,0,Gal,d18:1,8:0
21744,-4.2,0,500,8,0,Gal,d18:1,8:0
21745,-4.0,0,500,8,0,Gal,d18:1,8:0
21746,-3.8,0,500,8,0,Gal,d18:1,8:0
21747,-3.6,0,500,8,0,Gal,d18:1,8:0
21748,-3.4,0,500,8,0,Gal,d18:1,8:0
21749,-3.2,0,500,8,0,Gal,d18:1,8:0
21750,-3.0,0,500,8,0,Gal,d18:1,8:0
21751,-2.8,0,500,8,0,Gal,d18:1,8:0
21752,-2.6,0,500,8,0,Gal,d18:1,8:0
21753,-2.4,0,500,8,0,Gal,d18:1,8:0
21754,-2.2,0,500,8,0,Gal,d18:1,8:0
21755,-2.0,0,500,8,0,Gal,d18:1,8:0
21756,-1.8,0,500,8,0,Gal,d18:1,8:0
21757,-1.6,0,500,8,0,Gal,d18:1,8:0
21758,-1.4,0,500,8,0,Gal,d18:1,8:0
21759,-1.2,0,500,8,0,Gal,d18:1,8:0
21760,-1.0,300,500,8,0,Gal,d18:1,8:0
21761,-0.8,800,500,8,0,Gal,d18:1,8:0
21762,-0.6,1500,500,8,0,Gal,d18:1,8:0
21763,-0.4,1960,500,8,0,Gal,d18:1,8:0
21764,-0.2,1780,500,8,0,Gal,d18:1,8:0
21765,0.0,1380,500,8,0,Gal,d18:1,8:0
21766,0.2,980,500,8,0,Gal,d18:1,8:0
21767,0.4,1180,500,8,0,Gal,d18:1,8:0
21768,0.6,580,500,8,0,Gal,d18:1,8:0
21769,0.8,560,500,8,0,Gal,d18:1,8:0
21770,1.0,60,500,8,0,Gal,d18:1,8:0
21771,1.2,40,500,8,0,Gal,d18:1,8:0
21772,1.4,0,500,8,0,Gal,d18:1,8:0
21773,1.6,0,500,8,0,Gal,d18:1,8:0
21774,1.8,0,500,8,0,Gal,d18:1,8:0
21775,2.0,0,500,8,0,Gal,d18:1,8:0
21776,2.2,0,500,8,0,Gal,d18:1,8:0
21777,2.4,0,500,8,0,Gal,d18:1,8:0
21778,2.6,0,500,8,0,Gal,d18:1,8:0
21779,2.8,0,500,8,0,Gal,d18:1,8:0
21780,3.0,0,500,8,0,Gal,d18:1,8:0
21781,3.2,0,500,8,0,Gal,d18:1,8:0
21782,3.4,0,500,8,0,Gal,d18:1,8:0
21783,3.6,0,500,8,0,Gal,d18:1,8:0
21784,3.8,0,500,8,0,Gal,d18:1,8:0
21785,4.0,0,500,8,0,Gal,d18:1,8:0
21786,4.2,0,500,8,0,Gal,d18:1,8:0
21787,4.4,0,500,8,0,Gal,d18:1,8:0
21788,4.6,0,500,8,0,Gal,d18:1,8:0
21789,4.8,0,500,8,0,Gal,d18:1,8:0
21790,5.0,0,500,8,0,Gal,d18:1,8:0
21791,5.2,0,500,8,0,Gal,d18:1,8:0
21792,5.4,0,500,8,0,Gal,d18:1,8:0
21793,5.6,0,500,8,0,Gal,d18:1,8:0
21794,5.8,0,500,8,0,Gal,d18:1,8:0
21795,6.0,0,500,8,0,Gal,d18:1,8:0
21796,6.2,0,500,8,0,Gal,d18:1,8:0
21797,6.4,0,500,8,0,Gal,d18:1,8:0
21798,6.6,0,500,8,0,Gal,d18:1,8:0
21799,6.8,0,500,8,0,Gal,d18:1,8:0
21800,7.0,0,500,8,0,Gal,d18:1,8:0
21801,7.2,0,500,8,0,Gal,d18:1,8:0
21802,7.4,0,500,8,0,Gal,d18:1,8:0
21803,7.6,0,500,8,0,Gal,d18:1,8:0
21804,7.8,0,500,8,0,Gal,d18:1,8:0
21805,8.0,0,500,8,0,Gal,d18:1,8:0
21806,8.2,0,500,8,0,Gal,d18:1,8:0
21807,8.4,0,500,8,0,Gal,d18:1,8:0
21808,8.6,0,500,8,0,Gal,d18:1,8:0
21809,8.8,0,500,8,0,Gal,d18:1,8:0
21810,9.0,0,500,8,0,Gal,d18:1,8:0
21811,9.2,0,500,8,0,Gal,d18:1,8:0
21812,9.4,0,500,8,0,Gal,d18:1,8:0
21813,9.6,0,500,8,0,Gal,d18:1,8:0
21814,9.8,0,500,8,0,Gal,d18:1,8:0
21815,10.0,0,500,8,0,Gal,d18:1,8:0
21816,-10.0,0,600,8,0,Gal,d18:1,8:0
21817,-9.8,0,600,8,0,Gal,d18:1,8:0
21818,-9.6,0,600,8,0,Gal,d18:1,8:0
21819,-9.4,0,600,8,0,Gal,d18:1,8:0
21820,-9.2,0,600,8,0,Gal,d18:1,8:0
21821,-9.0,0,600,8,0,Gal,d18:1,8:0
21822,-8.8,0,600,8,0,Gal,d18:1,8:0
21823,-8.6,0,600,8,0,Gal,d18:1,8:0
21824,-8.4,0,600,8,0,Gal,d18:1,8:0
21825,-8.2,0,600,8,0,Gal,d18:1,8:0
21826,-8.0,0,600,8,0,Gal,d18:1,8:0
21827,-7.8,0,600,8,0,Gal,d18:1,8:0
21828,-7.6,0,600,8,0,Gal,d18:1,8:0
21829,-7.4,0,600,8,0,Gal,d18:1,8:0
21830,-7.2,0,600,8,0,Gal,d18:1,8:0
21831,-7.0,0,600,8,0,Gal,d18:1,8:0
21832,-6.8,0,600,8,0,Gal,d18:1,8:0
21833,-6.6,0,600,8,0,Gal,d18:1,8:0
21834,-6.4,0,600,8,0,Gal,d18:1,8:0
21835,-6.2,0,600,8,0,Gal,d18:1,8:0
21836,-6.0,0,600,8,0,Gal,d18:1,8:0
21837,-5.8,0,600,8,0,Gal,d18:1,8:0
21838,-5.6,0,600,8,0,Gal,d18:1,8:0
21839,-5.4,0,600,8,0,Gal,d18:1,8:0
21840,-5.2,0,600,8,0,Gal,d18:1,8:0
21841,-5.0,0,600,8,0,Gal,d18:1,8:0
21842,-4.8,0,600,8,0,Gal,d18:1,8:0
21843,-4.6,0,600,8,0,Gal,d18:1,8:0
21844,-4.4,0,600,8,0,Gal,d18:1,8:0
21845,-4.2,0,600,8,0,Gal,d18:1,8:0
21846,-4.0,0,600,8,0,Gal,d18:1,8:0
21847,-3.8,0,600,8,0,Gal,d18:1,8:0
21848,-3.6,0,600,8,0,Gal,d18:1,8:0
21849,-3.4,0,600,8,0,Gal,d18:1,8:0
21850,-3.2,0,600,8,0,Gal,d18:1,8:0
21851,-3.0,0,600,8,0,Gal,d18:1,8:0
21852,-2.8,0,600,8,0,Gal,d18:1,8:0
21853,-2.6,0,600,8,0,Gal,d18:1,8:0
21854,-2.4,0,600,8,0,Gal,d18:1,8:0
21855,-2.2,0,600,8,0,Gal,d18:1,8:0
21856,-2.0,0,600,8,0,Gal,d18:1,8:0
21857,-1.8,0,600,8,0,Gal,d18:1,8:0
21858,-1.6,0,600,8,0,Gal,d18:1,8:0
21859,-1.4,0,600,8,0,Gal,d18:1,8:0
21860,-1.2,20,600,8,0,Gal,d18:1,8:0
21861,-1.0,220,600,8,0,Gal,d18:1,8:0
21862,-0.8,880,600,8,0,Gal,d18:1,8:0
21863,-0.6,1140,600,8,0,Gal,d18:1,8:0
21864,-0.4,1540,600,8,0,Gal,d18:1,8:0
21865,-0.2,1340,600,8,0,Gal,d18:1,8:0
21866,0.0,1160,600,8,0,Gal,d18:1,8:0
21867,0.2,620,600,8,0,Gal,d18:1,8:0
21868,0.4,900,600,8,0,Gal,d18:1,8:0
21869,0.6,580,600,8,0,Gal,d18:1,8:0
21870,0.8,400,600,8,0,Gal,d18:1,8:0
21871,1.0,0,600,8,0,Gal,d18:1,8:0
21872,1.2,0,600,8,0,Gal,d18:1,8:0
21873,1.4,0,600,8,0,Gal,d18:1,8:0
21874,1.6,0,600,8,0,Gal,d18:1,8:0
21875,1.8,0,600,8,0,Gal,d18:1,8:0
21876,2.0,0,600,8,0,Gal,d18:1,8:0
21877,2.2,0,600,8,0,Gal,d18:1,8:0
21878,2.4,0,600,8,0,Gal,d18:1,8:0
21879,2.6,0,600,8,0,Gal,d18:1,8:0
21880,2.8,0,600,8,0,Gal,d18:1,8:0
21881,3.0,0,600,8,0,Gal,d18:1,8:0
21882,3.2,0,600,8,0,Gal,d18:1,8:0
21883,3.4,0,600,8,0,Gal,d18:1,8:0
21884,3.6,0,600,8,0,Gal,d18:1,8:0
21885,3.8,0,600,8,0,Gal,d18:1,8:0
21886,4.0,0,600,8,0,Gal,d18:1,8:0
21887,4.2,0,600,8,0,Gal,d18:1,8:0
21888,4.4,0,600,8,0,Gal,d18:1,8:0
21889,4.6,0,600,8,0,Gal,d18:1,8:0
21890,4.8,0,600,8,0,Gal,d18:1,8:0
21891,5.0,0,600,8,0,Gal,d18:1,8:0
21892,5.2,0,600,8,0,Gal,d18:1,8:0
21893,5.4,0,600,8,0,Gal,d18:1,8:0
21894,5.6,0,600,8,0,Gal,d18:1,8:0
21895,5.8,0,600,8,0,Gal,d18:1,8:0
21896,6.0,0,600,8,0,Gal,d18:1,8:0
21897,6.2,0,600,8,0,Gal,d18:1,8:0
21898,6.4,0,600,8,0,Gal,d18:1,8:0
21899,6.6,0,600,8,0,Gal,d18:1,8:0
21900,6.8,0,600,8,0,Gal,d18:1,8:0
21901,7.0,0,600,8,0,Gal,d18:1,8:0
21902,7.2,0,600,8,0,Gal,d18:1,8:0
21903,7.4,0,600,8,0,Gal,d18:1,8:0
21904,7.6,0,600,8,0,Gal,d18:1,8:0
21905,7.8,0,600,8,0,Gal,d18:1,8:0
21906,8.0,0,600,8,0,Gal,d18:1,8:0
21907,8.2,0,600,8,0,Gal,d18:1,8:0
21908,8.4,0,600,8,0,Gal,d18:1,8:0
21909,8.6,0,600,8,0,Gal,d18:1,8:0
21910,8.8,0,600,8,0,Gal,d18:1,8:0
21911,9.0,0,600,8,0,Gal,d18:1,8:0
21912,9.2,0,600,8,0,Gal,d18:1,8:0
21913,9.4,0,600,8,0,Gal,d18:1,8:0
21914,9.6,0,600,8,0,Gal,d18:1,8:0
21915,9.8,0,600,8,0,Gal,d18:1,8:0
21916,10.0,0,600,8,0,Gal,d18:1,8:0
21917,-10.0,0,700,8,0,Gal,d18:1,8:0
21918,-9.8,0,700,8,0,Gal,d18:1,8:0
21919,-9.6,0,700,8,0,Gal,d18:1,8:0
21920,-9.4,0,700,8,0,Gal,d18:1,8:0
21921,-9.2,0,700,8,0,Gal,d18:1,8:0
21922,-9.0,0,700,8,0,Gal,d18:1,8:0
21923,-8.8,0,700,8,0,Gal,d18:1,8:0
21924,-8.6,0,700,8,0,Gal,d18:1,8:0
21925,-8.4,0,700,8,0,Gal,d18:1,8:0
21926,-8.2,0,700,8,0,Gal,d18:1,8:0
21927,-8.0,0,700,8,0,Gal,d18:1,8:0
21928,-7.8,0,700,8,0,Gal,d18:1,8:0
21929,-7.6,0,700,8,0,Gal,d18:1,8:0
21930,-7.4,0,700,8,0,Gal,d18:1,8:0
21931,-7.2,0,700,8,0,Gal,d18:1,8:0
21932,-7.0,0,700,8,0,Gal,d18:1,8:0
21933,-6.8,0,700,8,0,Gal,d18:1,8:0
21934,-6.6,0,700,8,0,Gal,d18:1,8:0
21935,-6.4,0,700,8,0,Gal,d18:1,8:0
21936,-6.2,0,700,8,0,Gal,d18:1,8:0
21937,-6.0,0,700,8,0,Gal,d18:1,8:0
21938,-5.8,0,700,8,0,Gal,d18:1,8:0
21939,-5.6,0,700,8,0,Gal,d18:1,8:0
21940,-5.4,0,700,8,0,Gal,d18:1,8:0
21941,-5.2,0,700,8,0,Gal,d18:1,8:0
21942,-5.0,0,700,8,0,Gal,d18:1,8:0
21943,-4.8,0,700,8,0,Gal,d18:1,8:0
21944,-4.6,0,700,8,0,Gal,d18:1,8:0
21945,-4.4,0,700,8,0,Gal,d18:1,8:0
21946,-4.2,0,700,8,0,Gal,d18:1,8:0
21947,-4.0,0,700,8,0,Gal,d18:1,8:0
21948,-3.8,0,700,8,0,Gal,d18:1,8:0
21949,-3.6,0,700,8,0,Gal,d18:1,8:0
21950,-3.4,0,700,8,0,Gal,d18:1,8:0
21951,-3.2,0,700,8,0,Gal,d18:1,8:0
21952,-3.0,0,700,8,0,Gal,d18:1,8:0
21953,-2.8,0,700,8,0,Gal,d18:1,8:0
21954,-2.6,0,700,8,0,Gal,d18:1,8:0
21955,-2.4,0,700,8,0,Gal,d18:1,8:0
21956,-2.2,0,700,8,0,Gal,d18:1,8:0
21957,-2.0,0,700,8,0,Gal,d18:1,8:0
21958,-1.8,0,700,8,0,Gal,d18:1,8:0
21959,-1.6,0,700,8,0,Gal,d18:1,8:0
21960,-1.4,0,700,8,0,Gal,d18:1,8:0
21961,-1.2,60,700,8,0,Gal,d18:1,8:0
21962,-1.0,380,700,8,0,Gal,d18:1,8:0
21963,-0.8,940,700,8,0,Gal,d18:1,8:0
21964,-0.6,1400,700,8,0,Gal,d18:1,8:0
21965,-0.4,2000,700,8,0,Gal,d18:1,8:0
21966,-0.2,1620,700,8,0,Gal,d18:1,8:0
21967,0.0,1140,700,8,0,Gal,d18:1,8:0
21968,0.2,1440,700,8,0,Gal,d18:1,8:0
21969,0.4,840,700,8,0,Gal,d18:1,8:0
21970,0.6,460,700,8,0,Gal,d18:1,8:0
21971,0.8,180,700,8,0,Gal,d18:1,8:0
21972,1.0,60,700,8,0,Gal,d18:1,8:0
21973,1.2,0,700,8,0,Gal,d18:1,8:0
21974,1.4,0,700,8,0,Gal,d18:1,8:0
21975,1.6,0,700,8,0,Gal,d18:1,8:0
21976,1.8,0,700,8,0,Gal,d18:1,8:0
21977,2.0,0,700,8,0,Gal,d18:1,8:0
21978,2.2,0,700,8,0,Gal,d18:1,8:0
21979,2.4,0,700,8,0,Gal,d18:1,8:0
21980,2.6,0,700,8,0,Gal,d18:1,8:0
21981,2.8,0,700,8,0,Gal,d18:1,8:0
21982,3.0,0,700,8,0,Gal,d18:1,8:0
21983,3.2,0,700,8,0,Gal,d18:1,8:0
21984,3.4,0,700,8,0,Gal,d18:1,8:0
21985,3.6,0,700,8,0,Gal,d18:1,8:0
21986,3.8,0,700,8,0,Gal,d18:1,8:0
21987,4.0,0,700,8,0,Gal,d18:1,8:0
21988,4.2,0,700,8,0,Gal,d18:1,8:0
21989,4.4,0,700,8,0,Gal,d18:1,8:0
21990,4.6,0,700,8,0,Gal,d18:1,8:0
21991,4.8,0,700,8,0,Gal,d18:1,8:0
21992,5.0,0,700,8,0,Gal,d18:1,8:0
21993,5.2,0,700,8,0,Gal,d18:1,8:0
21994,5.4,0,700,8,0,Gal,d18:1,8:0
21995,5.6,0,700,8,0,Gal,d18:1,8:0
21996,5.8,0,700,8,0,Gal,d18:1,8:0
21997,6.0,0,700,8,0,Gal,d18:1,8:0
21998,6.2,0,700,8,0,Gal,d18:1,8:0
21999,6.4,0,700,8,0,Gal,d18:1,8:0
22000,6.6,0,700,8,0,Gal,d18:1,8:0
22001,6.8,0,700,8,0,Gal,d18:1,8:0
22002,7.0,0,700,8,0,Gal,d18:1,8:0
22003,7.2,0,700,8,0,Gal,d18:1,8:0
22004,7.4,0,700,8,0,Gal,d18:1,8:0
22005,7.6,0,700,8,0,Gal,d18:1,8:0
22006,7.8,0,700,8,0,Gal,d18:1,8:0
22007,8.0,0,700,8,0,Gal,d18:1,8:0
22008,8.2,0,700,8,0,Gal,d18:1,8:0
22009,8.4,0,700,8,0,Gal,d18:1,8:0
22010,8.6,0,700,8,0,Gal,d18:1,8:0
22011,8.8,0,700,8,0,Gal,d18:1,8:0
22012,9.0,0,700,8,0,Gal,d18:1,8:0
22013,9.2,0,700,8,0,Gal,d18:1,8:0
22014,9.4,0,700,8,0,Gal,d18:1,8:0
22015,9.6,0,700,8,0,Gal,d18:1,8:0
22016,9.8,0,700,8,0,Gal,d18:1,8:0
22017,10.0,0,700,8,0,Gal,d18:1,8:0
22018,-10.0,0,800,8,0,Gal,d18:1,8:0
22019,-9.8,0,800,8,0,Gal,d18:1,8:0
22020,-9.6,0,800,8,0,Gal,d18:1,8:0
22021,-9.4,0,800,8,0,Gal,d18:1,8:0
22022,-9.2,0,800,8,0,Gal,d18:1,8:0
22023,-9.0,0,800,8,0,Gal,d18:1,8:0
22024,-8.8,0,800,8,0,Gal,d18:1,8:0
22025,-8.6,0,800,8,0,Gal,d18:1,8:0
22026,-8.4,0,800,8,0,Gal,d18:1,8:0
22027,-8.2,0,800,8,0,Gal,d18:1,8:0
22028,-8.0,0,800,8,0,Gal,d18:1,8:0
22029,-7.8,0,800,8,0,Gal,d18:1,8:0
22030,-7.6,0,800,8,0,Gal,d18:1,8:0
22031,-7.4,0,800,8,0,Gal,d18:1,8:0
22032,-7.2,0,800,8,0,Gal,d18:1,8:0
22033,-7.0,0,800,8,0,Gal,d18:1,8:0
22034,-6.8,0,800,8,0,Gal,d18:1,8:0
22035,-6.6,0,800,8,0,Gal,d18:1,8:0
22036,-6.4,0,800,8,0,Gal,d18:1,8:0
22037,-6.2,0,800,8,0,Gal,d18:1,8:0
22038,-6.0,0,800,8,0,Gal,d18:1,8:0
22039,-5.8,0,800,8,0,Gal,d18:1,8:0
22040,-5.6,0,800,8,0,Gal,d18:1,8:0
22041,-5.4,0,800,8,0,Gal,d18:1,8:0
22042,-5.2,0,800,8,0,Gal,d18:1,8:0
22043,-5.0,0,800,8,0,Gal,d18:1,8:0
22044,-4.8,0,800,8,0,Gal,d18:1,8:0
22045,-4.6,0,800,8,0,Gal,d18:1,8:0
22046,-4.4,0,800,8,0,Gal,d18:1,8:0
22047,-4.2,0,800,8,0,Gal,d18:1,8:0
22048,-4.0,0,800,8,0,Gal,d18:1,8:0
22049,-3.8,0,800,8,0,Gal,d18:1,8:0
22050,-3.6,0,800,8,0,Gal,d18:1,8:0
22051,-3.4,0,800,8,0,Gal,d18:1,8:0
22052,-3.2,0,800,8,0,Gal,d18:1,8:0
22053,-3.0,0,800,8,0,Gal,d18:1,8:0
22054,-2.8,0,800,8,0,Gal,d18:1,8:0
22055,-2.6,0,800,8,0,Gal,d18:1,8:0
22056,-2.4,0,800,8,0,Gal,d18:1,8:0
22057,-2.2,0,800,8,0,Gal,d18:1,8:0
22058,-2.0,0,800,8,0,Gal,d18:1,8:0
22059,-1.8,0,800,8,0,Gal,d18:1,8:0
22060,-1.6,0,800,8,0,Gal,d18:1,8:0
22061,-1.4,0,800,8,0,Gal,d18:1,8:0
22062,-1.2,0,800,8,0,Gal,d18:1,8:0
22063,-1.0,380,800,8,0,Gal,d18:1,8:0
22064,-0.8,1040,800,8,0,Gal,d18:1,8:0
22065,-0.6,1620,800,8,0,Gal,d18:1,8:0
22066,-0.4,2100,800,8,0,Gal,d18:1,8:0
22067,-0.2,2020,800,8,0,Gal,d18:1,8:0
22068,0.0,2600,800,8,0,Gal,d18:1,8:0
22069,0.2,1840,800,8,0,Gal,d18:1,8:0
22070,0.4,1480,800,8,0,Gal,d18:1,8:0
22071,0.6,1100,800,8,0,Gal,d18:1,8:0
22072,0.8,380,800,8,0,Gal,d18:1,8:0
22073,1.0,80,800,8,0,Gal,d18:1,8:0
22074,1.2,0,800,8,0,Gal,d18:1,8:0
22075,1.4,0,800,8,0,Gal,d18:1,8:0
22076,1.6,0,800,8,0,Gal,d18:1,8:0
22077,1.8,0,800,8,0,Gal,d18:1,8:0
22078,2.0,0,800,8,0,Gal,d18:1,8:0
22079,2.2,0,800,8,0,Gal,d18:1,8:0
22080,2.4,0,800,8,0,Gal,d18:1,8:0
22081,2.6,0,800,8,0,Gal,d18:1,8:0
22082,2.8,0,800,8,0,Gal,d18:1,8:0
22083,3.0,0,800,8,0,Gal,d18:1,8:0
22084,3.2,0,800,8,0,Gal,d18:1,8:0
22085,3.4,0,800,8,0,Gal,d18:1,8:0
22086,3.6,0,800,8,0,Gal,d18:1,8:0
22087,3.8,0,800,8,0,Gal,d18:1,8:0
22088,4.0,0,800,8,0,Gal,d18:1,8:0
22089,4.2,0,800,8,0,Gal,d18:1,8:0
22090,4.4,0,800,8,0,Gal,d18:1,8:0
22091,4.6,0,800,8,0,Gal,d18:1,8:0
22092,4.8,0,800,8,0,Gal,d18:1,8:0
22093,5.0,0,800,8,0,Gal,d18:1,8:0
22094,5.2,0,800,8,0,Gal,d18:1,8:0
22095,5.4,0,800,8,0,Gal,d18:1,8:0
22096,5.6,0,800,8,0,Gal,d18:1,8:0
22097,5.8,0,800,8,0,Gal,d18:1,8:0
22098,6.0,0,800,8,0,Gal,d18:1,8:0
22099,6.2,0,800,8,0,Gal,d18:1,8:0
22100,6.4,0,800,8,0,Gal,d18:1,8:0
22101,6.6,0,800,8,0,Gal,d18:1,8:0
22102,6.8,0,800,8,0,Gal,d18:1,8:0
22103,7.0,0,800,8,0,Gal,d18:1,8:0
22104,7.2,0,800,8,0,Gal,d18:1,8:0
22105,7.4,0,800,8,0,Gal,d18:1,8:0
22106,7.6,0,800,8,0,Gal,d18:1,8:0
22107,7.8,0,800,8,0,Gal,d18:1,8:0
22108,8.0,0,800,8,0,Gal,d18:1,8:0
22109,8.2,0,800,8,0,Gal,d18:1,8:0
22110,8.4,0,800,8,0,Gal,d18:1,8:0
22111,8.6,0,800,8,0,Gal,d18:1,8:0
22112,8.8,0,800,8,0,Gal,d18:1,8:0
22113,9.0,0,800,8,0,Gal,d18:1,8:0
22114,9.2,0,800,8,0,Gal,d18:1,8:0
22115,9.4,0,800,8,0,Gal,d18:1,8:0
22116,9.6,0,800,8,0,Gal,d18:1,8:0
22117,9.8,0,800,8,0,Gal,d18:1,8:0
22118,10.0,0,800,8,0,Gal,d18:1,8:0
22119,-10.0,0,900,8,0,Gal,d18:1,8:0
22120,-9.8,0,900,8,0,Gal,d18:1,8:0
22121,-9.6,0,900,8,0,Gal,d18:1,8:0
22122,-9.4,0,900,8,0,Gal,d18:1,8:0
22123,-9.2,0,900,8,0,Gal,d18:1,8:0
22124,-9.0,0,900,8,0,Gal,d18:1,8:0
22125,-8.8,0,900,8,0,Gal,d18:1,8:0
22126,-8.6,0,900,8,0,Gal,d18:1,8:0
22127,-8.4,0,900,8,0,Gal,d18:1,8:0
22128,-8.2,0,900,8,0,Gal,d18:1,8:0
22129,-8.0,0,900,8,0,Gal,d18:1,8:0
22130,-7.8,0,900,8,0,Gal,d18:1,8:0
22131,-7.6,0,900,8,0,Gal,d18:1,8:0
22132,-7.4,0,900,8,0,Gal,d18:1,8:0
22133,-7.2,0,900,8,0,Gal,d18:1,8:0
22134,-7.0,0,900,8,0,Gal,d18:1,8:0
22135,-6.8,0,900,8,0,Gal,d18:1,8:0
22136,-6.6,0,900,8,0,Gal,d18:1,8:0
22137,-6.4,0,900,8,0,Gal,d18:1,8:0
22138,-6.2,0,900,8,0,Gal,d18:1,8:0
22139,-6.0,0,900,8,0,Gal,d18:1,8:0
22140,-5.8,0,900,8,0,Gal,d18:1,8:0
22141,-5.6,0,900,8,0,Gal,d18:1,8:0
22142,-5.4,0,900,8,0,Gal,d18:1,8:0
22143,-5.2,0,900,8,0,Gal,d18:1,8:0
22144,-5.0,0,900,8,0,Gal,d18:1,8:0
22145,-4.8,0,900,8,0,Gal,d18:1,8:0
22146,-4.6,0,900,8,0,Gal,d18:1,8:0
22147,-4.4,0,900,8,0,Gal,d18:1,8:0
22148,-4.2,0,900,8,0,Gal,d18:1,8:0
22149,-4.0,0,900,8,0,Gal,d18:1,8:0
22150,-3.8,0,900,8,0,Gal,d18:1,8:0
22151,-3.6,0,900,8,0,Gal,d18:1,8:0
22152,-3.4,0,900,8,0,Gal,d18:1,8:0
22153,-3.2,0,900,8,0,Gal,d18:1,8:0
22154,-3.0,0,900,8,0,Gal,d18:1,8:0
22155,-2.8,0,900,8,0,Gal,d18:1,8:0
22156,-2.6,0,900,8,0,Gal,d18:1,8:0
22157,-2.4,0,900,8,0,Gal,d18:1,8:0
22158,-2.2,0,900,8,0,Gal,d18:1,8:0
22159,-2.0,0,900,8,0,Gal,d18:1,8:0
22160,-1.8,0,900,8,0,Gal,d18:1,8:0
22161,-1.6,0,900,8,0,Gal,d18:1,8:0
22162,-1.4,0,900,8,0,Gal,d18:1,8:0
22163,-1.2,260,900,8,0,Gal,d18:1,8:0
22164,-1.0,340,900,8,0,Gal,d18:1,8:0
22165,-0.8,760,900,8,0,Gal,d18:1,8:0
22166,-0.6,2020,900,8,0,Gal,d18:1,8:0
22167,-0.4,1880,900,8,0,Gal,d18:1,8:0
22168,-0.2,2100,900,8,0,Gal,d18:1,8:0
22169,0.0,1780,900,8,0,Gal,d18:1,8:0
22170,0.2,1260,900,8,0,Gal,d18:1,8:0
22171,0.4,740,900,8,0,Gal,d18:1,8:0
22172,0.6,540,900,8,0,Gal,d18:1,8:0
22173,0.8,200,900,8,0,Gal,d18:1,8:0
22174,1.0,40,900,8,0,Gal,d18:1,8:0
22175,1.2,0,900,8,0,Gal,d18:1,8:0
22176,1.4,0,900,8,0,Gal,d18:1,8:0
22177,1.6,0,900,8,0,Gal,d18:1,8:0
22178,1.8,0,900,8,0,Gal,d18:1,8:0
22179,2.0,0,900,8,0,Gal,d18:1,8:0
22180,2.2,0,900,8,0,Gal,d18:1,8:0
22181,2.4,0,900,8,0,Gal,d18:1,8:0
22182,2.6,0,900,8,0,Gal,d18:1,8:0
22183,2.8,0,900,8,0,Gal,d18:1,8:0
22184,3.0,0,900,8,0,Gal,d18:1,8:0
22185,3.2,0,900,8,0,Gal,d18:1,8:0
22186,3.4,0,900,8,0,Gal,d18:1,8:0
22187,3.6,0,900,8,0,Gal,d18:1,8:0
22188,3.8,0,900,8,0,Gal,d18:1,8:0
22189,4.0,0,900,8,0,Gal,d18:1,8:0
22190,4.2,0,900,8,0,Gal,d18:1,8:0
22191,4.4,0,900,8,0,Gal,d18:1,8:0
22192,4.6,0,900,8,0,Gal,d18:1,8:0
22193,4.8,0,900,8,0,Gal,d18:1,8:0
22194,5.0,0,900,8,0,Gal,d18:1,8:0
22195,5.2,0,900,8,0,Gal,d18:1,8:0
22196,5.4,0,900,8,0,Gal,d18:1,8:0
22197,5.6,0,900,8,0,Gal,d18:1,8:0
22198,5.8,0,900,8,0,Gal,d18:1,8:0
22199,6.0,0,900,8,0,Gal,d18:1,8:0
22200,6.2,0,900,8,0,Gal,d18:1,8:0
22201,6.4,0,900,8,0,Gal,d18:1,8:0
22202,6.6,0,900,8,0,Gal,d18:1,8:0
22203,6.8,0,900,8,0,Gal,d18:1,8:0
22204,7.0,0,900,8,0,Gal,d18:1,8:0
22205,7.2,0,900,8,0,Gal,d18:1,8:0
22206,7.4,0,900,8,0,Gal,d18:1,8:0
22207,7.6,0,900,8,0,Gal,d18:1,8:0
22208,7.8,0,900,8,0,Gal,d18:1,8:0
22209,8.0,0,900,8,0,Gal,d18:1,8:0
22210,8.2,0,900,8,0,Gal,d18:1,8:0
22211,8.4,0,900,8,0,Gal,d18:1,8:0
22212,8.6,0,900,8,0,Gal,d18:1,8:0
22213,8.8,0,900,8,0,Gal,d18:1,8:0
22214,9.0,0,900,8,0,Gal,d18:1,8:0
22215,9.2,0,900,8,0,Gal,d18:1,8:0
22216,9.4,0,900,8,0,Gal,d18:1,8:0
22217,9.6,0,900,8,0,Gal,d18:1,8:0
22218,9.8,0,900,8,0,Gal,d18:1,8:0
22219,10.0,0,900,8,0,Gal,d18:1,8:0
22220,-10.0,0,1000,8,0,Gal,d18:1,8:0
22221,-9.8,0,1000,8,0,Gal,d18:1,8:0
22222,-9.6,0,1000,8,0,Gal,d18:1,8:0
22223,-9.4,0,1000,8,0,Gal,d18:1,8:0
22224,-9.2,0,1000,8,0,Gal,d18:1,8:0
22225,-9.0,0,1000,8,0,Gal,d18:1,8:0
22226,-8.8,0,1000,8,0,Gal,d18:1,8:0
22227,-8.6,0,1000,8,0,Gal,d18:1,8:0
22228,-8.4,0,1000,8,0,Gal,d18:1,8:0
22229,-8.2,0,1000,8,0,Gal,d18:1,8:0
22230,-8.0,0,1000,8,0,Gal,d18:1,8:0
22231,-7.8,0,1000,8,0,Gal,d18:1,8:0
22232,-7.6,0,1000,8,0,Gal,d18:1,8:0
22233,-7.4,0,1000,8,0,Gal,d18:1,8:0
22234,-7.2,0,1000,8,0,Gal,d18:1,8:0
22235,-7.0,0,1000,8,0,Gal,d18:1,8:0
22236,-6.8,0,1000,8,0,Gal,d18:1,8:0
22237,-6.6,0,1000,8,0,Gal,d18:1,8:0
22238,-6.4,0,1000,8,0,Gal,d18:1,8:0
22239,-6.2,0,1000,8,0,Gal,d18:1,8:0
22240,-6.0,0,1000,8,0,Gal,d18:1,8:0
22241,-5.8,0,1000,8,0,Gal,d18:1,8:0
22242,-5.6,0,1000,8,0,Gal,d18:1,8:0
22243,-5.4,0,1000,8,0,Gal,d18:1,8:0
22244,-5.2,0,1000,8,0,Gal,d18:1,8:0
22245,-5.0,0,1000,8,0,Gal,d18:1,8:0
22246,-4.8,0,1000,8,0,Gal,d18:1,8:0
22247,-4.6,0,1000,8,0,Gal,d18:1,8:0
22248,-4.4,0,1000,8,0,Gal,d18:1,8:0
22249,-4.2,0,1000,8,0,Gal,d18:1,8:0
22250,-4.0,0,1000,8,0,Gal,d18:1,8:0
22251,-3.8,0,1000,8,0,Gal,d18:1,8:0
22252,-3.6,0,1000,8,0,Gal,d18:1,8:0
22253,-3.4,0,1000,8,0,Gal,d18:1,8:0
22254,-3.2,0,1000,8,0,Gal,d18:1,8:0
22255,-3.0,0,1000,8,0,Gal,d18:1,8:0
22256,-2.8,0,1000,8,0,Gal,d18:1,8:0
22257,-2.6,0,1000,8,0,Gal,d18:1,8:0
22258,-2.4,0,1000,8,0,Gal,d18:1,8:0
22259,-2.2,0,1000,8,0,Gal,d18:1,8:0
22260,-2.0,0,1000,8,0,Gal,d18:1,8:0
22261,-1.8,0,1000,8,0,Gal,d18:1,8:0
22262,-1.6,0,1000,8,0,Gal,d18:1,8:0
22263,-1.4,40,1000,8,0,Gal,d18:1,8:0
22264,-1.2,100,1000,8,0,Gal,d18:1,8:0
22265,-1.0,500,1000,8,0,Gal,d18:1,8:0
22266,-0.8,1260,1000,8,0,Gal,d18:1,8:0
22267,-0.6,1300,1000,8,0,Gal,d18:1,8:0
22268,-0.4,2140,1000,8,0,Gal,d18:1,8:0
22269,-0.2,2480,1000,8,0,Gal,d18:1,8:0
22270,0.0,2120,1000,8,0,Gal,d18:1,8:0
22271,0.2,1280,1000,8,0,Gal,d18:1,8:0
22272,0.4,1280,1000,8,0,Gal,d18:1,8:0
22273,0.6,520,1000,8,0,Gal,d18:1,8:0
22274,0.8,180,1000,8,0,Gal,d18:1,8:0
22275,1.0,0,1000,8,0,Gal,d18:1,8:0
22276,1.2,0,1000,8,0,Gal,d18:1,8:0
22277,1.4,0,1000,8,0,Gal,d18:1,8:0
22278,1.6,0,1000,8,0,Gal,d18:1,8:0
22279,1.8,0,1000,8,0,Gal,d18:1,8:0
22280,2.0,0,1000,8,0,Gal,d18:1,8:0
22281,2.2,0,1000,8,0,Gal,d18:1,8:0
22282,2.4,0,1000,8,0,Gal,d18:1,8:0
22283,2.6,0,1000,8,0,Gal,d18:1,8:0
22284,2.8,0,1000,8,0,Gal,d18:1,8:0
22285,3.0,0,1000,8,0,Gal,d18:1,8:0
22286,3.2,0,1000,8,0,Gal,d18:1,8:0
22287,3.4,0,1000,8,0,Gal,d18:1,8:0
22288,3.6,0,1000,8,0,Gal,d18:1,8:0
22289,3.8,0,1000,8,0,Gal,d18:1,8:0
22290,4.0,0,1000,8,0,Gal,d18:1,8:0
22291,4.2,0,1000,8,0,Gal,d18:1,8:0
22292,4.4,0,1000,8,0,Gal,d18:1,8:0
22293,4.6,0,1000,8,0,Gal,d18:1,8:0
22294,4.8,0,1000,8,0,Gal,d18:1,8:0
22295,5.0,0,1000,8,0,Gal,d18:1,8:0
22296,5.2,0,1000,8,0,Gal,d18:1,8:0
22297,5.4,0,1000,8,0,Gal,d18:1,8:0
22298,5.6,0,1000,8,0,Gal,d18:1,8:0
22299,5.8,0,1000,8,0,Gal,d18:1,8:0
22300,6.0,0,1000,8,0,Gal,d18:1,8:0
22301,6.2,0,1000,8,0,Gal,d18:1,8:0
22302,6.4,0,1000,8,0,Gal,d18:1,8:0
22303,6.6,0,1000,8,0,Gal,d18:1,8:0
22304,6.8,0,1000,8,0,Gal,d18:1,8:0
22305,7.0,0,1000,8,0,Gal,d18:1,8:0
22306,7.2,0,1000,8,0,Gal,d18:1,8:0
22307,7.4,0,1000,8,0,Gal,d18:1,8:0
22308,7.6,0,1000,8,0,Gal,d18:1,8:0
22309,7.8,0,1000,8,0,Gal,d18:1,8:0
22310,8.0,0,1000,8,0,Gal,d18:1,8:0
22311,8.2,0,1000,8,0,Gal,d18:1,8:0
22312,8.4,0,1000,8,0,Gal,d18:1,8:0
22313,8.6,0,1000,8,0,Gal,d18:1,8:0
22314,8.8,0,1000,8,0,Gal,d18:1,8:0
22315,9.0,0,1000,8,0,Gal,d18:1,8:0
22316,9.2,0,1000,8,0,Gal,d18:1,8:0
22317,9.4,0,1000,8,0,Gal,d18:1,8:0
22318,9.6,0,1000,8,0,Gal,d18:1,8:0
22319,9.8,0,1000,8,0,Gal,d18:1,8:0
22320,10.0,0,1000,8,0,Gal,d18:1,8:0
22321,-10.0,0,1100,8,0,Gal,d18:1,8:0
22322,-9.8,0,1100,8,0,Gal,d18:1,8:0
22323,-9.6,0,1100,8,0,Gal,d18:1,8:0
22324,-9.4,0,1100,8,0,Gal,d18:1,8:0
22325,-9.2,0,1100,8,0,Gal,d18:1,8:0
22326,-9.0,0,1100,8,0,Gal,d18:1,8:0
22327,-8.8,0,1100,8,0,Gal,d18:1,8:0
22328,-8.6,0,1100,8,0,Gal,d18:1,8:0
22329,-8.4,0,1100,8,0,Gal,d18:1,8:0
22330,-8.2,0,1100,8,0,Gal,d18:1,8:0
22331,-8.0,0,1100,8,0,Gal,d18:1,8:0
22332,-7.8,0,1100,8,0,Gal,d18:1,8:0
22333,-7.6,0,1100,8,0,Gal,d18:1,8:0
22334,-7.4,0,1100,8,0,Gal,d18:1,8:0
22335,-7.2,0,1100,8,0,Gal,d18:1,8:0
22336,-7.0,0,1100,8,0,Gal,d18:1,8:0
22337,-6.8,0,1100,8,0,Gal,d18:1,8:0
22338,-6.6,0,1100,8,0,Gal,d18:1,8:0
22339,-6.4,0,1100,8,0,Gal,d18:1,8:0
22340,-6.2,0,1100,8,0,Gal,d18:1,8:0
22341,-6.0,0,1100,8,0,Gal,d18:1,8:0
22342,-5.8,0,1100,8,0,Gal,d18:1,8:0
22343,-5.6,0,1100,8,0,Gal,d18:1,8:0
22344,-5.4,0,1100,8,0,Gal,d18:1,8:0
22345,-5.2,0,1100,8,0,Gal,d18:1,8:0
22346,-5.0,0,1100,8,0,Gal,d18:1,8:0
22347,-4.8,0,1100,8,0,Gal,d18:1,8:0
22348,-4.6,0,1100,8,0,Gal,d18:1,8:0
22349,-4.4,0,1100,8,0,Gal,d18:1,8:0
22350,-4.2,0,1100,8,0,Gal,d18:1,8:0
22351,-4.0,0,1100,8,0,Gal,d18:1,8:0
22352,-3.8,0,1100,8,0,Gal,d18:1,8:0
22353,-3.6,0,1100,8,0,Gal,d18:1,8:0
22354,-3.4,0,1100,8,0,Gal,d18:1,8:0
22355,-3.2,0,1100,8,0,Gal,d18:1,8:0
22356,-3.0,0,1100,8,0,Gal,d18:1,8:0
22357,-2.8,0,1100,8,0,Gal,d18:1,8:0
22358,-2.6,0,1100,8,0,Gal,d18:1,8:0
22359,-2.4,0,1100,8,0,Gal,d18:1,8:0
22360,-2.2,0,1100,8,0,Gal,d18:1,8:0
22361,-2.0,0,1100,8,0,Gal,d18:1,8:0
22362,-1.8,0,1100,8,0,Gal,d18:1,8:0
22363,-1.6,0,1100,8,0,Gal,d18:1,8:0
22364,-1.4,20,1100,8,0,Gal,d18:1,8:0
22365,-1.2,180,1100,8,0,Gal,d18:1,8:0
22366,-1.0,540,1100,8,0,Gal,d18:1,8:0
22367,-0.8,1120,1100,8,0,Gal,d18:1,8:0
22368,-0.6,2300,1100,8,0,Gal,d18:1,8:0
22369,-0.4,2320,1100,8,0,Gal,d18:1,8:0
22370,-0.2,2860,1100,8,0,Gal,d18:1,8:0
22371,0.0,2220,1100,8,0,Gal,d18:1,8:0
22372,0.2,1800,1100,8,0,Gal,d18:1,8:0
22373,0.4,780,1100,8,0,Gal,d18:1,8:0
22374,0.6,500,1100,8,0,Gal,d18:1,8:0
22375,0.8,40,1100,8,0,Gal,d18:1,8:0
22376,1.0,0,1100,8,0,Gal,d18:1,8:0
22377,1.2,0,1100,8,0,Gal,d18:1,8:0
22378,1.4,0,1100,8,0,Gal,d18:1,8:0
22379,1.6,0,1100,8,0,Gal,d18:1,8:0
22380,1.8,0,1100,8,0,Gal,d18:1,8:0
22381,2.0,0,1100,8,0,Gal,d18:1,8:0
22382,2.2,0,1100,8,0,Gal,d18:1,8:0
22383,2.4,0,1100,8,0,Gal,d18:1,8:0
22384,2.6,0,1100,8,0,Gal,d18:1,8:0
22385,2.8,0,1100,8,0,Gal,d18:1,8:0
22386,3.0,0,1100,8,0,Gal,d18:1,8:0
22387,3.2,0,1100,8,0,Gal,d18:1,8:0
22388,3.4,0,1100,8,0,Gal,d18:1,8:0
22389,3.6,0,1100,8,0,Gal,d18:1,8:0
22390,3.8,0,1100,8,0,Gal,d18:1,8:0
22391,4.0,0,1100,8,0,Gal,d18:1,8:0
22392,4.2,0,1100,8,0,Gal,d18:1,8:0
22393,4.4,0,1100,8,0,Gal,d18:1,8:0
22394,4.6,0,1100,8,0,Gal,d18:1,8:0
22395,4.8,0,1100,8,0,Gal,d18:1,8:0
22396,5.0,0,1100,8,0,Gal,d18:1,8:0
22397,5.2,0,1100,8,0,Gal,d18:1,8:0
22398,5.4,0,1100,8,0,Gal,d18:1,8:0
22399,5.6,0,1100,8,0,Gal,d18:1,8:0
22400,5.8,0,1100,8,0,Gal,d18:1,8:0
22401,6.0,0,1100,8,0,Gal,d18:1,8:0
22402,6.2,0,1100,8,0,Gal,d18:1,8:0
22403,6.4,0,1100,8,0,Gal,d18:1,8:0
22404,6.6,0,1100,8,0,Gal,d18:1,8:0
22405,6.8,0,1100,8,0,Gal,d18:1,8:0
22406,7.0,0,1100,8,0,Gal,d18:1,8:0
22407,7.2,0,1100,8,0,Gal,d18:1,8:0
22408,7.4,0,1100,8,0,Gal,d18:1,8:0
22409,7.6,0,1100,8,0,Gal,d18:1,8:0
22410,7.8,0,1100,8,0,Gal,d18:1,8:0
22411,8.0,0,1100,8,0,Gal,d18:1,8:0
22412,8.2,0,1100,8,0,Gal,d18:1,8:0
22413,8.4,0,1100,8,0,Gal,d18:1,8:0
22414,8.6,0,1100,8,0,Gal,d18:1,8:0
22415,8.8,0,1100,8,0,Gal,d18:1,8:0
22416,9.0,0,1100,8,0,Gal,d18:1,8:0
22417,9.2,0,1100,8,0,Gal,d18:1,8:0
22418,9.4,0,1100,8,0,Gal,d18:1,8:0
22419,9.6,0,1100,8,0,Gal,d18:1,8:0
22420,9.8,0,1100,8,0,Gal,d18:1,8:0
22421,10.0,0,1100,8,0,Gal,d18:1,8:0
22422,-10.0,0,1200,8,0,Gal,d18:1,8:0
22423,-9.8,0,1200,8,0,Gal,d18:1,8:0
22424,-9.6,0,1200,8,0,Gal,d18:1,8:0
22425,-9.4,0,1200,8,0,Gal,d18:1,8:0
22426,-9.2,0,1200,8,0,Gal,d18:1,8:0
22427,-9.0,0,1200,8,0,Gal,d18:1,8:0
22428,-8.8,0,1200,8,0,Gal,d18:1,8:0
22429,-8.6,0,1200,8,0,Gal,d18:1,8:0
22430,-8.4,0,1200,8,0,Gal,d18:1,8:0
22431,-8.2,0,1200,8,0,Gal,d18:1,8:0
22432,-8.0,0,1200,8,0,Gal,d18:1,8:0
22433,-7.8,0,1200,8,0,Gal,d18:1,8:0
22434,-7.6,0,1200,8,0,Gal,d18:1,8:0
22435,-7.4,0,1200,8,0,Gal,d18:1,8:0
22436,-7.2,0,1200,8,0,Gal,d18:1,8:0
22437,-7.0,0,1200,8,0,Gal,d18:1,8:0
22438,-6.8,0,1200,8,0,Gal,d18:1,8:0
22439,-6.6,0,1200,8,0,Gal,d18:1,8:0
22440,-6.4,0,1200,8,0,Gal,d18:1,8:0
22441,-6.2,0,1200,8,0,Gal,d18:1,8:0
22442,-6.0,0,1200,8,0,Gal,d18:1,8:0
22443,-5.8,0,1200,8,0,Gal,d18:1,8:0
22444,-5.6,0,1200,8,0,Gal,d18:1,8:0
22445,-5.4,0,1200,8,0,Gal,d18:1,8:0
22446,-5.2,0,1200,8,0,Gal,d18:1,8:0
22447,-5.0,0,1200,8,0,Gal,d18:1,8:0
22448,-4.8,0,1200,8,0,Gal,d18:1,8:0
22449,-4.6,0,1200,8,0,Gal,d18:1,8:0
22450,-4.4,0,1200,8,0,Gal,d18:1,8:0
22451,-4.2,0,1200,8,0,Gal,d18:1,8:0
22452,-4.0,0,1200,8,0,Gal,d18:1,8:0
22453,-3.8,0,1200,8,0,Gal,d18:1,8:0
22454,-3.6,0,1200,8,0,Gal,d18:1,8:0
22455,-3.4,0,1200,8,0,Gal,d18:1,8:0
22456,-3.2,0,1200,8,0,Gal,d18:1,8:0
22457,-3.0,0,1200,8,0,Gal,d18:1,8:0
22458,-2.8,0,1200,8,0,Gal,d18:1,8:0
22459,-2.6,0,1200,8,0,Gal,d18:1,8:0
22460,-2.4,0,1200,8,0,Gal,d18:1,8:0
22461,-2.2,0,1200,8,0,Gal,d18:1,8:0
22462,-2.0,0,1200,8,0,Gal,d18:1,8:0
22463,-1.8,0,1200,8,0,Gal,d18:1,8:0
22464,-1.6,0,1200,8,0,Gal,d18:1,8:0
22465,-1.4,0,1200,8,0,Gal,d18:1,8:0
22466,-1.2,180,1200,8,0,Gal,d18:1,8:0
22467,-1.0,760,1200,8,0,Gal,d18:1,8:0
22468,-0.8,1800,1200,8,0,Gal,d18:1,8:0
22469,-0.6,3120,1200,8,0,Gal,d18:1,8:0
22470,-0.4,3000,1200,8,0,Gal,d18:1,8:0
22471,-0.2,3520,1200,8,0,Gal,d18:1,8:0
22472,0.0,2400,1200,8,0,Gal,d18:1,8:0
22473,0.2,1540,1200,8,0,Gal,d18:1,8:0
22474,0.4,880,1200,8,0,Gal,d18:1,8:0
22475,0.6,440,1200,8,0,Gal,d18:1,8:0
22476,0.8,180,1200,8,0,Gal,d18:1,8:0
22477,1.0,0,1200,8,0,Gal,d18:1,8:0
22478,1.2,0,1200,8,0,Gal,d18:1,8:0
22479,1.4,0,1200,8,0,Gal,d18:1,8:0
22480,1.6,0,1200,8,0,Gal,d18:1,8:0
22481,1.8,0,1200,8,0,Gal,d18:1,8:0
22482,2.0,0,1200,8,0,Gal,d18:1,8:0
22483,2.2,0,1200,8,0,Gal,d18:1,8:0
22484,2.4,0,1200,8,0,Gal,d18:1,8:0
22485,2.6,0,1200,8,0,Gal,d18:1,8:0
22486,2.8,0,1200,8,0,Gal,d18:1,8:0
22487,3.0,0,1200,8,0,Gal,d18:1,8:0
22488,3.2,0,1200,8,0,Gal,d18:1,8:0
22489,3.4,0,1200,8,0,Gal,d18:1,8:0
22490,3.6,0,1200,8,0,Gal,d18:1,8:0
22491,3.8,0,1200,8,0,Gal,d18:1,8:0
22492,4.0,0,1200,8,0,Gal,d18:1,8:0
22493,4.2,0,1200,8,0,Gal,d18:1,8:0
22494,4.4,0,1200,8,0,Gal,d18:1,8:0
22495,4.6,0,1200,8,0,Gal,d18:1,8:0
22496,4.8,0,1200,8,0,Gal,d18:1,8:0
22497,5.0,0,1200,8,0,Gal,d18:1,8:0
22498,5.2,0,1200,8,0,Gal,d18:1,8:0
22499,5.4,0,1200,8,0,Gal,d18:1,8:0
22500,5.6,0,1200,8,0,Gal,d18:1,8:0
22501,5.8,0,1200,8,0,Gal,d18:1,8:0
22502,6.0,0,1200,8,0,Gal,d18:1,8:0
22503,6.2,0,1200,8,0,Gal,d18:1,8:0
22504,6.4,0,1200,8,0,Gal,d18:1,8:0
22505,6.6,0,1200,8,0,Gal,d18:1,8:0
22506,6.8,0,1200,8,0,Gal,d18:1,8:0
22507,7.0,0,1200,8,0,Gal,d18:1,8:0
22508,7.2,0,1200,8,0,Gal,d18:1,8:0
22509,7.4,0,1200,8,0,Gal,d18:1,8:0
22510,7.6,0,1200,8,0,Gal,d18:1,8:0
22511,7.8,0,1200,8,0,Gal,d18:1,8:0
22512,8.0,0,1200,8,0,Gal,d18:1,8:0
22513,8.2,0,1200,8,0,Gal,d18:1,8:0
22514,8.4,0,1200,8,0,Gal,d18:1,8:0
22515,8.6,0,1200,8,0,Gal,d18:1,8:0
22516,8.8,0,1200,8,0,Gal,d18:1,8:0
22517,9.0,0,1200,8,0,Gal,d18:1,8:0
22518,9.2,0,1200,8,0,Gal,d18:1,8:0
22519,9.4,0,1200,8,0,Gal,d18:1,8:0
22520,9.6,0,1200,8,0,Gal,d18:1,8:0
22521,9.8,0,1200,8,0,Gal,d18:1,8:0
22522,10.0,0,1200,8,0,Gal,d18:1,8:0
22523,-10.0,0,1300,8,0,Gal,d18:1,8:0
22524,-9.8,0,1300,8,0,Gal,d18:1,8:0
22525,-9.6,0,1300,8,0,Gal,d18:1,8:0
22526,-9.4,0,1300,8,0,Gal,d18:1,8:0
22527,-9.2,0,1300,8,0,Gal,d18:1,8:0
22528,-9.0,0,1300,8,0,Gal,d18:1,8:0
22529,-8.8,0,1300,8,0,Gal,d18:1,8:0
22530,-8.6,0,1300,8,0,Gal,d18:1,8:0
22531,-8.4,0,1300,8,0,Gal,d18:1,8:0
22532,-8.2,0,1300,8,0,Gal,d18:1,8:0
22533,-8.0,0,1300,8,0,Gal,d18:1,8:0
22534,-7.8,0,1300,8,0,Gal,d18:1,8:0
22535,-7.6,0,1300,8,0,Gal,d18:1,8:0
22536,-7.4,0,1300,8,0,Gal,d18:1,8:0
22537,-7.2,0,1300,8,0,Gal,d18:1,8:0
22538,-7.0,0,1300,8,0,Gal,d18:1,8:0
22539,-6.8,0,1300,8,0,Gal,d18:1,8:0
22540,-6.6,0,1300,8,0,Gal,d18:1,8:0
22541,-6.4,0,1300,8,0,Gal,d18:1,8:0
22542,-6.2,0,1300,8,0,Gal,d18:1,8:0
22543,-6.0,0,1300,8,0,Gal,d18:1,8:0
22544,-5.8,0,1300,8,0,Gal,d18:1,8:0
22545,-5.6,0,1300,8,0,Gal,d18:1,8:0
22546,-5.4,0,1300,8,0,Gal,d18:1,8:0
22547,-5.2,0,1300,8,0,Gal,d18:1,8:0
22548,-5.0,0,1300,8,0,Gal,d18:1,8:0
22549,-4.8,0,1300,8,0,Gal,d18:1,8:0
22550,-4.6,0,1300,8,0,Gal,d18:1,8:0
22551,-4.4,0,1300,8,0,Gal,d18:1,8:0
22552,-4.2,0,1300,8,0,Gal,d18:1,8:0
22553,-4.0,0,1300,8,0,Gal,d18:1,8:0
22554,-3.8,0,1300,8,0,Gal,d18:1,8:0
22555,-3.6,0,1300,8,0,Gal,d18:1,8:0
22556,-3.4,0,1300,8,0,Gal,d18:1,8:0
22557,-3.2,0,1300,8,0,Gal,d18:1,8:0
22558,-3.0,0,1300,8,0,Gal,d18:1,8:0
22559,-2.8,0,1300,8,0,Gal,d18:1,8:0
22560,-2.6,0,1300,8,0,Gal,d18:1,8:0
22561,-2.4,0,1300,8,0,Gal,d18:1,8:0
22562,-2.2,0,1300,8,0,Gal,d18:1,8:0
22563,-2.0,0,1300,8,0,Gal,d18:1,8:0
22564,-1.8,0,1300,8,0,Gal,d18:1,8:0
22565,-1.6,0,1300,8,0,Gal,d18:1,8:0
22566,-1.4,100,1300,8,0,Gal,d18:1,8:0
22567,-1.2,360,1300,8,0,Gal,d18:1,8:0
22568,-1.0,1600,1300,8,0,Gal,d18:1,8:0
22569,-0.8,3240,1300,8,0,Gal,d18:1,8:0
22570,-0.6,3280,1300,8,0,Gal,d18:1,8:0
22571,-0.4,4880,1300,8,0,Gal,d18:1,8:0
22572,-0.2,4540,1300,8,0,Gal,d18:1,8:0
22573,0.0,3660,1300,8,0,Gal,d18:1,8:0
22574,0.2,1860,1300,8,0,Gal,d18:1,8:0
22575,0.4,680,1300,8,0,Gal,d18:1,8:0
22576,0.6,320,1300,8,0,Gal,d18:1,8:0
22577,0.8,140,1300,8,0,Gal,d18:1,8:0
22578,1.0,0,1300,8,0,Gal,d18:1,8:0
22579,1.2,0,1300,8,0,Gal,d18:1,8:0
22580,1.4,0,1300,8,0,Gal,d18:1,8:0
22581,1.6,0,1300,8,0,Gal,d18:1,8:0
22582,1.8,0,1300,8,0,Gal,d18:1,8:0
22583,2.0,0,1300,8,0,Gal,d18:1,8:0
22584,2.2,0,1300,8,0,Gal,d18:1,8:0
22585,2.4,0,1300,8,0,Gal,d18:1,8:0
22586,2.6,0,1300,8,0,Gal,d18:1,8:0
22587,2.8,0,1300,8,0,Gal,d18:1,8:0
22588,3.0,0,1300,8,0,Gal,d18:1,8:0
22589,3.2,0,1300,8,0,Gal,d18:1,8:0
22590,3.4,0,1300,8,0,Gal,d18:1,8:0
22591,3.6,0,1300,8,0,Gal,d18:1,8:0
22592,3.8,0,1300,8,0,Gal,d18:1,8:0
22593,4.0,0,1300,8,0,Gal,d18:1,8:0
22594,4.2,0,1300,8,0,Gal,d18:1,8:0
22595,4.4,0,1300,8,0,Gal,d18:1,8:0
22596,4.6,0,1300,8,0,Gal,d18:1,8:0
22597,4.8,0,1300,8,0,Gal,d18:1,8:0
22598,5.0,0,1300,8,0,Gal,d18:1,8:0
22599,5.2,0,1300,8,0,Gal,d18:1,8:0
22600,5.4,0,1300,8,0,Gal,d18:1,8:0
22601,5.6,0,1300,8,0,Gal,d18:1,8:0
22602,5.8,0,1300,8,0,Gal,d18:1,8:0
22603,6.0,0,1300,8,0,Gal,d18:1,8:0
22604,6.2,0,1300,8,0,Gal,d18:1,8:0
22605,6.4,0,1300,8,0,Gal,d18:1,8:0
22606,6.6,0,1300,8,0,Gal,d18:1,8:0
22607,6.8,0,1300,8,0,Gal,d18:1,8:0
22608,7.0,0,1300,8,0,Gal,d18:1,8:0
22609,7.2,0,1300,8,0,Gal,d18:1,8:0
22610,7.4,0,1300,8,0,Gal,d18:1,8:0
22611,7.6,0,1300,8,0,Gal,d18:1,8:0
22612,7.8,0,1300,8,0,Gal,d18:1,8:0
22613,8.0,0,1300,8,0,Gal,d18:1,8:0
22614,8.2,0,1300,8,0,Gal,d18:1,8:0
22615,8.4,0,1300,8,0,Gal,d18:1,8:0
22616,8.6,0,1300,8,0,Gal,d18:1,8:0
22617,8.8,0,1300,8,0,Gal,d18:1,8:0
22618,9.0,0,1300,8,0,Gal,d18:1,8:0
22619,9.2,0,1300,8,0,Gal,d18:1,8:0
22620,9.4,0,1300,8,0,Gal,d18:1,8:0
22621,9.6,0,1300,8,0,Gal,d18:1,8:0
22622,9.8,0,1300,8,0,Gal,d18:1,8:0
22623,10.0,0,1300,8,0,Gal,d18:1,8:0
22624,-10.0,0,1400,8,0,Gal,d18:1,8:0
22625,-9.8,0,1400,8,0,Gal,d18:1,8:0
22626,-9.6,0,1400,8,0,Gal,d18:1,8:0
22627,-9.4,0,1400,8,0,Gal,d18:1,8:0
22628,-9.2,0,1400,8,0,Gal,d18:1,8:0
22629,-9.0,0,1400,8,0,Gal,d18:1,8:0
22630,-8.8,0,1400,8,0,Gal,d18:1,8:0
22631,-8.6,0,1400,8,0,Gal,d18:1,8:0
22632,-8.4,0,1400,8,0,Gal,d18:1,8:0
22633,-8.2,0,1400,8,0,Gal,d18:1,8:0
22634,-8.0,0,1400,8,0,Gal,d18:1,8:0
22635,-7.8,0,1400,8,0,Gal,d18:1,8:0
22636,-7.6,0,1400,8,0,Gal,d18:1,8:0
22637,-7.4,0,1400,8,0,Gal,d18:1,8:0
22638,-7.2,0,1400,8,0,Gal,d18:1,8:0
22639,-7.0,0,1400,8,0,Gal,d18:1,8:0
22640,-6.8,0,1400,8,0,Gal,d18:1,8:0
22641,-6.6,0,1400,8,0,Gal,d18:1,8:0
22642,-6.4,0,1400,8,0,Gal,d18:1,8:0
22643,-6.2,0,1400,8,0,Gal,d18:1,8:0
22644,-6.0,0,1400,8,0,Gal,d18:1,8:0
22645,-5.8,0,1400,8,0,Gal,d18:1,8:0
22646,-5.6,0,1400,8,0,Gal,d18:1,8:0
22647,-5.4,0,1400,8,0,Gal,d18:1,8:0
22648,-5.2,0,1400,8,0,Gal,d18:1,8:0
22649,-5.0,0,1400,8,0,Gal,d18:1,8:0
22650,-4.8,0,1400,8,0,Gal,d18:1,8:0
22651,-4.6,0,1400,8,0,Gal,d18:1,8:0
22652,-4.4,0,1400,8,0,Gal,d18:1,8:0
22653,-4.2,0,1400,8,0,Gal,d18:1,8:0
22654,-4.0,0,1400,8,0,Gal,d18:1,8:0
22655,-3.8,0,1400,8,0,Gal,d18:1,8:0
22656,-3.6,0,1400,8,0,Gal,d18:1,8:0
22657,-3.4,0,1400,8,0,Gal,d18:1,8:0
22658,-3.2,0,1400,8,0,Gal,d18:1,8:0
22659,-3.0,0,1400,8,0,Gal,d18:1,8:0
22660,-2.8,0,1400,8,0,Gal,d18:1,8:0
22661,-2.6,0,1400,8,0,Gal,d18:1,8:0
22662,-2.4,0,1400,8,0,Gal,d18:1,8:0
22663,-2.2,0,1400,8,0,Gal,d18:1,8:0
22664,-2.0,0,1400,8,0,Gal,d18:1,8:0
22665,-1.8,0,1400,8,0,Gal,d18:1,8:0
22666,-1.6,60,1400,8,0,Gal,d18:1,8:0
22667,-1.4,220,1400,8,0,Gal,d18:1,8:0
22668,-1.2,640,1400,8,0,Gal,d18:1,8:0
22669,-1.0,1760,1400,8,0,Gal,d18:1,8:0
22670,-0.8,2580,1400,8,0,Gal,d18:1,8:0
22671,-0.6,2900,1400,8,0,Gal,d18:1,8:0
22672,-0.4,3560,1400,8,0,Gal,d18:1,8:0
22673,-0.2,2860,1400,8,0,Gal,d18:1,8:0
22674,0.0,1880,1400,8,0,Gal,d18:1,8:0
22675,0.2,1300,1400,8,0,Gal,d18:1,8:0
22676,0.4,520,1400,8,0,Gal,d18:1,8:0
22677,0.6,40,1400,8,0,Gal,d18:1,8:0
22678,0.8,0,1400,8,0,Gal,d18:1,8:0
22679,1.0,0,1400,8,0,Gal,d18:1,8:0
22680,1.2,0,1400,8,0,Gal,d18:1,8:0
22681,1.4,0,1400,8,0,Gal,d18:1,8:0
22682,1.6,0,1400,8,0,Gal,d18:1,8:0
22683,1.8,0,1400,8,0,Gal,d18:1,8:0
22684,2.0,0,1400,8,0,Gal,d18:1,8:0
22685,2.2,0,1400,8,0,Gal,d18:1,8:0
22686,2.4,0,1400,8,0,Gal,d18:1,8:0
22687,2.6,0,1400,8,0,Gal,d18:1,8:0
22688,2.8,0,1400,8,0,Gal,d18:1,8:0
22689,3.0,0,1400,8,0,Gal,d18:1,8:0
22690,3.2,0,1400,8,0,Gal,d18:1,8:0
22691,3.4,0,1400,8,0,Gal,d18:1,8:0
22692,3.6,0,1400,8,0,Gal,d18:1,8:0
22693,3.8,0,1400,8,0,Gal,d18:1,8:0
22694,4.0,0,1400,8,0,Gal,d18:1,8:0
22695,4.2,0,1400,8,0,Gal,d18:1,8:0
22696,4.4,0,1400,8,0,Gal,d18:1,8:0
22697,4.6,0,1400,8,0,Gal,d18:1,8:0
22698,4.8,0,1400,8,0,Gal,d18:1,8:0
22699,5.0,0,1400,8,0,Gal,d18:1,8:0
22700,5.2,0,1400,8,0,Gal,d18:1,8:0
22701,5.4,0,1400,8,0,Gal,d18:1,8:0
22702,5.6,0,1400,8,0,Gal,d18:1,8:0
22703,5.8,0,1400,8,0,Gal,d18:1,8:0
22704,6.0,0,1400,8,0,Gal,d18:1,8:0
22705,6.2,0,1400,8,0,Gal,d18:1,8:0
22706,6.4,0,1400,8,0,Gal,d18:1,8:0
22707,6.6,0,1400,8,0,Gal,d18:1,8:0
22708,6.8,0,1400,8,0,Gal,d18:1,8:0
22709,7.0,0,1400,8,0,Gal,d18:1,8:0
22710,7.2,0,1400,8,0,Gal,d18:1,8:0
22711,7.4,0,1400,8,0,Gal,d18:1,8:0
22712,7.6,0,1400,8,0,Gal,d18:1,8:0
22713,7.8,0,1400,8,0,Gal,d18:1,8:0
22714,8.0,0,1400,8,0,Gal,d18:1,8:0
22715,8.2,0,1400,8,0,Gal,d18:1,8:0
22716,8.4,0,1400,8,0,Gal,d18:1,8:0
22717,8.6,0,1400,8,0,Gal,d18:1,8:0
22718,8.8,0,1400,8,0,Gal,d18:1,8:0
22719,9.0,0,1400,8,0,Gal,d18:1,8:0
22720,9.2,0,1400,8,0,Gal,d18:1,8:0
22721,9.4,0,1400,8,0,Gal,d18:1,8:0
22722,9.6,0,1400,8,0,Gal,d18:1,8:0
22723,9.8,0,1400,8,0,Gal,d18:1,8:0
22724,10.0,0,1400,8,0,Gal,d18:1,8:0
22725,-10.0,0,1500,8,0,Gal,d18:1,8:0
22726,-9.8,0,1500,8,0,Gal,d18:1,8:0
22727,-9.6,0,1500,8,0,Gal,d18:1,8:0
22728,-9.4,0,1500,8,0,Gal,d18:1,8:0
22729,-9.2,0,1500,8,0,Gal,d18:1,8:0
22730,-9.0,0,1500,8,0,Gal,d18:1,8:0
22731,-8.8,0,1500,8,0,Gal,d18:1,8:0
22732,-8.6,0,1500,8,0,Gal,d18:1,8:0
22733,-8.4,0,1500,8,0,Gal,d18:1,8:0
22734,-8.2,0,1500,8,0,Gal,d18:1,8:0
22735,-8.0,0,1500,8,0,Gal,d18:1,8:0
22736,-7.8,0,1500,8,0,Gal,d18:1,8:0
22737,-7.6,0,1500,8,0,Gal,d18:1,8:0
22738,-7.4,0,1500,8,0,Gal,d18:1,8:0
22739,-7.2,0,1500,8,0,Gal,d18:1,8:0
22740,-7.0,0,1500,8,0,Gal,d18:1,8:0
22741,-6.8,0,1500,8,0,Gal,d18:1,8:0
22742,-6.6,0,1500,8,0,Gal,d18:1,8:0
22743,-6.4,0,1500,8,0,Gal,d18:1,8:0
22744,-6.2,0,1500,8,0,Gal,d18:1,8:0
22745,-6.0,0,1500,8,0,Gal,d18:1,8:0
22746,-5.8,0,1500,8,0,Gal,d18:1,8:0
22747,-5.6,0,1500,8,0,Gal,d18:1,8:0
22748,-5.4,0,1500,8,0,Gal,d18:1,8:0
22749,-5.2,0,1500,8,0,Gal,d18:1,8:0
22750,-5.0,0,1500,8,0,Gal,d18:1,8:0
22751,-4.8,0,1500,8,0,Gal,d18:1,8:0
22752,-4.6,0,1500,8,0,Gal,d18:1,8:0
22753,-4.4,0,1500,8,0,Gal,d18:1,8:0
22754,-4.2,0,1500,8,0,Gal,d18:1,8:0
22755,-4.0,0,1500,8,0,Gal,d18:1,8:0
22756,-3.8,0,1500,8,0,Gal,d18:1,8:0
22757,-3.6,0,1500,8,0,Gal,d18:1,8:0
22758,-3.4,0,1500,8,0,Gal,d18:1,8:0
22759,-3.2,0,1500,8,0,Gal,d18:1,8:0
22760,-3.0,0,1500,8,0,Gal,d18:1,8:0
22761,-2.8,0,1500,8,0,Gal,d18:1,8:0
22762,-2.6,0,1500,8,0,Gal,d18:1,8:0
22763,-2.4,0,1500,8,0,Gal,d18:1,8:0
22764,-2.2,0,1500,8,0,Gal,d18:1,8:0
22765,-2.0,0,1500,8,0,Gal,d18:1,8:0
22766,-1.8,0,1500,8,0,Gal,d18:1,8:0
22767,-1.6,20,1500,8,0,Gal,d18:1,8:0
22768,-1.4,200,1500,8,0,Gal,d18:1,8:0
22769,-1.2,1040,1500,8,0,Gal,d18:1,8:0
22770,-1.0,2920,1500,8,0,Gal,d18:1,8:0
22771,-0.8,3200,1500,8,0,Gal,d18:1,8:0
22772,-0.6,3700,1500,8,0,Gal,d18:1,8:0
22773,-0.4,2660,1500,8,0,Gal,d18:1,8:0
22774,-0.2,2220,1500,8,0,Gal,d18:1,8:0
22775,0.0,2060,1500,8,0,Gal,d18:1,8:0
22776,0.2,820,1500,8,0,Gal,d18:1,8:0
22777,0.4,320,1500,8,0,Gal,d18:1,8:0
22778,0.6,240,1500,8,0,Gal,d18:1,8:0
22779,0.8,0,1500,8,0,Gal,d18:1,8:0
22780,1.0,0,1500,8,0,Gal,d18:1,8:0
22781,1.2,0,1500,8,0,Gal,d18:1,8:0
22782,1.4,0,1500,8,0,Gal,d18:1,8:0
22783,1.6,0,1500,8,0,Gal,d18:1,8:0
22784,1.8,0,1500,8,0,Gal,d18:1,8:0
22785,2.0,0,1500,8,0,Gal,d18:1,8:0
22786,2.2,0,1500,8,0,Gal,d18:1,8:0
22787,2.4,0,1500,8,0,Gal,d18:1,8:0
22788,2.6,0,1500,8,0,Gal,d18:1,8:0
22789,2.8,0,1500,8,0,Gal,d18:1,8:0
22790,3.0,0,1500,8,0,Gal,d18:1,8:0
22791,3.2,0,1500,8,0,Gal,d18:1,8:0
22792,3.4,0,1500,8,0,Gal,d18:1,8:0
22793,3.6,0,1500,8,0,Gal,d18:1,8:0
22794,3.8,0,1500,8,0,Gal,d18:1,8:0
22795,4.0,0,1500,8,0,Gal,d18:1,8:0
22796,4.2,0,1500,8,0,Gal,d18:1,8:0
22797,4.4,0,1500,8,0,Gal,d18:1,8:0
22798,4.6,0,1500,8,0,Gal,d18:1,8:0
22799,4.8,0,1500,8,0,Gal,d18:1,8:0
22800,5.0,0,1500,8,0,Gal,d18:1,8:0
22801,5.2,0,1500,8,0,Gal,d18:1,8:0
22802,5.4,0,1500,8,0,Gal,d18:1,8:0
22803,5.6,0,1500,8,0,Gal,d18:1,8:0
22804,5.8,0,1500,8,0,Gal,d18:1,8:0
22805,6.0,0,1500,8,0,Gal,d18:1,8:0
22806,6.2,0,1500,8,0,Gal,d18:1,8:0
22807,6.4,0,1500,8,0,Gal,d18:1,8:0
22808,6.6,0,1500,8,0,Gal,d18:1,8:0
22809,6.8,0,1500,8,0,Gal,d18:1,8:0
22810,7.0,0,1500,8,0,Gal,d18:1,8:0
22811,7.2,0,1500,8,0,Gal,d18:1,8:0
22812,7.4,0,1500,8,0,Gal,d18:1,8:0
22813,7.6,0,1500,8,0,Gal,d18:1,8:0
22814,7.8,0,1500,8,0,Gal,d18:1,8:0
22815,8.0,0,1500,8,0,Gal,d18:1,8:0
22816,8.2,0,1500,8,0,Gal,d18:1,8:0
22817,8.4,0,1500,8,0,Gal,d18:1,8:0
22818,8.6,0,1500,8,0,Gal,d18:1,8:0
22819,8.8,0,1500,8,0,Gal,d18:1,8:0
22820,9.0,0,1500,8,0,Gal,d18:1,8:0
22821,9.2,0,1500,8,0,Gal,d18:1,8:0
22822,9.4,0,1500,8,0,Gal,d18:1,8:0
22823,9.6,0,1500,8,0,Gal,d18:1,8:0
22824,9.8,0,1500,8,0,Gal,d18:1,8:0
22825,10.0,0,1500,8,0,Gal,d18:1,8:0
22826,-10.0,0,1600,8,0,Gal,d18:1,8:0
22827,-9.8,0,1600,8,0,Gal,d18:1,8:0
22828,-9.6,0,1600,8,0,Gal,d18:1,8:0
22829,-9.4,0,1600,8,0,Gal,d18:1,8:0
22830,-9.2,0,1600,8,0,Gal,d18:1,8:0
22831,-9.0,0,1600,8,0,Gal,d18:1,8:0
22832,-8.8,0,1600,8,0,Gal,d18:1,8:0
22833,-8.6,0,1600,8,0,Gal,d18:1,8:0
22834,-8.4,0,1600,8,0,Gal,d18:1,8:0
22835,-8.2,0,1600,8,0,Gal,d18:1,8:0
22836,-8.0,0,1600,8,0,Gal,d18:1,8:0
22837,-7.8,0,1600,8,0,Gal,d18:1,8:0
22838,-7.6,0,1600,8,0,Gal,d18:1,8:0
22839,-7.4,0,1600,8,0,Gal,d18:1,8:0
22840,-7.2,0,1600,8,0,Gal,d18:1,8:0
22841,-7.0,0,1600,8,0,Gal,d18:1,8:0
22842,-6.8,0,1600,8,0,Gal,d18:1,8:0
22843,-6.6,0,1600,8,0,Gal,d18:1,8:0
22844,-6.4,0,1600,8,0,Gal,d18:1,8:0
22845,-6.2,0,1600,8,0,Gal,d18:1,8:0
22846,-6.0,0,1600,8,0,Gal,d18:1,8:0
22847,-5.8,0,1600,8,0,Gal,d18:1,8:0
22848,-5.6,0,1600,8,0,Gal,d18:1,8:0
22849,-5.4,0,1600,8,0,Gal,d18:1,8:0
22850,-5.2,0,1600,8,0,Gal,d18:1,8:0
22851,-5.0,0,1600,8,0,Gal,d18:1,8:0
22852,-4.8,0,1600,8,0,Gal,d18:1,8:0
22853,-4.6,0,1600,8,0,Gal,d18:1,8:0
22854,-4.4,0,1600,8,0,Gal,d18:1,8:0
22855,-4.2,0,1600,8,0,Gal,d18:1,8:0
22856,-4.0,0,1600,8,0,Gal,d18:1,8:0
22857,-3.8,0,1600,8,0,Gal,d18:1,8:0
22858,-3.6,0,1600,8,0,Gal,d18:1,8:0
22859,-3.4,0,1600,8,0,Gal,d18:1,8:0
22860,-3.2,0,1600,8,0,Gal,d18:1,8:0
22861,-3.0,0,1600,8,0,Gal,d18:1,8:0
22862,-2.8,0,1600,8,0,Gal,d18:1,8:0
22863,-2.6,0,1600,8,0,Gal,d18:1,8:0
22864,-2.4,0,1600,8,0,Gal,d18:1,8:0
22865,-2.2,0,1600,8,0,Gal,d18:1,8:0
22866,-2.0,0,1600,8,0,Gal,d18:1,8:0
22867,-1.8,20,1600,8,0,Gal,d18:1,8:0
22868,-1.6,260,1600,8,0,Gal,d18:1,8:0
22869,-1.4,900,1600,8,0,Gal,d18:1,8:0
22870,-1.2,1800,1600,8,0,Gal,d18:1,8:0
22871,-1.0,3000,1600,8,0,Gal,d18:1,8:0
22872,-0.8,3280,1600,8,0,Gal,d18:1,8:0
22873,-0.6,2480,1600,8,0,Gal,d18:1,8:0
22874,-0.4,2300,1600,8,0,Gal,d18:1,8:0
22875,-0.2,1580,1600,8,0,Gal,d18:1,8:0
22876,0.0,880,1600,8,0,Gal,d18:1,8:0
22877,0.2,460,1600,8,0,Gal,d18:1,8:0
22878,0.4,60,1600,8,0,Gal,d18:1,8:0
22879,0.6,40,1600,8,0,Gal,d18:1,8:0
22880,0.8,0,1600,8,0,Gal,d18:1,8:0
22881,1.0,0,1600,8,0,Gal,d18:1,8:0
22882,1.2,0,1600,8,0,Gal,d18:1,8:0
22883,1.4,0,1600,8,0,Gal,d18:1,8:0
22884,1.6,0,1600,8,0,Gal,d18:1,8:0
22885,1.8,0,1600,8,0,Gal,d18:1,8:0
22886,2.0,0,1600,8,0,Gal,d18:1,8:0
22887,2.2,0,1600,8,0,Gal,d18:1,8:0
22888,2.4,0,1600,8,0,Gal,d18:1,8:0
22889,2.6,0,1600,8,0,Gal,d18:1,8:0
22890,2.8,0,1600,8,0,Gal,d18:1,8:0
22891,3.0,0,1600,8,0,Gal,d18:1,8:0
22892,3.2,0,1600,8,0,Gal,d18:1,8:0
22893,3.4,0,1600,8,0,Gal,d18:1,8:0
22894,3.6,0,1600,8,0,Gal,d18:1,8:0
22895,3.8,0,1600,8,0,Gal,d18:1,8:0
22896,4.0,0,1600,8,0,Gal,d18:1,8:0
22897,4.2,0,1600,8,0,Gal,d18:1,8:0
22898,4.4,0,1600,8,0,Gal,d18:1,8:0
22899,4.6,0,1600,8,0,Gal,d18:1,8:0
22900,4.8,0,1600,8,0,Gal,d18:1,8:0
22901,5.0,0,1600,8,0,Gal,d18:1,8:0
22902,5.2,0,1600,8,0,Gal,d18:1,8:0
22903,5.4,0,1600,8,0,Gal,d18:1,8:0
22904,5.6,0,1600,8,0,Gal,d18:1,8:0
22905,5.8,0,1600,8,0,Gal,d18:1,8:0
22906,6.0,0,1600,8,0,Gal,d18:1,8:0
22907,6.2,0,1600,8,0,Gal,d18:1,8:0
22908,6.4,0,1600,8,0,Gal,d18:1,8:0
22909,6.6,0,1600,8,0,Gal,d18:1,8:0
22910,6.8,0,1600,8,0,Gal,d18:1,8:0
22911,7.0,0,1600,8,0,Gal,d18:1,8:0
22912,7.2,0,1600,8,0,Gal,d18:1,8:0
22913,7.4,0,1600,8,0,Gal,d18:1,8:0
22914,7.6,0,1600,8,0,Gal,d18:1,8:0
22915,7.8,0,1600,8,0,Gal,d18:1,8:0
22916,8.0,0,1600,8,0,Gal,d18:1,8:0
22917,8.2,0,1600,8,0,Gal,d18:1,8:0
22918,8.4,0,1600,8,0,Gal,d18:1,8:0
22919,8.6,0,1600,8,0,Gal,d18:1,8:0
22920,8.8,0,1600,8,0,Gal,d18:1,8:0
22921,9.0,0,1600,8,0,Gal,d18:1,8:0
22922,9.2,0,1600,8,0,Gal,d18:1,8:0
22923,9.4,0,1600,8,0,Gal,d18:1,8:0
22924,9.6,0,1600,8,0,Gal,d18:1,8:0
22925,9.8,0,1600,8,0,Gal,d18:1,8:0
22926,10.0,0,1600,8,0,Gal,d18:1,8:0
22927,-10.0,0,1700,8,0,Gal,d18:1,8:0
22928,-9.8,0,1700,8,0,Gal,d18:1,8:0
22929,-9.6,0,1700,8,0,Gal,d18:1,8:0
22930,-9.4,0,1700,8,0,Gal,d18:1,8:0
22931,-9.2,0,1700,8,0,Gal,d18:1,8:0
22932,-9.0,0,1700,8,0,Gal,d18:1,8:0
22933,-8.8,0,1700,8,0,Gal,d18:1,8:0
22934,-8.6,0,1700,8,0,Gal,d18:1,8:0
22935,-8.4,0,1700,8,0,Gal,d18:1,8:0
22936,-8.2,0,1700,8,0,Gal,d18:1,8:0
22937,-8.0,0,1700,8,0,Gal,d18:1,8:0
22938,-7.8,0,1700,8,0,Gal,d18:1,8:0
22939,-7.6,0,1700,8,0,Gal,d18:1,8:0
22940,-7.4,0,1700,8,0,Gal,d18:1,8:0
22941,-7.2,0,1700,8,0,Gal,d18:1,8:0
22942,-7.0,0,1700,8,0,Gal,d18:1,8:0
22943,-6.8,0,1700,8,0,Gal,d18:1,8:0
22944,-6.6,0,1700,8,0,Gal,d18:1,8:0
22945,-6.4,0,1700,8,0,Gal,d18:1,8:0
22946,-6.2,0,1700,8,0,Gal,d18:1,8:0
22947,-6.0,0,1700,8,0,Gal,d18:1,8:0
22948,-5.8,0,1700,8,0,Gal,d18:1,8:0
22949,-5.6,0,1700,8,0,Gal,d18:1,8:0
22950,-5.4,0,1700,8,0,Gal,d18:1,8:0
22951,-5.2,0,1700,8,0,Gal,d18:1,8:0
22952,-5.0,0,1700,8,0,Gal,d18:1,8:0
22953,-4.8,0,1700,8,0,Gal,d18:1,8:0
22954,-4.6,0,1700,8,0,Gal,d18:1,8:0
22955,-4.4,0,1700,8,0,Gal,d18:1,8:0
22956,-4.2,0,1700,8,0,Gal,d18:1,8:0
22957,-4.0,0,1700,8,0,Gal,d18:1,8:0
22958,-3.8,0,1700,8,0,Gal,d18:1,8:0
22959,-3.6,0,1700,8,0,Gal,d18:1,8:0
22960,-3.4,0,1700,8,0,Gal,d18:1,8:0
22961,-3.2,0,1700,8,0,Gal,d18:1,8:0
22962,-3.0,0,1700,8,0,Gal,d18:1,8:0
22963,-2.8,0,1700,8,0,Gal,d18:1,8:0
22964,-2.6,0,1700,8,0,Gal,d18:1,8:0
22965,-2.4,0,1700,8,0,Gal,d18:1,8:0
22966,-2.2,0,1700,8,0,Gal,d18:1,8:0
22967,-2.0,20,1700,8,0,Gal,d18:1,8:0
22968,-1.8,120,1700,8,0,Gal,d18:1,8:0
22969,-1.6,340,1700,8,0,Gal,d18:1,8:0
22970,-1.4,1120,1700,8,0,Gal,d18:1,8:0
22971,-1.2,2460,1700,8,0,Gal,d18:1,8:0
22972,-1.0,3540,1700,8,0,Gal,d18:1,8:0
22973,-0.8,3920,1700,8,0,Gal,d18:1,8:0
22974,-0.6,4240,1700,8,0,Gal,d18:1,8:0
22975,-0.4,2960,1700,8,0,Gal,d18:1,8:0
22976,-0.2,2620,1700,8,0,Gal,d18:1,8:0
22977,0.0,1140,1700,8,0,Gal,d18:1,8:0
22978,0.2,460,1700,8,0,Gal,d18:1,8:0
22979,0.4,220,1700,8,0,Gal,d18:1,8:0
22980,0.6,40,1700,8,0,Gal,d18:1,8:0
22981,0.8,0,1700,8,0,Gal,d18:1,8:0
22982,1.0,0,1700,8,0,Gal,d18:1,8:0
22983,1.2,0,1700,8,0,Gal,d18:1,8:0
22984,1.4,0,1700,8,0,Gal,d18:1,8:0
22985,1.6,0,1700,8,0,Gal,d18:1,8:0
22986,1.8,0,1700,8,0,Gal,d18:1,8:0
22987,2.0,0,1700,8,0,Gal,d18:1,8:0
22988,2.2,0,1700,8,0,Gal,d18:1,8:0
22989,2.4,0,1700,8,0,Gal,d18:1,8:0
22990,2.6,0,1700,8,0,Gal,d18:1,8:0
22991,2.8,0,1700,8,0,Gal,d18:1,8:0
22992,3.0,0,1700,8,0,Gal,d18:1,8:0
22993,3.2,0,1700,8,0,Gal,d18:1,8:0
22994,3.4,0,1700,8,0,Gal,d18:1,8:0
22995,3.6,0,1700,8,0,Gal,d18:1,8:0
22996,3.8,0,1700,8,0,Gal,d18:1,8:0
22997,4.0,0,1700,8,0,Gal,d18:1,8:0
22998,4.2,0,1700,8,0,Gal,d18:1,8:0
22999,4.4,0,1700,8,0,Gal,d18:1,8:0
23000,4.6,0,1700,8,0,Gal,d18:1,8:0
23001,4.8,0,1700,8,0,Gal,d18:1,8:0
23002,5.0,0,1700,8,0,Gal,d18:1,8:0
23003,5.2,0,1700,8,0,Gal,d18:1,8:0
23004,5.4,0,1700,8,0,Gal,d18:1,8:0
23005,5.6,0,1700,8,0,Gal,d18:1,8:0
23006,5.8,0,1700,8,0,Gal,d18:1,8:0
23007,6.0,0,1700,8,0,Gal,d18:1,8:0
23008,6.2,0,1700,8,0,Gal,d18:1,8:0
23009,6.4,0,1700,8,0,Gal,d18:1,8:0
23010,6.6,0,1700,8,0,Gal,d18:1,8:0
23011,6.8,0,1700,8,0,Gal,d18:1,8:0
23012,7.0,0,1700,8,0,Gal,d18:1,8:0
23013,7.2,0,1700,8,0,Gal,d18:1,8:0
23014,7.4,0,1700,8,0,Gal,d18:1,8:0
23015,7.6,0,1700,8,0,Gal,d18:1,8:0
23016,7.8,0,1700,8,0,Gal,d18:1,8:0
23017,8.0,0,1700,8,0,Gal,d18:1,8:0
23018,8.2,0,1700,8,0,Gal,d18:1,8:0
23019,8.4,0,1700,8,0,Gal,d18:1,8:0
23020,8.6,0,1700,8,0,Gal,d18:1,8:0
23021,8.8,0,1700,8,0,Gal,d18:1,8:0
23022,9.0,0,1700,8,0,Gal,d18:1,8:0
23023,9.2,0,1700,8,0,Gal,d18:1,8:0
23024,9.4,0,1700,8,0,Gal,d18:1,8:0
23025,9.6,0,1700,8,0,Gal,d18:1,8:0
23026,9.8,0,1700,8,0,Gal,d18:1,8:0
23027,10.0,0,1700,8,0,Gal,d18:1,8:0
23028,-10.0,0,1800,8,0,Gal,d18:1,8:0
23029,-9.8,0,1800,8,0,Gal,d18:1,8:0
23030,-9.6,0,1800,8,0,Gal,d18:1,8:0
23031,-9.4,0,1800,8,0,Gal,d18:1,8:0
23032,-9.2,0,1800,8,0,Gal,d18:1,8:0
23033,-9.0,0,1800,8,0,Gal,d18:1,8:0
23034,-8.8,0,1800,8,0,Gal,d18:1,8:0
23035,-8.6,0,1800,8,0,Gal,d18:1,8:0
23036,-8.4,0,1800,8,0,Gal,d18:1,8:0
23037,-8.2,0,1800,8,0,Gal,d18:1,8:0
23038,-8.0,0,1800,8,0,Gal,d18:1,8:0
23039,-7.8,0,1800,8,0,Gal,d18:1,8:0
23040,-7.6,0,1800,8,0,Gal,d18:1,8:0
23041,-7.4,0,1800,8,0,Gal,d18:1,8:0
23042,-7.2,0,1800,8,0,Gal,d18:1,8:0
23043,-7.0,0,1800,8,0,Gal,d18:1,8:0
23044,-6.8,0,1800,8,0,Gal,d18:1,8:0
23045,-6.6,0,1800,8,0,Gal,d18:1,8:0
23046,-6.4,0,1800,8,0,Gal,d18:1,8:0
23047,-6.2,0,1800,8,0,Gal,d18:1,8:0
23048,-6.0,0,1800,8,0,Gal,d18:1,8:0
23049,-5.8,0,1800,8,0,Gal,d18:1,8:0
23050,-5.6,0,1800,8,0,Gal,d18:1,8:0
23051,-5.4,0,1800,8,0,Gal,d18:1,8:0
23052,-5.2,0,1800,8,0,Gal,d18:1,8:0
23053,-5.0,0,1800,8,0,Gal,d18:1,8:0
23054,-4.8,0,1800,8,0,Gal,d18:1,8:0
23055,-4.6,0,1800,8,0,Gal,d18:1,8:0
23056,-4.4,0,1800,8,0,Gal,d18:1,8:0
23057,-4.2,0,1800,8,0,Gal,d18:1,8:0
23058,-4.0,0,1800,8,0,Gal,d18:1,8:0
23059,-3.8,0,1800,8,0,Gal,d18:1,8:0
23060,-3.6,0,1800,8,0,Gal,d18:1,8:0
23061,-3.4,0,1800,8,0,Gal,d18:1,8:0
23062,-3.2,0,1800,8,0,Gal,d18:1,8:0
23063,-3.0,0,1800,8,0,Gal,d18:1,8:0
23064,-2.8,0,1800,8,0,Gal,d18:1,8:0
23065,-2.6,0,1800,8,0,Gal,d18:1,8:0
23066,-2.4,0,1800,8,0,Gal,d18:1,8:0
23067,-2.2,0,1800,8,0,Gal,d18:1,8:0
23068,-2.0,40,1800,8,0,Gal,d18:1,8:0
23069,-1.8,140,1800,8,0,Gal,d18:1,8:0
23070,-1.6,700,1800,8,0,Gal,d18:1,8:0
23071,-1.4,1740,1800,8,0,Gal,d18:1,8:0
23072,-1.2,3540,1800,8,0,Gal,d18:1,8:0
23073,-1.0,4720,1800,8,0,Gal,d18:1,8:0
23074,-0.8,3940,1800,8,0,Gal,d18:1,8:0
23075,-0.6,3120,1800,8,0,Gal,d18:1,8:0
23076,-0.4,3120,1800,8,0,Gal,d18:1,8:0
23077,-0.2,2480,1800,8,0,Gal,d18:1,8:0
23078,0.0,900,1800,8,0,Gal,d18:1,8:0
23079,0.2,420,1800,8,0,Gal,d18:1,8:0
23080,0.4,60,1800,8,0,Gal,d18:1,8:0
23081,0.6,80,1800,8,0,Gal,d18:1,8:0
23082,0.8,0,1800,8,0,Gal,d18:1,8:0
23083,1.0,0,1800,8,0,Gal,d18:1,8:0
23084,1.2,0,1800,8,0,Gal,d18:1,8:0
23085,1.4,0,1800,8,0,Gal,d18:1,8:0
23086,1.6,0,1800,8,0,Gal,d18:1,8:0
23087,1.8,0,1800,8,0,Gal,d18:1,8:0
23088,2.0,0,1800,8,0,Gal,d18:1,8:0
23089,2.2,0,1800,8,0,Gal,d18:1,8:0
23090,2.4,0,1800,8,0,Gal,d18:1,8:0
23091,2.6,0,1800,8,0,Gal,d18:1,8:0
23092,2.8,0,1800,8,0,Gal,d18:1,8:0
23093,3.0,0,1800,8,0,Gal,d18:1,8:0
23094,3.2,0,1800,8,0,Gal,d18:1,8:0
23095,3.4,0,1800,8,0,Gal,d18:1,8:0
23096,3.6,0,1800,8,0,Gal,d18:1,8:0
23097,3.8,0,1800,8,0,Gal,d18:1,8:0
23098,4.0,0,1800,8,0,Gal,d18:1,8:0
23099,4.2,0,1800,8,0,Gal,d18:1,8:0
23100,4.4,0,1800,8,0,Gal,d18:1,8:0
23101,4.6,0,1800,8,0,Gal,d18:1,8:0
23102,4.8,0,1800,8,0,Gal,d18:1,8:0
23103,5.0,0,1800,8,0,Gal,d18:1,8:0
23104,5.2,0,1800,8,0,Gal,d18:1,8:0
23105,5.4,0,1800,8,0,Gal,d18:1,8:0
23106,5.6,0,1800,8,0,Gal,d18:1,8:0
23107,5.8,0,1800,8,0,Gal,d18:1,8:0
23108,6.0,0,1800,8,0,Gal,d18:1,8:0
23109,6.2,0,1800,8,0,Gal,d18:1,8:0
23110,6.4,0,1800,8,0,Gal,d18:1,8:0
23111,6.6,0,1800,8,0,Gal,d18:1,8:0
23112,6.8,0,1800,8,0,Gal,d18:1,8:0
23113,7.0,0,1800,8,0,Gal,d18:1,8:0
23114,7.2,0,1800,8,0,Gal,d18:1,8:0
23115,7.4,0,1800,8,0,Gal,d18:1,8:0
23116,7.6,0,1800,8,0,Gal,d18:1,8:0
23117,7.8,0,1800,8,0,Gal,d18:1,8:0
23118,8.0,0,1800,8,0,Gal,d18:1,8:0
23119,8.2,0,1800,8,0,Gal,d18:1,8:0
23120,8.4,0,1800,8,0,Gal,d18:1,8:0
23121,8.6,0,1800,8,0,Gal,d18:1,8:0
23122,8.8,0,1800,8,0,Gal,d18:1,8:0
23123,9.0,0,1800,8,0,Gal,d18:1,8:0
23124,9.2,0,1800,8,0,Gal,d18:1,8:0
23125,9.4,0,1800,8,0,Gal,d18:1,8:0
23126,9.6,0,1800,8,0,Gal,d18:1,8:0
23127,9.8,0,1800,8,0,Gal,d18:1,8:0
23128,10.0,0,1800,8,0,Gal,d18:1,8:0
23129,-10.0,0,1900,8,0,Gal,d18:1,8:0
23130,-9.8,0,1900,8,0,Gal,d18:1,8:0
23131,-9.6,0,1900,8,0,Gal,d18:1,8:0
23132,-9.4,0,1900,8,0,Gal,d18:1,8:0
23133,-9.2,0,1900,8,0,Gal,d18:1,8:0
23134,-9.0,0,1900,8,0,Gal,d18:1,8:0
23135,-8.8,0,1900,8,0,Gal,d18:1,8:0
23136,-8.6,0,1900,8,0,Gal,d18:1,8:0
23137,-8.4,0,1900,8,0,Gal,d18:1,8:0
23138,-8.2,0,1900,8,0,Gal,d18:1,8:0
23139,-8.0,0,1900,8,0,Gal,d18:1,8:0
23140,-7.8,0,1900,8,0,Gal,d18:1,8:0
23141,-7.6,0,1900,8,0,Gal,d18:1,8:0
23142,-7.4,0,1900,8,0,Gal,d18:1,8:0
23143,-7.2,0,1900,8,0,Gal,d18:1,8:0
23144,-7.0,0,1900,8,0,Gal,d18:1,8:0
23145,-6.8,0,1900,8,0,Gal,d18:1,8:0
23146,-6.6,0,1900,8,0,Gal,d18:1,8:0
23147,-6.4,0,1900,8,0,Gal,d18:1,8:0
23148,-6.2,0,1900,8,0,Gal,d18:1,8:0
23149,-6.0,0,1900,8,0,Gal,d18:1,8:0
23150,-5.8,0,1900,8,0,Gal,d18:1,8:0
23151,-5.6,0,1900,8,0,Gal,d18:1,8:0
23152,-5.4,0,1900,8,0,Gal,d18:1,8:0
23153,-5.2,0,1900,8,0,Gal,d18:1,8:0
23154,-5.0,0,1900,8,0,Gal,d18:1,8:0
23155,-4.8,0,1900,8,0,Gal,d18:1,8:0
23156,-4.6,0,1900,8,0,Gal,d18:1,8:0
23157,-4.4,0,1900,8,0,Gal,d18:1,8:0
23158,-4.2,0,1900,8,0,Gal,d18:1,8:0
23159,-4.0,0,1900,8,0,Gal,d18:1,8:0
23160,-3.8,0,1900,8,0,Gal,d18:1,8:0
23161,-3.6,0,1900,8,0,Gal,d18:1,8:0
23162,-3.4,0,1900,8,0,Gal,d18:1,8:0
23163,-3.2,0,1900,8,0,Gal,d18:1,8:0
23164,-3.0,0,1900,8,0,Gal,d18:1,8:0
23165,-2.8,0,1900,8,0,Gal,d18:1,8:0
23166,-2.6,0,1900,8,0,Gal,d18:1,8:0
23167,-2.4,0,1900,8,0,Gal,d18:1,8:0
23168,-2.2,0,1900,8,0,Gal,d18:1,8:0
23169,-2.0,0,1900,8,0,Gal,d18:1,8:0
23170,-1.8,80,1900,8,0,Gal,d18:1,8:0
23171,-1.6,420,1900,8,0,Gal,d18:1,8:0
23172,-1.4,1880,1900,8,0,Gal,d18:1,8:0
23173,-1.2,3120,1900,8,0,Gal,d18:1,8:0
23174,-1.0,5280,1900,8,0,Gal,d18:1,8:0
23175,-0.8,4660,1900,8,0,Gal,d18:1,8:0
23176,-0.6,3640,1900,8,0,Gal,d18:1,8:0
23177,-0.4,2320,1900,8,0,Gal,d18:1,8:0
23178,-0.2,1260,1900,8,0,Gal,d18:1,8:0
23179,0.0,700,1900,8,0,Gal,d18:1,8:0
23180,0.2,200,1900,8,0,Gal,d18:1,8:0
23181,0.4,140,1900,8,0,Gal,d18:1,8:0
23182,0.6,0,1900,8,0,Gal,d18:1,8:0
23183,0.8,0,1900,8,0,Gal,d18:1,8:0
23184,1.0,20,1900,8,0,Gal,d18:1,8:0
23185,1.2,0,1900,8,0,Gal,d18:1,8:0
23186,1.4,0,1900,8,0,Gal,d18:1,8:0
23187,1.6,0,1900,8,0,Gal,d18:1,8:0
23188,1.8,0,1900,8,0,Gal,d18:1,8:0
23189,2.0,0,1900,8,0,Gal,d18:1,8:0
23190,2.2,0,1900,8,0,Gal,d18:1,8:0
23191,2.4,0,1900,8,0,Gal,d18:1,8:0
23192,2.6,0,1900,8,0,Gal,d18:1,8:0
23193,2.8,0,1900,8,0,Gal,d18:1,8:0
23194,3.0,0,1900,8,0,Gal,d18:1,8:0
23195,3.2,0,1900,8,0,Gal,d18:1,8:0
23196,3.4,0,1900,8,0,Gal,d18:1,8:0
23197,3.6,0,1900,8,0,Gal,d18:1,8:0
23198,3.8,0,1900,8,0,Gal,d18:1,8:0
23199,4.0,0,1900,8,0,Gal,d18:1,8:0
23200,4.2,0,1900,8,0,Gal,d18:1,8:0
23201,4.4,0,1900,8,0,Gal,d18:1,8:0
23202,4.6,0,1900,8,0,Gal,d18:1,8:0
23203,4.8,0,1900,8,0,Gal,d18:1,8:0
23204,5.0,0,1900,8,0,Gal,d18:1,8:0
23205,5.2,0,1900,8,0,Gal,d18:1,8:0
23206,5.4,0,1900,8,0,Gal,d18:1,8:0
23207,5.6,0,1900,8,0,Gal,d18:1,8:0
23208,5.8,0,1900,8,0,Gal,d18:1,8:0
23209,6.0,0,1900,8,0,Gal,d18:1,8:0
23210,6.2,0,1900,8,0,Gal,d18:1,8:0
23211,6.4,0,1900,8,0,Gal,d18:1,8:0
23212,6.6,0,1900,8,0,Gal,d18:1,8:0
23213,6.8,0,1900,8,0,Gal,d18:1,8:0
23214,7.0,0,1900,8,0,Gal,d18:1,8:0
23215,7.2,0,1900,8,0,Gal,d18:1,8:0
23216,7.4,0,1900,8,0,Gal,d18:1,8:0
23217,7.6,0,1900,8,0,Gal,d18:1,8:0
23218,7.8,0,1900,8,0,Gal,d18:1,8:0
23219,8.0,0,1900,8,0,Gal,d18:1,8:0
23220,8.2,0,1900,8,0,Gal,d18:1,8:0
23221,8.4,0,1900,8,0,Gal,d18:1,8:0
23222,8.6,0,1900,8,0,Gal,d18:1,8:0
23223,8.8,0,1900,8,0,Gal,d18:1,8:0
23224,9.0,0,1900,8,0,Gal,d18:1,8:0
23225,9.2,0,1900,8,0,Gal,d18:1,8:0
23226,9.4,0,1900,8,0,Gal,d18:1,8:0
23227,9.6,0,1900,8,0,Gal,d18:1,8:0
23228,9.8,0,1900,8,0,Gal,d18:1,8:0
23229,10.0,0,1900,8,0,Gal,d18:1,8:0
23230,-10.0,0,2000,8,0,Gal,d18:1,8:0
23231,-9.8,0,2000,8,0,Gal,d18:1,8:0
23232,-9.6,0,2000,8,0,Gal,d18:1,8:0
23233,-9.4,0,2000,8,0,Gal,d18:1,8:0
23234,-9.2,0,2000,8,0,Gal,d18:1,8:0
23235,-9.0,0,2000,8,0,Gal,d18:1,8:0
23236,-8.8,0,2000,8,0,Gal,d18:1,8:0
23237,-8.6,0,2000,8,0,Gal,d18:1,8:0
23238,-8.4,0,2000,8,0,Gal,d18:1,8:0
23239,-8.2,0,2000,8,0,Gal,d18:1,8:0
23240,-8.0,0,2000,8,0,Gal,d18:1,8:0
23241,-7.8,0,2000,8,0,Gal,d18:1,8:0
23242,-7.6,0,2000,8,0,Gal,d18:1,8:0
23243,-7.4,0,2000,8,0,Gal,d18:1,8:0
23244,-7.2,0,2000,8,0,Gal,d18:1,8:0
23245,-7.0,0,2000,8,0,Gal,d18:1,8:0
23246,-6.8,0,2000,8,0,Gal,d18:1,8:0
23247,-6.6,0,2000,8,0,Gal,d18:1,8:0
23248,-6.4,0,2000,8,0,Gal,d18:1,8:0
23249,-6.2,0,2000,8,0,Gal,d18:1,8:0
23250,-6.0,0,2000,8,0,Gal,d18:1,8:0
23251,-5.8,0,2000,8,0,Gal,d18:1,8:0
23252,-5.6,0,2000,8,0,Gal,d18:1,8:0
23253,-5.4,0,2000,8,0,Gal,d18:1,8:0
23254,-5.2,0,2000,8,0,Gal,d18:1,8:0
23255,-5.0,0,2000,8,0,Gal,d18:1,8:0
23256,-4.8,0,2000,8,0,Gal,d18:1,8:0
23257,-4.6,0,2000,8,0,Gal,d18:1,8:0
23258,-4.4,0,2000,8,0,Gal,d18:1,8:0
23259,-4.2,0,2000,8,0,Gal,d18:1,8:0
23260,-4.0,0,2000,8,0,Gal,d18:1,8:0
23261,-3.8,0,2000,8,0,Gal,d18:1,8:0
23262,-3.6,0,2000,8,0,Gal,d18:1,8:0
23263,-3.4,0,2000,8,0,Gal,d18:1,8:0
23264,-3.2,0,2000,8,0,Gal,d18:1,8:0
23265,-3.0,0,2000,8,0,Gal,d18:1,8:0
23266,-2.8,0,2000,8,0,Gal,d18:1,8:0
23267,-2.6,0,2000,8,0,Gal,d18:1,8:0
23268,-2.4,0,2000,8,0,Gal,d18:1,8:0
23269,-2.2,20,2000,8,0,Gal,d18:1,8:0
23270,-2.0,340,2000,8,0,Gal,d18:1,8:0
23271,-1.8,1120,2000,8,0,Gal,d18:1,8:0
23272,-1.6,2620,2000,8,0,Gal,d18:1,8:0
23273,-1.4,3680,2000,8,0,Gal,d18:1,8:0
23274,-1.2,3620,2000,8,0,Gal,d18:1,8:0
23275,-1.0,4800,2000,8,0,Gal,d18:1,8:0
23276,-0.8,4160,2000,8,0,Gal,d18:1,8:0
23277,-0.6,3000,2000,8,0,Gal,d18:1,8:0
23278,-0.4,1680,2000,8,0,Gal,d18:1,8:0
23279,-0.2,660,2000,8,0,Gal,d18:1,8:0
23280,0.0,320,2000,8,0,Gal,d18:1,8:0
23281,0.2,220,2000,8,0,Gal,d18:1,8:0
23282,0.4,0,2000,8,0,Gal,d18:1,8:0
23283,0.6,40,2000,8,0,Gal,d18:1,8:0
23284,0.8,0,2000,8,0,Gal,d18:1,8:0
23285,1.0,0,2000,8,0,Gal,d18:1,8:0
23286,1.2,0,2000,8,0,Gal,d18:1,8:0
23287,1.4,0,2000,8,0,Gal,d18:1,8:0
23288,1.6,0,2000,8,0,Gal,d18:1,8:0
23289,1.8,0,2000,8,0,Gal,d18:1,8:0
23290,2.0,0,2000,8,0,Gal,d18:1,8:0
23291,2.2,0,2000,8,0,Gal,d18:1,8:0
23292,2.4,0,2000,8,0,Gal,d18:1,8:0
23293,2.6,0,2000,8,0,Gal,d18:1,8:0
23294,2.8,0,2000,8,0,Gal,d18:1,8:0
23295,3.0,0,2000,8,0,Gal,d18:1,8:0
23296,3.2,0,2000,8,0,Gal,d18:1,8:0
23297,3.4,0,2000,8,0,Gal,d18:1,8:0
23298,3.6,0,2000,8,0,Gal,d18:1,8:0
23299,3.8,0,2000,8,0,Gal,d18:1,8:0
23300,4.0,0,2000,8,0,Gal,d18:1,8:0
23301,4.2,0,2000,8,0,Gal,d18:1,8:0
23302,4.4,0,2000,8,0,Gal,d18:1,8:0
23303,4.6,0,2000,8,0,Gal,d18:1,8:0
23304,4.8,0,2000,8,0,Gal,d18:1,8:0
23305,5.0,0,2000,8,0,Gal,d18:1,8:0
23306,5.2,0,2000,8,0,Gal,d18:1,8:0
23307,5.4,0,2000,8,0,Gal,d18:1,8:0
23308,5.6,0,2000,8,0,Gal,d18:1,8:0
23309,5.8,0,2000,8,0,Gal,d18:1,8:0
23310,6.0,0,2000,8,0,Gal,d18:1,8:0
23311,6.2,0,2000,8,0,Gal,d18:1,8:0
23312,6.4,0,2000,8,0,Gal,d18:1,8:0
23313,6.6,0,2000,8,0,Gal,d18:1,8:0
23314,6.8,0,2000,8,0,Gal,d18:1,8:0
23315,7.0,0,2000,8,0,Gal,d18:1,8:0
23316,7.2,0,2000,8,0,Gal,d18:1,8:0
23317,7.4,0,2000,8,0,Gal,d18:1,8:0
23318,7.6,0,2000,8,0,Gal,d18:1,8:0
23319,7.8,0,2000,8,0,Gal,d18:1,8:0
23320,8.0,0,2000,8,0,Gal,d18:1,8:0
23321,8.2,0,2000,8,0,Gal,d18:1,8:0
23322,8.4,0,2000,8,0,Gal,d18:1,8:0
23323,8.6,0,2000,8,0,Gal,d18:1,8:0
23324,8.8,0,2000,8,0,Gal,d18:1,8:0
23325,9.0,0,2000,8,0,Gal,d18:1,8:0
23326,9.2,0,2000,8,0,Gal,d18:1,8:0
23327,9.4,0,2000,8,0,Gal,d18:1,8:0
23328,9.6,0,2000,8,0,Gal,d18:1,8:0
23329,9.8,0,2000,8,0,Gal,d18:1,8:0
23330,10.0,0,2000,8,0,Gal,d18:1,8:0
23331,-10.0,0,2100,8,0,Gal,d18:1,8:0
23332,-9.8,0,2100,8,0,Gal,d18:1,8:0
23333,-9.6,0,2100,8,0,Gal,d18:1,8:0
23334,-9.4,0,2100,8,0,Gal,d18:1,8:0
23335,-9.2,0,2100,8,0,Gal,d18:1,8:0
23336,-9.0,0,2100,8,0,Gal,d18:1,8:0
23337,-8.8,0,2100,8,0,Gal,d18:1,8:0
23338,-8.6,0,2100,8,0,Gal,d18:1,8:0
23339,-8.4,0,2100,8,0,Gal,d18:1,8:0
23340,-8.2,0,2100,8,0,Gal,d18:1,8:0
23341,-8.0,0,2100,8,0,Gal,d18:1,8:0
23342,-7.8,0,2100,8,0,Gal,d18:1,8:0
23343,-7.6,0,2100,8,0,Gal,d18:1,8:0
23344,-7.4,0,2100,8,0,Gal,d18:1,8:0
23345,-7.2,0,2100,8,0,Gal,d18:1,8:0
23346,-7.0,0,2100,8,0,Gal,d18:1,8:0
23347,-6.8,0,2100,8,0,Gal,d18:1,8:0
23348,-6.6,0,2100,8,0,Gal,d18:1,8:0
23349,-6.4,0,2100,8,0,Gal,d18:1,8:0
23350,-6.2,0,2100,8,0,Gal,d18:1,8:0
23351,-6.0,0,2100,8,0,Gal,d18:1,8:0
23352,-5.8,0,2100,8,0,Gal,d18:1,8:0
23353,-5.6,0,2100,8,0,Gal,d18:1,8:0
23354,-5.4,0,2100,8,0,Gal,d18:1,8:0
23355,-5.2,0,2100,8,0,Gal,d18:1,8:0
23356,-5.0,0,2100,8,0,Gal,d18:1,8:0
23357,-4.8,0,2100,8,0,Gal,d18:1,8:0
23358,-4.6,0,2100,8,0,Gal,d18:1,8:0
23359,-4.4,0,2100,8,0,Gal,d18:1,8:0
23360,-4.2,0,2100,8,0,Gal,d18:1,8:0
23361,-4.0,0,2100,8,0,Gal,d18:1,8:0
23362,-3.8,0,2100,8,0,Gal,d18:1,8:0
23363,-3.6,0,2100,8,0,Gal,d18:1,8:0
23364,-3.4,0,2100,8,0,Gal,d18:1,8:0
23365,-3.2,0,2100,8,0,Gal,d18:1,8:0
23366,-3.0,0,2100,8,0,Gal,d18:1,8:0
23367,-2.8,0,2100,8,0,Gal,d18:1,8:0
23368,-2.6,0,2100,8,0,Gal,d18:1,8:0
23369,-2.4,0,2100,8,0,Gal,d18:1,8:0
23370,-2.2,240,2100,8,0,Gal,d18:1,8:0
23371,-2.0,860,2100,8,0,Gal,d18:1,8:0
23372,-1.8,1980,2100,8,0,Gal,d18:1,8:0
23373,-1.6,3420,2100,8,0,Gal,d18:1,8:0
23374,-1.4,3820,2100,8,0,Gal,d18:1,8:0
23375,-1.2,4060,2100,8,0,Gal,d18:1,8:0
23376,-1.0,2880,2100,8,0,Gal,d18:1,8:0
23377,-0.8,2140,2100,8,0,Gal,d18:1,8:0
23378,-0.6,1580,2100,8,0,Gal,d18:1,8:0
23379,-0.4,800,2100,8,0,Gal,d18:1,8:0
23380,-0.2,400,2100,8,0,Gal,d18:1,8:0
23381,0.0,260,2100,8,0,Gal,d18:1,8:0
23382,0.2,120,2100,8,0,Gal,d18:1,8:0
23383,0.4,0,2100,8,0,Gal,d18:1,8:0
23384,0.6,20,2100,8,0,Gal,d18:1,8:0
23385,0.8,0,2100,8,0,Gal,d18:1,8:0
23386,1.0,0,2100,8,0,Gal,d18:1,8:0
23387,1.2,0,2100,8,0,Gal,d18:1,8:0
23388,1.4,0,2100,8,0,Gal,d18:1,8:0
23389,1.6,0,2100,8,0,Gal,d18:1,8:0
23390,1.8,0,2100,8,0,Gal,d18:1,8:0
23391,2.0,0,2100,8,0,Gal,d18:1,8:0
23392,2.2,0,2100,8,0,Gal,d18:1,8:0
23393,2.4,0,2100,8,0,Gal,d18:1,8:0
23394,2.6,0,2100,8,0,Gal,d18:1,8:0
23395,2.8,0,2100,8,0,Gal,d18:1,8:0
23396,3.0,0,2100,8,0,Gal,d18:1,8:0
23397,3.2,0,2100,8,0,Gal,d18:1,8:0
23398,3.4,0,2100,8,0,Gal,d18:1,8:0
23399,3.6,0,2100,8,0,Gal,d18:1,8:0
23400,3.8,0,2100,8,0,Gal,d18:1,8:0
23401,4.0,0,2100,8,0,Gal,d18:1,8:0
23402,4.2,0,2100,8,0,Gal,d18:1,8:0
23403,4.4,0,2100,8,0,Gal,d18:1,8:0
23404,4.6,0,2100,8,0,Gal,d18:1,8:0
23405,4.8,0,2100,8,0,Gal,d18:1,8:0
23406,5.0,0,2100,8,0,Gal,d18:1,8:0
23407,5.2,0,2100,8,0,Gal,d18:1,8:0
23408,5.4,0,2100,8,0,Gal,d18:1,8:0
23409,5.6,0,2100,8,0,Gal,d18:1,8:0
23410,5.8,0,2100,8,0,Gal,d18:1,8:0
23411,6.0,0,2100,8,0,Gal,d18:1,8:0
23412,6.2,0,2100,8,0,Gal,d18:1,8:0
23413,6.4,0,2100,8,0,Gal,d18:1,8:0
23414,6.6,0,2100,8,0,Gal,d18:1,8:0
23415,6.8,0,2100,8,0,Gal,d18:1,8:0
23416,7.0,0,2100,8,0,Gal,d18:1,8:0
23417,7.2,0,2100,8,0,Gal,d18:1,8:0
23418,7.4,0,2100,8,0,Gal,d18:1,8:0
23419,7.6,0,2100,8,0,Gal,d18:1,8:0
23420,7.8,0,2100,8,0,Gal,d18:1,8:0
23421,8.0,0,2100,8,0,Gal,d18:1,8:0
23422,8.2,0,2100,8,0,Gal,d18:1,8:0
23423,8.4,0,2100,8,0,Gal,d18:1,8:0
23424,8.6,0,2100,8,0,Gal,d18:1,8:0
23425,8.8,0,2100,8,0,Gal,d18:1,8:0
23426,9.0,0,2100,8,0,Gal,d18:1,8:0
23427,9.2,0,2100,8,0,Gal,d18:1,8:0
23428,9.4,0,2100,8,0,Gal,d18:1,8:0
23429,9.6,0,2100,8,0,Gal,d18:1,8:0
23430,9.8,0,2100,8,0,Gal,d18:1,8:0
23431,10.0,0,2100,8,0,Gal,d18:1,8:0
23432,-10.0,0,2200,8,0,Gal,d18:1,8:0
23433,-9.8,0,2200,8,0,Gal,d18:1,8:0
23434,-9.6,0,2200,8,0,Gal,d18:1,8:0
23435,-9.4,0,2200,8,0,Gal,d18:1,8:0
23436,-9.2,0,2200,8,0,Gal,d18:1,8:0
23437,-9.0,0,2200,8,0,Gal,d18:1,8:0
23438,-8.8,0,2200,8,0,Gal,d18:1,8:0
23439,-8.6,0,2200,8,0,Gal,d18:1,8:0
23440,-8.4,0,2200,8,0,Gal,d18:1,8:0
23441,-8.2,0,2200,8,0,Gal,d18:1,8:0
23442,-8.0,0,2200,8,0,Gal,d18:1,8:0
23443,-7.8,0,2200,8,0,Gal,d18:1,8:0
23444,-7.6,0,2200,8,0,Gal,d18:1,8:0
23445,-7.4,0,2200,8,0,Gal,d18:1,8:0
23446,-7.2,0,2200,8,0,Gal,d18:1,8:0
23447,-7.0,0,2200,8,0,Gal,d18:1,8:0
23448,-6.8,0,2200,8,0,Gal,d18:1,8:0
23449,-6.6,0,2200,8,0,Gal,d18:1,8:0
23450,-6.4,0,2200,8,0,Gal,d18:1,8:0
23451,-6.2,0,2200,8,0,Gal,d18:1,8:0
23452,-6.0,0,2200,8,0,Gal,d18:1,8:0
23453,-5.8,0,2200,8,0,Gal,d18:1,8:0
23454,-5.6,0,2200,8,0,Gal,d18:1,8:0
23455,-5.4,0,2200,8,0,Gal,d18:1,8:0
23456,-5.2,0,2200,8,0,Gal,d18:1,8:0
23457,-5.0,0,2200,8,0,Gal,d18:1,8:0
23458,-4.8,0,2200,8,0,Gal,d18:1,8:0
23459,-4.6,0,2200,8,0,Gal,d18:1,8:0
23460,-4.4,0,2200,8,0,Gal,d18:1,8:0
23461,-4.2,0,2200,8,0,Gal,d18:1,8:0
23462,-4.0,0,2200,8,0,Gal,d18:1,8:0
23463,-3.8,0,2200,8,0,Gal,d18:1,8:0
23464,-3.6,0,2200,8,0,Gal,d18:1,8:0
23465,-3.4,0,2200,8,0,Gal,d18:1,8:0
23466,-3.2,0,2200,8,0,Gal,d18:1,8:0
23467,-3.0,0,2200,8,0,Gal,d18:1,8:0
23468,-2.8,0,2200,8,0,Gal,d18:1,8:0
23469,-2.6,40,2200,8,0,Gal,d18:1,8:0
23470,-2.4,100,2200,8,0,Gal,d18:1,8:0
23471,-2.2,340,2200,8,0,Gal,d18:1,8:0
23472,-2.0,1180,2200,8,0,Gal,d18:1,8:0
23473,-1.8,2960,2200,8,0,Gal,d18:1,8:0
23474,-1.6,4280,2200,8,0,Gal,d18:1,8:0
23475,-1.4,4860,2200,8,0,Gal,d18:1,8:0
23476,-1.2,3820,2200,8,0,Gal,d18:1,8:0
23477,-1.0,2780,2200,8,0,Gal,d18:1,8:0
23478,-0.8,2000,2200,8,0,Gal,d18:1,8:0
23479,-0.6,1500,2200,8,0,Gal,d18:1,8:0
23480,-0.4,500,2200,8,0,Gal,d18:1,8:0
23481,-0.2,300,2200,8,0,Gal,d18:1,8:0
23482,0.0,200,2200,8,0,Gal,d18:1,8:0
23483,0.2,100,2200,8,0,Gal,d18:1,8:0
23484,0.4,0,2200,8,0,Gal,d18:1,8:0
23485,0.6,20,2200,8,0,Gal,d18:1,8:0
23486,0.8,0,2200,8,0,Gal,d18:1,8:0
23487,1.0,0,2200,8,0,Gal,d18:1,8:0
23488,1.2,0,2200,8,0,Gal,d18:1,8:0
23489,1.4,0,2200,8,0,Gal,d18:1,8:0
23490,1.6,0,2200,8,0,Gal,d18:1,8:0
23491,1.8,0,2200,8,0,Gal,d18:1,8:0
23492,2.0,0,2200,8,0,Gal,d18:1,8:0
23493,2.2,0,2200,8,0,Gal,d18:1,8:0
23494,2.4,0,2200,8,0,Gal,d18:1,8:0
23495,2.6,0,2200,8,0,Gal,d18:1,8:0
23496,2.8,0,2200,8,0,Gal,d18:1,8:0
23497,3.0,0,2200,8,0,Gal,d18:1,8:0
23498,3.2,0,2200,8,0,Gal,d18:1,8:0
23499,3.4,0,2200,8,0,Gal,d18:1,8:0
23500,3.6,0,2200,8,0,Gal,d18:1,8:0
23501,3.8,0,2200,8,0,Gal,d18:1,8:0
23502,4.0,0,2200,8,0,Gal,d18:1,8:0
23503,4.2,0,2200,8,0,Gal,d18:1,8:0
23504,4.4,0,2200,8,0,Gal,d18:1,8:0
23505,4.6,0,2200,8,0,Gal,d18:1,8:0
23506,4.8,0,2200,8,0,Gal,d18:1,8:0
23507,5.0,0,2200,8,0,Gal,d18:1,8:0
23508,5.2,0,2200,8,0,Gal,d18:1,8:0
23509,5.4,0,2200,8,0,Gal,d18:1,8:0
23510,5.6,0,2200,8,0,Gal,d18:1,8:0
23511,5.8,0,2200,8,0,Gal,d18:1,8:0
23512,6.0,0,2200,8,0,Gal,d18:1,8:0
23513,6.2,0,2200,8,0,Gal,d18:1,8:0
23514,6.4,0,2200,8,0,Gal,d18:1,8:0
23515,6.6,0,2200,8,0,Gal,d18:1,8:0
23516,6.8,0,2200,8,0,Gal,d18:1,8:0
23517,7.0,0,2200,8,0,Gal,d18:1,8:0
23518,7.2,0,2200,8,0,Gal,d18:1,8:0
23519,7.4,0,2200,8,0,Gal,d18:1,8:0
23520,7.6,0,2200,8,0,Gal,d18:1,8:0
23521,7.8,0,2200,8,0,Gal,d18:1,8:0
23522,8.0,0,2200,8,0,Gal,d18:1,8:0
23523,8.2,0,2200,8,0,Gal,d18:1,8:0
23524,8.4,0,2200,8,0,Gal,d18:1,8:0
23525,8.6,0,2200,8,0,Gal,d18:1,8:0
23526,8.8,0,2200,8,0,Gal,d18:1,8:0
23527,9.0,0,2200,8,0,Gal,d18:1,8:0
23528,9.2,0,2200,8,0,Gal,d18:1,8:0
23529,9.4,0,2200,8,0,Gal,d18:1,8:0
23530,9.6,0,2200,8,0,Gal,d18:1,8:0
23531,9.8,0,2200,8,0,Gal,d18:1,8:0
23532,10.0,0,2200,8,0,Gal,d18:1,8:0
23533,-10.0,0,2300,8,0,Gal,d18:1,8:0
23534,-9.8,0,2300,8,0,Gal,d18:1,8:0
23535,-9.6,0,2300,8,0,Gal,d18:1,8:0
23536,-9.4,0,2300,8,0,Gal,d18:1,8:0
23537,-9.2,0,2300,8,0,Gal,d18:1,8:0
23538,-9.0,0,2300,8,0,Gal,d18:1,8:0
23539,-8.8,0,2300,8,0,Gal,d18:1,8:0
23540,-8.6,0,2300,8,0,Gal,d18:1,8:0
23541,-8.4,0,2300,8,0,Gal,d18:1,8:0
23542,-8.2,0,2300,8,0,Gal,d18:1,8:0
23543,-8.0,0,2300,8,0,Gal,d18:1,8:0
23544,-7.8,0,2300,8,0,Gal,d18:1,8:0
23545,-7.6,0,2300,8,0,Gal,d18:1,8:0
23546,-7.4,0,2300,8,0,Gal,d18:1,8:0
23547,-7.2,0,2300,8,0,Gal,d18:1,8:0
23548,-7.0,0,2300,8,0,Gal,d18:1,8:0
23549,-6.8,0,2300,8,0,Gal,d18:1,8:0
23550,-6.6,0,2300,8,0,Gal,d18:1,8:0
23551,-6.4,0,2300,8,0,Gal,d18:1,8:0
23552,-6.2,0,2300,8,0,Gal,d18:1,8:0
23553,-6.0,0,2300,8,0,Gal,d18:1,8:0
23554,-5.8,0,2300,8,0,Gal,d18:1,8:0
23555,-5.6,0,2300,8,0,Gal,d18:1,8:0
23556,-5.4,0,2300,8,0,Gal,d18:1,8:0
23557,-5.2,0,2300,8,0,Gal,d18:1,8:0
23558,-5.0,0,2300,8,0,Gal,d18:1,8:0
23559,-4.8,0,2300,8,0,Gal,d18:1,8:0
23560,-4.6,0,2300,8,0,Gal,d18:1,8:0
23561,-4.4,0,2300,8,0,Gal,d18:1,8:0
23562,-4.2,0,2300,8,0,Gal,d18:1,8:0
23563,-4.0,0,2300,8,0,Gal,d18:1,8:0
23564,-3.8,0,2300,8,0,Gal,d18:1,8:0
23565,-3.6,0,2300,8,0,Gal,d18:1,8:0
23566,-3.4,0,2300,8,0,Gal,d18:1,8:0
23567,-3.2,0,2300,8,0,Gal,d18:1,8:0
23568,-3.0,0,2300,8,0,Gal,d18:1,8:0
23569,-2.8,0,2300,8,0,Gal,d18:1,8:0
23570,-2.6,40,2300,8,0,Gal,d18:1,8:0
23571,-2.4,460,2300,8,0,Gal,d18:1,8:0
23572,-2.2,1660,2300,8,0,Gal,d18:1,8:0
23573,-2.0,2860,2300,8,0,Gal,d18:1,8:0
23574,-1.8,4200,2300,8,0,Gal,d18:1,8:0
23575,-1.6,4600,2300,8,0,Gal,d18:1,8:0
23576,-1.4,4220,2300,8,0,Gal,d18:1,8:0
23577,-1.2,2980,2300,8,0,Gal,d18:1,8:0
23578,-1.0,1560,2300,8,0,Gal,d18:1,8:0
23579,-0.8,940,2300,8,0,Gal,d18:1,8:0
23580,-0.6,900,2300,8,0,Gal,d18:1,8:0
23581,-0.4,500,2300,8,0,Gal,d18:1,8:0
23582,-0.2,240,2300,8,0,Gal,d18:1,8:0
23583,0.0,160,2300,8,0,Gal,d18:1,8:0
23584,0.2,180,2300,8,0,Gal,d18:1,8:0
23585,0.4,60,2300,8,0,Gal,d18:1,8:0
23586,0.6,20,2300,8,0,Gal,d18:1,8:0
23587,0.8,0,2300,8,0,Gal,d18:1,8:0
23588,1.0,0,2300,8,0,Gal,d18:1,8:0
23589,1.2,0,2300,8,0,Gal,d18:1,8:0
23590,1.4,0,2300,8,0,Gal,d18:1,8:0
23591,1.6,0,2300,8,0,Gal,d18:1,8:0
23592,1.8,0,2300,8,0,Gal,d18:1,8:0
23593,2.0,0,2300,8,0,Gal,d18:1,8:0
23594,2.2,0,2300,8,0,Gal,d18:1,8:0
23595,2.4,0,2300,8,0,Gal,d18:1,8:0
23596,2.6,0,2300,8,0,Gal,d18:1,8:0
23597,2.8,0,2300,8,0,Gal,d18:1,8:0
23598,3.0,0,2300,8,0,Gal,d18:1,8:0
23599,3.2,0,2300,8,0,Gal,d18:1,8:0
23600,3.4,0,2300,8,0,Gal,d18:1,8:0
23601,3.6,0,2300,8,0,Gal,d18:1,8:0
23602,3.8,0,2300,8,0,Gal,d18:1,8:0
23603,4.0,0,2300,8,0,Gal,d18:1,8:0
23604,4.2,0,2300,8,0,Gal,d18:1,8:0
23605,4.4,0,2300,8,0,Gal,d18:1,8:0
23606,4.6,0,2300,8,0,Gal,d18:1,8:0
23607,4.8,0,2300,8,0,Gal,d18:1,8:0
23608,5.0,0,2300,8,0,Gal,d18:1,8:0
23609,5.2,0,2300,8,0,Gal,d18:1,8:0
23610,5.4,0,2300,8,0,Gal,d18:1,8:0
23611,5.6,0,2300,8,0,Gal,d18:1,8:0
23612,5.8,0,2300,8,0,Gal,d18:1,8:0
23613,6.0,0,2300,8,0,Gal,d18:1,8:0
23614,6.2,0,2300,8,0,Gal,d18:1,8:0
23615,6.4,0,2300,8,0,Gal,d18:1,8:0
23616,6.6,0,2300,8,0,Gal,d18:1,8:0
23617,6.8,0,2300,8,0,Gal,d18:1,8:0
23618,7.0,0,2300,8,0,Gal,d18:1,8:0
23619,7.2,0,2300,8,0,Gal,d18:1,8:0
23620,7.4,0,2300,8,0,Gal,d18:1,8:0
23621,7.6,0,2300,8,0,Gal,d18:1,8:0
23622,7.8,0,2300,8,0,Gal,d18:1,8:0
23623,8.0,0,2300,8,0,Gal,d18:1,8:0
23624,8.2,0,2300,8,0,Gal,d18:1,8:0
23625,8.4,0,2300,8,0,Gal,d18:1,8:0
23626,8.6,0,2300,8,0,Gal,d18:1,8:0
23627,8.8,0,2300,8,0,Gal,d18:1,8:0
23628,9.0,0,2300,8,0,Gal,d18:1,8:0
23629,9.2,0,2300,8,0,Gal,d18:1,8:0
23630,9.4,0,2300,8,0,Gal,d18:1,8:0
23631,9.6,0,2300,8,0,Gal,d18:1,8:0
23632,9.8,0,2300,8,0,Gal,d18:1,8:0
23633,10.0,0,2300,8,0,Gal,d18:1,8:0
23634,-10.0,0,2400,8,0,Gal,d18:1,8:0
23635,-9.8,0,2400,8,0,Gal,d18:1,8:0
23636,-9.6,0,2400,8,0,Gal,d18:1,8:0
23637,-9.4,0,2400,8,0,Gal,d18:1,8:0
23638,-9.2,0,2400,8,0,Gal,d18:1,8:0
23639,-9.0,0,2400,8,0,Gal,d18:1,8:0
23640,-8.8,0,2400,8,0,Gal,d18:1,8:0
23641,-8.6,0,2400,8,0,Gal,d18:1,8:0
23642,-8.4,0,2400,8,0,Gal,d18:1,8:0
23643,-8.2,0,2400,8,0,Gal,d18:1,8:0
23644,-8.0,0,2400,8,0,Gal,d18:1,8:0
23645,-7.8,0,2400,8,0,Gal,d18:1,8:0
23646,-7.6,0,2400,8,0,Gal,d18:1,8:0
23647,-7.4,0,2400,8,0,Gal,d18:1,8:0
23648,-7.2,0,2400,8,0,Gal,d18:1,8:0
23649,-7.0,0,2400,8,0,Gal,d18:1,8:0
23650,-6.8,0,2400,8,0,Gal,d18:1,8:0
23651,-6.6,0,2400,8,0,Gal,d18:1,8:0
23652,-6.4,0,2400,8,0,Gal,d18:1,8:0
23653,-6.2,0,2400,8,0,Gal,d18:1,8:0
23654,-6.0,0,2400,8,0,Gal,d18:1,8:0
23655,-5.8,0,2400,8,0,Gal,d18:1,8:0
23656,-5.6,0,2400,8,0,Gal,d18:1,8:0
23657,-5.4,0,2400,8,0,Gal,d18:1,8:0
23658,-5.2,0,2400,8,0,Gal,d18:1,8:0
23659,-5.0,0,2400,8,0,Gal,d18:1,8:0
23660,-4.8,0,2400,8,0,Gal,d18:1,8:0
23661,-4.6,0,2400,8,0,Gal,d18:1,8:0
23662,-4.4,0,2400,8,0,Gal,d18:1,8:0
23663,-4.2,0,2400,8,0,Gal,d18:1,8:0
23664,-4.0,0,2400,8,0,Gal,d18:1,8:0
23665,-3.8,0,2400,8,0,Gal,d18:1,8:0
23666,-3.6,0,2400,8,0,Gal,d18:1,8:0
23667,-3.4,0,2400,8,0,Gal,d18:1,8:0
23668,-3.2,0,2400,8,0,Gal,d18:1,8:0
23669,-3.0,40,2400,8,0,Gal,d18:1,8:0
23670,-2.8,0,2400,8,0,Gal,d18:1,8:0
23671,-2.6,160,2400,8,0,Gal,d18:1,8:0
23672,-2.4,160,2400,8,0,Gal,d18:1,8:0
23673,-2.2,1340,2400,8,0,Gal,d18:1,8:0
23674,-2.0,3680,2400,8,0,Gal,d18:1,8:0
23675,-1.8,4340,2400,8,0,Gal,d18:1,8:0
23676,-1.6,5680,2400,8,0,Gal,d18:1,8:0
23677,-1.4,4420,2400,8,0,Gal,d18:1,8:0
23678,-1.2,3940,2400,8,0,Gal,d18:1,8:0
23679,-1.0,2800,2400,8,0,Gal,d18:1,8:0
23680,-0.8,2180,2400,8,0,Gal,d18:1,8:0
23681,-0.6,1200,2400,8,0,Gal,d18:1,8:0
23682,-0.4,700,2400,8,0,Gal,d18:1,8:0
23683,-0.2,240,2400,8,0,Gal,d18:1,8:0
23684,0.0,100,2400,8,0,Gal,d18:1,8:0
23685,0.2,40,2400,8,0,Gal,d18:1,8:0
23686,0.4,0,2400,8,0,Gal,d18:1,8:0
23687,0.6,20,2400,8,0,Gal,d18:1,8:0
23688,0.8,20,2400,8,0,Gal,d18:1,8:0
23689,1.0,0,2400,8,0,Gal,d18:1,8:0
23690,1.2,0,2400,8,0,Gal,d18:1,8:0
23691,1.4,0,2400,8,0,Gal,d18:1,8:0
23692,1.6,0,2400,8,0,Gal,d18:1,8:0
23693,1.8,0,2400,8,0,Gal,d18:1,8:0
23694,2.0,0,2400,8,0,Gal,d18:1,8:0
23695,2.2,0,2400,8,0,Gal,d18:1,8:0
23696,2.4,0,2400,8,0,Gal,d18:1,8:0
23697,2.6,0,2400,8,0,Gal,d18:1,8:0
23698,2.8,0,2400,8,0,Gal,d18:1,8:0
23699,3.0,0,2400,8,0,Gal,d18:1,8:0
23700,3.2,0,2400,8,0,Gal,d18:1,8:0
23701,3.4,0,2400,8,0,Gal,d18:1,8:0
23702,3.6,0,2400,8,0,Gal,d18:1,8:0
23703,3.8,0,2400,8,0,Gal,d18:1,8:0
23704,4.0,0,2400,8,0,Gal,d18:1,8:0
23705,4.2,0,2400,8,0,Gal,d18:1,8:0
23706,4.4,0,2400,8,0,Gal,d18:1,8:0
23707,4.6,0,2400,8,0,Gal,d18:1,8:0
23708,4.8,0,2400,8,0,Gal,d18:1,8:0
23709,5.0,0,2400,8,0,Gal,d18:1,8:0
23710,5.2,0,2400,8,0,Gal,d18:1,8:0
23711,5.4,0,2400,8,0,Gal,d18:1,8:0
23712,5.6,0,2400,8,0,Gal,d18:1,8:0
23713,5.8,0,2400,8,0,Gal,d18:1,8:0
23714,6.0,0,2400,8,0,Gal,d18:1,8:0
23715,6.2,0,2400,8,0,Gal,d18:1,8:0
23716,6.4,0,2400,8,0,Gal,d18:1,8:0
23717,6.6,0,2400,8,0,Gal,d18:1,8:0
23718,6.8,0,2400,8,0,Gal,d18:1,8:0
23719,7.0,0,2400,8,0,Gal,d18:1,8:0
23720,7.2,0,2400,8,0,Gal,d18:1,8:0
23721,7.4,0,2400,8,0,Gal,d18:1,8:0
23722,7.6,0,2400,8,0,Gal,d18:1,8:0
23723,7.8,0,2400,8,0,Gal,d18:1,8:0
23724,8.0,0,2400,8,0,Gal,d18:1,8:0
23725,8.2,0,2400,8,0,Gal,d18:1,8:0
23726,8.4,0,2400,8,0,Gal,d18:1,8:0
23727,8.6,0,2400,8,0,Gal,d18:1,8:0
23728,8.8,0,2400,8,0,Gal,d18:1,8:0
23729,9.0,0,2400,8,0,Gal,d18:1,8:0
23730,9.2,0,2400,8,0,Gal,d18:1,8:0
23731,9.4,0,2400,8,0,Gal,d18:1,8:0
23732,9.6,0,2400,8,0,Gal,d18:1,8:0
23733,9.8,0,2400,8,0,Gal,d18:1,8:0
23734,10.0,0,2400,8,0,Gal,d18:1,8:0
23735,-10.0,0,2500,8,0,Gal,d18:1,8:0
23736,-9.8,0,2500,8,0,Gal,d18:1,8:0
23737,-9.6,0,2500,8,0,Gal,d18:1,8:0
23738,-9.4,0,2500,8,0,Gal,d18:1,8:0
23739,-9.2,0,2500,8,0,Gal,d18:1,8:0
23740,-9.0,0,2500,8,0,Gal,d18:1,8:0
23741,-8.8,0,2500,8,0,Gal,d18:1,8:0
23742,-8.6,0,2500,8,0,Gal,d18:1,8:0
23743,-8.4,0,2500,8,0,Gal,d18:1,8:0
23744,-8.2,0,2500,8,0,Gal,d18:1,8:0
23745,-8.0,0,2500,8,0,Gal,d18:1,8:0
23746,-7.8,0,2500,8,0,Gal,d18:1,8:0
23747,-7.6,0,2500,8,0,Gal,d18:1,8:0
23748,-7.4,20,2500,8,0,Gal,d18:1,8:0
23749,-7.2,0,2500,8,0,Gal,d18:1,8:0
23750,-7.0,0,2500,8,0,Gal,d18:1,8:0
23751,-6.8,0,2500,8,0,Gal,d18:1,8:0
23752,-6.6,0,2500,8,0,Gal,d18:1,8:0
23753,-6.4,0,2500,8,0,Gal,d18:1,8:0
23754,-6.2,0,2500,8,0,Gal,d18:1,8:0
23755,-6.0,0,2500,8,0,Gal,d18:1,8:0
23756,-5.8,0,2500,8,0,Gal,d18:1,8:0
23757,-5.6,0,2500,8,0,Gal,d18:1,8:0
23758,-5.4,0,2500,8,0,Gal,d18:1,8:0
23759,-5.2,0,2500,8,0,Gal,d18:1,8:0
23760,-5.0,0,2500,8,0,Gal,d18:1,8:0
23761,-4.8,0,2500,8,0,Gal,d18:1,8:0
23762,-4.6,0,2500,8,0,Gal,d18:1,8:0
23763,-4.4,0,2500,8,0,Gal,d18:1,8:0
23764,-4.2,0,2500,8,0,Gal,d18:1,8:0
23765,-4.0,0,2500,8,0,Gal,d18:1,8:0
23766,-3.8,0,2500,8,0,Gal,d18:1,8:0
23767,-3.6,0,2500,8,0,Gal,d18:1,8:0
23768,-3.4,0,2500,8,0,Gal,d18:1,8:0
23769,-3.2,0,2500,8,0,Gal,d18:1,8:0
23770,-3.0,0,2500,8,0,Gal,d18:1,8:0
23771,-2.8,180,2500,8,0,Gal,d18:1,8:0
23772,-2.6,760,2500,8,0,Gal,d18:1,8:0
23773,-2.4,1640,2500,8,0,Gal,d18:1,8:0
23774,-2.2,3480,2500,8,0,Gal,d18:1,8:0
23775,-2.0,4640,2500,8,0,Gal,d18:1,8:0
23776,-1.8,5520,2500,8,0,Gal,d18:1,8:0
23777,-1.6,3840,2500,8,0,Gal,d18:1,8:0
23778,-1.4,2660,2500,8,0,Gal,d18:1,8:0
23779,-1.2,1860,2500,8,0,Gal,d18:1,8:0
23780,-1.0,1080,2500,8,0,Gal,d18:1,8:0
23781,-0.8,620,2500,8,0,Gal,d18:1,8:0
23782,-0.6,220,2500,8,0,Gal,d18:1,8:0
23783,-0.4,200,2500,8,0,Gal,d18:1,8:0
23784,-0.2,280,2500,8,0,Gal,d18:1,8:0
23785,0.0,40,2500,8,0,Gal,d18:1,8:0
23786,0.2,0,2500,8,0,Gal,d18:1,8:0
23787,0.4,40,2500,8,0,Gal,d18:1,8:0
23788,0.6,0,2500,8,0,Gal,d18:1,8:0
23789,0.8,0,2500,8,0,Gal,d18:1,8:0
23790,1.0,40,2500,8,0,Gal,d18:1,8:0
23791,1.2,0,2500,8,0,Gal,d18:1,8:0
23792,1.4,0,2500,8,0,Gal,d18:1,8:0
23793,1.6,0,2500,8,0,Gal,d18:1,8:0
23794,1.8,0,2500,8,0,Gal,d18:1,8:0
23795,2.0,0,2500,8,0,Gal,d18:1,8:0
23796,2.2,0,2500,8,0,Gal,d18:1,8:0
23797,2.4,0,2500,8,0,Gal,d18:1,8:0
23798,2.6,0,2500,8,0,Gal,d18:1,8:0
23799,2.8,0,2500,8,0,Gal,d18:1,8:0
23800,3.0,0,2500,8,0,Gal,d18:1,8:0
23801,3.2,0,2500,8,0,Gal,d18:1,8:0
23802,3.4,0,2500,8,0,Gal,d18:1,8:0
23803,3.6,0,2500,8,0,Gal,d18:1,8:0
23804,3.8,0,2500,8,0,Gal,d18:1,8:0
23805,4.0,0,2500,8,0,Gal,d18:1,8:0
23806,4.2,0,2500,8,0,Gal,d18:1,8:0
23807,4.4,0,2500,8,0,Gal,d18:1,8:0
23808,4.6,0,2500,8,0,Gal,d18:1,8:0
23809,4.8,0,2500,8,0,Gal,d18:1,8:0
23810,5.0,0,2500,8,0,Gal,d18:1,8:0
23811,5.2,0,2500,8,0,Gal,d18:1,8:0
23812,5.4,0,2500,8,0,Gal,d18:1,8:0
23813,5.6,0,2500,8,0,Gal,d18:1,8:0
23814,5.8,0,2500,8,0,Gal,d18:1,8:0
23815,6.0,0,2500,8,0,Gal,d18:1,8:0
23816,6.2,0,2500,8,0,Gal,d18:1,8:0
23817,6.4,0,2500,8,0,Gal,d18:1,8:0
23818,6.6,0,2500,8,0,Gal,d18:1,8:0
23819,6.8,0,2500,8,0,Gal,d18:1,8:0
23820,7.0,0,2500,8,0,Gal,d18:1,8:0
23821,7.2,0,2500,8,0,Gal,d18:1,8:0
23822,7.4,0,2500,8,0,Gal,d18:1,8:0
23823,7.6,0,2500,8,0,Gal,d18:1,8:0
23824,7.8,0,2500,8,0,Gal,d18:1,8:0
23825,8.0,0,2500,8,0,Gal,d18:1,8:0
23826,8.2,0,2500,8,0,Gal,d18:1,8:0
23827,8.4,0,2500,8,0,Gal,d18:1,8:0
23828,8.6,0,2500,8,0,Gal,d18:1,8:0
23829,8.8,0,2500,8,0,Gal,d18:1,8:0
23830,9.0,0,2500,8,0,Gal,d18:1,8:0
23831,9.2,0,2500,8,0,Gal,d18:1,8:0
23832,9.4,0,2500,8,0,Gal,d18:1,8:0
23833,9.6,0,2500,8,0,Gal,d18:1,8:0
23834,9.8,0,2500,8,0,Gal,d18:1,8:0
23835,10.0,0,2500,8,0,Gal,d18:1,8:0
23836,-10.0,0,2600,8,0,Gal,d18:1,8:0
23837,-9.8,0,2600,8,0,Gal,d18:1,8:0
23838,-9.6,0,2600,8,0,Gal,d18:1,8:0
23839,-9.4,0,2600,8,0,Gal,d18:1,8:0
23840,-9.2,0,2600,8,0,Gal,d18:1,8:0
23841,-9.0,0,2600,8,0,Gal,d18:1,8:0
23842,-8.8,0,2600,8,0,Gal,d18:1,8:0
23843,-8.6,0,2600,8,0,Gal,d18:1,8:0
23844,-8.4,0,2600,8,0,Gal,d18:1,8:0
23845,-8.2,0,2600,8,0,Gal,d18:1,8:0
23846,-8.0,0,2600,8,0,Gal,d18:1,8:0
23847,-7.8,0,2600,8,0,Gal,d18:1,8:0
23848,-7.6,0,2600,8,0,Gal,d18:1,8:0
23849,-7.4,0,2600,8,0,Gal,d18:1,8:0
23850,-7.2,0,2600,8,0,Gal,d18:1,8:0
23851,-7.0,0,2600,8,0,Gal,d18:1,8:0
23852,-6.8,0,2600,8,0,Gal,d18:1,8:0
23853,-6.6,0,2600,8,0,Gal,d18:1,8:0
23854,-6.4,0,2600,8,0,Gal,d18:1,8:0
23855,-6.2,0,2600,8,0,Gal,d18:1,8:0
23856,-6.0,0,2600,8,0,Gal,d18:1,8:0
23857,-5.8,0,2600,8,0,Gal,d18:1,8:0
23858,-5.6,0,2600,8,0,Gal,d18:1,8:0
23859,-5.4,0,2600,8,0,Gal,d18:1,8:0
23860,-5.2,0,2600,8,0,Gal,d18:1,8:0
23861,-5.0,0,2600,8,0,Gal,d18:1,8:0
23862,-4.8,0,2600,8,0,Gal,d18:1,8:0
23863,-4.6,0,2600,8,0,Gal,d18:1,8:0
23864,-4.4,0,2600,8,0,Gal,d18:1,8:0
23865,-4.2,0,2600,8,0,Gal,d18:1,8:0
23866,-4.0,0,2600,8,0,Gal,d18:1,8:0
23867,-3.8,0,2600,8,0,Gal,d18:1,8:0
23868,-3.6,0,2600,8,0,Gal,d18:1,8:0
23869,-3.4,0,2600,8,0,Gal,d18:1,8:0
23870,-3.2,0,2600,8,0,Gal,d18:1,8:0
23871,-3.0,120,2600,8,0,Gal,d18:1,8:0
23872,-2.8,440,2600,8,0,Gal,d18:1,8:0
23873,-2.6,1420,2600,8,0,Gal,d18:1,8:0
23874,-2.4,3180,2600,8,0,Gal,d18:1,8:0
23875,-2.2,4100,2600,8,0,Gal,d18:1,8:0
23876,-2.0,4440,2600,8,0,Gal,d18:1,8:0
23877,-1.8,4320,2600,8,0,Gal,d18:1,8:0
23878,-1.6,2580,2600,8,0,Gal,d18:1,8:0
23879,-1.4,2660,2600,8,0,Gal,d18:1,8:0
23880,-1.2,1200,2600,8,0,Gal,d18:1,8:0
23881,-1.0,1020,2600,8,0,Gal,d18:1,8:0
23882,-0.8,400,2600,8,0,Gal,d18:1,8:0
23883,-0.6,220,2600,8,0,Gal,d18:1,8:0
23884,-0.4,300,2600,8,0,Gal,d18:1,8:0
23885,-0.2,60,2600,8,0,Gal,d18:1,8:0
23886,0.0,20,2600,8,0,Gal,d18:1,8:0
23887,0.2,0,2600,8,0,Gal,d18:1,8:0
23888,0.4,0,2600,8,0,Gal,d18:1,8:0
23889,0.6,40,2600,8,0,Gal,d18:1,8:0
23890,0.8,0,2600,8,0,Gal,d18:1,8:0
23891,1.0,0,2600,8,0,Gal,d18:1,8:0
23892,1.2,20,2600,8,0,Gal,d18:1,8:0
23893,1.4,0,2600,8,0,Gal,d18:1,8:0
23894,1.6,0,2600,8,0,Gal,d18:1,8:0
23895,1.8,0,2600,8,0,Gal,d18:1,8:0
23896,2.0,0,2600,8,0,Gal,d18:1,8:0
23897,2.2,0,2600,8,0,Gal,d18:1,8:0
23898,2.4,0,2600,8,0,Gal,d18:1,8:0
23899,2.6,0,2600,8,0,Gal,d18:1,8:0
23900,2.8,0,2600,8,0,Gal,d18:1,8:0
23901,3.0,0,2600,8,0,Gal,d18:1,8:0
23902,3.2,0,2600,8,0,Gal,d18:1,8:0
23903,3.4,0,2600,8,0,Gal,d18:1,8:0
23904,3.6,0,2600,8,0,Gal,d18:1,8:0
23905,3.8,0,2600,8,0,Gal,d18:1,8:0
23906,4.0,0,2600,8,0,Gal,d18:1,8:0
23907,4.2,0,2600,8,0,Gal,d18:1,8:0
23908,4.4,0,2600,8,0,Gal,d18:1,8:0
23909,4.6,0,2600,8,0,Gal,d18:1,8:0
23910,4.8,0,2600,8,0,Gal,d18:1,8:0
23911,5.0,0,2600,8,0,Gal,d18:1,8:0
23912,5.2,0,2600,8,0,Gal,d18:1,8:0
23913,5.4,0,2600,8,0,Gal,d18:1,8:0
23914,5.6,0,2600,8,0,Gal,d18:1,8:0
23915,5.8,0,2600,8,0,Gal,d18:1,8:0
23916,6.0,0,2600,8,0,Gal,d18:1,8:0
23917,6.2,0,2600,8,0,Gal,d18:1,8:0
23918,6.4,0,2600,8,0,Gal,d18:1,8:0
23919,6.6,0,2600,8,0,Gal,d18:1,8:0
23920,6.8,0,2600,8,0,Gal,d18:1,8:0
23921,7.0,0,2600,8,0,Gal,d18:1,8:0
23922,7.2,0,2600,8,0,Gal,d18:1,8:0
23923,7.4,0,2600,8,0,Gal,d18:1,8:0
23924,7.6,0,2600,8,0,Gal,d18:1,8:0
23925,7.8,0,2600,8,0,Gal,d18:1,8:0
23926,8.0,0,2600,8,0,Gal,d18:1,8:0
23927,8.2,0,2600,8,0,Gal,d18:1,8:0
23928,8.4,0,2600,8,0,Gal,d18:1,8:0
23929,8.6,0,2600,8,0,Gal,d18:1,8:0
23930,8.8,0,2600,8,0,Gal,d18:1,8:0
23931,9.0,0,2600,8,0,Gal,d18:1,8:0
23932,9.2,0,2600,8,0,Gal,d18:1,8:0
23933,9.4,0,2600,8,0,Gal,d18:1,8:0
23934,9.6,0,2600,8,0,Gal,d18:1,8:0
23935,9.8,0,2600,8,0,Gal,d18:1,8:0
23936,10.0,0,2600,8,0,Gal,d18:1,8:0
23937,-10.0,0,2700,8,0,Gal,d18:1,8:0
23938,-9.8,0,2700,8,0,Gal,d18:1,8:0
23939,-9.6,0,2700,8,0,Gal,d18:1,8:0
23940,-9.4,0,2700,8,0,Gal,d18:1,8:0
23941,-9.2,0,2700,8,0,Gal,d18:1,8:0
23942,-9.0,0,2700,8,0,Gal,d18:1,8:0
23943,-8.8,0,2700,8,0,Gal,d18:1,8:0
23944,-8.6,0,2700,8,0,Gal,d18:1,8:0
23945,-8.4,0,2700,8,0,Gal,d18:1,8:0
23946,-8.2,0,2700,8,0,Gal,d18:1,8:0
23947,-8.0,20,2700,8,0,Gal,d18:1,8:0
23948,-7.8,0,2700,8,0,Gal,d18:1,8:0
23949,-7.6,0,2700,8,0,Gal,d18:1,8:0
23950,-7.4,0,2700,8,0,Gal,d18:1,8:0
23951,-7.2,0,2700,8,0,Gal,d18:1,8:0
23952,-7.0,0,2700,8,0,Gal,d18:1,8:0
23953,-6.8,0,2700,8,0,Gal,d18:1,8:0
23954,-6.6,0,2700,8,0,Gal,d18:1,8:0
23955,-6.4,0,2700,8,0,Gal,d18:1,8:0
23956,-6.2,0,2700,8,0,Gal,d18:1,8:0
23957,-6.0,0,2700,8,0,Gal,d18:1,8:0
23958,-5.8,0,2700,8,0,Gal,d18:1,8:0
23959,-5.6,0,2700,8,0,Gal,d18:1,8:0
23960,-5.4,0,2700,8,0,Gal,d18:1,8:0
23961,-5.2,0,2700,8,0,Gal,d18:1,8:0
23962,-5.0,0,2700,8,0,Gal,d18:1,8:0
23963,-4.8,0,2700,8,0,Gal,d18:1,8:0
23964,-4.6,0,2700,8,0,Gal,d18:1,8:0
23965,-4.4,0,2700,8,0,Gal,d18:1,8:0
23966,-4.2,0,2700,8,0,Gal,d18:1,8:0
23967,-4.0,60,2700,8,0,Gal,d18:1,8:0
23968,-3.8,0,2700,8,0,Gal,d18:1,8:0
23969,-3.6,0,2700,8,0,Gal,d18:1,8:0
23970,-3.4,40,2700,8,0,Gal,d18:1,8:0
23971,-3.2,40,2700,8,0,Gal,d18:1,8:0
23972,-3.0,200,2700,8,0,Gal,d18:1,8:0
23973,-2.8,1280,2700,8,0,Gal,d18:1,8:0
23974,-2.6,2660,2700,8,0,Gal,d18:1,8:0
23975,-2.4,4220,2700,8,0,Gal,d18:1,8:0
23976,-2.2,5440,2700,8,0,Gal,d18:1,8:0
23977,-2.0,5960,2700,8,0,Gal,d18:1,8:0
23978,-1.8,2920,2700,8,0,Gal,d18:1,8:0
23979,-1.6,2240,2700,8,0,Gal,d18:1,8:0
23980,-1.4,1160,2700,8,0,Gal,d18:1,8:0
23981,-1.2,760,2700,8,0,Gal,d18:1,8:0
23982,-1.0,560,2700,8,0,Gal,d18:1,8:0
23983,-0.8,520,2700,8,0,Gal,d18:1,8:0
23984,-0.6,140,2700,8,0,Gal,d18:1,8:0
23985,-0.4,280,2700,8,0,Gal,d18:1,8:0
23986,-0.2,60,2700,8,0,Gal,d18:1,8:0
23987,0.0,20,2700,8,0,Gal,d18:1,8:0
23988,0.2,0,2700,8,0,Gal,d18:1,8:0
23989,0.4,0,2700,8,0,Gal,d18:1,8:0
23990,0.6,0,2700,8,0,Gal,d18:1,8:0
23991,0.8,20,2700,8,0,Gal,d18:1,8:0
23992,1.0,0,2700,8,0,Gal,d18:1,8:0
23993,1.2,0,2700,8,0,Gal,d18:1,8:0
23994,1.4,0,2700,8,0,Gal,d18:1,8:0
23995,1.6,20,2700,8,0,Gal,d18:1,8:0
23996,1.8,0,2700,8,0,Gal,d18:1,8:0
23997,2.0,0,2700,8,0,Gal,d18:1,8:0
23998,2.2,0,2700,8,0,Gal,d18:1,8:0
23999,2.4,0,2700,8,0,Gal,d18:1,8:0
24000,2.6,0,2700,8,0,Gal,d18:1,8:0
24001,2.8,0,2700,8,0,Gal,d18:1,8:0
24002,3.0,0,2700,8,0,Gal,d18:1,8:0
24003,3.2,0,2700,8,0,Gal,d18:1,8:0
24004,3.4,0,2700,8,0,Gal,d18:1,8:0
24005,3.6,0,2700,8,0,Gal,d18:1,8:0
24006,3.8,0,2700,8,0,Gal,d18:1,8:0
24007,4.0,0,2700,8,0,Gal,d18:1,8:0
24008,4.2,0,2700,8,0,Gal,d18:1,8:0
24009,4.4,0,2700,8,0,Gal,d18:1,8:0
24010,4.6,0,2700,8,0,Gal,d18:1,8:0
24011,4.8,0,2700,8,0,Gal,d18:1,8:0
24012,5.0,0,2700,8,0,Gal,d18:1,8:0
24013,5.2,0,2700,8,0,Gal,d18:1,8:0
24014,5.4,0,2700,8,0,Gal,d18:1,8:0
24015,5.6,0,2700,8,0,Gal,d18:1,8:0
24016,5.8,0,2700,8,0,Gal,d18:1,8:0
24017,6.0,0,2700,8,0,Gal,d18:1,8:0
24018,6.2,0,2700,8,0,Gal,d18:1,8:0
24019,6.4,0,2700,8,0,Gal,d18:1,8:0
24020,6.6,0,2700,8,0,Gal,d18:1,8:0
24021,6.8,0,2700,8,0,Gal,d18:1,8:0
24022,7.0,0,2700,8,0,Gal,d18:1,8:0
24023,7.2,0,2700,8,0,Gal,d18:1,8:0
24024,7.4,0,2700,8,0,Gal,d18:1,8:0
24025,7.6,0,2700,8,0,Gal,d18:1,8:0
24026,7.8,0,2700,8,0,Gal,d18:1,8:0
24027,8.0,0,2700,8,0,Gal,d18:1,8:0
24028,8.2,0,2700,8,0,Gal,d18:1,8:0
24029,8.4,0,2700,8,0,Gal,d18:1,8:0
24030,8.6,0,2700,8,0,Gal,d18:1,8:0
24031,8.8,0,2700,8,0,Gal,d18:1,8:0
24032,9.0,0,2700,8,0,Gal,d18:1,8:0
24033,9.2,0,2700,8,0,Gal,d18:1,8:0
24034,9.4,0,2700,8,0,Gal,d18:1,8:0
24035,9.6,0,2700,8,0,Gal,d18:1,8:0
24036,9.8,0,2700,8,0,Gal,d18:1,8:0
24037,10.0,0,2700,8,0,Gal,d18:1,8:0
24038,-10.0,0,2800,8,0,Gal,d18:1,8:0
24039,-9.8,0,2800,8,0,Gal,d18:1,8:0
24040,-9.6,0,2800,8,0,Gal,d18:1,8:0
24041,-9.4,0,2800,8,0,Gal,d18:1,8:0
24042,-9.2,0,2800,8,0,Gal,d18:1,8:0
24043,-9.0,0,2800,8,0,Gal,d18:1,8:0
24044,-8.8,0,2800,8,0,Gal,d18:1,8:0
24045,-8.6,0,2800,8,0,Gal,d18:1,8:0
24046,-8.4,0,2800,8,0,Gal,d18:1,8:0
24047,-8.2,0,2800,8,0,Gal,d18:1,8:0
24048,-8.0,0,2800,8,0,Gal,d18:1,8:0
24049,-7.8,0,2800,8,0,Gal,d18:1,8:0
24050,-7.6,0,2800,8,0,Gal,d18:1,8:0
24051,-7.4,0,2800,8,0,Gal,d18:1,8:0
24052,-7.2,0,2800,8,0,Gal,d18:1,8:0
24053,-7.0,0,2800,8,0,Gal,d18:1,8:0
24054,-6.8,0,2800,8,0,Gal,d18:1,8:0
24055,-6.6,0,2800,8,0,Gal,d18:1,8:0
24056,-6.4,0,2800,8,0,Gal,d18:1,8:0
24057,-6.2,0,2800,8,0,Gal,d18:1,8:0
24058,-6.0,0,2800,8,0,Gal,d18:1,8:0
24059,-5.8,0,2800,8,0,Gal,d18:1,8:0
24060,-5.6,0,2800,8,0,Gal,d18:1,8:0
24061,-5.4,0,2800,8,0,Gal,d18:1,8:0
24062,-5.2,0,2800,8,0,Gal,d18:1,8:0
24063,-5.0,20,2800,8,0,Gal,d18:1,8:0
24064,-4.8,0,2800,8,0,Gal,d18:1,8:0
24065,-4.6,20,2800,8,0,Gal,d18:1,8:0
24066,-4.4,0,2800,8,0,Gal,d18:1,8:0
24067,-4.2,0,2800,8,0,Gal,d18:1,8:0
24068,-4.0,0,2800,8,0,Gal,d18:1,8:0
24069,-3.8,0,2800,8,0,Gal,d18:1,8:0
24070,-3.6,0,2800,8,0,Gal,d18:1,8:0
24071,-3.4,0,2800,8,0,Gal,d18:1,8:0
24072,-3.2,0,2800,8,0,Gal,d18:1,8:0
24073,-3.0,360,2800,8,0,Gal,d18:1,8:0
24074,-2.8,1060,2800,8,0,Gal,d18:1,8:0
24075,-2.6,2580,2800,8,0,Gal,d18:1,8:0
24076,-2.4,4600,2800,8,0,Gal,d18:1,8:0
24077,-2.2,6020,2800,8,0,Gal,d18:1,8:0
24078,-2.0,5640,2800,8,0,Gal,d18:1,8:0
24079,-1.8,3860,2800,8,0,Gal,d18:1,8:0
24080,-1.6,2740,2800,8,0,Gal,d18:1,8:0
24081,-1.4,1640,2800,8,0,Gal,d18:1,8:0
24082,-1.2,1100,2800,8,0,Gal,d18:1,8:0
24083,-1.0,1020,2800,8,0,Gal,d18:1,8:0
24084,-0.8,600,2800,8,0,Gal,d18:1,8:0
24085,-0.6,340,2800,8,0,Gal,d18:1,8:0
24086,-0.4,200,2800,8,0,Gal,d18:1,8:0
24087,-0.2,200,2800,8,0,Gal,d18:1,8:0
24088,0.0,100,2800,8,0,Gal,d18:1,8:0
24089,0.2,0,2800,8,0,Gal,d18:1,8:0
24090,0.4,40,2800,8,0,Gal,d18:1,8:0
24091,0.6,0,2800,8,0,Gal,d18:1,8:0
24092,0.8,0,2800,8,0,Gal,d18:1,8:0
24093,1.0,80,2800,8,0,Gal,d18:1,8:0
24094,1.2,40,2800,8,0,Gal,d18:1,8:0
24095,1.4,20,2800,8,0,Gal,d18:1,8:0
24096,1.6,0,2800,8,0,Gal,d18:1,8:0
24097,1.8,60,2800,8,0,Gal,d18:1,8:0
24098,2.0,0,2800,8,0,Gal,d18:1,8:0
24099,2.2,0,2800,8,0,Gal,d18:1,8:0
24100,2.4,0,2800,8,0,Gal,d18:1,8:0
24101,2.6,0,2800,8,0,Gal,d18:1,8:0
24102,2.8,0,2800,8,0,Gal,d18:1,8:0
24103,3.0,0,2800,8,0,Gal,d18:1,8:0
24104,3.2,0,2800,8,0,Gal,d18:1,8:0
24105,3.4,0,2800,8,0,Gal,d18:1,8:0
24106,3.6,0,2800,8,0,Gal,d18:1,8:0
24107,3.8,0,2800,8,0,Gal,d18:1,8:0
24108,4.0,0,2800,8,0,Gal,d18:1,8:0
24109,4.2,0,2800,8,0,Gal,d18:1,8:0
24110,4.4,0,2800,8,0,Gal,d18:1,8:0
24111,4.6,0,2800,8,0,Gal,d18:1,8:0
24112,4.8,0,2800,8,0,Gal,d18:1,8:0
24113,5.0,0,2800,8,0,Gal,d18:1,8:0
24114,5.2,0,2800,8,0,Gal,d18:1,8:0
24115,5.4,0,2800,8,0,Gal,d18:1,8:0
24116,5.6,0,2800,8,0,Gal,d18:1,8:0
24117,5.8,0,2800,8,0,Gal,d18:1,8:0
24118,6.0,0,2800,8,0,Gal,d18:1,8:0
24119,6.2,0,2800,8,0,Gal,d18:1,8:0
24120,6.4,0,2800,8,0,Gal,d18:1,8:0
24121,6.6,0,2800,8,0,Gal,d18:1,8:0
24122,6.8,0,2800,8,0,Gal,d18:1,8:0
24123,7.0,0,2800,8,0,Gal,d18:1,8:0
24124,7.2,0,2800,8,0,Gal,d18:1,8:0
24125,7.4,0,2800,8,0,Gal,d18:1,8:0
24126,7.6,0,2800,8,0,Gal,d18:1,8:0
24127,7.8,0,2800,8,0,Gal,d18:1,8:0
24128,8.0,0,2800,8,0,Gal,d18:1,8:0
24129,8.2,0,2800,8,0,Gal,d18:1,8:0
24130,8.4,0,2800,8,0,Gal,d18:1,8:0
24131,8.6,0,2800,8,0,Gal,d18:1,8:0
24132,8.8,0,2800,8,0,Gal,d18:1,8:0
24133,9.0,0,2800,8,0,Gal,d18:1,8:0
24134,9.2,0,2800,8,0,Gal,d18:1,8:0
24135,9.4,0,2800,8,0,Gal,d18:1,8:0
24136,9.6,0,2800,8,0,Gal,d18:1,8:0
24137,9.8,0,2800,8,0,Gal,d18:1,8:0
24138,10.0,0,2800,8,0,Gal,d18:1,8:0
24139,-10.0,0,2900,8,0,Gal,d18:1,8:0
24140,-9.8,0,2900,8,0,Gal,d18:1,8:0
24141,-9.6,0,2900,8,0,Gal,d18:1,8:0
24142,-9.4,0,2900,8,0,Gal,d18:1,8:0
24143,-9.2,0,2900,8,0,Gal,d18:1,8:0
24144,-9.0,0,2900,8,0,Gal,d18:1,8:0
24145,-8.8,0,2900,8,0,Gal,d18:1,8:0
24146,-8.6,0,2900,8,0,Gal,d18:1,8:0
24147,-8.4,0,2900,8,0,Gal,d18:1,8:0
24148,-8.2,0,2900,8,0,Gal,d18:1,8:0
24149,-8.0,0,2900,8,0,Gal,d18:1,8:0
24150,-7.8,0,2900,8,0,Gal,d18:1,8:0
24151,-7.6,0,2900,8,0,Gal,d18:1,8:0
24152,-7.4,0,2900,8,0,Gal,d18:1,8:0
24153,-7.2,0,2900,8,0,Gal,d18:1,8:0
24154,-7.0,0,2900,8,0,Gal,d18:1,8:0
24155,-6.8,0,2900,8,0,Gal,d18:1,8:0
24156,-6.6,0,2900,8,0,Gal,d18:1,8:0
24157,-6.4,0,2900,8,0,Gal,d18:1,8:0
24158,-6.2,0,2900,8,0,Gal,d18:1,8:0
24159,-6.0,0,2900,8,0,Gal,d18:1,8:0
24160,-5.8,0,2900,8,0,Gal,d18:1,8:0
24161,-5.6,0,2900,8,0,Gal,d18:1,8:0
24162,-5.4,0,2900,8,0,Gal,d18:1,8:0
24163,-5.2,0,2900,8,0,Gal,d18:1,8:0
24164,-5.0,0,2900,8,0,Gal,d18:1,8:0
24165,-4.8,0,2900,8,0,Gal,d18:1,8:0
24166,-4.6,0,2900,8,0,Gal,d18:1,8:0
24167,-4.4,0,2900,8,0,Gal,d18:1,8:0
24168,-4.2,40,2900,8,0,Gal,d18:1,8:0
24169,-4.0,0,2900,8,0,Gal,d18:1,8:0
24170,-3.8,0,2900,8,0,Gal,d18:1,8:0
24171,-3.6,60,2900,8,0,Gal,d18:1,8:0
24172,-3.4,260,2900,8,0,Gal,d18:1,8:0
24173,-3.2,820,2900,8,0,Gal,d18:1,8:0
24174,-3.0,2560,2900,8,0,Gal,d18:1,8:0
24175,-2.8,4280,2900,8,0,Gal,d18:1,8:0
24176,-2.6,4400,2900,8,0,Gal,d18:1,8:0
24177,-2.4,5420,2900,8,0,Gal,d18:1,8:0
24178,-2.2,4680,2900,8,0,Gal,d18:1,8:0
24179,-2.0,3720,2900,8,0,Gal,d18:1,8:0
24180,-1.8,1640,2900,8,0,Gal,d18:1,8:0
24181,-1.6,720,2900,8,0,Gal,d18:1,8:0
24182,-1.4,780,2900,8,0,Gal,d18:1,8:0
24183,-1.2,580,2900,8,0,Gal,d18:1,8:0
24184,-1.0,640,2900,8,0,Gal,d18:1,8:0
24185,-0.8,460,2900,8,0,Gal,d18:1,8:0
24186,-0.6,160,2900,8,0,Gal,d18:1,8:0
24187,-0.4,200,2900,8,0,Gal,d18:1,8:0
24188,-0.2,20,2900,8,0,Gal,d18:1,8:0
24189,0.0,0,2900,8,0,Gal,d18:1,8:0
24190,0.2,0,2900,8,0,Gal,d18:1,8:0
24191,0.4,0,2900,8,0,Gal,d18:1,8:0
24192,0.6,0,2900,8,0,Gal,d18:1,8:0
24193,0.8,0,2900,8,0,Gal,d18:1,8:0
24194,1.0,0,2900,8,0,Gal,d18:1,8:0
24195,1.2,20,2900,8,0,Gal,d18:1,8:0
24196,1.4,40,2900,8,0,Gal,d18:1,8:0
24197,1.6,0,2900,8,0,Gal,d18:1,8:0
24198,1.8,40,2900,8,0,Gal,d18:1,8:0
24199,2.0,0,2900,8,0,Gal,d18:1,8:0
24200,2.2,0,2900,8,0,Gal,d18:1,8:0
24201,2.4,0,2900,8,0,Gal,d18:1,8:0
24202,2.6,0,2900,8,0,Gal,d18:1,8:0
24203,2.8,0,2900,8,0,Gal,d18:1,8:0
24204,3.0,0,2900,8,0,Gal,d18:1,8:0
24205,3.2,0,2900,8,0,Gal,d18:1,8:0
24206,3.4,0,2900,8,0,Gal,d18:1,8:0
24207,3.6,0,2900,8,0,Gal,d18:1,8:0
24208,3.8,0,2900,8,0,Gal,d18:1,8:0
24209,4.0,0,2900,8,0,Gal,d18:1,8:0
24210,4.2,0,2900,8,0,Gal,d18:1,8:0
24211,4.4,0,2900,8,0,Gal,d18:1,8:0
24212,4.6,0,2900,8,0,Gal,d18:1,8:0
24213,4.8,0,2900,8,0,Gal,d18:1,8:0
24214,5.0,0,2900,8,0,Gal,d18:1,8:0
24215,5.2,0,2900,8,0,Gal,d18:1,8:0
24216,5.4,0,2900,8,0,Gal,d18:1,8:0
24217,5.6,0,2900,8,0,Gal,d18:1,8:0
24218,5.8,0,2900,8,0,Gal,d18:1,8:0
24219,6.0,0,2900,8,0,Gal,d18:1,8:0
24220,6.2,0,2900,8,0,Gal,d18:1,8:0
24221,6.4,0,2900,8,0,Gal,d18:1,8:0
24222,6.6,0,2900,8,0,Gal,d18:1,8:0
24223,6.8,0,2900,8,0,Gal,d18:1,8:0
24224,7.0,0,2900,8,0,Gal,d18:1,8:0
24225,7.2,0,2900,8,0,Gal,d18:1,8:0
24226,7.4,0,2900,8,0,Gal,d18:1,8:0
24227,7.6,0,2900,8,0,Gal,d18:1,8:0
24228,7.8,0,2900,8,0,Gal,d18:1,8:0
24229,8.0,0,2900,8,0,Gal,d18:1,8:0
24230,8.2,0,2900,8,0,Gal,d18:1,8:0
24231,8.4,0,2900,8,0,Gal,d18:1,8:0
24232,8.6,0,2900,8,0,Gal,d18:1,8:0
24233,8.8,0,2900,8,0,Gal,d18:1,8:0
24234,9.0,0,2900,8,0,Gal,d18:1,8:0
24235,9.2,0,2900,8,0,Gal,d18:1,8:0
24236,9.4,0,2900,8,0,Gal,d18:1,8:0
24237,9.6,0,2900,8,0,Gal,d18:1,8:0
24238,9.8,0,2900,8,0,Gal,d18:1,8:0
24239,10.0,0,2900,8,0,Gal,d18:1,8:0
24240,-10.0,0,3000,8,0,Gal,d18:1,8:0
24241,-9.8,0,3000,8,0,Gal,d18:1,8:0
24242,-9.6,0,3000,8,0,Gal,d18:1,8:0
24243,-9.4,0,3000,8,0,Gal,d18:1,8:0
24244,-9.2,0,3000,8,0,Gal,d18:1,8:0
24245,-9.0,0,3000,8,0,Gal,d18:1,8:0
24246,-8.8,0,3000,8,0,Gal,d18:1,8:0
24247,-8.6,0,3000,8,0,Gal,d18:1,8:0
24248,-8.4,0,3000,8,0,Gal,d18:1,8:0
24249,-8.2,0,3000,8,0,Gal,d18:1,8:0
24250,-8.0,0,3000,8,0,Gal,d18:1,8:0
24251,-7.8,0,3000,8,0,Gal,d18:1,8:0
24252,-7.6,0,3000,8,0,Gal,d18:1,8:0
24253,-7.4,0,3000,8,0,Gal,d18:1,8:0
24254,-7.2,0,3000,8,0,Gal,d18:1,8:0
24255,-7.0,0,3000,8,0,Gal,d18:1,8:0
24256,-6.8,0,3000,8,0,Gal,d18:1,8:0
24257,-6.6,0,3000,8,0,Gal,d18:1,8:0
24258,-6.4,0,3000,8,0,Gal,d18:1,8:0
24259,-6.2,0,3000,8,0,Gal,d18:1,8:0
24260,-6.0,0,3000,8,0,Gal,d18:1,8:0
24261,-5.8,0,3000,8,0,Gal,d18:1,8:0
24262,-5.6,0,3000,8,0,Gal,d18:1,8:0
24263,-5.4,0,3000,8,0,Gal,d18:1,8:0
24264,-5.2,20,3000,8,0,Gal,d18:1,8:0
24265,-5.0,0,3000,8,0,Gal,d18:1,8:0
24266,-4.8,0,3000,8,0,Gal,d18:1,8:0
24267,-4.6,0,3000,8,0,Gal,d18:1,8:0
24268,-4.4,0,3000,8,0,Gal,d18:1,8:0
24269,-4.2,0,3000,8,0,Gal,d18:1,8:0
24270,-4.0,20,3000,8,0,Gal,d18:1,8:0
24271,-3.8,0,3000,8,0,Gal,d18:1,8:0
24272,-3.6,20,3000,8,0,Gal,d18:1,8:0
24273,-3.4,900,3000,8,0,Gal,d18:1,8:0
24274,-3.2,2920,3000,8,0,Gal,d18:1,8:0
24275,-3.0,4460,3000,8,0,Gal,d18:1,8:0
24276,-2.8,4640,3000,8,0,Gal,d18:1,8:0
24277,-2.6,4800,3000,8,0,Gal,d18:1,8:0
24278,-2.4,4400,3000,8,0,Gal,d18:1,8:0
24279,-2.2,2460,3000,8,0,Gal,d18:1,8:0
24280,-2.0,1480,3000,8,0,Gal,d18:1,8:0
24281,-1.8,760,3000,8,0,Gal,d18:1,8:0
24282,-1.6,500,3000,8,0,Gal,d18:1,8:0
24283,-1.4,460,3000,8,0,Gal,d18:1,8:0
24284,-1.2,320,3000,8,0,Gal,d18:1,8:0
24285,-1.0,360,3000,8,0,Gal,d18:1,8:0
24286,-0.8,460,3000,8,0,Gal,d18:1,8:0
24287,-0.6,180,3000,8,0,Gal,d18:1,8:0
24288,-0.4,40,3000,8,0,Gal,d18:1,8:0
24289,-0.2,0,3000,8,0,Gal,d18:1,8:0
24290,0.0,0,3000,8,0,Gal,d18:1,8:0
24291,0.2,0,3000,8,0,Gal,d18:1,8:0
24292,0.4,0,3000,8,0,Gal,d18:1,8:0
24293,0.6,0,3000,8,0,Gal,d18:1,8:0
24294,0.8,0,3000,8,0,Gal,d18:1,8:0
24295,1.0,0,3000,8,0,Gal,d18:1,8:0
24296,1.2,0,3000,8,0,Gal,d18:1,8:0
24297,1.4,0,3000,8,0,Gal,d18:1,8:0
24298,1.6,0,3000,8,0,Gal,d18:1,8:0
24299,1.8,0,3000,8,0,Gal,d18:1,8:0
24300,2.0,40,3000,8,0,Gal,d18:1,8:0
24301,2.2,0,3000,8,0,Gal,d18:1,8:0
24302,2.4,20,3000,8,0,Gal,d18:1,8:0
24303,2.6,0,3000,8,0,Gal,d18:1,8:0
24304,2.8,0,3000,8,0,Gal,d18:1,8:0
24305,3.0,0,3000,8,0,Gal,d18:1,8:0
24306,3.2,0,3000,8,0,Gal,d18:1,8:0
24307,3.4,0,3000,8,0,Gal,d18:1,8:0
24308,3.6,0,3000,8,0,Gal,d18:1,8:0
24309,3.8,0,3000,8,0,Gal,d18:1,8:0
24310,4.0,0,3000,8,0,Gal,d18:1,8:0
24311,4.2,0,3000,8,0,Gal,d18:1,8:0
24312,4.4,0,3000,8,0,Gal,d18:1,8:0
24313,4.6,0,3000,8,0,Gal,d18:1,8:0
24314,4.8,0,3000,8,0,Gal,d18:1,8:0
24315,5.0,0,3000,8,0,Gal,d18:1,8:0
24316,5.2,0,3000,8,0,Gal,d18:1,8:0
24317,5.4,0,3000,8,0,Gal,d18:1,8:0
24318,5.6,0,3000,8,0,Gal,d18:1,8:0
24319,5.8,0,3000,8,0,Gal,d18:1,8:0
24320,6.0,0,3000,8,0,Gal,d18:1,8:0
24321,6.2,0,3000,8,0,Gal,d18:1,8:0
24322,6.4,0,3000,8,0,Gal,d18:1,8:0
24323,6.6,0,3000,8,0,Gal,d18:1,8:0
24324,6.8,0,3000,8,0,Gal,d18:1,8:0
24325,7.0,0,3000,8,0,Gal,d18:1,8:0
24326,7.2,0,3000,8,0,Gal,d18:1,8:0
24327,7.4,0,3000,8,0,Gal,d18:1,8:0
24328,7.6,0,3000,8,0,Gal,d18:1,8:0
24329,7.8,0,3000,8,0,Gal,d18:1,8:0
24330,8.0,0,3000,8,0,Gal,d18:1,8:0
24331,8.2,0,3000,8,0,Gal,d18:1,8:0
24332,8.4,0,3000,8,0,Gal,d18:1,8:0
24333,8.6,0,3000,8,0,Gal,d18:1,8:0
24334,8.8,0,3000,8,0,Gal,d18:1,8:0
24335,9.0,0,3000,8,0,Gal,d18:1,8:0
24336,9.2,0,3000,8,0,Gal,d18:1,8:0
24337,9.4,0,3000,8,0,Gal,d18:1,8:0
24338,9.6,0,3000,8,0,Gal,d18:1,8:0
24339,9.8,0,3000,8,0,Gal,d18:1,8:0
24340,10.0,0,3000,8,0,Gal,d18:1,8:0
24341,-10.0,0,3100,8,0,Gal,d18:1,8:0
24342,-9.8,0,3100,8,0,Gal,d18:1,8:0
24343,-9.6,0,3100,8,0,Gal,d18:1,8:0
24344,-9.4,0,3100,8,0,Gal,d18:1,8:0
24345,-9.2,0,3100,8,0,Gal,d18:1,8:0
24346,-9.0,0,3100,8,0,Gal,d18:1,8:0
24347,-8.8,0,3100,8,0,Gal,d18:1,8:0
24348,-8.6,0,3100,8,0,Gal,d18:1,8:0
24349,-8.4,0,3100,8,0,Gal,d18:1,8:0
24350,-8.2,0,3100,8,0,Gal,d18:1,8:0
24351,-8.0,0,3100,8,0,Gal,d18:1,8:0
24352,-7.8,0,3100,8,0,Gal,d18:1,8:0
24353,-7.6,0,3100,8,0,Gal,d18:1,8:0
24354,-7.4,0,3100,8,0,Gal,d18:1,8:0
24355,-7.2,0,3100,8,0,Gal,d18:1,8:0
24356,-7.0,0,3100,8,0,Gal,d18:1,8:0
24357,-6.8,0,3100,8,0,Gal,d18:1,8:0
24358,-6.6,0,3100,8,0,Gal,d18:1,8:0
24359,-6.4,0,3100,8,0,Gal,d18:1,8:0
24360,-6.2,0,3100,8,0,Gal,d18:1,8:0
24361,-6.0,40,3100,8,0,Gal,d18:1,8:0
24362,-5.8,0,3100,8,0,Gal,d18:1,8:0
24363,-5.6,0,3100,8,0,Gal,d18:1,8:0
24364,-5.4,0,3100,8,0,Gal,d18:1,8:0
24365,-5.2,0,3100,8,0,Gal,d18:1,8:0
24366,-5.0,0,3100,8,0,Gal,d18:1,8:0
24367,-4.8,0,3100,8,0,Gal,d18:1,8:0
24368,-4.6,0,3100,8,0,Gal,d18:1,8:0
24369,-4.4,0,3100,8,0,Gal,d18:1,8:0
24370,-4.2,0,3100,8,0,Gal,d18:1,8:0
24371,-4.0,0,3100,8,0,Gal,d18:1,8:0
24372,-3.8,20,3100,8,0,Gal,d18:1,8:0
24373,-3.6,80,3100,8,0,Gal,d18:1,8:0
24374,-3.4,580,3100,8,0,Gal,d18:1,8:0
24375,-3.2,1900,3100,8,0,Gal,d18:1,8:0
24376,-3.0,2560,3100,8,0,Gal,d18:1,8:0
24377,-2.8,5080,3100,8,0,Gal,d18:1,8:0
24378,-2.6,5960,3100,8,0,Gal,d18:1,8:0
24379,-2.4,4940,3100,8,0,Gal,d18:1,8:0
24380,-2.2,3480,3100,8,0,Gal,d18:1,8:0
24381,-2.0,1340,3100,8,0,Gal,d18:1,8:0
24382,-1.8,680,3100,8,0,Gal,d18:1,8:0
24383,-1.6,280,3100,8,0,Gal,d18:1,8:0
24384,-1.4,500,3100,8,0,Gal,d18:1,8:0
24385,-1.2,620,3100,8,0,Gal,d18:1,8:0
24386,-1.0,360,3100,8,0,Gal,d18:1,8:0
24387,-0.8,280,3100,8,0,Gal,d18:1,8:0
24388,-0.6,140,3100,8,0,Gal,d18:1,8:0
24389,-0.4,60,3100,8,0,Gal,d18:1,8:0
24390,-0.2,40,3100,8,0,Gal,d18:1,8:0
24391,0.0,0,3100,8,0,Gal,d18:1,8:0
24392,0.2,0,3100,8,0,Gal,d18:1,8:0
24393,0.4,0,3100,8,0,Gal,d18:1,8:0
24394,0.6,0,3100,8,0,Gal,d18:1,8:0
24395,0.8,0,3100,8,0,Gal,d18:1,8:0
24396,1.0,0,3100,8,0,Gal,d18:1,8:0
24397,1.2,0,3100,8,0,Gal,d18:1,8:0
24398,1.4,20,3100,8,0,Gal,d18:1,8:0
24399,1.6,20,3100,8,0,Gal,d18:1,8:0
24400,1.8,0,3100,8,0,Gal,d18:1,8:0
24401,2.0,0,3100,8,0,Gal,d18:1,8:0
24402,2.2,0,3100,8,0,Gal,d18:1,8:0
24403,2.4,0,3100,8,0,Gal,d18:1,8:0
24404,2.6,0,3100,8,0,Gal,d18:1,8:0
24405,2.8,0,3100,8,0,Gal,d18:1,8:0
24406,3.0,0,3100,8,0,Gal,d18:1,8:0
24407,3.2,0,3100,8,0,Gal,d18:1,8:0
24408,3.4,0,3100,8,0,Gal,d18:1,8:0
24409,3.6,0,3100,8,0,Gal,d18:1,8:0
24410,3.8,0,3100,8,0,Gal,d18:1,8:0
24411,4.0,0,3100,8,0,Gal,d18:1,8:0
24412,4.2,0,3100,8,0,Gal,d18:1,8:0
24413,4.4,0,3100,8,0,Gal,d18:1,8:0
24414,4.6,0,3100,8,0,Gal,d18:1,8:0
24415,4.8,0,3100,8,0,Gal,d18:1,8:0
24416,5.0,0,3100,8,0,Gal,d18:1,8:0
24417,5.2,0,3100,8,0,Gal,d18:1,8:0
24418,5.4,0,3100,8,0,Gal,d18:1,8:0
24419,5.6,0,3100,8,0,Gal,d18:1,8:0
24420,5.8,0,3100,8,0,Gal,d18:1,8:0
24421,6.0,0,3100,8,0,Gal,d18:1,8:0
24422,6.2,0,3100,8,0,Gal,d18:1,8:0
24423,6.4,0,3100,8,0,Gal,d18:1,8:0
24424,6.6,0,3100,8,0,Gal,d18:1,8:0
24425,6.8,0,3100,8,0,Gal,d18:1,8:0
24426,7.0,0,3100,8,0,Gal,d18:1,8:0
24427,7.2,0,3100,8,0,Gal,d18:1,8:0
24428,7.4,0,3100,8,0,Gal,d18:1,8:0
24429,7.6,0,3100,8,0,Gal,d18:1,8:0
24430,7.8,0,3100,8,0,Gal,d18:1,8:0
24431,8.0,0,3100,8,0,Gal,d18:1,8:0
24432,8.2,0,3100,8,0,Gal,d18:1,8:0
24433,8.4,0,3100,8,0,Gal,d18:1,8:0
24434,8.6,0,3100,8,0,Gal,d18:1,8:0
24435,8.8,0,3100,8,0,Gal,d18:1,8:0
24436,9.0,0,3100,8,0,Gal,d18:1,8:0
24437,9.2,0,3100,8,0,Gal,d18:1,8:0
24438,9.4,0,3100,8,0,Gal,d18:1,8:0
24439,9.6,0,3100,8,0,Gal,d18:1,8:0
24440,9.8,0,3100,8,0,Gal,d18:1,8:0
24441,10.0,0,3100,8,0,Gal,d18:1,8:0
24442,-10.0,0,3200,8,0,Gal,d18:1,8:0
24443,-9.8,0,3200,8,0,Gal,d18:1,8:0
24444,-9.6,0,3200,8,0,Gal,d18:1,8:0
24445,-9.4,0,3200,8,0,Gal,d18:1,8:0
24446,-9.2,0,3200,8,0,Gal,d18:1,8:0
24447,-9.0,0,3200,8,0,Gal,d18:1,8:0
24448,-8.8,0,3200,8,0,Gal,d18:1,8:0
24449,-8.6,0,3200,8,0,Gal,d18:1,8:0
24450,-8.4,0,3200,8,0,Gal,d18:1,8:0
24451,-8.2,0,3200,8,0,Gal,d18:1,8:0
24452,-8.0,0,3200,8,0,Gal,d18:1,8:0
24453,-7.8,0,3200,8,0,Gal,d18:1,8:0
24454,-7.6,0,3200,8,0,Gal,d18:1,8:0
24455,-7.4,0,3200,8,0,Gal,d18:1,8:0
24456,-7.2,0,3200,8,0,Gal,d18:1,8:0
24457,-7.0,0,3200,8,0,Gal,d18:1,8:0
24458,-6.8,0,3200,8,0,Gal,d18:1,8:0
24459,-6.6,0,3200,8,0,Gal,d18:1,8:0
24460,-6.4,0,3200,8,0,Gal,d18:1,8:0
24461,-6.2,0,3200,8,0,Gal,d18:1,8:0
24462,-6.0,0,3200,8,0,Gal,d18:1,8:0
24463,-5.8,0,3200,8,0,Gal,d18:1,8:0
24464,-5.6,0,3200,8,0,Gal,d18:1,8:0
24465,-5.4,0,3200,8,0,Gal,d18:1,8:0
24466,-5.2,0,3200,8,0,Gal,d18:1,8:0
24467,-5.0,0,3200,8,0,Gal,d18:1,8:0
24468,-4.8,0,3200,8,0,Gal,d18:1,8:0
24469,-4.6,20,3200,8,0,Gal,d18:1,8:0
24470,-4.4,0,3200,8,0,Gal,d18:1,8:0
24471,-4.2,20,3200,8,0,Gal,d18:1,8:0
24472,-4.0,0,3200,8,0,Gal,d18:1,8:0
24473,-3.8,40,3200,8,0,Gal,d18:1,8:0
24474,-3.6,500,3200,8,0,Gal,d18:1,8:0
24475,-3.4,2580,3200,8,0,Gal,d18:1,8:0
24476,-3.2,3880,3200,8,0,Gal,d18:1,8:0
24477,-3.0,6080,3200,8,0,Gal,d18:1,8:0
24478,-2.8,4280,3200,8,0,Gal,d18:1,8:0
24479,-2.6,4000,3200,8,0,Gal,d18:1,8:0
24480,-2.4,2440,3200,8,0,Gal,d18:1,8:0
24481,-2.2,1260,3200,8,0,Gal,d18:1,8:0
24482,-2.0,640,3200,8,0,Gal,d18:1,8:0
24483,-1.8,640,3200,8,0,Gal,d18:1,8:0
24484,-1.6,400,3200,8,0,Gal,d18:1,8:0
24485,-1.4,620,3200,8,0,Gal,d18:1,8:0
24486,-1.2,440,3200,8,0,Gal,d18:1,8:0
24487,-1.0,520,3200,8,0,Gal,d18:1,8:0
24488,-0.8,140,3200,8,0,Gal,d18:1,8:0
24489,-0.6,100,3200,8,0,Gal,d18:1,8:0
24490,-0.4,80,3200,8,0,Gal,d18:1,8:0
24491,-0.2,0,3200,8,0,Gal,d18:1,8:0
24492,0.0,0,3200,8,0,Gal,d18:1,8:0
24493,0.2,40,3200,8,0,Gal,d18:1,8:0
24494,0.4,0,3200,8,0,Gal,d18:1,8:0
24495,0.6,0,3200,8,0,Gal,d18:1,8:0
24496,0.8,0,3200,8,0,Gal,d18:1,8:0
24497,1.0,0,3200,8,0,Gal,d18:1,8:0
24498,1.2,0,3200,8,0,Gal,d18:1,8:0
24499,1.4,60,3200,8,0,Gal,d18:1,8:0
24500,1.6,0,3200,8,0,Gal,d18:1,8:0
24501,1.8,20,3200,8,0,Gal,d18:1,8:0
24502,2.0,0,3200,8,0,Gal,d18:1,8:0
24503,2.2,0,3200,8,0,Gal,d18:1,8:0
24504,2.4,0,3200,8,0,Gal,d18:1,8:0
24505,2.6,0,3200,8,0,Gal,d18:1,8:0
24506,2.8,0,3200,8,0,Gal,d18:1,8:0
24507,3.0,0,3200,8,0,Gal,d18:1,8:0
24508,3.2,60,3200,8,0,Gal,d18:1,8:0
24509,3.4,0,3200,8,0,Gal,d18:1,8:0
24510,3.6,0,3200,8,0,Gal,d18:1,8:0
24511,3.8,0,3200,8,0,Gal,d18:1,8:0
24512,4.0,0,3200,8,0,Gal,d18:1,8:0
24513,4.2,0,3200,8,0,Gal,d18:1,8:0
24514,4.4,0,3200,8,0,Gal,d18:1,8:0
24515,4.6,0,3200,8,0,Gal,d18:1,8:0
24516,4.8,0,3200,8,0,Gal,d18:1,8:0
24517,5.0,0,3200,8,0,Gal,d18:1,8:0
24518,5.2,0,3200,8,0,Gal,d18:1,8:0
24519,5.4,0,3200,8,0,Gal,d18:1,8:0
24520,5.6,0,3200,8,0,Gal,d18:1,8:0
24521,5.8,0,3200,8,0,Gal,d18:1,8:0
24522,6.0,0,3200,8,0,Gal,d18:1,8:0
24523,6.2,0,3200,8,0,Gal,d18:1,8:0
24524,6.4,0,3200,8,0,Gal,d18:1,8:0
24525,6.6,0,3200,8,0,Gal,d18:1,8:0
24526,6.8,0,3200,8,0,Gal,d18:1,8:0
24527,7.0,0,3200,8,0,Gal,d18:1,8:0
24528,7.2,0,3200,8,0,Gal,d18:1,8:0
24529,7.4,0,3200,8,0,Gal,d18:1,8:0
24530,7.6,0,3200,8,0,Gal,d18:1,8:0
24531,7.8,0,3200,8,0,Gal,d18:1,8:0
24532,8.0,0,3200,8,0,Gal,d18:1,8:0
24533,8.2,0,3200,8,0,Gal,d18:1,8:0
24534,8.4,0,3200,8,0,Gal,d18:1,8:0
24535,8.6,0,3200,8,0,Gal,d18:1,8:0
24536,8.8,0,3200,8,0,Gal,d18:1,8:0
24537,9.0,0,3200,8,0,Gal,d18:1,8:0
24538,9.2,0,3200,8,0,Gal,d18:1,8:0
24539,9.4,0,3200,8,0,Gal,d18:1,8:0
24540,9.6,0,3200,8,0,Gal,d18:1,8:0
24541,9.8,0,3200,8,0,Gal,d18:1,8:0
24542,10.0,0,3200,8,0,Gal,d18:1,8:0
24543,-10.0,0,3300,8,0,Gal,d18:1,8:0
24544,-9.8,0,3300,8,0,Gal,d18:1,8:0
24545,-9.6,0,3300,8,0,Gal,d18:1,8:0
24546,-9.4,0,3300,8,0,Gal,d18:1,8:0
24547,-9.2,0,3300,8,0,Gal,d18:1,8:0
24548,-9.0,0,3300,8,0,Gal,d18:1,8:0
24549,-8.8,0,3300,8,0,Gal,d18:1,8:0
24550,-8.6,0,3300,8,0,Gal,d18:1,8:0
24551,-8.4,0,3300,8,0,Gal,d18:1,8:0
24552,-8.2,0,3300,8,0,Gal,d18:1,8:0
24553,-8.0,0,3300,8,0,Gal,d18:1,8:0
24554,-7.8,0,3300,8,0,Gal,d18:1,8:0
24555,-7.6,0,3300,8,0,Gal,d18:1,8:0
24556,-7.4,0,3300,8,0,Gal,d18:1,8:0
24557,-7.2,0,3300,8,0,Gal,d18:1,8:0
24558,-7.0,0,3300,8,0,Gal,d18:1,8:0
24559,-6.8,0,3300,8,0,Gal,d18:1,8:0
24560,-6.6,0,3300,8,0,Gal,d18:1,8:0
24561,-6.4,0,3300,8,0,Gal,d18:1,8:0
24562,-6.2,0,3300,8,0,Gal,d18:1,8:0
24563,-6.0,0,3300,8,0,Gal,d18:1,8:0
24564,-5.8,0,3300,8,0,Gal,d18:1,8:0
24565,-5.6,0,3300,8,0,Gal,d18:1,8:0
24566,-5.4,0,3300,8,0,Gal,d18:1,8:0
24567,-5.2,0,3300,8,0,Gal,d18:1,8:0
24568,-5.0,60,3300,8,0,Gal,d18:1,8:0
24569,-4.8,0,3300,8,0,Gal,d18:1,8:0
24570,-4.6,160,3300,8,0,Gal,d18:1,8:0
24571,-4.4,820,3300,8,0,Gal,d18:1,8:0
24572,-4.2,1860,3300,8,0,Gal,d18:1,8:0
24573,-4.0,3060,3300,8,0,Gal,d18:1,8:0
24574,-3.8,3940,3300,8,0,Gal,d18:1,8:0
24575,-3.6,3420,3300,8,0,Gal,d18:1,8:0
24576,-3.4,3160,3300,8,0,Gal,d18:1,8:0
24577,-3.2,2660,3300,8,0,Gal,d18:1,8:0
24578,-3.0,1300,3300,8,0,Gal,d18:1,8:0
24579,-2.8,740,3300,8,0,Gal,d18:1,8:0
24580,-2.6,300,3300,8,0,Gal,d18:1,8:0
24581,-2.4,60,3300,8,0,Gal,d18:1,8:0
24582,-2.2,280,3300,8,0,Gal,d18:1,8:0
24583,-2.0,400,3300,8,0,Gal,d18:1,8:0
24584,-1.8,320,3300,8,0,Gal,d18:1,8:0
24585,-1.6,180,3300,8,0,Gal,d18:1,8:0
24586,-1.4,460,3300,8,0,Gal,d18:1,8:0
24587,-1.2,120,3300,8,0,Gal,d18:1,8:0
24588,-1.0,40,3300,8,0,Gal,d18:1,8:0
24589,-0.8,0,3300,8,0,Gal,d18:1,8:0
24590,-0.6,20,3300,8,0,Gal,d18:1,8:0
24591,-0.4,0,3300,8,0,Gal,d18:1,8:0
24592,-0.2,0,3300,8,0,Gal,d18:1,8:0
24593,0.0,0,3300,8,0,Gal,d18:1,8:0
24594,0.2,0,3300,8,0,Gal,d18:1,8:0
24595,0.4,0,3300,8,0,Gal,d18:1,8:0
24596,0.6,0,3300,8,0,Gal,d18:1,8:0
24597,0.8,0,3300,8,0,Gal,d18:1,8:0
24598,1.0,0,3300,8,0,Gal,d18:1,8:0
24599,1.2,0,3300,8,0,Gal,d18:1,8:0
24600,1.4,0,3300,8,0,Gal,d18:1,8:0
24601,1.6,0,3300,8,0,Gal,d18:1,8:0
24602,1.8,0,3300,8,0,Gal,d18:1,8:0
24603,2.0,0,3300,8,0,Gal,d18:1,8:0
24604,2.2,20,3300,8,0,Gal,d18:1,8:0
24605,2.4,0,3300,8,0,Gal,d18:1,8:0
24606,2.6,0,3300,8,0,Gal,d18:1,8:0
24607,2.8,20,3300,8,0,Gal,d18:1,8:0
24608,3.0,20,3300,8,0,Gal,d18:1,8:0
24609,3.2,0,3300,8,0,Gal,d18:1,8:0
24610,3.4,0,3300,8,0,Gal,d18:1,8:0
24611,3.6,0,3300,8,0,Gal,d18:1,8:0
24612,3.8,0,3300,8,0,Gal,d18:1,8:0
24613,4.0,0,3300,8,0,Gal,d18:1,8:0
24614,4.2,0,3300,8,0,Gal,d18:1,8:0
24615,4.4,0,3300,8,0,Gal,d18:1,8:0
24616,4.6,0,3300,8,0,Gal,d18:1,8:0
24617,4.8,0,3300,8,0,Gal,d18:1,8:0
24618,5.0,0,3300,8,0,Gal,d18:1,8:0
24619,5.2,0,3300,8,0,Gal,d18:1,8:0
24620,5.4,0,3300,8,0,Gal,d18:1,8:0
24621,5.6,0,3300,8,0,Gal,d18:1,8:0
24622,5.8,0,3300,8,0,Gal,d18:1,8:0
24623,6.0,0,3300,8,0,Gal,d18:1,8:0
24624,6.2,0,3300,8,0,Gal,d18:1,8:0
24625,6.4,0,3300,8,0,Gal,d18:1,8:0
24626,6.6,0,3300,8,0,Gal,d18:1,8:0
24627,6.8,0,3300,8,0,Gal,d18:1,8:0
24628,7.0,0,3300,8,0,Gal,d18:1,8:0
24629,7.2,0,3300,8,0,Gal,d18:1,8:0
24630,7.4,0,3300,8,0,Gal,d18:1,8:0
24631,7.6,0,3300,8,0,Gal,d18:1,8:0
24632,7.8,0,3300,8,0,Gal,d18:1,8:0
24633,8.0,0,3300,8,0,Gal,d18:1,8:0
24634,8.2,0,3300,8,0,Gal,d18:1,8:0
24635,8.4,0,3300,8,0,Gal,d18:1,8:0
24636,8.6,0,3300,8,0,Gal,d18:1,8:0
24637,8.8,0,3300,8,0,Gal,d18:1,8:0
24638,9.0,0,3300,8,0,Gal,d18:1,8:0
24639,9.2,0,3300,8,0,Gal,d18:1,8:0
24640,9.4,0,3300,8,0,Gal,d18:1,8:0
24641,9.6,0,3300,8,0,Gal,d18:1,8:0
24642,9.8,0,3300,8,0,Gal,d18:1,8:0
24643,10.0,0,3300,8,0,Gal,d18:1,8:0
24644,-10.0,0,3400,8,0,Gal,d18:1,8:0
24645,-9.8,0,3400,8,0,Gal,d18:1,8:0
24646,-9.6,0,3400,8,0,Gal,d18:1,8:0
24647,-9.4,0,3400,8,0,Gal,d18:1,8:0
24648,-9.2,0,3400,8,0,Gal,d18:1,8:0
24649,-9.0,0,3400,8,0,Gal,d18:1,8:0
24650,-8.8,0,3400,8,0,Gal,d18:1,8:0
24651,-8.6,0,3400,8,0,Gal,d18:1,8:0
24652,-8.4,0,3400,8,0,Gal,d18:1,8:0
24653,-8.2,0,3400,8,0,Gal,d18:1,8:0
24654,-8.0,0,3400,8,0,Gal,d18:1,8:0
24655,-7.8,0,3400,8,0,Gal,d18:1,8:0
24656,-7.6,0,3400,8,0,Gal,d18:1,8:0
24657,-7.4,0,3400,8,0,Gal,d18:1,8:0
24658,-7.2,0,3400,8,0,Gal,d18:1,8:0
24659,-7.0,0,3400,8,0,Gal,d18:1,8:0
24660,-6.8,0,3400,8,0,Gal,d18:1,8:0
24661,-6.6,0,3400,8,0,Gal,d18:1,8:0
24662,-6.4,0,3400,8,0,Gal,d18:1,8:0
24663,-6.2,0,3400,8,0,Gal,d18:1,8:0
24664,-6.0,0,3400,8,0,Gal,d18:1,8:0
24665,-5.8,0,3400,8,0,Gal,d18:1,8:0
24666,-5.6,0,3400,8,0,Gal,d18:1,8:0
24667,-5.4,0,3400,8,0,Gal,d18:1,8:0
24668,-5.2,0,3400,8,0,Gal,d18:1,8:0
24669,-5.0,0,3400,8,0,Gal,d18:1,8:0
24670,-4.8,0,3400,8,0,Gal,d18:1,8:0
24671,-4.6,0,3400,8,0,Gal,d18:1,8:0
24672,-4.4,0,3400,8,0,Gal,d18:1,8:0
24673,-4.2,40,3400,8,0,Gal,d18:1,8:0
24674,-4.0,460,3400,8,0,Gal,d18:1,8:0
24675,-3.8,1580,3400,8,0,Gal,d18:1,8:0
24676,-3.6,3240,3400,8,0,Gal,d18:1,8:0
24677,-3.4,6000,3400,8,0,Gal,d18:1,8:0
24678,-3.2,4240,3400,8,0,Gal,d18:1,8:0
24679,-3.0,3340,3400,8,0,Gal,d18:1,8:0
24680,-2.8,2140,3400,8,0,Gal,d18:1,8:0
24681,-2.6,920,3400,8,0,Gal,d18:1,8:0
24682,-2.4,520,3400,8,0,Gal,d18:1,8:0
24683,-2.2,660,3400,8,0,Gal,d18:1,8:0
24684,-2.0,380,3400,8,0,Gal,d18:1,8:0
24685,-1.8,480,3400,8,0,Gal,d18:1,8:0
24686,-1.6,400,3400,8,0,Gal,d18:1,8:0
24687,-1.4,260,3400,8,0,Gal,d18:1,8:0
24688,-1.2,280,3400,8,0,Gal,d18:1,8:0
24689,-1.0,140,3400,8,0,Gal,d18:1,8:0
24690,-0.8,80,3400,8,0,Gal,d18:1,8:0
24691,-0.6,0,3400,8,0,Gal,d18:1,8:0
24692,-0.4,0,3400,8,0,Gal,d18:1,8:0
24693,-0.2,0,3400,8,0,Gal,d18:1,8:0
24694,0.0,0,3400,8,0,Gal,d18:1,8:0
24695,0.2,0,3400,8,0,Gal,d18:1,8:0
24696,0.4,0,3400,8,0,Gal,d18:1,8:0
24697,0.6,0,3400,8,0,Gal,d18:1,8:0
24698,0.8,0,3400,8,0,Gal,d18:1,8:0
24699,1.0,0,3400,8,0,Gal,d18:1,8:0
24700,1.2,0,3400,8,0,Gal,d18:1,8:0
24701,1.4,0,3400,8,0,Gal,d18:1,8:0
24702,1.6,0,3400,8,0,Gal,d18:1,8:0
24703,1.8,0,3400,8,0,Gal,d18:1,8:0
24704,2.0,0,3400,8,0,Gal,d18:1,8:0
24705,2.2,0,3400,8,0,Gal,d18:1,8:0
24706,2.4,0,3400,8,0,Gal,d18:1,8:0
24707,2.6,20,3400,8,0,Gal,d18:1,8:0
24708,2.8,0,3400,8,0,Gal,d18:1,8:0
24709,3.0,20,3400,8,0,Gal,d18:1,8:0
24710,3.2,20,3400,8,0,Gal,d18:1,8:0
24711,3.4,0,3400,8,0,Gal,d18:1,8:0
24712,3.6,0,3400,8,0,Gal,d18:1,8:0
24713,3.8,0,3400,8,0,Gal,d18:1,8:0
24714,4.0,0,3400,8,0,Gal,d18:1,8:0
24715,4.2,0,3400,8,0,Gal,d18:1,8:0
24716,4.4,0,3400,8,0,Gal,d18:1,8:0
24717,4.6,0,3400,8,0,Gal,d18:1,8:0
24718,4.8,0,3400,8,0,Gal,d18:1,8:0
24719,5.0,0,3400,8,0,Gal,d18:1,8:0
24720,5.2,0,3400,8,0,Gal,d18:1,8:0
24721,5.4,0,3400,8,0,Gal,d18:1,8:0
24722,5.6,0,3400,8,0,Gal,d18:1,8:0
24723,5.8,0,3400,8,0,Gal,d18:1,8:0
24724,6.0,0,3400,8,0,Gal,d18:1,8:0
24725,6.2,0,3400,8,0,Gal,d18:1,8:0
24726,6.4,0,3400,8,0,Gal,d18:1,8:0
24727,6.6,0,3400,8,0,Gal,d18:1,8:0
24728,6.8,0,3400,8,0,Gal,d18:1,8:0
24729,7.0,0,3400,8,0,Gal,d18:1,8:0
24730,7.2,0,3400,8,0,Gal,d18:1,8:0
24731,7.4,0,3400,8,0,Gal,d18:1,8:0
24732,7.6,0,3400,8,0,Gal,d18:1,8:0
24733,7.8,0,3400,8,0,Gal,d18:1,8:0
24734,8.0,0,3400,8,0,Gal,d18:1,8:0
24735,8.2,0,3400,8,0,Gal,d18:1,8:0
24736,8.4,0,3400,8,0,Gal,d18:1,8:0
24737,8.6,0,3400,8,0,Gal,d18:1,8:0
24738,8.8,0,3400,8,0,Gal,d18:1,8:0
24739,9.0,0,3400,8,0,Gal,d18:1,8:0
24740,9.2,0,3400,8,0,Gal,d18:1,8:0
24741,9.4,0,3400,8,0,Gal,d18:1,8:0
24742,9.6,0,3400,8,0,Gal,d18:1,8:0
24743,9.8,0,3400,8,0,Gal,d18:1,8:0
24744,10.0,0,3400,8,0,Gal,d18:1,8:0
24745,-10.0,0,3500,8,0,Gal,d18:1,8:0
24746,-9.8,0,3500,8,0,Gal,d18:1,8:0
24747,-9.6,0,3500,8,0,Gal,d18:1,8:0
24748,-9.4,0,3500,8,0,Gal,d18:1,8:0
24749,-9.2,0,3500,8,0,Gal,d18:1,8:0
24750,-9.0,0,3500,8,0,Gal,d18:1,8:0
24751,-8.8,0,3500,8,0,Gal,d18:1,8:0
24752,-8.6,0,3500,8,0,Gal,d18:1,8:0
24753,-8.4,0,3500,8,0,Gal,d18:1,8:0
24754,-8.2,0,3500,8,0,Gal,d18:1,8:0
24755,-8.0,0,3500,8,0,Gal,d18:1,8:0
24756,-7.8,0,3500,8,0,Gal,d18:1,8:0
24757,-7.6,0,3500,8,0,Gal,d18:1,8:0
24758,-7.4,0,3500,8,0,Gal,d18:1,8:0
24759,-7.2,0,3500,8,0,Gal,d18:1,8:0
24760,-7.0,0,3500,8,0,Gal,d18:1,8:0
24761,-6.8,0,3500,8,0,Gal,d18:1,8:0
24762,-6.6,0,3500,8,0,Gal,d18:1,8:0
24763,-6.4,0,3500,8,0,Gal,d18:1,8:0
24764,-6.2,0,3500,8,0,Gal,d18:1,8:0
24765,-6.0,0,3500,8,0,Gal,d18:1,8:0
24766,-5.8,0,3500,8,0,Gal,d18:1,8:0
24767,-5.6,0,3500,8,0,Gal,d18:1,8:0
24768,-5.4,0,3500,8,0,Gal,d18:1,8:0
24769,-5.2,0,3500,8,0,Gal,d18:1,8:0
24770,-5.0,0,3500,8,0,Gal,d18:1,8:0
24771,-4.8,0,3500,8,0,Gal,d18:1,8:0
24772,-4.6,0,3500,8,0,Gal,d18:1,8:0
24773,-4.4,320,3500,8,0,Gal,d18:1,8:0
24774,-4.2,1040,3500,8,0,Gal,d18:1,8:0
24775,-4.0,2380,3500,8,0,Gal,d18:1,8:0
24776,-3.8,4000,3500,8,0,Gal,d18:1,8:0
24777,-3.6,6860,3500,8,0,Gal,d18:1,8:0
24778,-3.4,6940,3500,8,0,Gal,d18:1,8:0
24779,-3.2,4660,3500,8,0,Gal,d18:1,8:0
24780,-3.0,3740,3500,8,0,Gal,d18:1,8:0
24781,-2.8,2280,3500,8,0,Gal,d18:1,8:0
24782,-2.6,1200,3500,8,0,Gal,d18:1,8:0
24783,-2.4,160,3500,8,0,Gal,d18:1,8:0
24784,-2.2,200,3500,8,0,Gal,d18:1,8:0
24785,-2.0,360,3500,8,0,Gal,d18:1,8:0
24786,-1.8,320,3500,8,0,Gal,d18:1,8:0
24787,-1.6,440,3500,8,0,Gal,d18:1,8:0
24788,-1.4,260,3500,8,0,Gal,d18:1,8:0
24789,-1.2,240,3500,8,0,Gal,d18:1,8:0
24790,-1.0,280,3500,8,0,Gal,d18:1,8:0
24791,-0.8,100,3500,8,0,Gal,d18:1,8:0
24792,-0.6,60,3500,8,0,Gal,d18:1,8:0
24793,-0.4,0,3500,8,0,Gal,d18:1,8:0
24794,-0.2,0,3500,8,0,Gal,d18:1,8:0
24795,0.0,0,3500,8,0,Gal,d18:1,8:0
24796,0.2,0,3500,8,0,Gal,d18:1,8:0
24797,0.4,0,3500,8,0,Gal,d18:1,8:0
24798,0.6,0,3500,8,0,Gal,d18:1,8:0
24799,0.8,0,3500,8,0,Gal,d18:1,8:0
24800,1.0,0,3500,8,0,Gal,d18:1,8:0
24801,1.2,0,3500,8,0,Gal,d18:1,8:0
24802,1.4,0,3500,8,0,Gal,d18:1,8:0
24803,1.6,0,3500,8,0,Gal,d18:1,8:0
24804,1.8,0,3500,8,0,Gal,d18:1,8:0
24805,2.0,0,3500,8,0,Gal,d18:1,8:0
24806,2.2,0,3500,8,0,Gal,d18:1,8:0
24807,2.4,0,3500,8,0,Gal,d18:1,8:0
24808,2.6,0,3500,8,0,Gal,d18:1,8:0
24809,2.8,60,3500,8,0,Gal,d18:1,8:0
24810,3.0,20,3500,8,0,Gal,d18:1,8:0
24811,3.2,0,3500,8,0,Gal,d18:1,8:0
24812,3.4,0,3500,8,0,Gal,d18:1,8:0
24813,3.6,0,3500,8,0,Gal,d18:1,8:0
24814,3.8,0,3500,8,0,Gal,d18:1,8:0
24815,4.0,0,3500,8,0,Gal,d18:1,8:0
24816,4.2,0,3500,8,0,Gal,d18:1,8:0
24817,4.4,0,3500,8,0,Gal,d18:1,8:0
24818,4.6,0,3500,8,0,Gal,d18:1,8:0
24819,4.8,0,3500,8,0,Gal,d18:1,8:0
24820,5.0,0,3500,8,0,Gal,d18:1,8:0
24821,5.2,0,3500,8,0,Gal,d18:1,8:0
24822,5.4,0,3500,8,0,Gal,d18:1,8:0
24823,5.6,0,3500,8,0,Gal,d18:1,8:0
24824,5.8,0,3500,8,0,Gal,d18:1,8:0
24825,6.0,0,3500,8,0,Gal,d18:1,8:0
24826,6.2,0,3500,8,0,Gal,d18:1,8:0
24827,6.4,0,3500,8,0,Gal,d18:1,8:0
24828,6.6,0,3500,8,0,Gal,d18:1,8:0
24829,6.8,0,3500,8,0,Gal,d18:1,8:0
24830,7.0,0,3500,8,0,Gal,d18:1,8:0
24831,7.2,0,3500,8,0,Gal,d18:1,8:0
24832,7.4,0,3500,8,0,Gal,d18:1,8:0
24833,7.6,0,3500,8,0,Gal,d18:1,8:0
24834,7.8,0,3500,8,0,Gal,d18:1,8:0
24835,8.0,0,3500,8,0,Gal,d18:1,8:0
24836,8.2,0,3500,8,0,Gal,d18:1,8:0
24837,8.4,0,3500,8,0,Gal,d18:1,8:0
24838,8.6,0,3500,8,0,Gal,d18:1,8:0
24839,8.8,0,3500,8,0,Gal,d18:1,8:0
24840,9.0,0,3500,8,0,Gal,d18:1,8:0
24841,9.2,0,3500,8,0,Gal,d18:1,8:0
24842,9.4,0,3500,8,0,Gal,d18:1,8:0
24843,9.6,0,3500,8,0,Gal,d18:1,8:0
24844,9.8,0,3500,8,0,Gal,d18:1,8:0
24845,10.0,0,3500,8,0,Gal,d18:1,8:0
24846,-10.0,0,3600,8,0,Gal,d18:1,8:0
24847,-9.8,0,3600,8,0,Gal,d18:1,8:0
24848,-9.6,0,3600,8,0,Gal,d18:1,8:0
24849,-9.4,0,3600,8,0,Gal,d18:1,8:0
24850,-9.2,0,3600,8,0,Gal,d18:1,8:0
24851,-9.0,0,3600,8,0,Gal,d18:1,8:0
24852,-8.8,0,3600,8,0,Gal,d18:1,8:0
24853,-8.6,0,3600,8,0,Gal,d18:1,8:0
24854,-8.4,0,3600,8,0,Gal,d18:1,8:0
24855,-8.2,0,3600,8,0,Gal,d18:1,8:0
24856,-8.0,0,3600,8,0,Gal,d18:1,8:0
24857,-7.8,0,3600,8,0,Gal,d18:1,8:0
24858,-7.6,0,3600,8,0,Gal,d18:1,8:0
24859,-7.4,0,3600,8,0,Gal,d18:1,8:0
24860,-7.2,0,3600,8,0,Gal,d18:1,8:0
24861,-7.0,0,3600,8,0,Gal,d18:1,8:0
24862,-6.8,0,3600,8,0,Gal,d18:1,8:0
24863,-6.6,0,3600,8,0,Gal,d18:1,8:0
24864,-6.4,0,3600,8,0,Gal,d18:1,8:0
24865,-6.2,0,3600,8,0,Gal,d18:1,8:0
24866,-6.0,0,3600,8,0,Gal,d18:1,8:0
24867,-5.8,20,3600,8,0,Gal,d18:1,8:0
24868,-5.6,0,3600,8,0,Gal,d18:1,8:0
24869,-5.4,0,3600,8,0,Gal,d18:1,8:0
24870,-5.2,0,3600,8,0,Gal,d18:1,8:0
24871,-5.0,80,3600,8,0,Gal,d18:1,8:0
24872,-4.8,180,3600,8,0,Gal,d18:1,8:0
24873,-4.6,900,3600,8,0,Gal,d18:1,8:0
24874,-4.4,2100,3600,8,0,Gal,d18:1,8:0
24875,-4.2,3080,3600,8,0,Gal,d18:1,8:0
24876,-4.0,4560,3600,8,0,Gal,d18:1,8:0
24877,-3.8,3620,3600,8,0,Gal,d18:1,8:0
24878,-3.6,2240,3600,8,0,Gal,d18:1,8:0
24879,-3.4,940,3600,8,0,Gal,d18:1,8:0
24880,-3.2,420,3600,8,0,Gal,d18:1,8:0
24881,-3.0,260,3600,8,0,Gal,d18:1,8:0
24882,-2.8,160,3600,8,0,Gal,d18:1,8:0
24883,-2.6,60,3600,8,0,Gal,d18:1,8:0
24884,-2.4,360,3600,8,0,Gal,d18:1,8:0
24885,-2.2,140,3600,8,0,Gal,d18:1,8:0
24886,-2.0,640,3600,8,0,Gal,d18:1,8:0
24887,-1.8,400,3600,8,0,Gal,d18:1,8:0
24888,-1.6,360,3600,8,0,Gal,d18:1,8:0
24889,-1.4,300,3600,8,0,Gal,d18:1,8:0
24890,-1.2,120,3600,8,0,Gal,d18:1,8:0
24891,-1.0,40,3600,8,0,Gal,d18:1,8:0
24892,-0.8,0,3600,8,0,Gal,d18:1,8:0
24893,-0.6,0,3600,8,0,Gal,d18:1,8:0
24894,-0.4,0,3600,8,0,Gal,d18:1,8:0
24895,-0.2,0,3600,8,0,Gal,d18:1,8:0
24896,0.0,0,3600,8,0,Gal,d18:1,8:0
24897,0.2,0,3600,8,0,Gal,d18:1,8:0
24898,0.4,0,3600,8,0,Gal,d18:1,8:0
24899,0.6,0,3600,8,0,Gal,d18:1,8:0
24900,0.8,0,3600,8,0,Gal,d18:1,8:0
24901,1.0,0,3600,8,0,Gal,d18:1,8:0
24902,1.2,0,3600,8,0,Gal,d18:1,8:0
24903,1.4,0,3600,8,0,Gal,d18:1,8:0
24904,1.6,0,3600,8,0,Gal,d18:1,8:0
24905,1.8,0,3600,8,0,Gal,d18:1,8:0
24906,2.0,0,3600,8,0,Gal,d18:1,8:0
24907,2.2,0,3600,8,0,Gal,d18:1,8:0
24908,2.4,0,3600,8,0,Gal,d18:1,8:0
24909,2.6,40,3600,8,0,Gal,d18:1,8:0
24910,2.8,0,3600,8,0,Gal,d18:1,8:0
24911,3.0,60,3600,8,0,Gal,d18:1,8:0
24912,3.2,0,3600,8,0,Gal,d18:1,8:0
24913,3.4,0,3600,8,0,Gal,d18:1,8:0
24914,3.6,0,3600,8,0,Gal,d18:1,8:0
24915,3.8,0,3600,8,0,Gal,d18:1,8:0
24916,4.0,0,3600,8,0,Gal,d18:1,8:0
24917,4.2,0,3600,8,0,Gal,d18:1,8:0
24918,4.4,0,3600,8,0,Gal,d18:1,8:0
24919,4.6,0,3600,8,0,Gal,d18:1,8:0
24920,4.8,0,3600,8,0,Gal,d18:1,8:0
24921,5.0,0,3600,8,0,Gal,d18:1,8:0
24922,5.2,0,3600,8,0,Gal,d18:1,8:0
24923,5.4,0,3600,8,0,Gal,d18:1,8:0
24924,5.6,0,3600,8,0,Gal,d18:1,8:0
24925,5.8,0,3600,8,0,Gal,d18:1,8:0
24926,6.0,0,3600,8,0,Gal,d18:1,8:0
24927,6.2,0,3600,8,0,Gal,d18:1,8:0
24928,6.4,0,3600,8,0,Gal,d18:1,8:0
24929,6.6,0,3600,8,0,Gal,d18:1,8:0
24930,6.8,0,3600,8,0,Gal,d18:1,8:0
24931,7.0,0,3600,8,0,Gal,d18:1,8:0
24932,7.2,0,3600,8,0,Gal,d18:1,8:0
24933,7.4,0,3600,8,0,Gal,d18:1,8:0
24934,7.6,0,3600,8,0,Gal,d18:1,8:0
24935,7.8,0,3600,8,0,Gal,d18:1,8:0
24936,8.0,0,3600,8,0,Gal,d18:1,8:0
24937,8.2,0,3600,8,0,Gal,d18:1,8:0
24938,8.4,0,3600,8,0,Gal,d18:1,8:0
24939,8.6,0,3600,8,0,Gal,d18:1,8:0
24940,8.8,0,3600,8,0,Gal,d18:1,8:0
24941,9.0,0,3600,8,0,Gal,d18:1,8:0
24942,9.2,0,3600,8,0,Gal,d18:1,8:0
24943,9.4,0,3600,8,0,Gal,d18:1,8:0
24944,9.6,0,3600,8,0,Gal,d18:1,8:0
24945,9.8,0,3600,8,0,Gal,d18:1,8:0
24946,10.0,0,3600,8,0,Gal,d18:1,8:0
24947,-10.0,0,3700,8,0,Gal,d18:1,8:0
24948,-9.8,0,3700,8,0,Gal,d18:1,8:0
24949,-9.6,0,3700,8,0,Gal,d18:1,8:0
24950,-9.4,0,3700,8,0,Gal,d18:1,8:0
24951,-9.2,0,3700,8,0,Gal,d18:1,8:0
24952,-9.0,0,3700,8,0,Gal,d18:1,8:0
24953,-8.8,0,3700,8,0,Gal,d18:1,8:0
24954,-8.6,0,3700,8,0,Gal,d18:1,8:0
24955,-8.4,0,3700,8,0,Gal,d18:1,8:0
24956,-8.2,0,3700,8,0,Gal,d18:1,8:0
24957,-8.0,0,3700,8,0,Gal,d18:1,8:0
24958,-7.8,0,3700,8,0,Gal,d18:1,8:0
24959,-7.6,0,3700,8,0,Gal,d18:1,8:0
24960,-7.4,0,3700,8,0,Gal,d18:1,8:0
24961,-7.2,0,3700,8,0,Gal,d18:1,8:0
24962,-7.0,0,3700,8,0,Gal,d18:1,8:0
24963,-6.8,0,3700,8,0,Gal,d18:1,8:0
24964,-6.6,0,3700,8,0,Gal,d18:1,8:0
24965,-6.4,40,3700,8,0,Gal,d18:1,8:0
24966,-6.2,0,3700,8,0,Gal,d18:1,8:0
24967,-6.0,20,3700,8,0,Gal,d18:1,8:0
24968,-5.8,0,3700,8,0,Gal,d18:1,8:0
24969,-5.6,0,3700,8,0,Gal,d18:1,8:0
24970,-5.4,40,3700,8,0,Gal,d18:1,8:0
24971,-5.2,0,3700,8,0,Gal,d18:1,8:0
24972,-5.0,0,3700,8,0,Gal,d18:1,8:0
24973,-4.8,60,3700,8,0,Gal,d18:1,8:0
24974,-4.6,160,3700,8,0,Gal,d18:1,8:0
24975,-4.4,1160,3700,8,0,Gal,d18:1,8:0
24976,-4.2,2720,3700,8,0,Gal,d18:1,8:0
24977,-4.0,4360,3700,8,0,Gal,d18:1,8:0
24978,-3.8,5780,3700,8,0,Gal,d18:1,8:0
24979,-3.6,4940,3700,8,0,Gal,d18:1,8:0
24980,-3.4,3880,3700,8,0,Gal,d18:1,8:0
24981,-3.2,3220,3700,8,0,Gal,d18:1,8:0
24982,-3.0,1660,3700,8,0,Gal,d18:1,8:0
24983,-2.8,1020,3700,8,0,Gal,d18:1,8:0
24984,-2.6,300,3700,8,0,Gal,d18:1,8:0
24985,-2.4,100,3700,8,0,Gal,d18:1,8:0
24986,-2.2,200,3700,8,0,Gal,d18:1,8:0
24987,-2.0,280,3700,8,0,Gal,d18:1,8:0
24988,-1.8,340,3700,8,0,Gal,d18:1,8:0
24989,-1.6,620,3700,8,0,Gal,d18:1,8:0
24990,-1.4,360,3700,8,0,Gal,d18:1,8:0
24991,-1.2,220,3700,8,0,Gal,d18:1,8:0
24992,-1.0,140,3700,8,0,Gal,d18:1,8:0
24993,-0.8,20,3700,8,0,Gal,d18:1,8:0
24994,-0.6,0,3700,8,0,Gal,d18:1,8:0
24995,-0.4,0,3700,8,0,Gal,d18:1,8:0
24996,-0.2,0,3700,8,0,Gal,d18:1,8:0
24997,0.0,0,3700,8,0,Gal,d18:1,8:0
24998,0.2,0,3700,8,0,Gal,d18:1,8:0
24999,0.4,0,3700,8,0,Gal,d18:1,8:0
25000,0.6,0,3700,8,0,Gal,d18:1,8:0
25001,0.8,0,3700,8,0,Gal,d18:1,8:0
25002,1.0,0,3700,8,0,Gal,d18:1,8:0
25003,1.2,20,3700,8,0,Gal,d18:1,8:0
25004,1.4,0,3700,8,0,Gal,d18:1,8:0
25005,1.6,0,3700,8,0,Gal,d18:1,8:0
25006,1.8,0,3700,8,0,Gal,d18:1,8:0
25007,2.0,0,3700,8,0,Gal,d18:1,8:0
25008,2.2,0,3700,8,0,Gal,d18:1,8:0
25009,2.4,0,3700,8,0,Gal,d18:1,8:0
25010,2.6,0,3700,8,0,Gal,d18:1,8:0
25011,2.8,0,3700,8,0,Gal,d18:1,8:0
25012,3.0,0,3700,8,0,Gal,d18:1,8:0
25013,3.2,20,3700,8,0,Gal,d18:1,8:0
25014,3.4,0,3700,8,0,Gal,d18:1,8:0
25015,3.6,0,3700,8,0,Gal,d18:1,8:0
25016,3.8,0,3700,8,0,Gal,d18:1,8:0
25017,4.0,20,3700,8,0,Gal,d18:1,8:0
25018,4.2,0,3700,8,0,Gal,d18:1,8:0
25019,4.4,0,3700,8,0,Gal,d18:1,8:0
25020,4.6,0,3700,8,0,Gal,d18:1,8:0
25021,4.8,0,3700,8,0,Gal,d18:1,8:0
25022,5.0,0,3700,8,0,Gal,d18:1,8:0
25023,5.2,0,3700,8,0,Gal,d18:1,8:0
25024,5.4,0,3700,8,0,Gal,d18:1,8:0
25025,5.6,0,3700,8,0,Gal,d18:1,8:0
25026,5.8,0,3700,8,0,Gal,d18:1,8:0
25027,6.0,0,3700,8,0,Gal,d18:1,8:0
25028,6.2,0,3700,8,0,Gal,d18:1,8:0
25029,6.4,0,3700,8,0,Gal,d18:1,8:0
25030,6.6,0,3700,8,0,Gal,d18:1,8:0
25031,6.8,0,3700,8,0,Gal,d18:1,8:0
25032,7.0,0,3700,8,0,Gal,d18:1,8:0
25033,7.2,0,3700,8,0,Gal,d18:1,8:0
25034,7.4,0,3700,8,0,Gal,d18:1,8:0
25035,7.6,0,3700,8,0,Gal,d18:1,8:0
25036,7.8,0,3700,8,0,Gal,d18:1,8:0
25037,8.0,0,3700,8,0,Gal,d18:1,8:0
25038,8.2,0,3700,8,0,Gal,d18:1,8:0
25039,8.4,0,3700,8,0,Gal,d18:1,8:0
25040,8.6,0,3700,8,0,Gal,d18:1,8:0
25041,8.8,0,3700,8,0,Gal,d18:1,8:0
25042,9.0,0,3700,8,0,Gal,d18:1,8:0
25043,9.2,0,3700,8,0,Gal,d18:1,8:0
25044,9.4,0,3700,8,0,Gal,d18:1,8:0
25045,9.6,0,3700,8,0,Gal,d18:1,8:0
25046,9.8,0,3700,8,0,Gal,d18:1,8:0
25047,10.0,0,3700,8,0,Gal,d18:1,8:0
25048,-10.0,0,3800,8,0,Gal,d18:1,8:0
25049,-9.8,0,3800,8,0,Gal,d18:1,8:0
25050,-9.6,0,3800,8,0,Gal,d18:1,8:0
25051,-9.4,0,3800,8,0,Gal,d18:1,8:0
25052,-9.2,0,3800,8,0,Gal,d18:1,8:0
25053,-9.0,0,3800,8,0,Gal,d18:1,8:0
25054,-8.8,0,3800,8,0,Gal,d18:1,8:0
25055,-8.6,0,3800,8,0,Gal,d18:1,8:0
25056,-8.4,0,3800,8,0,Gal,d18:1,8:0
25057,-8.2,0,3800,8,0,Gal,d18:1,8:0
25058,-8.0,0,3800,8,0,Gal,d18:1,8:0
25059,-7.8,0,3800,8,0,Gal,d18:1,8:0
25060,-7.6,0,3800,8,0,Gal,d18:1,8:0
25061,-7.4,0,3800,8,0,Gal,d18:1,8:0
25062,-7.2,0,3800,8,0,Gal,d18:1,8:0
25063,-7.0,0,3800,8,0,Gal,d18:1,8:0
25064,-6.8,0,3800,8,0,Gal,d18:1,8:0
25065,-6.6,0,3800,8,0,Gal,d18:1,8:0
25066,-6.4,0,3800,8,0,Gal,d18:1,8:0
25067,-6.2,0,3800,8,0,Gal,d18:1,8:0
25068,-6.0,40,3800,8,0,Gal,d18:1,8:0
25069,-5.8,0,3800,8,0,Gal,d18:1,8:0
25070,-5.6,0,3800,8,0,Gal,d18:1,8:0
25071,-5.4,180,3800,8,0,Gal,d18:1,8:0
25072,-5.2,860,3800,8,0,Gal,d18:1,8:0
25073,-5.0,2100,3800,8,0,Gal,d18:1,8:0
25074,-4.8,2820,3800,8,0,Gal,d18:1,8:0
25075,-4.6,4260,3800,8,0,Gal,d18:1,8:0
25076,-4.4,4120,3800,8,0,Gal,d18:1,8:0
25077,-4.2,2780,3800,8,0,Gal,d18:1,8:0
25078,-4.0,1460,3800,8,0,Gal,d18:1,8:0
25079,-3.8,420,3800,8,0,Gal,d18:1,8:0
25080,-3.6,220,3800,8,0,Gal,d18:1,8:0
25081,-3.4,200,3800,8,0,Gal,d18:1,8:0
25082,-3.2,0,3800,8,0,Gal,d18:1,8:0
25083,-3.0,40,3800,8,0,Gal,d18:1,8:0
25084,-2.8,80,3800,8,0,Gal,d18:1,8:0
25085,-2.6,160,3800,8,0,Gal,d18:1,8:0
25086,-2.4,400,3800,8,0,Gal,d18:1,8:0
25087,-2.2,200,3800,8,0,Gal,d18:1,8:0
25088,-2.0,460,3800,8,0,Gal,d18:1,8:0
25089,-1.8,220,3800,8,0,Gal,d18:1,8:0
25090,-1.6,180,3800,8,0,Gal,d18:1,8:0
25091,-1.4,80,3800,8,0,Gal,d18:1,8:0
25092,-1.2,60,3800,8,0,Gal,d18:1,8:0
25093,-1.0,0,3800,8,0,Gal,d18:1,8:0
25094,-0.8,0,3800,8,0,Gal,d18:1,8:0
25095,-0.6,0,3800,8,0,Gal,d18:1,8:0
25096,-0.4,0,3800,8,0,Gal,d18:1,8:0
25097,-0.2,0,3800,8,0,Gal,d18:1,8:0
25098,0.0,0,3800,8,0,Gal,d18:1,8:0
25099,0.2,0,3800,8,0,Gal,d18:1,8:0
25100,0.4,0,3800,8,0,Gal,d18:1,8:0
25101,0.6,0,3800,8,0,Gal,d18:1,8:0
25102,0.8,0,3800,8,0,Gal,d18:1,8:0
25103,1.0,0,3800,8,0,Gal,d18:1,8:0
25104,1.2,0,3800,8,0,Gal,d18:1,8:0
25105,1.4,0,3800,8,0,Gal,d18:1,8:0
25106,1.6,0,3800,8,0,Gal,d18:1,8:0
25107,1.8,0,3800,8,0,Gal,d18:1,8:0
25108,2.0,0,3800,8,0,Gal,d18:1,8:0
25109,2.2,0,3800,8,0,Gal,d18:1,8:0
25110,2.4,20,3800,8,0,Gal,d18:1,8:0
25111,2.6,0,3800,8,0,Gal,d18:1,8:0
25112,2.8,0,3800,8,0,Gal,d18:1,8:0
25113,3.0,0,3800,8,0,Gal,d18:1,8:0
25114,3.2,0,3800,8,0,Gal,d18:1,8:0
25115,3.4,0,3800,8,0,Gal,d18:1,8:0
25116,3.6,0,3800,8,0,Gal,d18:1,8:0
25117,3.8,0,3800,8,0,Gal,d18:1,8:0
25118,4.0,0,3800,8,0,Gal,d18:1,8:0
25119,4.2,40,3800,8,0,Gal,d18:1,8:0
25120,4.4,0,3800,8,0,Gal,d18:1,8:0
25121,4.6,0,3800,8,0,Gal,d18:1,8:0
25122,4.8,0,3800,8,0,Gal,d18:1,8:0
25123,5.0,0,3800,8,0,Gal,d18:1,8:0
25124,5.2,0,3800,8,0,Gal,d18:1,8:0
25125,5.4,0,3800,8,0,Gal,d18:1,8:0
25126,5.6,0,3800,8,0,Gal,d18:1,8:0
25127,5.8,0,3800,8,0,Gal,d18:1,8:0
25128,6.0,0,3800,8,0,Gal,d18:1,8:0
25129,6.2,0,3800,8,0,Gal,d18:1,8:0
25130,6.4,0,3800,8,0,Gal,d18:1,8:0
25131,6.6,0,3800,8,0,Gal,d18:1,8:0
25132,6.8,0,3800,8,0,Gal,d18:1,8:0
25133,7.0,0,3800,8,0,Gal,d18:1,8:0
25134,7.2,0,3800,8,0,Gal,d18:1,8:0
25135,7.4,0,3800,8,0,Gal,d18:1,8:0
25136,7.6,0,3800,8,0,Gal,d18:1,8:0
25137,7.8,0,3800,8,0,Gal,d18:1,8:0
25138,8.0,0,3800,8,0,Gal,d18:1,8:0
25139,8.2,0,3800,8,0,Gal,d18:1,8:0
25140,8.4,0,3800,8,0,Gal,d18:1,8:0
25141,8.6,0,3800,8,0,Gal,d18:1,8:0
25142,8.8,0,3800,8,0,Gal,d18:1,8:0
25143,9.0,0,3800,8,0,Gal,d18:1,8:0
25144,9.2,0,3800,8,0,Gal,d18:1,8:0
25145,9.4,0,3800,8,0,Gal,d18:1,8:0
25146,9.6,0,3800,8,0,Gal,d18:1,8:0
25147,9.8,0,3800,8,0,Gal,d18:1,8:0
25148,10.0,0,3800,8,0,Gal,d18:1,8:0
25149,-10.0,0,3900,8,0,Gal,d18:1,8:0
25150,-9.8,0,3900,8,0,Gal,d18:1,8:0
25151,-9.6,0,3900,8,0,Gal,d18:1,8:0
25152,-9.4,0,3900,8,0,Gal,d18:1,8:0
25153,-9.2,0,3900,8,0,Gal,d18:1,8:0
25154,-9.0,0,3900,8,0,Gal,d18:1,8:0
25155,-8.8,0,3900,8,0,Gal,d18:1,8:0
25156,-8.6,0,3900,8,0,Gal,d18:1,8:0
25157,-8.4,0,3900,8,0,Gal,d18:1,8:0
25158,-8.2,0,3900,8,0,Gal,d18:1,8:0
25159,-8.0,0,3900,8,0,Gal,d18:1,8:0
25160,-7.8,0,3900,8,0,Gal,d18:1,8:0
25161,-7.6,0,3900,8,0,Gal,d18:1,8:0
25162,-7.4,0,3900,8,0,Gal,d18:1,8:0
25163,-7.2,0,3900,8,0,Gal,d18:1,8:0
25164,-7.0,0,3900,8,0,Gal,d18:1,8:0
25165,-6.8,0,3900,8,0,Gal,d18:1,8:0
25166,-6.6,40,3900,8,0,Gal,d18:1,8:0
25167,-6.4,0,3900,8,0,Gal,d18:1,8:0
25168,-6.2,0,3900,8,0,Gal,d18:1,8:0
25169,-6.0,20,3900,8,0,Gal,d18:1,8:0
25170,-5.8,0,3900,8,0,Gal,d18:1,8:0
25171,-5.6,100,3900,8,0,Gal,d18:1,8:0
25172,-5.4,480,3900,8,0,Gal,d18:1,8:0
25173,-5.2,1680,3900,8,0,Gal,d18:1,8:0
25174,-5.0,4140,3900,8,0,Gal,d18:1,8:0
25175,-4.8,3900,3900,8,0,Gal,d18:1,8:0
25176,-4.6,3680,3900,8,0,Gal,d18:1,8:0
25177,-4.4,2880,3900,8,0,Gal,d18:1,8:0
25178,-4.2,1760,3900,8,0,Gal,d18:1,8:0
25179,-4.0,1160,3900,8,0,Gal,d18:1,8:0
25180,-3.8,500,3900,8,0,Gal,d18:1,8:0
25181,-3.6,160,3900,8,0,Gal,d18:1,8:0
25182,-3.4,100,3900,8,0,Gal,d18:1,8:0
25183,-3.2,80,3900,8,0,Gal,d18:1,8:0
25184,-3.0,40,3900,8,0,Gal,d18:1,8:0
25185,-2.8,160,3900,8,0,Gal,d18:1,8:0
25186,-2.6,260,3900,8,0,Gal,d18:1,8:0
25187,-2.4,220,3900,8,0,Gal,d18:1,8:0
25188,-2.2,200,3900,8,0,Gal,d18:1,8:0
25189,-2.0,240,3900,8,0,Gal,d18:1,8:0
25190,-1.8,160,3900,8,0,Gal,d18:1,8:0
25191,-1.6,120,3900,8,0,Gal,d18:1,8:0
25192,-1.4,60,3900,8,0,Gal,d18:1,8:0
25193,-1.2,40,3900,8,0,Gal,d18:1,8:0
25194,-1.0,0,3900,8,0,Gal,d18:1,8:0
25195,-0.8,0,3900,8,0,Gal,d18:1,8:0
25196,-0.6,0,3900,8,0,Gal,d18:1,8:0
25197,-0.4,0,3900,8,0,Gal,d18:1,8:0
25198,-0.2,0,3900,8,0,Gal,d18:1,8:0
25199,0.0,0,3900,8,0,Gal,d18:1,8:0
25200,0.2,0,3900,8,0,Gal,d18:1,8:0
25201,0.4,0,3900,8,0,Gal,d18:1,8:0
25202,0.6,0,3900,8,0,Gal,d18:1,8:0
25203,0.8,0,3900,8,0,Gal,d18:1,8:0
25204,1.0,0,3900,8,0,Gal,d18:1,8:0
25205,1.2,0,3900,8,0,Gal,d18:1,8:0
25206,1.4,0,3900,8,0,Gal,d18:1,8:0
25207,1.6,0,3900,8,0,Gal,d18:1,8:0
25208,1.8,0,3900,8,0,Gal,d18:1,8:0
25209,2.0,0,3900,8,0,Gal,d18:1,8:0
25210,2.2,0,3900,8,0,Gal,d18:1,8:0
25211,2.4,0,3900,8,0,Gal,d18:1,8:0
25212,2.6,20,3900,8,0,Gal,d18:1,8:0
25213,2.8,0,3900,8,0,Gal,d18:1,8:0
25214,3.0,0,3900,8,0,Gal,d18:1,8:0
25215,3.2,0,3900,8,0,Gal,d18:1,8:0
25216,3.4,0,3900,8,0,Gal,d18:1,8:0
25217,3.6,0,3900,8,0,Gal,d18:1,8:0
25218,3.8,0,3900,8,0,Gal,d18:1,8:0
25219,4.0,0,3900,8,0,Gal,d18:1,8:0
25220,4.2,20,3900,8,0,Gal,d18:1,8:0
25221,4.4,0,3900,8,0,Gal,d18:1,8:0
25222,4.6,0,3900,8,0,Gal,d18:1,8:0
25223,4.8,40,3900,8,0,Gal,d18:1,8:0
25224,5.0,0,3900,8,0,Gal,d18:1,8:0
25225,5.2,40,3900,8,0,Gal,d18:1,8:0
25226,5.4,40,3900,8,0,Gal,d18:1,8:0
25227,5.6,0,3900,8,0,Gal,d18:1,8:0
25228,5.8,0,3900,8,0,Gal,d18:1,8:0
25229,6.0,0,3900,8,0,Gal,d18:1,8:0
25230,6.2,0,3900,8,0,Gal,d18:1,8:0
25231,6.4,0,3900,8,0,Gal,d18:1,8:0
25232,6.6,0,3900,8,0,Gal,d18:1,8:0
25233,6.8,0,3900,8,0,Gal,d18:1,8:0
25234,7.0,0,3900,8,0,Gal,d18:1,8:0
25235,7.2,0,3900,8,0,Gal,d18:1,8:0
25236,7.4,0,3900,8,0,Gal,d18:1,8:0
25237,7.6,0,3900,8,0,Gal,d18:1,8:0
25238,7.8,0,3900,8,0,Gal,d18:1,8:0
25239,8.0,0,3900,8,0,Gal,d18:1,8:0
25240,8.2,0,3900,8,0,Gal,d18:1,8:0
25241,8.4,0,3900,8,0,Gal,d18:1,8:0
25242,8.6,0,3900,8,0,Gal,d18:1,8:0
25243,8.8,0,3900,8,0,Gal,d18:1,8:0
25244,9.0,0,3900,8,0,Gal,d18:1,8:0
25245,9.2,0,3900,8,0,Gal,d18:1,8:0
25246,9.4,0,3900,8,0,Gal,d18:1,8:0
25247,9.6,0,3900,8,0,Gal,d18:1,8:0
25248,9.8,0,3900,8,0,Gal,d18:1,8:0
25249,10.0,0,3900,8,0,Gal,d18:1,8:0
25250,-10.0,0,4000,8,0,Gal,d18:1,8:0
25251,-9.8,0,4000,8,0,Gal,d18:1,8:0
25252,-9.6,0,4000,8,0,Gal,d18:1,8:0
25253,-9.4,0,4000,8,0,Gal,d18:1,8:0
25254,-9.2,0,4000,8,0,Gal,d18:1,8:0
25255,-9.0,0,4000,8,0,Gal,d18:1,8:0
25256,-8.8,0,4000,8,0,Gal,d18:1,8:0
25257,-8.6,0,4000,8,0,Gal,d18:1,8:0
25258,-8.4,0,4000,8,0,Gal,d18:1,8:0
25259,-8.2,0,4000,8,0,Gal,d18:1,8:0
25260,-8.0,0,4000,8,0,Gal,d18:1,8:0
25261,-7.8,0,4000,8,0,Gal,d18:1,8:0
25262,-7.6,0,4000,8,0,Gal,d18:1,8:0
25263,-7.4,0,4000,8,0,Gal,d18:1,8:0
25264,-7.2,0,4000,8,0,Gal,d18:1,8:0
25265,-7.0,0,4000,8,0,Gal,d18:1,8:0
25266,-6.8,0,4000,8,0,Gal,d18:1,8:0
25267,-6.6,0,4000,8,0,Gal,d18:1,8:0
25268,-6.4,0,4000,8,0,Gal,d18:1,8:0
25269,-6.2,20,4000,8,0,Gal,d18:1,8:0
25270,-6.0,180,4000,8,0,Gal,d18:1,8:0
25271,-5.8,1220,4000,8,0,Gal,d18:1,8:0
25272,-5.6,2060,4000,8,0,Gal,d18:1,8:0
25273,-5.4,3460,4000,8,0,Gal,d18:1,8:0
25274,-5.2,4040,4000,8,0,Gal,d18:1,8:0
25275,-5.0,4040,4000,8,0,Gal,d18:1,8:0
25276,-4.8,3600,4000,8,0,Gal,d18:1,8:0
25277,-4.6,3120,4000,8,0,Gal,d18:1,8:0
25278,-4.4,1120,4000,8,0,Gal,d18:1,8:0
25279,-4.2,1000,4000,8,0,Gal,d18:1,8:0
25280,-4.0,220,4000,8,0,Gal,d18:1,8:0
25281,-3.8,180,4000,8,0,Gal,d18:1,8:0
25282,-3.6,60,4000,8,0,Gal,d18:1,8:0
25283,-3.4,20,4000,8,0,Gal,d18:1,8:0
25284,-3.2,20,4000,8,0,Gal,d18:1,8:0
25285,-3.0,100,4000,8,0,Gal,d18:1,8:0
25286,-2.8,140,4000,8,0,Gal,d18:1,8:0
25287,-2.6,220,4000,8,0,Gal,d18:1,8:0
25288,-2.4,100,4000,8,0,Gal,d18:1,8:0
25289,-2.2,400,4000,8,0,Gal,d18:1,8:0
25290,-2.0,260,4000,8,0,Gal,d18:1,8:0
25291,-1.8,120,4000,8,0,Gal,d18:1,8:0
25292,-1.6,180,4000,8,0,Gal,d18:1,8:0
25293,-1.4,40,4000,8,0,Gal,d18:1,8:0
25294,-1.2,0,4000,8,0,Gal,d18:1,8:0
25295,-1.0,0,4000,8,0,Gal,d18:1,8:0
25296,-0.8,0,4000,8,0,Gal,d18:1,8:0
25297,-0.6,0,4000,8,0,Gal,d18:1,8:0
25298,-0.4,0,4000,8,0,Gal,d18:1,8:0
25299,-0.2,0,4000,8,0,Gal,d18:1,8:0
25300,0.0,0,4000,8,0,Gal,d18:1,8:0
25301,0.2,0,4000,8,0,Gal,d18:1,8:0
25302,0.4,0,4000,8,0,Gal,d18:1,8:0
25303,0.6,0,4000,8,0,Gal,d18:1,8:0
25304,0.8,0,4000,8,0,Gal,d18:1,8:0
25305,1.0,0,4000,8,0,Gal,d18:1,8:0
25306,1.2,0,4000,8,0,Gal,d18:1,8:0
25307,1.4,0,4000,8,0,Gal,d18:1,8:0
25308,1.6,0,4000,8,0,Gal,d18:1,8:0
25309,1.8,0,4000,8,0,Gal,d18:1,8:0
25310,2.0,0,4000,8,0,Gal,d18:1,8:0
25311,2.2,0,4000,8,0,Gal,d18:1,8:0
25312,2.4,0,4000,8,0,Gal,d18:1,8:0
25313,2.6,0,4000,8,0,Gal,d18:1,8:0
25314,2.8,0,4000,8,0,Gal,d18:1,8:0
25315,3.0,0,4000,8,0,Gal,d18:1,8:0
25316,3.2,0,4000,8,0,Gal,d18:1,8:0
25317,3.4,0,4000,8,0,Gal,d18:1,8:0
25318,3.6,0,4000,8,0,Gal,d18:1,8:0
25319,3.8,0,4000,8,0,Gal,d18:1,8:0
25320,4.0,0,4000,8,0,Gal,d18:1,8:0
25321,4.2,0,4000,8,0,Gal,d18:1,8:0
25322,4.4,0,4000,8,0,Gal,d18:1,8:0
25323,4.6,0,4000,8,0,Gal,d18:1,8:0
25324,4.8,0,4000,8,0,Gal,d18:1,8:0
25325,5.0,0,4000,8,0,Gal,d18:1,8:0
25326,5.2,0,4000,8,0,Gal,d18:1,8:0
25327,5.4,0,4000,8,0,Gal,d18:1,8:0
25328,5.6,0,4000,8,0,Gal,d18:1,8:0
25329,5.8,0,4000,8,0,Gal,d18:1,8:0
25330,6.0,0,4000,8,0,Gal,d18:1,8:0
25331,6.2,0,4000,8,0,Gal,d18:1,8:0
25332,6.4,0,4000,8,0,Gal,d18:1,8:0
25333,6.6,0,4000,8,0,Gal,d18:1,8:0
25334,6.8,40,4000,8,0,Gal,d18:1,8:0
25335,7.0,0,4000,8,0,Gal,d18:1,8:0
25336,7.2,0,4000,8,0,Gal,d18:1,8:0
25337,7.4,0,4000,8,0,Gal,d18:1,8:0
25338,7.6,0,4000,8,0,Gal,d18:1,8:0
25339,7.8,0,4000,8,0,Gal,d18:1,8:0
25340,8.0,0,4000,8,0,Gal,d18:1,8:0
25341,8.2,0,4000,8,0,Gal,d18:1,8:0
25342,8.4,0,4000,8,0,Gal,d18:1,8:0
25343,8.6,0,4000,8,0,Gal,d18:1,8:0
25344,8.8,0,4000,8,0,Gal,d18:1,8:0
25345,9.0,0,4000,8,0,Gal,d18:1,8:0
25346,9.2,0,4000,8,0,Gal,d18:1,8:0
25347,9.4,0,4000,8,0,Gal,d18:1,8:0
25348,9.6,0,4000,8,0,Gal,d18:1,8:0
25349,9.8,0,4000,8,0,Gal,d18:1,8:0
25350,10.0,0,4000,8,0,Gal,d18:1,8:0
25351,-10.0,0,4100,8,0,Gal,d18:1,8:0
25352,-9.8,0,4100,8,0,Gal,d18:1,8:0
25353,-9.6,0,4100,8,0,Gal,d18:1,8:0
25354,-9.4,0,4100,8,0,Gal,d18:1,8:0
25355,-9.2,0,4100,8,0,Gal,d18:1,8:0
25356,-9.0,0,4100,8,0,Gal,d18:1,8:0
25357,-8.8,0,4100,8,0,Gal,d18:1,8:0
25358,-8.6,0,4100,8,0,Gal,d18:1,8:0
25359,-8.4,0,4100,8,0,Gal,d18:1,8:0
25360,-8.2,0,4100,8,0,Gal,d18:1,8:0
25361,-8.0,0,4100,8,0,Gal,d18:1,8:0
25362,-7.8,0,4100,8,0,Gal,d18:1,8:0
25363,-7.6,0,4100,8,0,Gal,d18:1,8:0
25364,-7.4,0,4100,8,0,Gal,d18:1,8:0
25365,-7.2,0,4100,8,0,Gal,d18:1,8:0
25366,-7.0,0,4100,8,0,Gal,d18:1,8:0
25367,-6.8,0,4100,8,0,Gal,d18:1,8:0
25368,-6.6,0,4100,8,0,Gal,d18:1,8:0
25369,-6.4,0,4100,8,0,Gal,d18:1,8:0
25370,-6.2,0,4100,8,0,Gal,d18:1,8:0
25371,-6.0,0,4100,8,0,Gal,d18:1,8:0
25372,-5.8,80,4100,8,0,Gal,d18:1,8:0
25373,-5.6,120,4100,8,0,Gal,d18:1,8:0
25374,-5.4,1000,4100,8,0,Gal,d18:1,8:0
25375,-5.2,3160,4100,8,0,Gal,d18:1,8:0
25376,-5.0,4120,4100,8,0,Gal,d18:1,8:0
25377,-4.8,4620,4100,8,0,Gal,d18:1,8:0
25378,-4.6,3940,4100,8,0,Gal,d18:1,8:0
25379,-4.4,2800,4100,8,0,Gal,d18:1,8:0
25380,-4.2,1940,4100,8,0,Gal,d18:1,8:0
25381,-4.0,740,4100,8,0,Gal,d18:1,8:0
25382,-3.8,240,4100,8,0,Gal,d18:1,8:0
25383,-3.6,0,4100,8,0,Gal,d18:1,8:0
25384,-3.4,80,4100,8,0,Gal,d18:1,8:0
25385,-3.2,120,4100,8,0,Gal,d18:1,8:0
25386,-3.0,40,4100,8,0,Gal,d18:1,8:0
25387,-2.8,60,4100,8,0,Gal,d18:1,8:0
25388,-2.6,160,4100,8,0,Gal,d18:1,8:0
25389,-2.4,260,4100,8,0,Gal,d18:1,8:0
25390,-2.2,160,4100,8,0,Gal,d18:1,8:0
25391,-2.0,280,4100,8,0,Gal,d18:1,8:0
25392,-1.8,200,4100,8,0,Gal,d18:1,8:0
25393,-1.6,40,4100,8,0,Gal,d18:1,8:0
25394,-1.4,20,4100,8,0,Gal,d18:1,8:0
25395,-1.2,20,4100,8,0,Gal,d18:1,8:0
25396,-1.0,0,4100,8,0,Gal,d18:1,8:0
25397,-0.8,0,4100,8,0,Gal,d18:1,8:0
25398,-0.6,0,4100,8,0,Gal,d18:1,8:0
25399,-0.4,0,4100,8,0,Gal,d18:1,8:0
25400,-0.2,0,4100,8,0,Gal,d18:1,8:0
25401,0.0,0,4100,8,0,Gal,d18:1,8:0
25402,0.2,0,4100,8,0,Gal,d18:1,8:0
25403,0.4,0,4100,8,0,Gal,d18:1,8:0
25404,0.6,0,4100,8,0,Gal,d18:1,8:0
25405,0.8,0,4100,8,0,Gal,d18:1,8:0
25406,1.0,0,4100,8,0,Gal,d18:1,8:0
25407,1.2,0,4100,8,0,Gal,d18:1,8:0
25408,1.4,0,4100,8,0,Gal,d18:1,8:0
25409,1.6,0,4100,8,0,Gal,d18:1,8:0
25410,1.8,0,4100,8,0,Gal,d18:1,8:0
25411,2.0,0,4100,8,0,Gal,d18:1,8:0
25412,2.2,0,4100,8,0,Gal,d18:1,8:0
25413,2.4,0,4100,8,0,Gal,d18:1,8:0
25414,2.6,0,4100,8,0,Gal,d18:1,8:0
25415,2.8,0,4100,8,0,Gal,d18:1,8:0
25416,3.0,0,4100,8,0,Gal,d18:1,8:0
25417,3.2,0,4100,8,0,Gal,d18:1,8:0
25418,3.4,0,4100,8,0,Gal,d18:1,8:0
25419,3.6,0,4100,8,0,Gal,d18:1,8:0
25420,3.8,0,4100,8,0,Gal,d18:1,8:0
25421,4.0,0,4100,8,0,Gal,d18:1,8:0
25422,4.2,0,4100,8,0,Gal,d18:1,8:0
25423,4.4,0,4100,8,0,Gal,d18:1,8:0
25424,4.6,0,4100,8,0,Gal,d18:1,8:0
25425,4.8,0,4100,8,0,Gal,d18:1,8:0
25426,5.0,0,4100,8,0,Gal,d18:1,8:0
25427,5.2,0,4100,8,0,Gal,d18:1,8:0
25428,5.4,20,4100,8,0,Gal,d18:1,8:0
25429,5.6,0,4100,8,0,Gal,d18:1,8:0
25430,5.8,0,4100,8,0,Gal,d18:1,8:0
25431,6.0,0,4100,8,0,Gal,d18:1,8:0
25432,6.2,0,4100,8,0,Gal,d18:1,8:0
25433,6.4,0,4100,8,0,Gal,d18:1,8:0
25434,6.6,0,4100,8,0,Gal,d18:1,8:0
25435,6.8,0,4100,8,0,Gal,d18:1,8:0
25436,7.0,0,4100,8,0,Gal,d18:1,8:0
25437,7.2,0,4100,8,0,Gal,d18:1,8:0
25438,7.4,0,4100,8,0,Gal,d18:1,8:0
25439,7.6,0,4100,8,0,Gal,d18:1,8:0
25440,7.8,0,4100,8,0,Gal,d18:1,8:0
25441,8.0,0,4100,8,0,Gal,d18:1,8:0
25442,8.2,0,4100,8,0,Gal,d18:1,8:0
25443,8.4,0,4100,8,0,Gal,d18:1,8:0
25444,8.6,0,4100,8,0,Gal,d18:1,8:0
25445,8.8,0,4100,8,0,Gal,d18:1,8:0
25446,9.0,0,4100,8,0,Gal,d18:1,8:0
25447,9.2,0,4100,8,0,Gal,d18:1,8:0
25448,9.4,0,4100,8,0,Gal,d18:1,8:0
25449,9.6,0,4100,8,0,Gal,d18:1,8:0
25450,9.8,0,4100,8,0,Gal,d18:1,8:0
25451,10.0,0,4100,8,0,Gal,d18:1,8:0
